 (log → /storage/emulated/0/Android/data/org.worldfoundry.wf_game.aquarium/files/wf.log) ===
[41605.110945] (f_game.aquarium) Successfully parsed 1 environment variable(s) from /vendor/etc/mali_platform.config.
Could not open module param file '/sys/module/mali_kbase/parameters/large_page_conf'
[41605.119028] (f_game.aquarium) Successfully parsed 1 environment variable(s) from /vendor/etc/mali_platform.config.
audio: miniaudio v0.11.25 ready
wf_game v0.4.1, Built:Oct  1 2026,02:27:16 by kts
--frame-profile
argc = 2, commandIndex = 2
Level=-1
cerror:
cwarn:
cstats:
wf_game Ver 0.4.1, Built:Oct  1 2026,02:27:16 by kts
DBSTREAMS jolt: RegisterDefaultAllocator
jolt: Factory
jolt: RegisterTypes
jolt: RunSelftest
jolt: selftest ok (sphere fell to z=5.098)
jolt: backend init
jolt: backend ready (gravity -Z)
jolt: init complete
LMalloc of 76 not 8-byte aligned, rounding up
Opening cd.iff
LMalloc of 114 not 8-byte aligned, rounding up
zforth: INDEXOF_CAMSHOT = 1921 (expect 1921)
zforth: INDEXOF_CAMSHOT = 1921 (expect 1921)
LMalloc of 412 not 8-byte aligned, rounding up
LMalloc of 7620 not 8-byte aligned, rounding up
LMalloc of 20 not 8-byte aligned, rounding up
LMalloc of 20 not 8-byte aligned, rounding up
LMalloc of 44 not 8-byte aligned, rounding up
LMalloc of 44 not 8-byte aligned, rounding up
LMalloc of 44 not 8-byte aligned, rounding up
LMalloc of 44 not 8-byte aligned, rounding up
LMalloc of 44 not 8-byte aligned, rounding up
LMalloc of 44 not 8-byte aligned, rounding up
LMalloc of 44 not 8-byte aligned, rounding up
LMalloc of 44 not 8-byte aligned, rounding up
LMalloc of 44 not 8-byte aligned, rounding up
LMalloc of 44 not 8-byte aligned, rounding up
LMalloc of 44 not 8-byte aligned, rounding up
LMalloc of 44 not 8-byte aligned, rounding up
LMalloc of 44 not 8-byte aligned, rounding up
LMalloc of 44 not 8-byte aligned, rounding up
LMalloc of 44 not 8-byte aligned, rounding up
LMalloc of 44 not 8-byte aligned, rounding up
LMalloc of 44 not 8-byte aligned, rounding up
LMalloc of 44 not 8-byte aligned, rounding up
LMalloc of 44 not 8-byte aligned, rounding up
LMalloc of 44 not 8-byte aligned, rounding up
LMalloc of 44 not 8-byte aligned, rounding up
Level::Level: leveldata= 0xe0a22608, object count  = 83
ASS closed without all data read (bytesLeft = 4118)
ASS closed without all data read (bytesLeft = 150)
ASS closed without all data read (bytesLeft = 16)
ASS closed without all data read (bytesLeft = 16)
ASS closed without all data read (bytesLeft = 8732)
DMalloc of 84 not 8-byte aligned, rounding up
LMalloc of 76 not 8-byte aligned, rounding up
PixelMap::Load: this = 0xe002b280
PixelMap::Load: this = 0xe002b2b0
LMalloc of 28 not 8-byte aligned, rounding up
LMalloc of 28 not 8-byte aligned, rounding up
LMalloc of 28 not 8-byte aligned, rounding up
LMalloc of 28 not 8-byte aligned, rounding up
LMalloc of 1148 not 8-byte aligned, rounding up
LMalloc of 348 not 8-byte aligned, rounding up
[Actor] idx=1 class=13 commonOff=92872 NumberOfLocalMailboxes=0
DMalloc of 84 not 8-byte aligned, rounding up
this = 0xe002e588,setting _memory to 0xe002e2f8
DMalloc of 52 not 8-byte aligned, rounding up
DMalloc of 252 not 8-byte aligned, rounding up
[Actor] idx=2 class=20 commonOff=93188 NumberOfLocalMailboxes=0
DMalloc of 84 not 8-byte aligned, rounding up
DMalloc of 228 not 8-byte aligned, rounding up
[Actor] idx=4 class=11 commonOff=92872 NumberOfLocalMailboxes=0
DMalloc of 84 not 8-byte aligned, rounding up
[Actor] idx=5 class=16 commonOff=92872 NumberOfLocalMailboxes=0
DMalloc of 84 not 8-byte aligned, rounding up
[Actor] idx=6 class=3 commonOff=92872 NumberOfLocalMailboxes=0
DMalloc of 84 not 8-byte aligned, rounding up
[Actor] idx=8 class=22 commonOff=94084 NumberOfLocalMailboxes=6
DMalloc of 84 not 8-byte aligned, rounding up
jolt: character 0 created at (-1.60, 0.00, 2.40) ctr=(0.00,0.00,0.00)
DMalloc of 228 not 8-byte aligned, rounding up
[Actor] idx=9 class=23 commonOff=92872 NumberOfLocalMailboxes=0
DMalloc of 84 not 8-byte aligned, rounding up
[Actor] idx=10 class=7 commonOff=94656 NumberOfLocalMailboxes=0
DMalloc of 84 not 8-byte aligned, rounding up
[Actor] idx=11 class=7 commonOff=94856 NumberOfLocalMailboxes=0
DMalloc of 84 not 8-byte aligned, rounding up
[Actor] idx=12 class=7 commonOff=94900 NumberOfLocalMailboxes=0
DMalloc of 84 not 8-byte aligned, rounding up
[Actor] idx=13 class=7 commonOff=94944 NumberOfLocalMailboxes=0
DMalloc of 84 not 8-byte aligned, rounding up
[Actor] idx=14 class=7 commonOff=94944 NumberOfLocalMailboxes=0
DMalloc of 84 not 8-byte aligned, rounding up
[Actor] idx=15 class=7 commonOff=94656 NumberOfLocalMailboxes=0
DMalloc of 84 not 8-byte aligned, rounding up
[Actor] idx=16 class=7 commonOff=94856 NumberOfLocalMailboxes=0
DMalloc of 84 not 8-byte aligned, rounding up
[Actor] idx=17 class=7 commonOff=94900 NumberOfLocalMailboxes=0
DMalloc of 84 not 8-byte aligned, rounding up
[Actor] idx=18 class=7 commonOff=94944 NumberOfLocalMailboxes=0
DMalloc of 84 not 8-byte aligned, rounding up
[Actor] idx=19 class=7 commonOff=94944 NumberOfLocalMailboxes=0
DMalloc of 84 not 8-byte aligned, rounding up
[Actor] idx=20 class=7 commonOff=94656 NumberOfLocalMailboxes=0
DMalloc of 84 not 8-byte aligned, rounding up
[Actor] idx=21 class=7 commonOff=94856 NumberOfLocalMailboxes=0
DMalloc of 84 not 8-byte aligned, rounding up
[Actor] idx=22 class=7 commonOff=94900 NumberOfLocalMailboxes=0
DMalloc of 84 not 8-byte aligned, rounding up
[Actor] idx=23 class=7 commonOff=94944 NumberOfLocalMailboxes=0
DMalloc of 84 not 8-byte aligned, rounding up
[Actor] idx=24 class=7 commonOff=94944 NumberOfLocalMailboxes=0
DMalloc of 84 not 8-byte aligned, rounding up
[Actor] idx=25 class=7 commonOff=94656 NumberOfLocalMailboxes=0
DMalloc of 84 not 8-byte aligned, rounding up
[Actor] idx=26 class=7 commonOff=94856 NumberOfLocalMailboxes=0
DMalloc of 84 not 8-byte aligned, rounding up
[Actor] idx=27 class=7 commonOff=94900 NumberOfLocalMailboxes=0
DMalloc of 84 not 8-byte aligned, rounding up
[Actor] idx=28 class=7 commonOff=94944 NumberOfLocalMailboxes=0
DMalloc of 84 not 8-byte aligned, rounding up
[Actor] idx=29 class=7 commonOff=94944 NumberOfLocalMailboxes=0
DMalloc of 84 not 8-byte aligned, rounding up
[Actor] idx=30 class=7 commonOff=94656 NumberOfLocalMailboxes=0
DMalloc of 84 not 8-byte aligned, rounding up
[Actor] idx=31 class=7 commonOff=94856 NumberOfLocalMailboxes=0
DMalloc of 84 not 8-byte aligned, rounding up
[Actor] idx=32 class=7 commonOff=94900 NumberOfLocalMailboxes=0
DMalloc of 84 not 8-byte aligned, rounding up
[Actor] idx=33 class=7 commonOff=94944 NumberOfLocalMailboxes=0
DMalloc of 84 not 8-byte aligned, rounding up
[Actor] idx=34 class=7 commonOff=94944 NumberOfLocalMailboxes=0
DMalloc of 84 not 8-byte aligned, rounding up
[Actor] idx=35 class=7 commonOff=94656 NumberOfLocalMailboxes=0
DMalloc of 84 not 8-byte aligned, rounding up
[Actor] idx=36 class=7 commonOff=94856 NumberOfLocalMailboxes=0
DMalloc of 84 not 8-byte aligned, rounding up
[Actor] idx=37 class=7 commonOff=94900 NumberOfLocalMailboxes=0
DMalloc of 84 not 8-byte aligned, rounding up
[Actor] idx=38 class=7 commonOff=94944 NumberOfLocalMailboxes=0
DMalloc of 84 not 8-byte aligned, rounding up
[Actor] idx=39 class=7 commonOff=94944 NumberOfLocalMailboxes=0
DMalloc of 84 not 8-byte aligned, rounding up
[Actor] idx=40 class=7 commonOff=94656 NumberOfLocalMailboxes=0
DMalloc of 84 not 8-byte aligned, rounding up
[Actor] idx=41 class=7 commonOff=94856 NumberOfLocalMailboxes=0
DMalloc of 84 not 8-byte aligned, rounding up
[Actor] idx=42 class=7 commonOff=94900 NumberOfLocalMailboxes=0
DMalloc of 84 not 8-byte aligned, rounding up
[Actor] idx=43 class=7 commonOff=94944 NumberOfLocalMailboxes=0
DMalloc of 84 not 8-byte aligned, rounding up
[Actor] idx=44 class=7 commonOff=94944 NumberOfLocalMailboxes=0
DMalloc of 84 not 8-byte aligned, rounding up
[Actor] idx=45 class=7 commonOff=94656 NumberOfLocalMailboxes=0
DMalloc of 84 not 8-byte aligned, rounding up
[Actor] idx=46 class=7 commonOff=94856 NumberOfLocalMailboxes=0
DMalloc of 84 not 8-byte aligned, rounding up
[Actor] idx=47 class=7 commonOff=94900 NumberOfLocalMailboxes=0
DMalloc of 84 not 8-byte aligned, rounding up
[Actor] idx=48 class=7 commonOff=94944 NumberOfLocalMailboxes=0
DMalloc of 84 not 8-byte aligned, rounding up
[Actor] idx=49 class=7 commonOff=94944 NumberOfLocalMailboxes=0
DMalloc of 84 not 8-byte aligned, rounding up
[Actor] idx=50 class=7 commonOff=94656 NumberOfLocalMailboxes=0
DMalloc of 84 not 8-byte aligned, rounding up
[Actor] idx=51 class=7 commonOff=94856 NumberOfLocalMailboxes=0
DMalloc of 84 not 8-byte aligned, rounding up
[Actor] idx=52 class=7 commonOff=94900 NumberOfLocalMailboxes=0
DMalloc of 84 not 8-byte aligned, rounding up
[Actor] idx=53 class=7 commonOff=94944 NumberOfLocalMailboxes=0
DMalloc of 84 not 8-byte aligned, rounding up
[Actor] idx=54 class=7 commonOff=94944 NumberOfLocalMailboxes=0
DMalloc of 84 not 8-byte aligned, rounding up
[Actor] idx=55 class=7 commonOff=94656 NumberOfLocalMailboxes=0
DMalloc of 84 not 8-byte aligned, rounding up
[Actor] idx=56 class=7 commonOff=94856 NumberOfLocalMailboxes=0
DMalloc of 84 not 8-byte aligned, rounding up
[Actor] idx=57 class=7 commonOff=94900 NumberOfLocalMailboxes=0
DMalloc of 84 not 8-byte aligned, rounding up
[Actor] idx=58 class=7 commonOff=94944 NumberOfLocalMailboxes=0
DMalloc of 84 not 8-byte aligned, rounding up
[Actor] idx=59 class=7 commonOff=94944 NumberOfLocalMailboxes=0
DMalloc of 84 not 8-byte aligned, rounding up
[Actor] idx=60 class=7 commonOff=94656 NumberOfLocalMailboxes=0
DMalloc of 84 not 8-byte aligned, rounding up
[Actor] idx=61 class=7 commonOff=94856 NumberOfLocalMailboxes=0
DMalloc of 84 not 8-byte aligned, rounding up
[Actor] idx=62 class=7 commonOff=94900 NumberOfLocalMailboxes=0
DMalloc of 84 not 8-byte aligned, rounding up
[Actor] idx=63 class=7 commonOff=94944 NumberOfLocalMailboxes=0
DMalloc of 84 not 8-byte aligned, rounding up
[Actor] idx=64 class=7 commonOff=94944 NumberOfLocalMailboxes=0
DMalloc of 84 not 8-byte aligned, rounding up
[Actor] idx=65 class=5 commonOff=95096 NumberOfLocalMailboxes=0
jolt: body STATIC pos=(0.00,0.00,2.67) half=(6.10,1.65,2.67) id=8388608
[Actor] idx=66 class=5 commonOff=92872 NumberOfLocalMailboxes=0
jolt: body STATIC pos=(0.00,-1.65,2.73) half=(5.97,0.12,2.60) id=8388609
[Actor] idx=67 class=5 commonOff=95140 NumberOfLocalMailboxes=0
jolt: body STATIC pos=(0.00,0.00,5.27) half=(6.16,1.71,0.12) id=8388610
[Actor] idx=68 class=5 commonOff=95184 NumberOfLocalMailboxes=0
jolt: body STATIC pos=(0.00,0.00,0.38) half=(5.96,1.52,0.25) id=8388611
[Actor] idx=69 class=5 commonOff=95228 NumberOfLocalMailboxes=0
jolt: body STATIC pos=(2.48,-0.02,0.91) half=(0.76,0.56,0.27) id=8388612
[Actor] idx=70 class=5 commonOff=95272 NumberOfLocalMailboxes=0
jolt: body STATIC pos=(2.50,0.00,1.56) half=(0.50,0.50,0.38) id=8388613
[Actor] idx=71 class=7 commonOff=95316 NumberOfLocalMailboxes=0
DMalloc of 84 not 8-byte aligned, rounding up
[Actor] idx=72 class=7 commonOff=95316 NumberOfLocalMailboxes=0
DMalloc of 84 not 8-byte aligned, rounding up
[Actor] idx=73 class=7 commonOff=95316 NumberOfLocalMailboxes=0
DMalloc of 84 not 8-byte aligned, rounding up
[Actor] idx=74 class=7 commonOff=95360 NumberOfLocalMailboxes=0
DMalloc of 84 not 8-byte aligned, rounding up
[Actor] idx=75 class=7 commonOff=95360 NumberOfLocalMailboxes=0
DMalloc of 84 not 8-byte aligned, rounding up
[Actor] idx=76 class=7 commonOff=95360 NumberOfLocalMailboxes=0
DMalloc of 84 not 8-byte aligned, rounding up
[Actor] idx=77 class=3 commonOff=92872 NumberOfLocalMailboxes=0
DMalloc of 84 not 8-byte aligned, rounding up
[Actor] idx=78 class=5 commonOff=92872 NumberOfLocalMailboxes=0
jolt: body STATIC pos=(0.00,0.00,-4.50) half=(6.30,1.85,4.50) id=8388614
[Actor] idx=79 class=5 commonOff=95404 NumberOfLocalMailboxes=0
jolt: body STATIC pos=(0.00,3.88,3.50) half=(20.00,0.12,12.50) id=8388615
DMalloc of 228 not 8-byte aligned, rounding up
[Actor] idx=80 class=23 commonOff=92872 NumberOfLocalMailboxes=0
DMalloc of 84 not 8-byte aligned, rounding up
[Actor] idx=81 class=7 commonOff=92872 NumberOfLocalMailboxes=0
DMalloc of 84 not 8-byte aligned, rounding up
[Actor] idx=82 class=16 commonOff=92872 NumberOfLocalMailboxes=0
DMalloc of 84 not 8-byte aligned, rounding up
LMalloc of 20 not 8-byte aligned, rounding up
LMalloc of 212 not 8-byte aligned, rounding up
DMalloc of 164 not 8-byte aligned, rounding up
DMalloc of 404 not 8-byte aligned, rounding up
DMalloc of 554 not 8-byte aligned, rounding up
DMalloc of 404 not 8-byte aligned, rounding up
Walking from 0
0->0
0->0
LMalloc of 20 not 8-byte aligned, rounding up
LMalloc of 20 not 8-byte aligned, rounding up
ASS closed without all data read (bytesLeft = 4118)
ASS closed without all data read (bytesLeft = 150)
ASS closed without all data read (bytesLeft = 16)
ASS closed without all data read (bytesLeft = 16)
ASS closed without all data read (bytesLeft = 8732)
ASS closed without all data read (bytesLeft = 1732)
ASS closed without all data read (bytesLeft = 1572)
ASS closed without all data read (bytesLeft = 1252)
ASS closed without all data read (bytesLeft = 1252)
ASS closed without all data read (bytesLeft = 19380)
ASS closed without all data read (bytesLeft = 588)
ASS closed without all data read (bytesLeft = 1364)
ASS closed without all data read (bytesLeft = 10012)
ASS closed without all data read (bytesLeft = 1716)
ASS closed without all data read (bytesLeft = 4308)
ASS closed without all data read (bytesLeft = 4668)
ASS closed without all data read (bytesLeft = 5772)
ASS closed without all data read (bytesLeft = 4668)
ASS closed without all data read (bytesLeft = 4668)
ASS closed without all data read (bytesLeft = 3564)
ASS closed without all data read (bytesLeft = 4668)
ASS closed without all data read (bytesLeft = 852)
ASS closed without all data read (bytesLeft = 412)
DMalloc of 84 not 8-byte aligned, rounding up
LMalloc of 292 not 8-byte aligned, rounding up
PixelMap::Load: this = 0xe002b2e0
PixelMap::Load: this = 0xe002b310
LMalloc of 28 not 8-byte aligned, rounding up
LMalloc of 28 not 8-byte aligned, rounding up
LMalloc of 28 not 8-byte aligned, rounding up
LMalloc of 28 not 8-byte aligned, rounding up
LMalloc of 212 not 8-byte aligned, rounding up
LMalloc of 44 not 8-byte aligned, rounding up
LMalloc of 44 not 8-byte aligned, rounding up
LMalloc of 44 not 8-byte aligned, rounding up
LMalloc of 6236 not 8-byte aligned, rounding up
RenderActor3DAnimates constructed with no animations!
LMalloc of 212 not 8-byte aligned, rounding up
LMalloc of 44 not 8-byte aligned, rounding up
LMalloc of 44 not 8-byte aligned, rounding up
LMalloc of 44 not 8-byte aligned, rounding up
LMalloc of 6236 not 8-byte aligned, rounding up
RenderActor3DAnimates constructed with no animations!
LMalloc of 212 not 8-byte aligned, rounding up
LMalloc of 44 not 8-byte aligned, rounding up
LMalloc of 44 not 8-byte aligned, rounding up
LMalloc of 44 not 8-byte aligned, rounding up
LMalloc of 1156 not 8-byte aligned, rounding up
RenderActor3DAnimates constructed with no animations!
LMalloc of 212 not 8-byte aligned, rounding up
LMalloc of 44 not 8-byte aligned, rounding up
LMalloc of 44 not 8-byte aligned, rounding up
LMalloc of 44 not 8-byte aligned, rounding up
LMalloc of 996 not 8-byte aligned, rounding up
RenderActor3DAnimates constructed with no animations!
LMalloc of 212 not 8-byte aligned, rounding up
LMalloc of 44 not 8-byte aligned, rounding up
LMalloc of 44 not 8-byte aligned, rounding up
LMalloc of 44 not 8-byte aligned, rounding up
LMalloc of 676 not 8-byte aligned, rounding up
RenderActor3DAnimates constructed with no animations!
LMalloc of 212 not 8-byte aligned, rounding up
LMalloc of 44 not 8-byte aligned, rounding up
LMalloc of 44 not 8-byte aligned, rounding up
LMalloc of 44 not 8-byte aligned, rounding up
LMalloc of 676 not 8-byte aligned, rounding up
RenderActor3DAnimates constructed with no animations!
LMalloc of 212 not 8-byte aligned, rounding up
LMalloc of 44 not 8-byte aligned, rounding up
LMalloc of 44 not 8-byte aligned, rounding up
LMalloc of 44 not 8-byte aligned, rounding up
LMalloc of 6236 not 8-byte aligned, rounding up
RenderActor3DAnimates constructed with no animations!
LMalloc of 212 not 8-byte aligned, rounding up
LMalloc of 44 not 8-byte aligned, rounding up
LMalloc of 44 not 8-byte aligned, rounding up
LMalloc of 44 not 8-byte aligned, rounding up
LMalloc of 1156 not 8-byte aligned, rounding up
RenderActor3DAnimates constructed with no animations!
LMalloc of 212 not 8-byte aligned, rounding up
LMalloc of 44 not 8-byte aligned, rounding up
LMalloc of 44 not 8-byte aligned, rounding up
LMalloc of 44 not 8-byte aligned, rounding up
LMalloc of 996 not 8-byte aligned, rounding up
RenderActor3DAnimates constructed with no animations!
LMalloc of 212 not 8-byte aligned, rounding up
LMalloc of 44 not 8-byte aligned, rounding up
LMalloc of 44 not 8-byte aligned, rounding up
LMalloc of 44 not 8-byte aligned, rounding up
LMalloc of 676 not 8-byte aligned, rounding up
RenderActor3DAnimates constructed with no animations!
LMalloc of 212 not 8-byte aligned, rounding up
LMalloc of 44 not 8-byte aligned, rounding up
LMalloc of 44 not 8-byte aligned, rounding up
LMalloc of 44 not 8-byte aligned, rounding up
LMalloc of 676 not 8-byte aligned, rounding up
RenderActor3DAnimates constructed with no animations!
LMalloc of 212 not 8-byte aligned, rounding up
LMalloc of 44 not 8-byte aligned, rounding up
LMalloc of 44 not 8-byte aligned, rounding up
LMalloc of 44 not 8-byte aligned, rounding up
LMalloc of 6236 not 8-byte aligned, rounding up
RenderActor3DAnimates constructed with no animations!
LMalloc of 212 not 8-byte aligned, rounding up
LMalloc of 44 not 8-byte aligned, rounding up
LMalloc of 44 not 8-byte aligned, rounding up
LMalloc of 44 not 8-byte aligned, rounding up
LMalloc of 1156 not 8-byte aligned, rounding up
RenderActor3DAnimates constructed with no animations!
LMalloc of 212 not 8-byte aligned, rounding up
LMalloc of 44 not 8-byte aligned, rounding up
LMalloc of 44 not 8-byte aligned, rounding up
LMalloc of 44 not 8-byte aligned, rounding up
LMalloc of 996 not 8-byte aligned, rounding up
RenderActor3DAnimates constructed with no animations!
LMalloc of 212 not 8-byte aligned, rounding up
LMalloc of 44 not 8-byte aligned, rounding up
LMalloc of 44 not 8-byte aligned, rounding up
LMalloc of 44 not 8-byte aligned, rounding up
LMalloc of 676 not 8-byte aligned, rounding up
RenderActor3DAnimates constructed with no animations!
LMalloc of 212 not 8-byte aligned, rounding up
LMalloc of 44 not 8-byte aligned, rounding up
LMalloc of 44 not 8-byte aligned, rounding up
LMalloc of 44 not 8-byte aligned, rounding up
LMalloc of 676 not 8-byte aligned, rounding up
RenderActor3DAnimates constructed with no animations!
LMalloc of 212 not 8-byte aligned, rounding up
LMalloc of 44 not 8-byte aligned, rounding up
LMalloc of 44 not 8-byte aligned, rounding up
LMalloc of 44 not 8-byte aligned, rounding up
LMalloc of 6236 not 8-byte aligned, rounding up
RenderActor3DAnimates constructed with no animations!
LMalloc of 212 not 8-byte aligned, rounding up
LMalloc of 44 not 8-byte aligned, rounding up
LMalloc of 44 not 8-byte aligned, rounding up
LMalloc of 44 not 8-byte aligned, rounding up
LMalloc of 1156 not 8-byte aligned, rounding up
RenderActor3DAnimates constructed with no animations!
LMalloc of 212 not 8-byte aligned, rounding up
LMalloc of 44 not 8-byte aligned, rounding up
LMalloc of 44 not 8-byte aligned, rounding up
LMalloc of 44 not 8-byte aligned, rounding up
LMalloc of 996 not 8-byte aligned, rounding up
RenderActor3DAnimates constructed with no animations!
LMalloc of 212 not 8-byte aligned, rounding up
LMalloc of 44 not 8-byte aligned, rounding up
LMalloc of 44 not 8-byte aligned, rounding up
LMalloc of 44 not 8-byte aligned, rounding up
LMalloc of 676 not 8-byte aligned, rounding up
RenderActor3DAnimates constructed with no animations!
LMalloc of 212 not 8-byte aligned, rounding up
LMalloc of 44 not 8-byte aligned, rounding up
LMalloc of 44 not 8-byte aligned, rounding up
LMalloc of 44 not 8-byte aligned, rounding up
LMalloc of 676 not 8-byte aligned, rounding up
RenderActor3DAnimates constructed with no animations!
LMalloc of 212 not 8-byte aligned, rounding up
LMalloc of 44 not 8-byte aligned, rounding up
LMalloc of 44 not 8-byte aligned, rounding up
LMalloc of 44 not 8-byte aligned, rounding up
LMalloc of 6236 not 8-byte aligned, rounding up
RenderActor3DAnimates constructed with no animations!
LMalloc of 212 not 8-byte aligned, rounding up
LMalloc of 44 not 8-byte aligned, rounding up
LMalloc of 44 not 8-byte aligned, rounding up
LMalloc of 44 not 8-byte aligned, rounding up
LMalloc of 1156 not 8-byte aligned, rounding up
RenderActor3DAnimates constructed with no animations!
LMalloc of 212 not 8-byte aligned, rounding up
LMalloc of 44 not 8-byte aligned, rounding up
LMalloc of 44 not 8-byte aligned, rounding up
LMalloc of 44 not 8-byte aligned, rounding up
LMalloc of 996 not 8-byte aligned, rounding up
RenderActor3DAnimates constructed with no animations!
LMalloc of 212 not 8-byte aligned, rounding up
LMalloc of 44 not 8-byte aligned, rounding up
LMalloc of 44 not 8-byte aligned, rounding up
LMalloc of 44 not 8-byte aligned, rounding up
LMalloc of 676 not 8-byte aligned, rounding up
RenderActor3DAnimates constructed with no animations!
LMalloc of 212 not 8-byte aligned, rounding up
LMalloc of 44 not 8-byte aligned, rounding up
LMalloc of 44 not 8-byte aligned, rounding up
LMalloc of 44 not 8-byte aligned, rounding up
LMalloc of 676 not 8-byte aligned, rounding up
RenderActor3DAnimates constructed with no animations!
LMalloc of 212 not 8-byte aligned, rounding up
LMalloc of 44 not 8-byte aligned, rounding up
LMalloc of 44 not 8-byte aligned, rounding up
LMalloc of 44 not 8-byte aligned, rounding up
LMalloc of 6236 not 8-byte aligned, rounding up
RenderActor3DAnimates constructed with no animations!
LMalloc of 212 not 8-byte aligned, rounding up
LMalloc of 44 not 8-byte aligned, rounding up
LMalloc of 44 not 8-byte aligned, rounding up
LMalloc of 44 not 8-byte aligned, rounding up
LMalloc of 1156 not 8-byte aligned, rounding up
RenderActor3DAnimates constructed with no animations!
LMalloc of 212 not 8-byte aligned, rounding up
LMalloc of 44 not 8-byte aligned, rounding up
LMalloc of 44 not 8-byte aligned, rounding up
LMalloc of 44 not 8-byte aligned, rounding up
LMalloc of 996 not 8-byte aligned, rounding up
RenderActor3DAnimates constructed with no animations!
LMalloc of 212 not 8-byte aligned, rounding up
LMalloc of 44 not 8-byte aligned, rounding up
LMalloc of 44 not 8-byte aligned, rounding up
LMalloc of 44 not 8-byte aligned, rounding up
LMalloc of 676 not 8-byte aligned, rounding up
RenderActor3DAnimates constructed with no animations!
LMalloc of 212 not 8-byte aligned, rounding up
LMalloc of 44 not 8-byte aligned, rounding up
LMalloc of 44 not 8-byte aligned, rounding up
LMalloc of 44 not 8-byte aligned, rounding up
LMalloc of 676 not 8-byte aligned, rounding up
RenderActor3DAnimates constructed with no animations!
LMalloc of 212 not 8-byte aligned, rounding up
LMalloc of 44 not 8-byte aligned, rounding up
LMalloc of 44 not 8-byte aligned, rounding up
LMalloc of 44 not 8-byte aligned, rounding up
LMalloc of 6236 not 8-byte aligned, rounding up
RenderActor3DAnimates constructed with no animations!
LMalloc of 212 not 8-byte aligned, rounding up
LMalloc of 44 not 8-byte aligned, rounding up
LMalloc of 44 not 8-byte aligned, rounding up
LMalloc of 44 not 8-byte aligned, rounding up
LMalloc of 1156 not 8-byte aligned, rounding up
RenderActor3DAnimates constructed with no animations!
LMalloc of 212 not 8-byte aligned, rounding up
LMalloc of 44 not 8-byte aligned, rounding up
LMalloc of 44 not 8-byte aligned, rounding up
LMalloc of 44 not 8-byte aligned, rounding up
LMalloc of 996 not 8-byte aligned, rounding up
RenderActor3DAnimates constructed with no animations!
LMalloc of 212 not 8-byte aligned, rounding up
LMalloc of 44 not 8-byte aligned, rounding up
LMalloc of 44 not 8-byte aligned, rounding up
LMalloc of 44 not 8-byte aligned, rounding up
LMalloc of 676 not 8-byte aligned, rounding up
RenderActor3DAnimates constructed with no animations!
LMalloc of 212 not 8-byte aligned, rounding up
LMalloc of 44 not 8-byte aligned, rounding up
LMalloc of 44 not 8-byte aligned, rounding up
LMalloc of 44 not 8-byte aligned, rounding up
LMalloc of 676 not 8-byte aligned, rounding up
RenderActor3DAnimates constructed with no animations!
LMalloc of 212 not 8-byte aligned, rounding up
LMalloc of 44 not 8-byte aligned, rounding up
LMalloc of 44 not 8-byte aligned, rounding up
LMalloc of 44 not 8-byte aligned, rounding up
LMalloc of 6236 not 8-byte aligned, rounding up
RenderActor3DAnimates constructed with no animations!
LMalloc of 212 not 8-byte aligned, rounding up
LMalloc of 44 not 8-byte aligned, rounding up
LMalloc of 44 not 8-byte aligned, rounding up
LMalloc of 44 not 8-byte aligned, rounding up
LMalloc of 1156 not 8-byte aligned, rounding up
RenderActor3DAnimates constructed with no animations!
LMalloc of 212 not 8-byte aligned, rounding up
LMalloc of 44 not 8-byte aligned, rounding up
LMalloc of 44 not 8-byte aligned, rounding up
LMalloc of 44 not 8-byte aligned, rounding up
LMalloc of 996 not 8-byte aligned, rounding up
RenderActor3DAnimates constructed with no animations!
LMalloc of 212 not 8-byte aligned, rounding up
LMalloc of 44 not 8-byte aligned, rounding up
LMalloc of 44 not 8-byte aligned, rounding up
LMalloc of 44 not 8-byte aligned, rounding up
LMalloc of 676 not 8-byte aligned, rounding up
RenderActor3DAnimates constructed with no animations!
LMalloc of 212 not 8-byte aligned, rounding up
LMalloc of 44 not 8-byte aligned, rounding up
LMalloc of 44 not 8-byte aligned, rounding up
LMalloc of 44 not 8-byte aligned, rounding up
LMalloc of 676 not 8-byte aligned, rounding up
RenderActor3DAnimates constructed with no animations!
LMalloc of 212 not 8-byte aligned, rounding up
LMalloc of 44 not 8-byte aligned, rounding up
LMalloc of 44 not 8-byte aligned, rounding up
LMalloc of 44 not 8-byte aligned, rounding up
LMalloc of 6236 not 8-byte aligned, rounding up
RenderActor3DAnimates constructed with no animations!
LMalloc of 212 not 8-byte aligned, rounding up
LMalloc of 44 not 8-byte aligned, rounding up
LMalloc of 44 not 8-byte aligned, rounding up
LMalloc of 44 not 8-byte aligned, rounding up
LMalloc of 1156 not 8-byte aligned, rounding up
RenderActor3DAnimates constructed with no animations!
LMalloc of 212 not 8-byte aligned, rounding up
LMalloc of 44 not 8-byte aligned, rounding up
LMalloc of 44 not 8-byte aligned, rounding up
LMalloc of 44 not 8-byte aligned, rounding up
LMalloc of 996 not 8-byte aligned, rounding up
RenderActor3DAnimates constructed with no animations!
LMalloc of 212 not 8-byte aligned, rounding up
LMalloc of 44 not 8-byte aligned, rounding up
LMalloc of 44 not 8-byte aligned, rounding up
LMalloc of 44 not 8-byte aligned, rounding up
LMalloc of 676 not 8-byte aligned, rounding up
RenderActor3DAnimates constructed with no animations!
LMalloc of 212 not 8-byte aligned, rounding up
LMalloc of 44 not 8-byte aligned, rounding up
LMalloc of 44 not 8-byte aligned, rounding up
LMalloc of 44 not 8-byte aligned, rounding up
LMalloc of 676 not 8-byte aligned, rounding up
RenderActor3DAnimates constructed with no animations!
LMalloc of 212 not 8-byte aligned, rounding up
LMalloc of 44 not 8-byte aligned, rounding up
LMalloc of 44 not 8-byte aligned, rounding up
LMalloc of 44 not 8-byte aligned, rounding up
LMalloc of 6236 not 8-byte aligned, rounding up
RenderActor3DAnimates constructed with no animations!
LMalloc of 212 not 8-byte aligned, rounding up
LMalloc of 44 not 8-byte aligned, rounding up
LMalloc of 44 not 8-byte aligned, rounding up
LMalloc of 44 not 8-byte aligned, rounding up
LMalloc of 1156 not 8-byte aligned, rounding up
RenderActor3DAnimates constructed with no animations!
LMalloc of 212 not 8-byte aligned, rounding up
LMalloc of 44 not 8-byte aligned, rounding up
LMalloc of 44 not 8-byte aligned, rounding up
LMalloc of 44 not 8-byte aligned, rounding up
LMalloc of 996 not 8-byte aligned, rounding up
RenderActor3DAnimates constructed with no animations!
LMalloc of 212 not 8-byte aligned, rounding up
LMalloc of 44 not 8-byte aligned, rounding up
LMalloc of 44 not 8-byte aligned, rounding up
LMalloc of 44 not 8-byte aligned, rounding up
LMalloc of 676 not 8-byte aligned, rounding up
RenderActor3DAnimates constructed with no animations!
LMalloc of 212 not 8-byte aligned, rounding up
LMalloc of 44 not 8-byte aligned, rounding up
LMalloc of 44 not 8-byte aligned, rounding up
LMalloc of 44 not 8-byte aligned, rounding up
LMalloc of 676 not 8-byte aligned, rounding up
RenderActor3DAnimates constructed with no animations!
LMalloc of 212 not 8-byte aligned, rounding up
LMalloc of 44 not 8-byte aligned, rounding up
LMalloc of 44 not 8-byte aligned, rounding up
LMalloc of 44 not 8-byte aligned, rounding up
LMalloc of 6236 not 8-byte aligned, rounding up
RenderActor3DAnimates constructed with no animations!
LMalloc of 212 not 8-byte aligned, rounding up
LMalloc of 44 not 8-byte aligned, rounding up
LMalloc of 44 not 8-byte aligned, rounding up
LMalloc of 44 not 8-byte aligned, rounding up
LMalloc of 1156 not 8-byte aligned, rounding up
RenderActor3DAnimates constructed with no animations!
LMalloc of 212 not 8-byte aligned, rounding up
LMalloc of 44 not 8-byte aligned, rounding up
LMalloc of 44 not 8-byte aligned, rounding up
LMalloc of 44 not 8-byte aligned, rounding up
LMalloc of 996 not 8-byte aligned, rounding up
RenderActor3DAnimates constructed with no animations!
LMalloc of 212 not 8-byte aligned, rounding up
LMalloc of 44 not 8-byte aligned, rounding up
LMalloc of 44 not 8-byte aligned, rounding up
LMalloc of 44 not 8-byte aligned, rounding up
LMalloc of 676 not 8-byte aligned, rounding up
RenderActor3DAnimates constructed with no animations!
LMalloc of 212 not 8-byte aligned, rounding up
LMalloc of 44 not 8-byte aligned, rounding up
LMalloc of 44 not 8-byte aligned, rounding up
LMalloc of 44 not 8-byte aligned, rounding up
LMalloc of 676 not 8-byte aligned, rounding up
RenderActor3DAnimates constructed with no animations!
LMalloc of 212 not 8-byte aligned, rounding up
LMalloc of 44 not 8-byte aligned, rounding up
LMalloc of 44 not 8-byte aligned, rounding up
LMalloc of 44 not 8-byte aligned, rounding up
LMalloc of 12036 not 8-byte aligned, rounding up
RenderActor3DAnimates constructed with no animations!
LMalloc of 44 not 8-byte aligned, rounding up
LMalloc of 44 not 8-byte aligned, rounding up
MATL closed without all data read (bytesLeft = 9504)
LMalloc of 44 not 8-byte aligned, rounding up
jolt: mesh actor_pos=(0.000,0.000,0.000)
jolt: mesh v0 local=(-6.096,-1.651,0.000) world=(-6.096,-1.651,0.000)
jolt: mesh v1 local=(-6.096,-1.651,0.127) world=(-6.096,-1.651,0.127)
jolt: mesh v2 local=(-6.096,-1.651,0.635) world=(-6.096,-1.651,0.635)
jolt: mesh v3 local=(-6.096,-1.651,1.044) world=(-6.096,-1.651,1.044)
jolt: mesh v4 local=(-6.096,-1.651,1.453) world=(-6.096,-1.651,1.453)
jolt: mesh v5 local=(-6.096,-1.651,1.862) world=(-6.096,-1.651,1.862)
jolt: mesh v6 local=(-6.096,-1.651,2.271) world=(-6.096,-1.651,2.271)
jolt: mesh v7 local=(-6.096,-1.651,2.680) world=(-6.096,-1.651,2.680)
jolt: mesh v8 local=(-6.096,-1.651,3.089) world=(-6.096,-1.651,3.089)
jolt: mesh v9 local=(-6.096,-1.651,3.498) world=(-6.096,-1.651,3.498)
jolt: mesh v10 local=(-6.096,-1.651,3.907) world=(-6.096,-1.651,3.907)
jolt: mesh v11 local=(-6.096,-1.651,4.315) world=(-6.096,-1.651,4.315)
jolt: mesh v12 local=(-6.096,-1.651,4.724) world=(-6.096,-1.651,4.724)
jolt: mesh v13 local=(-6.096,-1.651,4.826) world=(-6.096,-1.651,4.826)
jolt: mesh v14 local=(-6.096,-1.651,5.334) world=(-6.096,-1.651,5.334)
jolt: mesh v15 local=(-6.096,1.524,0.127) world=(-6.096,1.524,0.127)
jolt: mesh v16 local=(-6.096,1.524,0.635) world=(-6.096,1.524,0.635)
jolt: mesh v17 local=(-6.096,1.524,1.044) world=(-6.096,1.524,1.044)
jolt: mesh v18 local=(-6.096,1.524,1.453) world=(-6.096,1.524,1.453)
jolt: mesh v19 local=(-6.096,1.524,1.862) world=(-6.096,1.524,1.862)
jolt: mesh v20 local=(-6.096,1.524,2.271) world=(-6.096,1.524,2.271)
jolt: mesh v21 local=(-6.096,1.524,2.680) world=(-6.096,1.524,2.680)
jolt: mesh v22 local=(-6.096,1.524,3.089) world=(-6.096,1.524,3.089)
jolt: mesh v23 local=(-6.096,1.524,3.498) world=(-6.096,1.524,3.498)
jolt: mesh v24 local=(-6.096,1.524,3.907) world=(-6.096,1.524,3.907)
jolt: mesh v25 local=(-6.096,1.524,4.315) world=(-6.096,1.524,4.315)
jolt: mesh v26 local=(-6.096,1.524,4.724) world=(-6.096,1.524,4.724)
jolt: mesh v27 local=(-6.096,1.524,4.826) world=(-6.096,1.524,4.826)
jolt: mesh v28 local=(-6.096,1.524,5.334) world=(-6.096,1.524,5.334)
jolt: mesh v29 local=(-6.096,1.651,0.000) world=(-6.096,1.651,0.000)
jolt: mesh v30 local=(-6.096,1.651,0.127) world=(-6.096,1.651,0.127)
jolt: mesh v31 local=(-6.096,1.651,0.635) world=(-6.096,1.651,0.635)
jolt: mesh v32 local=(-6.096,1.651,1.044) world=(-6.096,1.651,1.044)
jolt: mesh v33 local=(-6.096,1.651,1.453) world=(-6.096,1.651,1.453)
jolt: mesh v34 local=(-6.096,1.651,1.862) world=(-6.096,1.651,1.862)
jolt: mesh v35 local=(-6.096,1.651,2.271) world=(-6.096,1.651,2.271)
jolt: mesh v36 local=(-6.096,1.651,2.680) world=(-6.096,1.651,2.680)
jolt: mesh v37 local=(-6.096,1.651,3.089) world=(-6.096,1.651,3.089)
jolt: mesh v38 local=(-6.096,1.651,3.498) world=(-6.096,1.651,3.498)
jolt: mesh v39 local=(-6.096,1.651,3.907) world=(-6.096,1.651,3.907)
jolt: mesh v40 local=(-6.096,1.651,4.315) world=(-6.096,1.651,4.315)
jolt: mesh v41 local=(-6.096,1.651,4.724) world=(-6.096,1.651,4.724)
jolt: mesh v42 local=(-6.096,1.651,4.826) world=(-6.096,1.651,4.826)
jolt: mesh v43 local=(-6.096,1.651,5.334) world=(-6.096,1.651,5.334)
jolt: mesh v44 local=(-5.969,-1.651,0.127) world=(-5.969,-1.651,0.127)
jolt: mesh v45 local=(-5.969,-1.651,0.635) world=(-5.969,-1.651,0.635)
jolt: mesh v46 local=(-5.969,-1.651,1.044) world=(-5.969,-1.651,1.044)
jolt: mesh v47 local=(-5.969,-1.651,1.453) world=(-5.969,-1.651,1.453)
jolt: mesh v48 local=(-5.969,-1.651,1.862) world=(-5.969,-1.651,1.862)
jolt: mesh v49 local=(-5.969,-1.651,2.271) world=(-5.969,-1.651,2.271)
jolt: mesh v50 local=(-5.969,-1.651,2.680) world=(-5.969,-1.651,2.680)
jolt: mesh v51 local=(-5.969,-1.651,3.089) world=(-5.969,-1.651,3.089)
jolt: mesh v52 local=(-5.969,-1.651,3.498) world=(-5.969,-1.651,3.498)
jolt: mesh v53 local=(-5.969,-1.651,3.907) world=(-5.969,-1.651,3.907)
jolt: mesh v54 local=(-5.969,-1.651,4.315) world=(-5.969,-1.651,4.315)
jolt: mesh v55 local=(-5.969,-1.651,4.724) world=(-5.969,-1.651,4.724)
jolt: mesh v56 local=(-5.969,-1.651,4.826) world=(-5.969,-1.651,4.826)
jolt: mesh v57 local=(-5.969,-1.651,5.334) world=(-5.969,-1.651,5.334)
jolt: mesh v58 local=(-5.969,1.524,0.127) world=(-5.969,1.524,0.127)
jolt: mesh v59 local=(-5.969,1.524,0.635) world=(-5.969,1.524,0.635)
jolt: mesh v60 local=(-5.969,1.524,1.044) world=(-5.969,1.524,1.044)
jolt: mesh v61 local=(-5.969,1.524,1.453) world=(-5.969,1.524,1.453)
jolt: mesh v62 local=(-5.969,1.524,1.862) world=(-5.969,1.524,1.862)
jolt: mesh v63 local=(-5.969,1.524,2.271) world=(-5.969,1.524,2.271)
jolt: mesh v64 local=(-5.969,1.524,2.680) world=(-5.969,1.524,2.680)
jolt: mesh v65 local=(-5.969,1.524,3.089) world=(-5.969,1.524,3.089)
jolt: mesh v66 local=(-5.969,1.524,3.498) world=(-5.969,1.524,3.498)
jolt: mesh v67 local=(-5.969,1.524,3.907) world=(-5.969,1.524,3.907)
jolt: mesh v68 local=(-5.969,1.524,4.315) world=(-5.969,1.524,4.315)
jolt: mesh v69 local=(-5.969,1.524,4.724) world=(-5.969,1.524,4.724)
jolt: mesh v70 local=(-5.969,1.524,4.826) world=(-5.969,1.524,4.826)
jolt: mesh v71 local=(-5.969,1.524,5.334) world=(-5.969,1.524,5.334)
jolt: mesh v72 local=(-4.185,1.524,4.724) world=(-4.185,1.524,4.724)
jolt: mesh v73 local=(-4.127,1.524,4.315) world=(-4.127,1.524,4.315)
jolt: mesh v74 local=(-4.068,1.524,3.907) world=(-4.068,1.524,3.907)
jolt: mesh v75 local=(-4.010,1.524,3.498) world=(-4.010,1.524,3.498)
jolt: mesh v76 local=(-3.951,1.524,3.089) world=(-3.951,1.524,3.089)
jolt: mesh v77 local=(-3.893,1.524,2.680) world=(-3.893,1.524,2.680)
jolt: mesh v78 local=(-3.834,1.524,2.271) world=(-3.834,1.524,2.271)
jolt: mesh v79 local=(-3.776,1.524,1.862) world=(-3.776,1.524,1.862)
jolt: mesh v80 local=(-3.717,1.524,1.453) world=(-3.717,1.524,1.453)
jolt: mesh v81 local=(-3.659,1.524,1.044) world=(-3.659,1.524,1.044)
jolt: mesh v82 local=(-3.600,1.524,0.635) world=(-3.600,1.524,0.635)
jolt: mesh v83 local=(-3.254,1.524,4.724) world=(-3.254,1.524,4.724)
jolt: mesh v84 local=(-3.069,1.524,4.315) world=(-3.069,1.524,4.315)
jolt: mesh v85 local=(-2.883,1.524,3.907) world=(-2.883,1.524,3.907)
jolt: mesh v86 local=(-2.698,1.524,3.498) world=(-2.698,1.524,3.498)
jolt: mesh v87 local=(-2.512,1.524,3.089) world=(-2.512,1.524,3.089)
jolt: mesh v88 local=(-2.327,1.524,2.680) world=(-2.327,1.524,2.680)
jolt: mesh v89 local=(-2.142,1.524,2.271) world=(-2.142,1.524,2.271)
jolt: mesh v90 local=(-1.956,1.524,1.862) world=(-1.956,1.524,1.862)
jolt: mesh v91 local=(-1.771,1.524,1.453) world=(-1.771,1.524,1.453)
jolt: mesh v92 local=(-1.585,1.524,1.044) world=(-1.585,1.524,1.044)
jolt: mesh v93 local=(-1.400,1.524,0.635) world=(-1.400,1.524,0.635)
jolt: mesh v94 local=(-0.385,1.524,4.724) world=(-0.385,1.524,4.724)
jolt: mesh v95 local=(-0.327,1.524,4.315) world=(-0.327,1.524,4.315)
jolt: mesh v96 local=(-0.268,1.524,3.907) world=(-0.268,1.524,3.907)
jolt: mesh v97 local=(-0.210,1.524,3.498) world=(-0.210,1.524,3.498)
jolt: mesh v98 local=(-0.151,1.524,3.089) world=(-0.151,1.524,3.089)
jolt: mesh v99 local=(-0.093,1.524,2.680) world=(-0.093,1.524,2.680)
jolt: mesh v100 local=(-0.034,1.524,2.271) world=(-0.034,1.524,2.271)
jolt: mesh v101 local=(0.024,1.524,1.862) world=(0.024,1.524,1.862)
jolt: mesh v102 local=(0.083,1.524,1.453) world=(0.083,1.524,1.453)
jolt: mesh v103 local=(0.141,1.524,1.044) world=(0.141,1.524,1.044)
jolt: mesh v104 local=(0.200,1.524,0.635) world=(0.200,1.524,0.635)
jolt: mesh v105 local=(0.546,1.524,4.724) world=(0.546,1.524,4.724)
jolt: mesh v106 local=(0.731,1.524,4.315) world=(0.731,1.524,4.315)
jolt: mesh v107 local=(0.917,1.524,3.907) world=(0.917,1.524,3.907)
jolt: mesh v108 local=(1.102,1.524,3.498) world=(1.102,1.524,3.498)
jolt: mesh v109 local=(1.288,1.524,3.089) world=(1.288,1.524,3.089)
jolt: mesh v110 local=(1.473,1.524,2.680) world=(1.473,1.524,2.680)
jolt: mesh v111 local=(1.658,1.524,2.271) world=(1.658,1.524,2.271)
jolt: mesh v112 local=(1.844,1.524,1.862) world=(1.844,1.524,1.862)
jolt: mesh v113 local=(2.029,1.524,1.453) world=(2.029,1.524,1.453)
jolt: mesh v114 local=(2.215,1.524,1.044) world=(2.215,1.524,1.044)
jolt: mesh v115 local=(2.400,1.524,0.635) world=(2.400,1.524,0.635)
jolt: mesh v116 local=(3.612,1.524,4.724) world=(3.612,1.524,4.724)
jolt: mesh v117 local=(3.661,1.524,4.315) world=(3.661,1.524,4.315)
jolt: mesh v118 local=(3.710,1.524,3.907) world=(3.710,1.524,3.907)
jolt: mesh v119 local=(3.758,1.524,3.498) world=(3.758,1.524,3.498)
jolt: mesh v120 local=(3.807,1.524,3.089) world=(3.807,1.524,3.089)
jolt: mesh v121 local=(3.856,1.524,2.680) world=(3.856,1.524,2.680)
jolt: mesh v122 local=(3.905,1.524,2.271) world=(3.905,1.524,2.271)
jolt: mesh v123 local=(3.954,1.524,1.862) world=(3.954,1.524,1.862)
jolt: mesh v124 local=(4.002,1.524,1.453) world=(4.002,1.524,1.453)
jolt: mesh v125 local=(4.051,1.524,1.044) world=(4.051,1.524,1.044)
jolt: mesh v126 local=(4.100,1.524,0.635) world=(4.100,1.524,0.635)
jolt: mesh v127 local=(4.339,1.524,4.724) world=(4.339,1.524,4.724)
jolt: mesh v128 local=(4.495,1.524,4.315) world=(4.495,1.524,4.315)
jolt: mesh v129 local=(4.651,1.524,3.907) world=(4.651,1.524,3.907)
jolt: mesh v130 local=(4.807,1.524,3.498) world=(4.807,1.524,3.498)
jolt: mesh v131 local=(4.963,1.524,3.089) world=(4.963,1.524,3.089)
jolt: mesh v132 local=(5.119,1.524,2.680) world=(5.119,1.524,2.680)
jolt: mesh v133 local=(5.276,1.524,2.271) world=(5.276,1.524,2.271)
jolt: mesh v134 local=(5.432,1.524,1.862) world=(5.432,1.524,1.862)
jolt: mesh v135 local=(5.588,1.524,1.453) world=(5.588,1.524,1.453)
jolt: mesh v136 local=(5.744,1.524,1.044) world=(5.744,1.524,1.044)
jolt: mesh v137 local=(5.900,1.524,0.635) world=(5.900,1.524,0.635)
jolt: mesh v138 local=(5.969,-1.651,0.127) world=(5.969,-1.651,0.127)
jolt: mesh v139 local=(5.969,-1.651,0.635) world=(5.969,-1.651,0.635)
jolt: mesh v140 local=(5.969,-1.651,1.044) world=(5.969,-1.651,1.044)
jolt: mesh v141 local=(5.969,-1.651,1.453) world=(5.969,-1.651,1.453)
jolt: mesh v142 local=(5.969,-1.651,1.862) world=(5.969,-1.651,1.862)
jolt: mesh v143 local=(5.969,-1.651,2.271) world=(5.969,-1.651,2.271)
jolt: mesh v144 local=(5.969,-1.651,2.680) world=(5.969,-1.651,2.680)
jolt: mesh v145 local=(5.969,-1.651,3.089) world=(5.969,-1.651,3.089)
jolt: mesh v146 local=(5.969,-1.651,3.498) world=(5.969,-1.651,3.498)
jolt: mesh v147 local=(5.969,-1.651,3.907) world=(5.969,-1.651,3.907)
jolt: mesh v148 local=(5.969,-1.651,4.315) world=(5.969,-1.651,4.315)
jolt: mesh v149 local=(5.969,-1.651,4.724) world=(5.969,-1.651,4.724)
jolt: mesh v150 local=(5.969,-1.651,4.826) world=(5.969,-1.651,4.826)
jolt: mesh v151 local=(5.969,-1.651,5.334) world=(5.969,-1.651,5.334)
jolt: mesh v152 local=(5.969,1.524,0.127) world=(5.969,1.524,0.127)
jolt: mesh v153 local=(5.969,1.524,0.635) world=(5.969,1.524,0.635)
jolt: mesh v154 local=(5.969,1.524,1.044) world=(5.969,1.524,1.044)
jolt: mesh v155 local=(5.969,1.524,1.453) world=(5.969,1.524,1.453)
jolt: mesh v156 local=(5.969,1.524,1.862) world=(5.969,1.524,1.862)
jolt: mesh v157 local=(5.969,1.524,2.271) world=(5.969,1.524,2.271)
jolt: mesh v158 local=(5.969,1.524,2.680) world=(5.969,1.524,2.680)
jolt: mesh v159 local=(5.969,1.524,3.089) world=(5.969,1.524,3.089)
jolt: mesh v160 local=(5.969,1.524,3.498) world=(5.969,1.524,3.498)
jolt: mesh v161 local=(5.969,1.524,3.907) world=(5.969,1.524,3.907)
jolt: mesh v162 local=(5.969,1.524,4.315) world=(5.969,1.524,4.315)
jolt: mesh v163 local=(5.969,1.524,4.724) world=(5.969,1.524,4.724)
jolt: mesh v164 local=(5.969,1.524,4.826) world=(5.969,1.524,4.826)
jolt: mesh v165 local=(5.969,1.524,5.334) world=(5.969,1.524,5.334)
jolt: mesh v166 local=(6.096,-1.651,0.000) world=(6.096,-1.651,0.000)
jolt: mesh v167 local=(6.096,-1.651,0.127) world=(6.096,-1.651,0.127)
jolt: mesh v168 local=(6.096,-1.651,0.635) world=(6.096,-1.651,0.635)
jolt: mesh v169 local=(6.096,-1.651,1.044) world=(6.096,-1.651,1.044)
jolt: mesh v170 local=(6.096,-1.651,1.453) world=(6.096,-1.651,1.453)
jolt: mesh v171 local=(6.096,-1.651,1.862) world=(6.096,-1.651,1.862)
jolt: mesh v172 local=(6.096,-1.651,2.271) world=(6.096,-1.651,2.271)
jolt: mesh v173 local=(6.096,-1.651,2.680) world=(6.096,-1.651,2.680)
jolt: mesh v174 local=(6.096,-1.651,3.089) world=(6.096,-1.651,3.089)
jolt: mesh v175 local=(6.096,-1.651,3.498) world=(6.096,-1.651,3.498)
jolt: mesh v176 local=(6.096,-1.651,3.907) world=(6.096,-1.651,3.907)
jolt: mesh v177 local=(6.096,-1.651,4.315) world=(6.096,-1.651,4.315)
jolt: mesh v178 local=(6.096,-1.651,4.724) world=(6.096,-1.651,4.724)
jolt: mesh v179 local=(6.096,-1.651,4.826) world=(6.096,-1.651,4.826)
jolt: mesh v180 local=(6.096,-1.651,5.334) world=(6.096,-1.651,5.334)
jolt: mesh v181 local=(6.096,1.524,0.127) world=(6.096,1.524,0.127)
jolt: mesh v182 local=(6.096,1.524,0.635) world=(6.096,1.524,0.635)
jolt: mesh v183 local=(6.096,1.524,1.044) world=(6.096,1.524,1.044)
jolt: mesh v184 local=(6.096,1.524,1.453) world=(6.096,1.524,1.453)
jolt: mesh v185 local=(6.096,1.524,1.862) world=(6.096,1.524,1.862)
jolt: mesh v186 local=(6.096,1.524,2.271) world=(6.096,1.524,2.271)
jolt: mesh v187 local=(6.096,1.524,2.680) world=(6.096,1.524,2.680)
jolt: mesh v188 local=(6.096,1.524,3.089) world=(6.096,1.524,3.089)
jolt: mesh v189 local=(6.096,1.524,3.498) world=(6.096,1.524,3.498)
jolt: mesh v190 local=(6.096,1.524,3.907) world=(6.096,1.524,3.907)
jolt: mesh v191 local=(6.096,1.524,4.315) world=(6.096,1.524,4.315)
jolt: mesh v192 local=(6.096,1.524,4.724) world=(6.096,1.524,4.724)
jolt: mesh v193 local=(6.096,1.524,4.826) world=(6.096,1.524,4.826)
jolt: mesh v194 local=(6.096,1.524,5.334) world=(6.096,1.524,5.334)
jolt: mesh v195 local=(6.096,1.651,0.000) world=(6.096,1.651,0.000)
jolt: mesh v196 local=(6.096,1.651,0.127) world=(6.096,1.651,0.127)
jolt: mesh v197 local=(6.096,1.651,0.635) world=(6.096,1.651,0.635)
jolt: mesh v198 local=(6.096,1.651,1.044) world=(6.096,1.651,1.044)
jolt: mesh v199 local=(6.096,1.651,1.453) world=(6.096,1.651,1.453)
jolt: mesh v200 local=(6.096,1.651,1.862) world=(6.096,1.651,1.862)
jolt: mesh v201 local=(6.096,1.651,2.271) world=(6.096,1.651,2.271)
jolt: mesh v202 local=(6.096,1.651,2.680) world=(6.096,1.651,2.680)
jolt: mesh v203 local=(6.096,1.651,3.089) world=(6.096,1.651,3.089)
jolt: mesh v204 local=(6.096,1.651,3.498) world=(6.096,1.651,3.498)
jolt: mesh v205 local=(6.096,1.651,3.907) world=(6.096,1.651,3.907)
jolt: mesh v206 local=(6.096,1.651,4.315) world=(6.096,1.651,4.315)
jolt: mesh v207 local=(6.096,1.651,4.724) world=(6.096,1.651,4.724)
jolt: mesh v208 local=(6.096,1.651,4.826) world=(6.096,1.651,4.826)
jolt: mesh v209 local=(6.096,1.651,5.334) world=(6.096,1.651,5.334)
jolt: body MESH_STATIC verts=210 faces=600 id=16777216
LMalloc of 212 not 8-byte aligned, rounding up
LMalloc of 44 not 8-byte aligned, rounding up
LMalloc of 44 not 8-byte aligned, rounding up
LMalloc of 44 not 8-byte aligned, rounding up
LMalloc of 276 not 8-byte aligned, rounding up
RenderActor3DAnimates constructed with no animations!
LMalloc of 44 not 8-byte aligned, rounding up
LMalloc of 44 not 8-byte aligned, rounding up
MATL closed without all data read (bytesLeft = 264)
LMalloc of 44 not 8-byte aligned, rounding up
jolt: mesh actor_pos=(0.000,0.000,0.000)
jolt: mesh v0 local=(-5.969,-1.651,0.127) world=(-5.969,-1.651,0.127)
jolt: mesh v1 local=(-5.969,-1.651,5.334) world=(-5.969,-1.651,5.334)
jolt: mesh v2 local=(-5.969,-1.524,0.127) world=(-5.969,-1.524,0.127)
jolt: mesh v3 local=(-5.969,-1.524,5.334) world=(-5.969,-1.524,5.334)
jolt: mesh v4 local=(5.969,-1.651,0.127) world=(5.969,-1.651,0.127)
jolt: mesh v5 local=(5.969,-1.651,5.334) world=(5.969,-1.651,5.334)
jolt: mesh v6 local=(5.969,-1.524,0.127) world=(5.969,-1.524,0.127)
jolt: mesh v7 local=(5.969,-1.524,5.334) world=(5.969,-1.524,5.334)
jolt: body MESH_STATIC verts=8 faces=12 id=16777217
LMalloc of 212 not 8-byte aligned, rounding up
LMalloc of 44 not 8-byte aligned, rounding up
LMalloc of 44 not 8-byte aligned, rounding up
LMalloc of 44 not 8-byte aligned, rounding up
LMalloc of 836 not 8-byte aligned, rounding up
RenderActor3DAnimates constructed with no animations!
LMalloc of 44 not 8-byte aligned, rounding up
LMalloc of 44 not 8-byte aligned, rounding up
MATL closed without all data read (bytesLeft = 528)
LMalloc of 44 not 8-byte aligned, rounding up
jolt: mesh actor_pos=(0.000,0.000,0.000)
jolt: mesh v0 local=(-6.160,-1.714,5.207) world=(-6.160,-1.714,5.207)
jolt: mesh v1 local=(-6.160,-1.714,5.334) world=(-6.160,-1.714,5.334)
jolt: mesh v2 local=(-6.160,1.714,5.207) world=(-6.160,1.714,5.207)
jolt: mesh v3 local=(-6.160,1.714,5.334) world=(-6.160,1.714,5.334)
jolt: mesh v4 local=(-6.096,-1.651,5.397) world=(-6.096,-1.651,5.397)
jolt: mesh v5 local=(-6.096,1.651,5.397) world=(-6.096,1.651,5.397)
jolt: mesh v6 local=(-5.905,-1.460,5.207) world=(-5.905,-1.460,5.207)
jolt: mesh v7 local=(-5.905,-1.460,5.397) world=(-5.905,-1.460,5.397)
jolt: mesh v8 local=(-5.905,1.460,5.207) world=(-5.905,1.460,5.207)
jolt: mesh v9 local=(-5.905,1.460,5.397) world=(-5.905,1.460,5.397)
jolt: mesh v10 local=(5.905,-1.460,5.207) world=(5.905,-1.460,5.207)
jolt: mesh v11 local=(5.905,-1.460,5.397) world=(5.905,-1.460,5.397)
jolt: mesh v12 local=(5.905,1.460,5.207) world=(5.905,1.460,5.207)
jolt: mesh v13 local=(5.905,1.460,5.397) world=(5.905,1.460,5.397)
jolt: mesh v14 local=(6.096,-1.651,5.397) world=(6.096,-1.651,5.397)
jolt: mesh v15 local=(6.096,1.651,5.397) world=(6.096,1.651,5.397)
jolt: mesh v16 local=(6.160,-1.714,5.207) world=(6.160,-1.714,5.207)
jolt: mesh v17 local=(6.160,-1.714,5.334) world=(6.160,-1.714,5.334)
jolt: mesh v18 local=(6.160,1.714,5.207) world=(6.160,1.714,5.207)
jolt: mesh v19 local=(6.160,1.714,5.334) world=(6.160,1.714,5.334)
jolt: body MESH_STATIC verts=20 faces=40 id=16777218
LMalloc of 212 not 8-byte aligned, rounding up
LMalloc of 44 not 8-byte aligned, rounding up
LMalloc of 44 not 8-byte aligned, rounding up
LMalloc of 44 not 8-byte aligned, rounding up
LMalloc of 8236 not 8-byte aligned, rounding up
RenderActor3DAnimates constructed with no animations!
LMalloc of 44 not 8-byte aligned, rounding up
LMalloc of 44 not 8-byte aligned, rounding up
MATL closed without all data read (bytesLeft = 1056)
LMalloc of 44 not 8-byte aligned, rounding up
jolt: mesh actor_pos=(0.000,0.000,0.000)
jolt: mesh v0 local=(-5.964,-1.519,0.132) world=(-5.964,-1.519,0.132)
jolt: mesh v1 local=(-5.964,-1.519,0.635) world=(-5.964,-1.519,0.635)
jolt: mesh v2 local=(-5.964,-1.013,0.132) world=(-5.964,-1.013,0.132)
jolt: mesh v3 local=(-5.964,-1.013,0.635) world=(-5.964,-1.013,0.635)
jolt: mesh v4 local=(-5.964,-0.506,0.132) world=(-5.964,-0.506,0.132)
jolt: mesh v5 local=(-5.964,-0.506,0.635) world=(-5.964,-0.506,0.635)
jolt: mesh v6 local=(-5.964,0.000,0.132) world=(-5.964,0.000,0.132)
jolt: mesh v7 local=(-5.964,0.000,0.635) world=(-5.964,0.000,0.635)
jolt: mesh v8 local=(-5.964,0.506,0.132) world=(-5.964,0.506,0.132)
jolt: mesh v9 local=(-5.964,0.506,0.635) world=(-5.964,0.506,0.635)
jolt: mesh v10 local=(-5.964,1.013,0.132) world=(-5.964,1.013,0.132)
jolt: mesh v11 local=(-5.964,1.013,0.635) world=(-5.964,1.013,0.635)
jolt: mesh v12 local=(-5.964,1.519,0.132) world=(-5.964,1.519,0.132)
jolt: mesh v13 local=(-5.964,1.519,0.635) world=(-5.964,1.519,0.635)
jolt: mesh v14 local=(-5.467,-1.519,0.132) world=(-5.467,-1.519,0.132)
jolt: mesh v15 local=(-5.467,-1.519,0.635) world=(-5.467,-1.519,0.635)
jolt: mesh v16 local=(-5.467,-1.013,0.635) world=(-5.467,-1.013,0.635)
jolt: mesh v17 local=(-5.467,-0.506,0.635) world=(-5.467,-0.506,0.635)
jolt: mesh v18 local=(-5.467,0.000,0.635) world=(-5.467,0.000,0.635)
jolt: mesh v19 local=(-5.467,0.506,0.635) world=(-5.467,0.506,0.635)
jolt: mesh v20 local=(-5.467,1.013,0.635) world=(-5.467,1.013,0.635)
jolt: mesh v21 local=(-5.467,1.519,0.132) world=(-5.467,1.519,0.132)
jolt: mesh v22 local=(-5.467,1.519,0.635) world=(-5.467,1.519,0.635)
jolt: mesh v23 local=(-4.970,-1.519,0.132) world=(-4.970,-1.519,0.132)
jolt: mesh v24 local=(-4.970,-1.519,0.635) world=(-4.970,-1.519,0.635)
jolt: mesh v25 local=(-4.970,-1.013,0.635) world=(-4.970,-1.013,0.635)
jolt: mesh v26 local=(-4.970,-0.506,0.635) world=(-4.970,-0.506,0.635)
jolt: mesh v27 local=(-4.970,0.000,0.635) world=(-4.970,0.000,0.635)
jolt: mesh v28 local=(-4.970,0.506,0.635) world=(-4.970,0.506,0.635)
jolt: mesh v29 local=(-4.970,1.013,0.635) world=(-4.970,1.013,0.635)
jolt: mesh v30 local=(-4.970,1.519,0.132) world=(-4.970,1.519,0.132)
jolt: mesh v31 local=(-4.970,1.519,0.635) world=(-4.970,1.519,0.635)
jolt: mesh v32 local=(-4.473,-1.519,0.132) world=(-4.473,-1.519,0.132)
jolt: mesh v33 local=(-4.473,-1.519,0.635) world=(-4.473,-1.519,0.635)
jolt: mesh v34 local=(-4.473,-1.013,0.635) world=(-4.473,-1.013,0.635)
jolt: mesh v35 local=(-4.473,-0.506,0.635) world=(-4.473,-0.506,0.635)
jolt: mesh v36 local=(-4.473,0.000,0.635) world=(-4.473,0.000,0.635)
jolt: mesh v37 local=(-4.473,0.506,0.635) world=(-4.473,0.506,0.635)
jolt: mesh v38 local=(-4.473,1.013,0.635) world=(-4.473,1.013,0.635)
jolt: mesh v39 local=(-4.473,1.519,0.132) world=(-4.473,1.519,0.132)
jolt: mesh v40 local=(-4.473,1.519,0.635) world=(-4.473,1.519,0.635)
jolt: mesh v41 local=(-3.976,-1.519,0.132) world=(-3.976,-1.519,0.132)
jolt: mesh v42 local=(-3.976,-1.519,0.635) world=(-3.976,-1.519,0.635)
jolt: mesh v43 local=(-3.976,-1.013,0.635) world=(-3.976,-1.013,0.635)
jolt: mesh v44 local=(-3.976,-0.506,0.635) world=(-3.976,-0.506,0.635)
jolt: mesh v45 local=(-3.976,0.000,0.635) world=(-3.976,0.000,0.635)
jolt: mesh v46 local=(-3.976,0.506,0.635) world=(-3.976,0.506,0.635)
jolt: mesh v47 local=(-3.976,1.013,0.635) world=(-3.976,1.013,0.635)
jolt: mesh v48 local=(-3.976,1.519,0.132) world=(-3.976,1.519,0.132)
jolt: mesh v49 local=(-3.976,1.519,0.635) world=(-3.976,1.519,0.635)
jolt: mesh v50 local=(-3.479,-1.519,0.132) world=(-3.479,-1.519,0.132)
jolt: mesh v51 local=(-3.479,-1.519,0.635) world=(-3.479,-1.519,0.635)
jolt: mesh v52 local=(-3.479,-1.013,0.635) world=(-3.479,-1.013,0.635)
jolt: mesh v53 local=(-3.479,-0.506,0.635) world=(-3.479,-0.506,0.635)
jolt: mesh v54 local=(-3.479,0.000,0.635) world=(-3.479,0.000,0.635)
jolt: mesh v55 local=(-3.479,0.506,0.635) world=(-3.479,0.506,0.635)
jolt: mesh v56 local=(-3.479,1.013,0.635) world=(-3.479,1.013,0.635)
jolt: mesh v57 local=(-3.479,1.519,0.132) world=(-3.479,1.519,0.132)
jolt: mesh v58 local=(-3.479,1.519,0.635) world=(-3.479,1.519,0.635)
jolt: mesh v59 local=(-2.982,-1.519,0.132) world=(-2.982,-1.519,0.132)
jolt: mesh v60 local=(-2.982,-1.519,0.635) world=(-2.982,-1.519,0.635)
jolt: mesh v61 local=(-2.982,-1.013,0.635) world=(-2.982,-1.013,0.635)
jolt: mesh v62 local=(-2.982,-0.506,0.635) world=(-2.982,-0.506,0.635)
jolt: mesh v63 local=(-2.982,0.000,0.635) world=(-2.982,0.000,0.635)
jolt: mesh v64 local=(-2.982,0.506,0.635) world=(-2.982,0.506,0.635)
jolt: mesh v65 local=(-2.982,1.013,0.635) world=(-2.982,1.013,0.635)
jolt: mesh v66 local=(-2.982,1.519,0.132) world=(-2.982,1.519,0.132)
jolt: mesh v67 local=(-2.982,1.519,0.635) world=(-2.982,1.519,0.635)
jolt: mesh v68 local=(-2.485,-1.519,0.132) world=(-2.485,-1.519,0.132)
jolt: mesh v69 local=(-2.485,-1.519,0.635) world=(-2.485,-1.519,0.635)
jolt: mesh v70 local=(-2.485,-1.013,0.635) world=(-2.485,-1.013,0.635)
jolt: mesh v71 local=(-2.485,-0.506,0.635) world=(-2.485,-0.506,0.635)
jolt: mesh v72 local=(-2.485,0.000,0.635) world=(-2.485,0.000,0.635)
jolt: mesh v73 local=(-2.485,0.506,0.635) world=(-2.485,0.506,0.635)
jolt: mesh v74 local=(-2.485,1.013,0.635) world=(-2.485,1.013,0.635)
jolt: mesh v75 local=(-2.485,1.519,0.132) world=(-2.485,1.519,0.132)
jolt: mesh v76 local=(-2.485,1.519,0.635) world=(-2.485,1.519,0.635)
jolt: mesh v77 local=(-1.988,-1.519,0.132) world=(-1.988,-1.519,0.132)
jolt: mesh v78 local=(-1.988,-1.519,0.635) world=(-1.988,-1.519,0.635)
jolt: mesh v79 local=(-1.988,-1.013,0.635) world=(-1.988,-1.013,0.635)
jolt: mesh v80 local=(-1.988,-0.506,0.635) world=(-1.988,-0.506,0.635)
jolt: mesh v81 local=(-1.988,0.000,0.635) world=(-1.988,0.000,0.635)
jolt: mesh v82 local=(-1.988,0.506,0.635) world=(-1.988,0.506,0.635)
jolt: mesh v83 local=(-1.988,1.013,0.635) world=(-1.988,1.013,0.635)
jolt: mesh v84 local=(-1.988,1.519,0.132) world=(-1.988,1.519,0.132)
jolt: mesh v85 local=(-1.988,1.519,0.635) world=(-1.988,1.519,0.635)
jolt: mesh v86 local=(-1.491,-1.519,0.132) world=(-1.491,-1.519,0.132)
jolt: mesh v87 local=(-1.491,-1.519,0.635) world=(-1.491,-1.519,0.635)
jolt: mesh v88 local=(-1.491,-1.013,0.635) world=(-1.491,-1.013,0.635)
jolt: mesh v89 local=(-1.491,-0.506,0.635) world=(-1.491,-0.506,0.635)
jolt: mesh v90 local=(-1.491,0.000,0.635) world=(-1.491,0.000,0.635)
jolt: mesh v91 local=(-1.491,0.506,0.635) world=(-1.491,0.506,0.635)
jolt: mesh v92 local=(-1.491,1.013,0.635) world=(-1.491,1.013,0.635)
jolt: mesh v93 local=(-1.491,1.519,0.132) world=(-1.491,1.519,0.132)
jolt: mesh v94 local=(-1.491,1.519,0.635) world=(-1.491,1.519,0.635)
jolt: mesh v95 local=(-0.994,-1.519,0.132) world=(-0.994,-1.519,0.132)
jolt: mesh v96 local=(-0.994,-1.519,0.635) world=(-0.994,-1.519,0.635)
jolt: mesh v97 local=(-0.994,-1.013,0.635) world=(-0.994,-1.013,0.635)
jolt: mesh v98 local=(-0.994,-0.506,0.635) world=(-0.994,-0.506,0.635)
jolt: mesh v99 local=(-0.994,0.000,0.635) world=(-0.994,0.000,0.635)
jolt: mesh v100 local=(-0.994,0.506,0.635) world=(-0.994,0.506,0.635)
jolt: mesh v101 local=(-0.994,1.013,0.635) world=(-0.994,1.013,0.635)
jolt: mesh v102 local=(-0.994,1.519,0.132) world=(-0.994,1.519,0.132)
jolt: mesh v103 local=(-0.994,1.519,0.635) world=(-0.994,1.519,0.635)
jolt: mesh v104 local=(-0.497,-1.519,0.132) world=(-0.497,-1.519,0.132)
jolt: mesh v105 local=(-0.497,-1.519,0.635) world=(-0.497,-1.519,0.635)
jolt: mesh v106 local=(-0.497,-1.013,0.635) world=(-0.497,-1.013,0.635)
jolt: mesh v107 local=(-0.497,-0.506,0.635) world=(-0.497,-0.506,0.635)
jolt: mesh v108 local=(-0.497,0.000,0.635) world=(-0.497,0.000,0.635)
jolt: mesh v109 local=(-0.497,0.506,0.635) world=(-0.497,0.506,0.635)
jolt: mesh v110 local=(-0.497,1.013,0.635) world=(-0.497,1.013,0.635)
jolt: mesh v111 local=(-0.497,1.519,0.132) world=(-0.497,1.519,0.132)
jolt: mesh v112 local=(-0.497,1.519,0.635) world=(-0.497,1.519,0.635)
jolt: mesh v113 local=(0.000,-1.519,0.132) world=(0.000,-1.519,0.132)
jolt: mesh v114 local=(0.000,-1.519,0.635) world=(0.000,-1.519,0.635)
jolt: mesh v115 local=(0.000,-1.013,0.635) world=(0.000,-1.013,0.635)
jolt: mesh v116 local=(0.000,-0.506,0.635) world=(0.000,-0.506,0.635)
jolt: mesh v117 local=(0.000,0.000,0.635) world=(0.000,0.000,0.635)
jolt: mesh v118 local=(0.000,0.506,0.635) world=(0.000,0.506,0.635)
jolt: mesh v119 local=(0.000,1.013,0.635) world=(0.000,1.013,0.635)
jolt: mesh v120 local=(0.000,1.519,0.132) world=(0.000,1.519,0.132)
jolt: mesh v121 local=(0.000,1.519,0.635) world=(0.000,1.519,0.635)
jolt: mesh v122 local=(0.497,-1.519,0.132) world=(0.497,-1.519,0.132)
jolt: mesh v123 local=(0.497,-1.519,0.635) world=(0.497,-1.519,0.635)
jolt: mesh v124 local=(0.497,-1.013,0.635) world=(0.497,-1.013,0.635)
jolt: mesh v125 local=(0.497,-0.506,0.635) world=(0.497,-0.506,0.635)
jolt: mesh v126 local=(0.497,0.000,0.635) world=(0.497,0.000,0.635)
jolt: mesh v127 local=(0.497,0.506,0.635) world=(0.497,0.506,0.635)
jolt: mesh v128 local=(0.497,1.013,0.635) world=(0.497,1.013,0.635)
jolt: mesh v129 local=(0.497,1.519,0.132) world=(0.497,1.519,0.132)
jolt: mesh v130 local=(0.497,1.519,0.635) world=(0.497,1.519,0.635)
jolt: mesh v131 local=(0.994,-1.519,0.132) world=(0.994,-1.519,0.132)
jolt: mesh v132 local=(0.994,-1.519,0.635) world=(0.994,-1.519,0.635)
jolt: mesh v133 local=(0.994,-1.013,0.635) world=(0.994,-1.013,0.635)
jolt: mesh v134 local=(0.994,-0.506,0.635) world=(0.994,-0.506,0.635)
jolt: mesh v135 local=(0.994,0.000,0.635) world=(0.994,0.000,0.635)
jolt: mesh v136 local=(0.994,0.506,0.635) world=(0.994,0.506,0.635)
jolt: mesh v137 local=(0.994,1.013,0.635) world=(0.994,1.013,0.635)
jolt: mesh v138 local=(0.994,1.519,0.132) world=(0.994,1.519,0.132)
jolt: mesh v139 local=(0.994,1.519,0.635) world=(0.994,1.519,0.635)
jolt: mesh v140 local=(1.491,-1.519,0.132) world=(1.491,-1.519,0.132)
jolt: mesh v141 local=(1.491,-1.519,0.635) world=(1.491,-1.519,0.635)
jolt: mesh v142 local=(1.491,-1.013,0.635) world=(1.491,-1.013,0.635)
jolt: mesh v143 local=(1.491,-0.506,0.635) world=(1.491,-0.506,0.635)
jolt: mesh v144 local=(1.491,0.000,0.635) world=(1.491,0.000,0.635)
jolt: mesh v145 local=(1.491,0.506,0.635) world=(1.491,0.506,0.635)
jolt: mesh v146 local=(1.491,1.013,0.635) world=(1.491,1.013,0.635)
jolt: mesh v147 local=(1.491,1.519,0.132) world=(1.491,1.519,0.132)
jolt: mesh v148 local=(1.491,1.519,0.635) world=(1.491,1.519,0.635)
jolt: mesh v149 local=(1.988,-1.519,0.132) world=(1.988,-1.519,0.132)
jolt: mesh v150 local=(1.988,-1.519,0.635) world=(1.988,-1.519,0.635)
jolt: mesh v151 local=(1.988,-1.013,0.635) world=(1.988,-1.013,0.635)
jolt: mesh v152 local=(1.988,-0.506,0.635) world=(1.988,-0.506,0.635)
jolt: mesh v153 local=(1.988,0.000,0.635) world=(1.988,0.000,0.635)
jolt: mesh v154 local=(1.988,0.506,0.635) world=(1.988,0.506,0.635)
jolt: mesh v155 local=(1.988,1.013,0.635) world=(1.988,1.013,0.635)
jolt: mesh v156 local=(1.988,1.519,0.132) world=(1.988,1.519,0.132)
jolt: mesh v157 local=(1.988,1.519,0.635) world=(1.988,1.519,0.635)
jolt: mesh v158 local=(2.485,-1.519,0.132) world=(2.485,-1.519,0.132)
jolt: mesh v159 local=(2.485,-1.519,0.635) world=(2.485,-1.519,0.635)
jolt: mesh v160 local=(2.485,-1.013,0.635) world=(2.485,-1.013,0.635)
jolt: mesh v161 local=(2.485,-0.506,0.635) world=(2.485,-0.506,0.635)
jolt: mesh v162 local=(2.485,0.000,0.635) world=(2.485,0.000,0.635)
jolt: mesh v163 local=(2.485,0.506,0.635) world=(2.485,0.506,0.635)
jolt: mesh v164 local=(2.485,1.013,0.635) world=(2.485,1.013,0.635)
jolt: mesh v165 local=(2.485,1.519,0.132) world=(2.485,1.519,0.132)
jolt: mesh v166 local=(2.485,1.519,0.635) world=(2.485,1.519,0.635)
jolt: mesh v167 local=(2.982,-1.519,0.132) world=(2.982,-1.519,0.132)
jolt: mesh v168 local=(2.982,-1.519,0.635) world=(2.982,-1.519,0.635)
jolt: mesh v169 local=(2.982,-1.013,0.635) world=(2.982,-1.013,0.635)
jolt: mesh v170 local=(2.982,-0.506,0.635) world=(2.982,-0.506,0.635)
jolt: mesh v171 local=(2.982,0.000,0.635) world=(2.982,0.000,0.635)
jolt: mesh v172 local=(2.982,0.506,0.635) world=(2.982,0.506,0.635)
jolt: mesh v173 local=(2.982,1.013,0.635) world=(2.982,1.013,0.635)
jolt: mesh v174 local=(2.982,1.519,0.132) world=(2.982,1.519,0.132)
jolt: mesh v175 local=(2.982,1.519,0.635) world=(2.982,1.519,0.635)
jolt: mesh v176 local=(3.479,-1.519,0.132) world=(3.479,-1.519,0.132)
jolt: mesh v177 local=(3.479,-1.519,0.635) world=(3.479,-1.519,0.635)
jolt: mesh v178 local=(3.479,-1.013,0.635) world=(3.479,-1.013,0.635)
jolt: mesh v179 local=(3.479,-0.506,0.635) world=(3.479,-0.506,0.635)
jolt: mesh v180 local=(3.479,0.000,0.635) world=(3.479,0.000,0.635)
jolt: mesh v181 local=(3.479,0.506,0.635) world=(3.479,0.506,0.635)
jolt: mesh v182 local=(3.479,1.013,0.635) world=(3.479,1.013,0.635)
jolt: mesh v183 local=(3.479,1.519,0.132) world=(3.479,1.519,0.132)
jolt: mesh v184 local=(3.479,1.519,0.635) world=(3.479,1.519,0.635)
jolt: mesh v185 local=(3.976,-1.519,0.132) world=(3.976,-1.519,0.132)
jolt: mesh v186 local=(3.976,-1.519,0.635) world=(3.976,-1.519,0.635)
jolt: mesh v187 local=(3.976,-1.013,0.635) world=(3.976,-1.013,0.635)
jolt: mesh v188 local=(3.976,-0.506,0.635) world=(3.976,-0.506,0.635)
jolt: mesh v189 local=(3.976,0.000,0.635) world=(3.976,0.000,0.635)
jolt: mesh v190 local=(3.976,0.506,0.635) world=(3.976,0.506,0.635)
jolt: mesh v191 local=(3.976,1.013,0.635) world=(3.976,1.013,0.635)
jolt: mesh v192 local=(3.976,1.519,0.132) world=(3.976,1.519,0.132)
jolt: mesh v193 local=(3.976,1.519,0.635) world=(3.976,1.519,0.635)
jolt: mesh v194 local=(4.473,-1.519,0.132) world=(4.473,-1.519,0.132)
jolt: mesh v195 local=(4.473,-1.519,0.635) world=(4.473,-1.519,0.635)
jolt: mesh v196 local=(4.473,-1.013,0.635) world=(4.473,-1.013,0.635)
jolt: mesh v197 local=(4.473,-0.506,0.635) world=(4.473,-0.506,0.635)
jolt: mesh v198 local=(4.473,0.000,0.635) world=(4.473,0.000,0.635)
jolt: mesh v199 local=(4.473,0.506,0.635) world=(4.473,0.506,0.635)
jolt: mesh v200 local=(4.473,1.013,0.635) world=(4.473,1.013,0.635)
jolt: mesh v201 local=(4.473,1.519,0.132) world=(4.473,1.519,0.132)
jolt: mesh v202 local=(4.473,1.519,0.635) world=(4.473,1.519,0.635)
jolt: mesh v203 local=(4.970,-1.519,0.132) world=(4.970,-1.519,0.132)
jolt: mesh v204 local=(4.970,-1.519,0.635) world=(4.970,-1.519,0.635)
jolt: mesh v205 local=(4.970,-1.013,0.635) world=(4.970,-1.013,0.635)
jolt: mesh v206 local=(4.970,-0.506,0.635) world=(4.970,-0.506,0.635)
jolt: mesh v207 local=(4.970,0.000,0.635) world=(4.970,0.000,0.635)
jolt: mesh v208 local=(4.970,0.506,0.635) world=(4.970,0.506,0.635)
jolt: mesh v209 local=(4.970,1.013,0.635) world=(4.970,1.013,0.635)
jolt: mesh v210 local=(4.970,1.519,0.132) world=(4.970,1.519,0.132)
jolt: mesh v211 local=(4.970,1.519,0.635) world=(4.970,1.519,0.635)
jolt: mesh v212 local=(5.467,-1.519,0.132) world=(5.467,-1.519,0.132)
jolt: mesh v213 local=(5.467,-1.519,0.635) world=(5.467,-1.519,0.635)
jolt: mesh v214 local=(5.467,-1.013,0.635) world=(5.467,-1.013,0.635)
jolt: mesh v215 local=(5.467,-0.506,0.635) world=(5.467,-0.506,0.635)
jolt: mesh v216 local=(5.467,0.000,0.635) world=(5.467,0.000,0.635)
jolt: mesh v217 local=(5.467,0.506,0.635) world=(5.467,0.506,0.635)
jolt: mesh v218 local=(5.467,1.013,0.635) world=(5.467,1.013,0.635)
jolt: mesh v219 local=(5.467,1.519,0.132) world=(5.467,1.519,0.132)
jolt: mesh v220 local=(5.467,1.519,0.635) world=(5.467,1.519,0.635)
jolt: mesh v221 local=(5.964,-1.519,0.132) world=(5.964,-1.519,0.132)
jolt: mesh v222 local=(5.964,-1.519,0.635) world=(5.964,-1.519,0.635)
jolt: mesh v223 local=(5.964,-1.013,0.132) world=(5.964,-1.013,0.132)
jolt: mesh v224 local=(5.964,-1.013,0.635) world=(5.964,-1.013,0.635)
jolt: mesh v225 local=(5.964,-0.506,0.132) world=(5.964,-0.506,0.132)
jolt: mesh v226 local=(5.964,-0.506,0.635) world=(5.964,-0.506,0.635)
jolt: mesh v227 local=(5.964,0.000,0.132) world=(5.964,0.000,0.132)
jolt: mesh v228 local=(5.964,0.000,0.635) world=(5.964,0.000,0.635)
jolt: mesh v229 local=(5.964,0.506,0.132) world=(5.964,0.506,0.132)
jolt: mesh v230 local=(5.964,0.506,0.635) world=(5.964,0.506,0.635)
jolt: mesh v231 local=(5.964,1.013,0.132) world=(5.964,1.013,0.132)
jolt: mesh v232 local=(5.964,1.013,0.635) world=(5.964,1.013,0.635)
jolt: mesh v233 local=(5.964,1.519,0.132) world=(5.964,1.519,0.132)
jolt: mesh v234 local=(5.964,1.519,0.635) world=(5.964,1.519,0.635)
jolt: body MESH_STATIC verts=235 faces=410 id=16777219
LMalloc of 212 not 8-byte aligned, rounding up
LMalloc of 44 not 8-byte aligned, rounding up
LMalloc of 44 not 8-byte aligned, rounding up
LMalloc of 44 not 8-byte aligned, rounding up
LMalloc of 876 not 8-byte aligned, rounding up
RenderActor3DAnimates constructed with no animations!
LMalloc of 44 not 8-byte aligned, rounding up
LMalloc of 44 not 8-byte aligned, rounding up
MATL closed without all data read (bytesLeft = 792)
LMalloc of 44 not 8-byte aligned, rounding up
jolt: mesh actor_pos=(2.500,0.000,0.635)
jolt: mesh v0 local=(-0.773,-0.173,0.000) world=(1.727,-0.173,0.635)
jolt: mesh v1 local=(-0.772,0.204,0.000) world=(1.728,0.204,0.635)
jolt: mesh v2 local=(-0.650,-0.154,0.341) world=(1.850,-0.154,0.976)
jolt: mesh v3 local=(-0.587,0.263,0.256) world=(1.913,0.263,0.891)
jolt: mesh v4 local=(-0.435,-0.099,0.550) world=(2.065,-0.099,1.185)
jolt: mesh v5 local=(-0.372,-0.568,0.000) world=(2.128,-0.568,0.635)
jolt: mesh v6 local=(-0.354,0.491,0.000) world=(2.146,0.491,0.635)
jolt: mesh v7 local=(-0.318,0.270,0.550) world=(2.182,0.270,1.185)
jolt: mesh v8 local=(-0.274,-0.476,0.291) world=(2.226,-0.476,0.926)
jolt: mesh v9 local=(-0.235,0.488,0.323) world=(2.265,0.488,0.958)
jolt: mesh v10 local=(-0.116,-0.369,0.550) world=(2.384,-0.369,1.185)
jolt: mesh v11 local=(0.040,-0.580,0.000) world=(2.540,-0.580,0.635)
jolt: mesh v12 local=(0.116,0.369,0.550) world=(2.616,0.369,1.185)
jolt: mesh v13 local=(0.231,0.532,0.000) world=(2.731,0.532,0.635)
jolt: mesh v14 local=(0.244,0.485,0.335) world=(2.744,0.485,0.970)
jolt: mesh v15 local=(0.277,-0.475,0.310) world=(2.777,-0.475,0.945)
jolt: mesh v16 local=(0.318,-0.270,0.550) world=(2.818,-0.270,1.185)
jolt: mesh v17 local=(0.435,0.099,0.550) world=(2.935,0.099,1.185)
jolt: mesh v18 local=(0.515,-0.417,0.000) world=(3.015,-0.417,0.635)
jolt: mesh v19 local=(0.599,0.246,0.272) world=(3.099,0.246,0.907)
jolt: mesh v20 local=(0.611,-0.229,0.357) world=(3.111,-0.229,0.992)
jolt: mesh v21 local=(0.662,0.322,0.000) world=(3.162,0.322,0.635)
jolt: mesh v22 local=(0.741,-0.030,0.000) world=(3.241,-0.030,0.635)
jolt: body MESH_STATIC verts=23 faces=42 id=16777220
LMalloc of 212 not 8-byte aligned, rounding up
LMalloc of 44 not 8-byte aligned, rounding up
LMalloc of 44 not 8-byte aligned, rounding up
LMalloc of 44 not 8-byte aligned, rounding up
LMalloc of 3396 not 8-byte aligned, rounding up
RenderActor3DAnimates constructed with no animations!
LMalloc of 44 not 8-byte aligned, rounding up
LMalloc of 44 not 8-byte aligned, rounding up
MATL closed without all data read (bytesLeft = 1056)
LMalloc of 44 not 8-byte aligned, rounding up
jolt: mesh actor_pos=(2.500,0.000,1.185)
jolt: mesh v0 local=(-0.500,0.000,0.720) world=(2.000,0.000,1.905)
jolt: mesh v1 local=(-0.485,0.000,0.760) world=(2.015,0.000,1.945)
jolt: mesh v2 local=(-0.433,-0.250,0.720) world=(2.067,-0.250,1.905)
jolt: mesh v3 local=(-0.433,0.250,0.720) world=(2.067,0.250,1.905)
jolt: mesh v4 local=(-0.420,-0.242,0.760) world=(2.080,-0.242,1.945)
jolt: mesh v5 local=(-0.420,0.242,0.760) world=(2.080,0.242,1.945)
jolt: mesh v6 local=(-0.400,0.000,0.000) world=(2.100,0.000,1.185)
jolt: mesh v7 local=(-0.360,0.000,0.060) world=(2.140,0.000,1.245)
jolt: mesh v8 local=(-0.346,-0.200,0.000) world=(2.154,-0.200,1.185)
jolt: mesh v9 local=(-0.346,0.200,0.000) world=(2.154,0.200,1.185)
jolt: mesh v10 local=(-0.312,-0.180,0.060) world=(2.188,-0.180,1.245)
jolt: mesh v11 local=(-0.312,0.180,0.060) world=(2.188,0.180,1.245)
jolt: mesh v12 local=(-0.285,-0.093,0.060) world=(2.215,-0.093,1.245)
jolt: mesh v13 local=(-0.285,0.093,0.060) world=(2.215,0.093,1.245)
jolt: mesh v14 local=(-0.270,0.000,0.660) world=(2.230,0.000,1.845)
jolt: mesh v15 local=(-0.257,-0.083,0.660) world=(2.243,-0.083,1.845)
jolt: mesh v16 local=(-0.257,0.083,0.660) world=(2.243,0.083,1.845)
jolt: mesh v17 local=(-0.250,-0.433,0.720) world=(2.250,-0.433,1.905)
jolt: mesh v18 local=(-0.250,0.433,0.720) world=(2.250,0.433,1.905)
jolt: mesh v19 local=(-0.242,-0.420,0.760) world=(2.258,-0.420,1.945)
jolt: mesh v20 local=(-0.242,0.420,0.760) world=(2.258,0.420,1.945)
jolt: mesh v21 local=(-0.234,-0.135,0.660) world=(2.266,-0.135,1.845)
jolt: mesh v22 local=(-0.234,0.135,0.660) world=(2.266,0.135,1.845)
jolt: mesh v23 local=(-0.200,-0.346,0.000) world=(2.300,-0.346,1.185)
jolt: mesh v24 local=(-0.200,0.346,0.000) world=(2.300,0.346,1.185)
jolt: mesh v25 local=(-0.180,-0.312,0.060) world=(2.320,-0.312,1.245)
jolt: mesh v26 local=(-0.180,0.312,0.060) world=(2.320,0.312,1.245)
jolt: mesh v27 local=(-0.176,-0.243,0.060) world=(2.324,-0.243,1.245)
jolt: mesh v28 local=(-0.176,0.243,0.060) world=(2.324,0.243,1.245)
jolt: mesh v29 local=(-0.159,-0.218,0.660) world=(2.341,-0.218,1.845)
jolt: mesh v30 local=(-0.159,0.218,0.660) world=(2.341,0.218,1.845)
jolt: mesh v31 local=(-0.135,-0.234,0.660) world=(2.365,-0.234,1.845)
jolt: mesh v32 local=(-0.135,0.234,0.660) world=(2.365,0.234,1.845)
jolt: mesh v33 local=(0.000,-0.500,0.720) world=(2.500,-0.500,1.905)
jolt: mesh v34 local=(0.000,-0.485,0.760) world=(2.500,-0.485,1.945)
jolt: mesh v35 local=(0.000,-0.400,0.000) world=(2.500,-0.400,1.185)
jolt: mesh v36 local=(0.000,-0.360,0.060) world=(2.500,-0.360,1.245)
jolt: mesh v37 local=(0.000,-0.300,0.060) world=(2.500,-0.300,1.245)
jolt: mesh v38 local=(0.000,-0.270,0.660) world=(2.500,-0.270,1.845)
jolt: mesh v39 local=(0.000,0.270,0.660) world=(2.500,0.270,1.845)
jolt: mesh v40 local=(0.000,0.300,0.060) world=(2.500,0.300,1.245)
jolt: mesh v41 local=(0.000,0.360,0.060) world=(2.500,0.360,1.245)
jolt: mesh v42 local=(0.000,0.400,0.000) world=(2.500,0.400,1.185)
jolt: mesh v43 local=(0.000,0.485,0.760) world=(2.500,0.485,1.945)
jolt: mesh v44 local=(0.000,0.500,0.720) world=(2.500,0.500,1.905)
jolt: mesh v45 local=(0.135,-0.234,0.660) world=(2.635,-0.234,1.845)
jolt: mesh v46 local=(0.135,0.234,0.660) world=(2.635,0.234,1.845)
jolt: mesh v47 local=(0.159,-0.218,0.660) world=(2.659,-0.218,1.845)
jolt: mesh v48 local=(0.159,0.218,0.660) world=(2.659,0.218,1.845)
jolt: mesh v49 local=(0.176,-0.243,0.060) world=(2.676,-0.243,1.245)
jolt: mesh v50 local=(0.176,0.243,0.060) world=(2.676,0.243,1.245)
jolt: mesh v51 local=(0.180,-0.312,0.060) world=(2.680,-0.312,1.245)
jolt: mesh v52 local=(0.180,0.312,0.060) world=(2.680,0.312,1.245)
jolt: mesh v53 local=(0.200,-0.346,0.000) world=(2.700,-0.346,1.185)
jolt: mesh v54 local=(0.200,0.346,0.000) world=(2.700,0.346,1.185)
jolt: mesh v55 local=(0.234,-0.135,0.660) world=(2.734,-0.135,1.845)
jolt: mesh v56 local=(0.234,0.135,0.660) world=(2.734,0.135,1.845)
jolt: mesh v57 local=(0.242,-0.420,0.760) world=(2.742,-0.420,1.945)
jolt: mesh v58 local=(0.242,0.420,0.760) world=(2.742,0.420,1.945)
jolt: mesh v59 local=(0.250,-0.433,0.720) world=(2.750,-0.433,1.905)
jolt: mesh v60 local=(0.250,0.433,0.720) world=(2.750,0.433,1.905)
jolt: mesh v61 local=(0.257,-0.083,0.660) world=(2.757,-0.083,1.845)
jolt: mesh v62 local=(0.257,0.083,0.660) world=(2.757,0.083,1.845)
jolt: mesh v63 local=(0.270,0.000,0.660) world=(2.770,0.000,1.845)
jolt: mesh v64 local=(0.285,-0.093,0.060) world=(2.785,-0.093,1.245)
jolt: mesh v65 local=(0.285,0.093,0.060) world=(2.785,0.093,1.245)
jolt: mesh v66 local=(0.312,-0.180,0.060) world=(2.812,-0.180,1.245)
jolt: mesh v67 local=(0.312,0.180,0.060) world=(2.812,0.180,1.245)
jolt: mesh v68 local=(0.346,-0.200,0.000) world=(2.846,-0.200,1.185)
jolt: mesh v69 local=(0.346,0.200,0.000) world=(2.846,0.200,1.185)
jolt: mesh v70 local=(0.360,0.000,0.060) world=(2.860,0.000,1.245)
jolt: mesh v71 local=(0.400,0.000,0.000) world=(2.900,0.000,1.185)
jolt: mesh v72 local=(0.420,-0.242,0.760) world=(2.920,-0.242,1.945)
jolt: mesh v73 local=(0.420,0.242,0.760) world=(2.920,0.242,1.945)
jolt: mesh v74 local=(0.433,-0.250,0.720) world=(2.933,-0.250,1.905)
jolt: mesh v75 local=(0.433,0.250,0.720) world=(2.933,0.250,1.905)
jolt: mesh v76 local=(0.485,0.000,0.760) world=(2.985,0.000,1.945)
jolt: mesh v77 local=(0.500,0.000,0.720) world=(3.000,0.000,1.905)
jolt: body MESH_STATIC verts=78 faces=168 id=16777221
LMalloc of 212 not 8-byte aligned, rounding up
LMalloc of 44 not 8-byte aligned, rounding up
LMalloc of 44 not 8-byte aligned, rounding up
LMalloc of 44 not 8-byte aligned, rounding up
LMalloc of 2556 not 8-byte aligned, rounding up
RenderActor3DAnimates constructed with no animations!
LMalloc of 212 not 8-byte aligned, rounding up
LMalloc of 44 not 8-byte aligned, rounding up
LMalloc of 44 not 8-byte aligned, rounding up
LMalloc of 44 not 8-byte aligned, rounding up
LMalloc of 3396 not 8-byte aligned, rounding up
RenderActor3DAnimates constructed with no animations!
LMalloc of 212 not 8-byte aligned, rounding up
LMalloc of 44 not 8-byte aligned, rounding up
LMalloc of 44 not 8-byte aligned, rounding up
LMalloc of 44 not 8-byte aligned, rounding up
LMalloc of 2556 not 8-byte aligned, rounding up
RenderActor3DAnimates constructed with no animations!
LMalloc of 212 not 8-byte aligned, rounding up
LMalloc of 44 not 8-byte aligned, rounding up
LMalloc of 44 not 8-byte aligned, rounding up
LMalloc of 44 not 8-byte aligned, rounding up
LMalloc of 2556 not 8-byte aligned, rounding up
RenderActor3DAnimates constructed with no animations!
LMalloc of 212 not 8-byte aligned, rounding up
LMalloc of 44 not 8-byte aligned, rounding up
LMalloc of 44 not 8-byte aligned, rounding up
LMalloc of 44 not 8-byte aligned, rounding up
LMalloc of 1716 not 8-byte aligned, rounding up
RenderActor3DAnimates constructed with no animations!
LMalloc of 212 not 8-byte aligned, rounding up
LMalloc of 44 not 8-byte aligned, rounding up
LMalloc of 44 not 8-byte aligned, rounding up
LMalloc of 44 not 8-byte aligned, rounding up
LMalloc of 2556 not 8-byte aligned, rounding up
RenderActor3DAnimates constructed with no animations!
LMalloc of 212 not 8-byte aligned, rounding up
LMalloc of 44 not 8-byte aligned, rounding up
LMalloc of 44 not 8-byte aligned, rounding up
LMalloc of 44 not 8-byte aligned, rounding up
LMalloc of 276 not 8-byte aligned, rounding up
RenderActor3DAnimates constructed with no animations!
LMalloc of 44 not 8-byte aligned, rounding up
LMalloc of 44 not 8-byte aligned, rounding up
MATL closed without all data read (bytesLeft = 528)
LMalloc of 44 not 8-byte aligned, rounding up
jolt: mesh actor_pos=(0.000,0.000,0.000)
jolt: mesh v0 local=(-6.296,-1.851,-9.000) world=(-6.296,-1.851,-9.000)
jolt: mesh v1 local=(-6.296,-1.851,-0.010) world=(-6.296,-1.851,-0.010)
jolt: mesh v2 local=(-6.296,1.851,-9.000) world=(-6.296,1.851,-9.000)
jolt: mesh v3 local=(-6.296,1.851,-0.010) world=(-6.296,1.851,-0.010)
jolt: mesh v4 local=(6.296,-1.851,-9.000) world=(6.296,-1.851,-9.000)
jolt: mesh v5 local=(6.296,-1.851,-0.010) world=(6.296,-1.851,-0.010)
jolt: mesh v6 local=(6.296,1.851,-9.000) world=(6.296,1.851,-9.000)
jolt: mesh v7 local=(6.296,1.851,-0.010) world=(6.296,1.851,-0.010)
jolt: body MESH_STATIC verts=8 faces=12 id=16777222
LMalloc of 212 not 8-byte aligned, rounding up
LMalloc of 44 not 8-byte aligned, rounding up
LMalloc of 44 not 8-byte aligned, rounding up
LMalloc of 44 not 8-byte aligned, rounding up
LMalloc of 76 not 8-byte aligned, rounding up
RenderActor3DAnimates constructed with no animations!
LMalloc of 44 not 8-byte aligned, rounding up
LMalloc of 44 not 8-byte aligned, rounding up
MATL closed without all data read (bytesLeft = 264)
LMalloc of 44 not 8-byte aligned, rounding up
jolt: mesh actor_pos=(0.000,0.000,0.000)
jolt: mesh v0 local=(-20.000,4.000,-9.000) world=(-20.000,4.000,-9.000)
jolt: mesh v1 local=(-20.000,4.000,16.000) world=(-20.000,4.000,16.000)
jolt: mesh v2 local=(20.000,4.000,-9.000) world=(20.000,4.000,-9.000)
jolt: mesh v3 local=(20.000,4.000,16.000) world=(20.000,4.000,16.000)
jolt: body MESH_STATIC verts=4 faces=2 id=16777223
zforth: INDEXOF_CAMSHOT = 1921 (expect 1921)
zforth: INDEXOF_CAMSHOT = 1921 (expect 1921)
jolt: OptimizeBroadPhase done (8 static bodies)
audio: MusicPlayer — soundfont not found: florestan-subset.sf2
audio: sfx[0] not found: wflevels/qbert_practice/sfx/qbert_hop.wav
audio: sfx[1] not found: wflevels/qbert_practice/sfx/qbert_land.wav
audio: sfx[2] not found: wflevels/qbert_practice/sfx/qbert_fall.wav
audio: sfx[3] not found: wflevels/qbert_practice/sfx/qbert_swear.wav
audio: sfx[4] not found: wflevels/qbert_practice/sfx/qbert_round_clear.wav
audio: sfx[5] not found: wflevels/qbert_practice/sfx/qbert_kill.wav
audio: sfx[6] not found: wflevels/qbert_practice/sfx/qbert_disc.wav
DMalloc of 36 not 8-byte aligned, rounding up
delta too large: 0.2928466797
timeofday:1790938447:681571
lasttimeofday: 1790938447:388710
deltatime:0:292861
delta: 0.2928466797
ball pos: (-1.600, 0.000, 2.400)
ball pos: (-1.600, 0.000, 2.400)
ball pos: (-1.600, 0.000, 2.400)
ball pos: (-1.600, 0.000, 2.400)
frame-window: start-ns=41605231026337 end-ns=41610239487423
frame-profile: update frames=142 mean=7.8637 p50=7.8653 p95=9.2956 max=10.7750 cpu-ms
frame-profile: actors frames=142 mean=2.8842 p50=2.9182 p95=3.5902 max=3.8797 cpu-ms
frame-profile: director frames=142 mean=4.9033 p50=4.8592 p95=5.9612 max=6.9128 cpu-ms
frame-profile: render frames=142 mean=7.3893 p50=7.2214 p95=8.8930 max=13.8871 cpu-ms
frame-profile: school frames=142 mean=1.9418 p50=1.9687 p95=2.4967 max=2.6233 cpu-ms
frame-profile: pose frames=142 mean=2.1914 p50=2.1555 p95=3.2218 max=3.3811 cpu-ms
frame-profile: animation frames=142 mean=0.0000 p50=0.0000 p95=0.0000 max=0.0000 cpu-ms
frame-profile: total frames=142 mean=15.2530 p50=15.1492 p95=17.8747 max=21.0067 cpu-ms
frame-count: level-objects frames=142 mean=82.000
frame-count: render-actors frames=142 mean=68.000
frame-count: draws frames=142 mean=67.000
frame-count: triangles frames=142 mean=3813.606
frame-count: actor-mailbox-writes frames=142 mean=154.479
frame-count: fish-deformations frames=142 mean=0.000
ball pos: (-1.600, 0.000, 2.400)
ball pos: (-1.600, 0.000, 2.400)
ball pos: (-1.600, 0.000, 2.400)
ball pos: (-1.600, 0.000, 2.400)
ball pos: (-1.600, 0.000, 2.400)
ball pos: (-1.600, 0.000, 2.400)
frame-window: start-ns=41610239487423 end-ns=41615241203717
frame-profile: update frames=174 mean=7.6690 p50=7.4353 p95=9.8078 max=12.3237 cpu-ms
frame-profile: actors frames=174 mean=2.8049 p50=2.5803 p95=3.6515 max=5.5604 cpu-ms
frame-profile: director frames=174 mean=4.7876 p50=4.6527 p95=6.0010 max=9.8086 cpu-ms
frame-profile: render frames=174 mean=6.9557 p50=6.6517 p95=8.7199 max=10.4861 cpu-ms
frame-profile: school frames=174 mean=1.8982 p50=1.7567 p95=2.5201 max=4.7545 cpu-ms
frame-profile: pose frames=174 mean=2.1226 p50=2.1580 p95=2.8580 max=3.7269 cpu-ms
frame-profile: animation frames=174 mean=0.0000 p50=0.0000 p95=0.0000 max=0.0000 cpu-ms
frame-profile: total frames=174 mean=14.6247 p50=14.3443 p95=17.6512 max=19.0708 cpu-ms
frame-count: level-objects frames=174 mean=82.000
frame-count: render-actors frames=174 mean=68.000
frame-count: draws frames=174 mean=67.000
frame-count: triangles frames=174 mean=3817.517
frame-count: actor-mailbox-writes frames=174 mean=154.333
frame-count: fish-deformations frames=174 mean=0.000
ball pos: (-1.600, 0.000, 2.400)
ball pos: (-1.600, 0.000, 2.400)
ball pos: (-1.600, 0.000, 2.400)
ball pos: (-1.600, 0.000, 2.400)
ball pos: (-1.600, 0.000, 2.400)
ball pos: (-1.600, 0.000, 2.400)
ball pos: (-1.600, 0.000, 2.400)
ball pos: (-1.600, 0.000, 2.400)
ball pos: (-1.600, 0.000, 2.400)
frame-window: start-ns=41615241203717 end-ns=41620248428511
frame-profile: update frames=282 mean=6.9816 p50=6.6920 p95=7.7220 max=12.6458 cpu-ms
frame-profile: actors frames=282 mean=2.5100 p50=2.4656 p95=2.6319 max=5.2066 cpu-ms
frame-profile: director frames=282 mean=4.4015 p50=4.1265 p95=4.7605 max=9.8085 cpu-ms
frame-profile: render frames=282 mean=6.4146 p50=6.1124 p95=8.5681 max=12.2691 cpu-ms
frame-profile: school frames=282 mean=1.7371 p50=1.6912 p95=1.7950 max=4.8648 cpu-ms
frame-profile: pose frames=282 mean=1.9703 p50=1.7299 p95=2.3581 max=4.6384 cpu-ms
frame-profile: animation frames=282 mean=0.0000 p50=0.0000 p95=0.0000 max=0.0000 cpu-ms
frame-profile: total frames=282 mean=13.3963 p50=12.9009 p95=17.3160 max=23.9313 cpu-ms
frame-count: level-objects frames=282 mean=82.000
frame-count: render-actors frames=282 mean=68.000
frame-count: draws frames=282 mean=67.000
frame-count: triangles frames=282 mean=3815.316
frame-count: actor-mailbox-writes frames=282 mean=154.333
frame-count: fish-deformations frames=282 mean=0.000
ball pos: (-1.600, 0.000, 2.400)
ball pos: (-1.600, 0.000, 2.400)
ball pos: (-1.600, 0.000, 2.400)
ball pos: (-1.600, 0.000, 2.400)
ball pos: (-1.600, 0.000, 2.400)
ball pos: (-1.600, 0.000, 2.400)
ball pos: (-1.600, 0.000, 2.400)
ball pos: (-1.600, 0.000, 2.400)
ball pos: (-1.600, 0.000, 2.400)
ball pos: (-1.600, 0.000, 2.400)
frame-window: start-ns=41620248428511 end-ns=41625253190055
frame-profile: update frames=284 mean=7.0032 p50=6.6963 p95=7.5272 max=13.0390 cpu-ms
frame-profile: actors frames=284 mean=2.5197 p50=2.4808 p95=2.6502 max=4.4389 cpu-ms
frame-profile: director frames=284 mean=4.4117 p50=4.1229 p95=4.7935 max=10.2742 cpu-ms
frame-profile: render frames=284 mean=6.2862 p50=6.1332 p95=6.5348 max=11.4660 cpu-ms
frame-profile: school frames=284 mean=1.7454 p50=1.6904 p95=1.8158 max=4.7160 cpu-ms
frame-profile: pose frames=284 mean=1.9587 p50=1.7290 p95=2.3595 max=4.6165 cpu-ms
frame-profile: animation frames=284 mean=0.0000 p50=0.0000 p95=0.0000 max=0.0000 cpu-ms
frame-profile: total frames=284 mean=13.2894 p50=12.9052 p95=16.9554 max=19.4158 cpu-ms
frame-count: level-objects frames=284 mean=82.000
frame-count: render-actors frames=284 mean=68.000
frame-count: draws frames=284 mean=67.000
frame-count: triangles frames=284 mean=3817.299
frame-count: actor-mailbox-writes frames=284 mean=154.261
frame-count: fish-deformations frames=284 mean=0.000
ball pos: (-1.600, 0.000, 2.400)
ball pos: (-1.600, 0.000, 2.400)
ball pos: (-1.600, 0.000, 2.400)
ball pos: (-1.600, 0.000, 2.400)
ball pos: (-1.600, 0.000, 2.400)
ball pos: (-1.600, 0.000, 2.400)
ball pos: (-1.600, 0.000, 2.400)
ball pos: (-1.600, 0.000, 2.400)
ball pos: (-1.600, 0.000, 2.400)
ball pos: (-1.600, 0.000, 2.400)
frame-window: start-ns=41625253190055 end-ns=41630261291474
frame-profile: update frames=287 mean=6.9836 p50=6.7070 p95=7.4245 max=12.8428 cpu-ms
frame-profile: actors frames=287 mean=2.5481 p50=2.4782 p95=2.6714 max=6.5535 cpu-ms
frame-profile: director frames=287 mean=4.3641 p50=4.1289 p95=4.8240 max=8.6346 cpu-ms
frame-profile: render frames=287 mean=6.2746 p50=6.1178 p95=6.8255 max=11.1143 cpu-ms
frame-profile: school frames=287 mean=1.7220 p50=1.6874 p95=1.7971 max=4.6707 cpu-ms
frame-profile: pose frames=287 mean=1.9445 p50=1.7347 p95=2.3569 max=4.0958 cpu-ms
frame-profile: animation frames=287 mean=0.0000 p50=0.0000 p95=0.0000 max=0.0000 cpu-ms
frame-profile: total frames=287 mean=13.2582 p50=12.9209 p95=15.5427 max=19.0027 cpu-ms
frame-count: level-objects frames=287 mean=82.000
frame-count: render-actors frames=287 mean=68.000
frame-count: draws frames=287 mean=67.000
frame-count: triangles frames=287 mean=3813.084
frame-count: actor-mailbox-writes frames=287 mean=154.369
frame-count: fish-deformations frames=287 mean=0.000
ball pos: (-1.600, 0.000, 2.400)
ball pos: (-1.600, 0.000, 2.400)
ball pos: (-1.600, 0.000, 2.400)
ball pos: (-1.600, 0.000, 2.400)
ball pos: (-1.600, 0.000, 2.400)
ball pos: (-1.600, 0.000, 2.400)
ball pos: (-1.600, 0.000, 2.400)
ball pos: (-1.600, 0.000, 2.400)
ball pos: (-1.600, 0.000, 2.400)
frame-window: start-ns=41630261291474 end-ns=41635270694810
frame-profile: update frames=284 mean=6.9943 p50=6.6992 p95=7.3761 max=13.1964 cpu-ms
frame-profile: actors frames=284 mean=2.5429 p50=2.4800 p95=2.6799 max=8.4424 cpu-ms
frame-profile: director frames=284 mean=4.3808 p50=4.1244 p95=4.7795 max=10.1124 cpu-ms
frame-profile: render frames=284 mean=6.3570 p50=6.1219 p95=7.2930 max=13.0900 cpu-ms
frame-profile: school frames=284 mean=1.7236 p50=1.6905 p95=1.7765 max=4.6285 cpu-ms
frame-profile: pose frames=284 mean=1.9620 p50=1.7328 p95=2.3356 max=5.7923 cpu-ms
frame-profile: animation frames=284 mean=0.0000 p50=0.0000 p95=0.0000 max=0.0000 cpu-ms
frame-profile: total frames=284 mean=13.3513 p50=13.0579 p95=16.5833 max=19.6883 cpu-ms
frame-count: level-objects frames=284 mean=82.000
frame-count: render-actors frames=284 mean=68.000
frame-count: draws frames=284 mean=67.000
frame-count: triangles frames=284 mean=3817.306
frame-count: actor-mailbox-writes frames=284 mean=154.370
frame-count: fish-deformations frames=284 mean=0.000
ball pos: (-1.600, 0.000, 2.400)
ball pos: (-1.600, 0.000, 2.400)
ball pos: (-1.600, 0.000, 2.400)
ball pos: (-1.600, 0.000, 2.400)
ball pos: (-1.600, 0.000, 2.400)
ball pos: (-1.600, 0.000, 2.400)
ball pos: (-1.600, 0.000, 2.400)
ball pos: (-1.600, 0.000, 2.400)
ball pos: (-1.600, 0.000, 2.400)
ball pos: (-1.600, 0.000, 2.400)
frame-window: start-ns=41635270694810 end-ns=41640284932187
frame-profile: update frames=290 mean=6.9663 p50=6.6929 p95=7.3218 max=12.3946 cpu-ms
frame-profile: actors frames=290 mean=2.5350 p50=2.4692 p95=2.6100 max=6.6906 cpu-ms
frame-profile: director frames=290 mean=4.3600 p50=4.1330 p95=4.7485 max=9.3514 cpu-ms
frame-profile: render frames=290 mean=6.2572 p50=6.1111 p95=6.5787 max=11.5372 cpu-ms
frame-profile: school frames=290 mean=1.7319 p50=1.6960 p95=1.7889 max=5.0217 cpu-ms
frame-profile: pose frames=290 mean=1.9297 p50=1.7290 p95=2.3392 max=4.1202 cpu-ms
frame-profile: animation frames=290 mean=0.0000 p50=0.0000 p95=0.0000 max=0.0000 cpu-ms
frame-profile: total frames=290 mean=13.2235 p50=12.8822 p95=16.2036 max=18.5290 cpu-ms
frame-count: level-objects frames=290 mean=82.000
frame-count: render-actors frames=290 mean=68.000
frame-count: draws frames=290 mean=67.000
frame-count: triangles frames=290 mean=3808.331
frame-count: actor-mailbox-writes frames=290 mean=154.262
frame-count: fish-deformations frames=290 mean=0.000
ball pos: (-1.600, 0.000, 2.400)
ball pos: (-1.600, 0.000, 2.400)
ball pos: (-1.600, 0.000, 2.400)
ball pos: (-1.600, 0.000, 2.400)
ball pos: (-1.600, 0.000, 2.400)
ball pos: (-1.600, 0.000, 2.400)
ball pos: (-1.600, 0.000, 2.400)
ball pos: (-1.600, 0.000, 2.400)
ball pos: (-1.600, 0.000, 2.400)
frame-window: start-ns=41640284932187 end-ns=41645296304815
frame-profile: update frames=283 mean=7.0609 p50=6.7454 p95=8.3960 max=13.3583 cpu-ms
frame-profile: actors frames=283 mean=2.5480 p50=2.4720 p95=2.6591 max=6.5306 cpu-ms
frame-profile: director frames=283 mean=4.4416 p50=4.1359 p95=4.8279 max=10.2600 cpu-ms
frame-profile: render frames=283 mean=6.3336 p50=6.1146 p95=7.0935 max=11.5507 cpu-ms
frame-profile: school frames=283 mean=1.7657 p50=1.7011 p95=1.8285 max=4.9570 cpu-ms
frame-profile: pose frames=283 mean=1.9735 p50=1.7415 p95=2.3549 max=5.1439 cpu-ms
frame-profile: animation frames=283 mean=0.0000 p50=0.0000 p95=0.0000 max=0.0000 cpu-ms
frame-profile: total frames=283 mean=13.3944 p50=13.0022 p95=17.2901 max=20.8433 cpu-ms
frame-count: level-objects frames=283 mean=82.000
frame-count: render-actors frames=283 mean=68.000
frame-count: draws frames=283 mean=67.000
frame-count: triangles frames=283 mean=3819.357
frame-count: actor-mailbox-writes frames=283 mean=154.406
frame-count: fish-deformations frames=283 mean=0.000
ball pos: (-1.600, 0.000, 2.400)
ball pos: (-1.600, 0.000, 2.400)
ball pos: (-1.600, 0.000, 2.400)
ball pos: (-1.600, 0.000, 2.400)
ball pos: (-1.600, 0.000, 2.400)
ball pos: (-1.600, 0.000, 2.400)
ball pos: (-1.600, 0.000, 2.400)
ball pos: (-1.600, 0.000, 2.400)
ball pos: (-1.600, 0.000, 2.400)
frame-window: start-ns=41645296304815 end-ns=41650311736650
frame-profile: update frames=280 mean=7.0382 p50=6.7144 p95=7.9321 max=13.3840 cpu-ms
frame-profile: actors frames=280 mean=2.5368 p50=2.4755 p95=2.6838 max=6.6983 cpu-ms
frame-profile: director frames=280 mean=4.4294 p50=4.1307 p95=4.9617 max=10.7821 cpu-ms
frame-profile: render frames=280 mean=6.3013 p50=6.1179 p95=6.8554 max=12.7044 cpu-ms
frame-profile: school frames=280 mean=1.7641 p50=1.6922 p95=1.8062 max=4.8279 cpu-ms
frame-profile: pose frames=280 mean=1.9632 p50=1.7278 p95=2.3466 max=5.2487 cpu-ms
frame-profile: animation frames=280 mean=0.0000 p50=0.0000 p95=0.0000 max=0.0000 cpu-ms
frame-profile: total frames=280 mean=13.3395 p50=12.9622 p95=16.7817 max=19.9871 cpu-ms
frame-count: level-objects frames=280 mean=82.000
frame-count: render-actors frames=280 mean=68.000
frame-count: draws frames=280 mean=67.000
frame-count: triangles frames=280 mean=3810.064
frame-count: actor-mailbox-writes frames=280 mean=154.296
frame-count: fish-deformations frames=280 mean=0.000
ball pos: (-1.600, 0.000, 2.400)
ball pos: (-1.600, 0.000, 2.400)
ball pos: (-1.600, 0.000, 2.400)
ball pos: (-1.600, 0.000, 2.400)
ball pos: (-1.600, 0.000, 2.400)
ball pos: (-1.600, 0.000, 2.400)
ball pos: (-1.600, 0.000, 2.400)
ball pos: (-1.600, 0.000, 2.400)
ball pos: (-1.600, 0.000, 2.400)
ball pos: (-1.600, 0.000, 2.400)
frame-window: start-ns=41650311736650 end-ns=41655317414236
frame-profile: update frames=279 mean=7.0188 p50=6.7231 p95=8.2664 max=11.8393 cpu-ms
frame-profile: actors frames=279 mean=2.5213 p50=2.4880 p95=2.6608 max=4.2989 cpu-ms
frame-profile: director frames=279 mean=4.4272 p50=4.1443 p95=5.6105 max=8.9942 cpu-ms
frame-profile: render frames=279 mean=6.3304 p50=6.1403 p95=7.3161 max=12.5987 cpu-ms
frame-profile: school frames=279 mean=1.7492 p50=1.6990 p95=1.9711 max=4.4511 cpu-ms
frame-profile: pose frames=279 mean=1.9861 p50=1.7425 p95=2.5857 max=4.7430 cpu-ms
frame-profile: animation frames=279 mean=0.0000 p50=0.0000 p95=0.0000 max=0.0000 cpu-ms
frame-profile: total frames=279 mean=13.3492 p50=12.9827 p95=16.7603 max=19.1559 cpu-ms
frame-count: level-objects frames=279 mean=82.000
frame-count: render-actors frames=279 mean=68.000
frame-count: draws frames=279 mean=67.000
frame-count: triangles frames=279 mean=3815.878
frame-count: actor-mailbox-writes frames=279 mean=154.333
frame-count: fish-deformations frames=279 mean=0.000
ball pos: (-1.600, 0.000, 2.400)
ball pos: (-1.600, 0.000, 2.400)
ball pos: (-1.600, 0.000, 2.400)
ball pos: (-1.600, 0.000, 2.400)
ball pos: (-1.600, 0.000, 2.400)
ball pos: (-0.919, 0.000, 2.400)
ball pos: (0.220, 0.000, 2.400)
ball pos: (2.465, 0.000, 2.400)
frame-window: start-ns=41655317414236 end-ns=41660342524947
frame-profile: update frames=252 mean=7.0396 p50=6.8613 p95=7.9180 max=11.9423 cpu-ms
frame-profile: actors frames=252 mean=2.5734 p50=2.5310 p95=2.8791 max=4.3612 cpu-ms
frame-profile: director frames=252 mean=4.3932 p50=4.1903 p95=4.9242 max=9.4080 cpu-ms
frame-profile: render frames=252 mean=6.4188 p50=6.1821 p95=7.4560 max=12.0353 cpu-ms
frame-profile: school frames=252 mean=1.7260 p50=1.6935 p95=1.9617 max=4.5672 cpu-ms
frame-profile: pose frames=252 mean=1.9645 p50=1.7509 p95=2.3635 max=4.1411 cpu-ms
frame-profile: animation frames=252 mean=0.0000 p50=0.0000 p95=0.0000 max=0.0000 cpu-ms
frame-profile: total frames=252 mean=13.4584 p50=13.1750 p95=15.7421 max=19.1402 cpu-ms
frame-count: level-objects frames=252 mean=82.000
frame-count: render-actors frames=252 mean=68.000
frame-count: draws frames=252 mean=67.000
frame-count: triangles frames=252 mean=3817.250
frame-count: actor-mailbox-writes frames=252 mean=154.333
frame-count: fish-deformations frames=252 mean=0.000
ball pos: (5.140, 0.000, 2.400)
ball pos: (5.520, 0.000, 2.400)
ball pos: (5.541, 0.000, 2.400)
ball pos: (5.544, 0.000, 2.400)
ball pos: (5.544, 0.000, 2.400)
ball pos: (5.544, 0.000, 2.400)
ball pos: (5.544, 0.000, 2.400)
ball pos: (5.544, 0.000, 2.400)
ball pos: (5.544, 0.000, 2.400)
frame-window: start-ns=41660342524947 end-ns=41665350051741
frame-profile: update frames=260 mean=7.1288 p50=6.8600 p95=8.3389 max=13.0367 cpu-ms
frame-profile: actors frames=260 mean=2.6080 p50=2.5303 p95=2.9731 max=6.6012 cpu-ms
frame-profile: director frames=260 mean=4.4481 p50=4.1982 p95=5.1840 max=8.9307 cpu-ms
frame-profile: render frames=260 mean=6.5019 p50=6.2344 p95=8.1282 max=11.3013 cpu-ms
frame-profile: school frames=260 mean=1.7714 p50=1.7110 p95=2.0835 max=4.6733 cpu-ms
frame-profile: pose frames=260 mean=1.9711 p50=1.7555 p95=2.3482 max=3.8491 cpu-ms
frame-profile: animation frames=260 mean=0.0000 p50=0.0000 p95=0.0000 max=0.0000 cpu-ms
frame-profile: total frames=260 mean=13.6307 p50=13.3001 p95=16.5847 max=19.4788 cpu-ms
frame-count: level-objects frames=260 mean=82.000
frame-count: render-actors frames=260 mean=68.000
frame-count: draws frames=260 mean=67.000
frame-count: triangles frames=260 mean=3822.054
frame-count: actor-mailbox-writes frames=260 mean=154.373
frame-count: fish-deformations frames=260 mean=0.000
ball pos: (5.544, 0.000, 2.400)
ball pos: (5.544, 0.000, 2.400)
ball pos: (5.544, 0.000, 2.400)
ball pos: (5.544, 0.000, 2.400)
ball pos: (5.544, 0.000, 2.400)
ball pos: (5.544, 0.000, 2.400)
ball pos: (5.544, 0.000, 2.400)
ball pos: (5.544, 0.000, 2.400)
ball pos: (5.544, 0.000, 2.400)
frame-window: start-ns=41665350051741 end-ns=41670365654993
frame-profile: update frames=276 mean=7.0712 p50=6.7795 p95=8.4695 max=12.6535 cpu-ms
frame-profile: actors frames=276 mean=2.5764 p50=2.5200 p95=2.7654 max=4.4617 cpu-ms
frame-profile: director frames=276 mean=4.4218 p50=4.1400 p95=5.4335 max=10.1525 cpu-ms
frame-profile: render frames=276 mean=6.4883 p50=6.2196 p95=8.0663 max=12.2213 cpu-ms
frame-profile: school frames=276 mean=1.7576 p50=1.6933 p95=1.9563 max=4.8059 cpu-ms
frame-profile: pose frames=276 mean=1.9614 p50=1.7259 p95=2.3343 max=4.2335 cpu-ms
frame-profile: animation frames=276 mean=0.0000 p50=0.0000 p95=0.0000 max=0.0000 cpu-ms
frame-profile: total frames=276 mean=13.5596 p50=13.1959 p95=16.9652 max=18.9612 cpu-ms
frame-count: level-objects frames=276 mean=82.000
frame-count: render-actors frames=276 mean=68.000
frame-count: draws frames=276 mean=67.000
frame-count: triangles frames=276 mean=3823.728
frame-count: actor-mailbox-writes frames=276 mean=154.333
frame-count: fish-deformations frames=276 mean=0.000
ball pos: (5.544, 0.000, 2.400)
ball pos: (5.544, 0.000, 2.400)
ball pos: (5.544, 0.000, 2.400)
ball pos: (5.544, 0.000, 2.400)
ball pos: (5.544, 0.000, 2.400)
ball pos: (5.544, 0.000, 2.400)
ball pos: (5.544, 0.000, 2.400)
ball pos: (5.544, 0.000, 2.400)
ball pos: (5.544, 0.000, 2.400)
frame-window: start-ns=41670365654993 end-ns=41675376281704
frame-profile: update frames=277 mean=7.0821 p50=6.7767 p95=7.9002 max=13.6300 cpu-ms
frame-profile: actors frames=277 mean=2.5805 p50=2.5194 p95=2.8050 max=6.5501 cpu-ms
frame-profile: director frames=277 mean=4.4292 p50=4.1415 p95=5.0960 max=10.0343 cpu-ms
frame-profile: render frames=277 mean=6.3570 p50=6.1722 p95=6.9691 max=12.1183 cpu-ms
frame-profile: school frames=277 mean=1.7569 p50=1.6981 p95=1.8414 max=4.6366 cpu-ms
frame-profile: pose frames=277 mean=1.9631 p50=1.7298 p95=2.3467 max=6.2256 cpu-ms
frame-profile: animation frames=277 mean=0.0000 p50=0.0000 p95=0.0000 max=0.0000 cpu-ms
frame-profile: total frames=277 mean=13.4391 p50=13.1160 p95=16.5282 max=20.0219 cpu-ms
frame-count: level-objects frames=277 mean=82.000
frame-count: render-actors frames=277 mean=68.000
frame-count: draws frames=277 mean=67.000
frame-count: triangles frames=277 mean=3821.523
frame-count: actor-mailbox-writes frames=277 mean=154.296
frame-count: fish-deformations frames=277 mean=0.000
ball pos: (5.544, 0.000, 2.400)
ball pos: (5.544, 0.000, 2.400)
ball pos: (5.544, 0.000, 2.400)
ball pos: (5.544, 0.000, 2.400)
ball pos: (5.544, 0.000, 2.400)
ball pos: (5.544, 0.000, 2.400)
ball pos: (5.544, 0.000, 2.400)
ball pos: (5.544, 0.000, 2.400)
ball pos: (5.544, 0.000, 2.400)
ball pos: (5.544, 0.000, 2.400)
frame-window: start-ns=41675376281704 end-ns=41680383143998
frame-profile: update frames=279 mean=7.0736 p50=6.7678 p95=8.0481 max=13.5668 cpu-ms
frame-profile: actors frames=279 mean=2.5661 p50=2.5047 p95=2.6962 max=6.6906 cpu-ms
frame-profile: director frames=279 mean=4.4361 p50=4.1463 p95=5.4097 max=10.7777 cpu-ms
frame-profile: render frames=279 mean=6.3891 p50=6.1675 p95=8.1588 max=11.2886 cpu-ms
frame-profile: school frames=279 mean=1.7559 p50=1.7005 p95=1.8421 max=5.7397 cpu-ms
frame-profile: pose frames=279 mean=1.9818 p50=1.7337 p95=2.3824 max=4.6144 cpu-ms
frame-profile: animation frames=279 mean=0.0000 p50=0.0000 p95=0.0000 max=0.0000 cpu-ms
frame-profile: total frames=279 mean=13.4627 p50=13.0677 p95=17.2516 max=20.0150 cpu-ms
frame-count: level-objects frames=279 mean=82.000
frame-count: render-actors frames=279 mean=68.000
frame-count: draws frames=279 mean=67.000
frame-count: triangles frames=279 mean=3820.624
frame-count: actor-mailbox-writes frames=279 mean=154.333
frame-count: fish-deformations frames=279 mean=0.000
ball pos: (5.544, 0.000, 2.400)
ball pos: (5.544, 0.000, 2.400)
ball pos: (5.544, 0.000, 2.400)
ball pos: (5.544, 0.000, 2.400)
ball pos: (5.544, 0.000, 2.400)
ball pos: (5.544, 0.000, 2.400)
ball pos: (5.544, 0.000, 2.400)
ball pos: (5.544, 0.000, 2.400)
ball pos: (5.499, -0.012, 2.400)
frame-window: start-ns=41680383143998 end-ns=41685396792625
frame-profile: update frames=278 mean=7.0467 p50=6.7768 p95=7.8838 max=14.0267 cpu-ms
frame-profile: actors frames=278 mean=2.6242 p50=2.5233 p95=2.8306 max=8.7254 cpu-ms
frame-profile: director frames=278 mean=4.3497 p50=4.1299 p95=4.8436 max=8.7773 cpu-ms
frame-profile: render frames=278 mean=6.3684 p50=6.2075 p95=6.9726 max=10.1667 cpu-ms
frame-profile: school frames=278 mean=1.7097 p50=1.6837 p95=1.7965 max=4.7996 cpu-ms
frame-profile: pose frames=278 mean=1.9437 p50=1.7339 p95=2.3477 max=4.1193 cpu-ms
frame-profile: animation frames=278 mean=0.0000 p50=0.0000 p95=0.0000 max=0.0000 cpu-ms
frame-profile: total frames=278 mean=13.4151 p50=13.1613 p95=15.8345 max=20.1327 cpu-ms
frame-count: level-objects frames=278 mean=82.000
frame-count: render-actors frames=278 mean=68.000
frame-count: draws frames=278 mean=67.000
frame-count: triangles frames=278 mean=3831.597
frame-count: actor-mailbox-writes frames=278 mean=154.371
frame-count: fish-deformations frames=278 mean=0.000
ball pos: (5.041, -0.353, 2.400)
ball pos: (3.321, -0.451, 2.400)
ball pos: (0.511, -0.455, 2.400)
ball pos: (-1.589, -0.455, 2.400)
ball pos: (-3.040, -0.455, 2.400)
ball pos: (-4.525, -0.455, 2.400)
ball pos: (-5.396, -0.455, 2.400)
frame-window: start-ns=41685396792625 end-ns=41690402356628
frame-profile: update frames=231 mean=7.2431 p50=6.9093 p95=8.9598 max=12.8093 cpu-ms
frame-profile: actors frames=231 mean=2.6544 p50=2.5758 p95=3.1754 max=3.9031 cpu-ms
frame-profile: director frames=231 mean=4.5159 p50=4.2088 p95=5.8357 max=10.2140 cpu-ms
frame-profile: render frames=231 mean=6.5611 p50=6.2490 p95=8.3004 max=9.9708 cpu-ms
frame-profile: school frames=231 mean=1.7458 p50=1.6692 p95=2.1886 max=4.2875 cpu-ms
frame-profile: pose frames=231 mean=2.0378 p50=1.7782 p95=2.8884 max=4.6382 cpu-ms
frame-profile: animation frames=231 mean=0.0000 p50=0.0000 p95=0.0000 max=0.0000 cpu-ms
frame-profile: total frames=231 mean=13.8042 p50=13.2838 p95=17.0730 max=18.9867 cpu-ms
frame-count: level-objects frames=231 mean=82.000
frame-count: render-actors frames=231 mean=68.000
frame-count: draws frames=231 mean=67.000
frame-count: triangles frames=231 mean=3824.991
frame-count: actor-mailbox-writes frames=231 mean=154.333
frame-count: fish-deformations frames=231 mean=0.000
ball pos: (-5.528, -0.455, 2.400)
ball pos: (-5.542, -0.455, 2.400)
ball pos: (-5.544, -0.455, 2.400)
ball pos: (-5.544, -0.455, 2.400)
ball pos: (-5.544, -0.455, 2.400)
ball pos: (-5.544, -0.455, 2.400)
ball pos: (-5.544, -0.455, 2.400)
ball pos: (-5.544, -0.455, 2.400)
ball pos: (-5.544, -0.455, 2.400)
ball pos: (-5.544, -0.455, 2.400)
frame-window: start-ns=41690402356628 end-ns=41695406614963
frame-profile: update frames=283 mean=7.0434 p50=6.7840 p95=7.7004 max=13.2338 cpu-ms
frame-profile: actors frames=283 mean=2.5725 p50=2.5189 p95=2.7100 max=5.3325 cpu-ms
frame-profile: director frames=283 mean=4.3990 p50=4.1486 p95=4.9309 max=8.3102 cpu-ms
frame-profile: render frames=283 mean=6.4013 p50=6.1540 p95=7.2411 max=11.6008 cpu-ms
frame-profile: school frames=283 mean=1.7456 p50=1.7075 p95=1.8167 max=4.2699 cpu-ms
frame-profile: pose frames=283 mean=1.9551 p50=1.7429 p95=2.3606 max=4.0771 cpu-ms
frame-profile: animation frames=283 mean=0.0000 p50=0.0000 p95=0.0000 max=0.0000 cpu-ms
frame-profile: total frames=283 mean=13.4447 p50=13.1862 p95=16.0542 max=19.5128 cpu-ms
frame-count: level-objects frames=283 mean=82.000
frame-count: render-actors frames=283 mean=68.000
frame-count: draws frames=283 mean=67.000
frame-count: triangles frames=283 mean=3828.350
frame-count: actor-mailbox-writes frames=283 mean=154.297
frame-count: fish-deformations frames=283 mean=0.000
ball pos: (-5.544, -0.455, 2.400)
ball pos: (-5.544, -0.455, 2.400)
ball pos: (-5.544, -0.455, 2.400)
ball pos: (-5.544, -0.455, 2.400)
ball pos: (-5.544, -0.455, 2.400)
ball pos: (-5.544, -0.455, 2.400)
ball pos: (-5.507, -0.332, 2.400)
ball pos: (-4.586, -0.051, 2.400)
ball pos: (-3.225, -0.017, 2.400)
frame-window: start-ns=41695406614963 end-ns=41700429287007
frame-profile: update frames=278 mean=7.0297 p50=6.8573 p95=7.5137 max=12.5688 cpu-ms
frame-profile: actors frames=278 mean=2.5857 p50=2.5497 p95=2.7825 max=4.3394 cpu-ms
frame-profile: director frames=278 mean=4.3706 p50=4.1636 p95=4.7845 max=9.6453 cpu-ms
frame-profile: render frames=278 mean=6.3983 p50=6.2429 p95=7.1523 max=10.3955 cpu-ms
frame-profile: school frames=278 mean=1.7365 p50=1.7044 p95=1.7992 max=4.6916 cpu-ms
frame-profile: pose frames=278 mean=1.9290 p50=1.7357 p95=2.3240 max=3.0916 cpu-ms
frame-profile: animation frames=278 mean=0.0000 p50=0.0000 p95=0.0000 max=0.0000 cpu-ms
frame-profile: total frames=278 mean=13.4280 p50=13.2518 p95=14.7210 max=20.4608 cpu-ms
frame-count: level-objects frames=278 mean=82.000
frame-count: render-actors frames=278 mean=68.000
frame-count: draws frames=278 mean=67.000
frame-count: triangles frames=278 mean=3811.644
frame-count: actor-mailbox-writes frames=278 mean=154.371
frame-count: fish-deformations frames=278 mean=0.000
ball pos: (-1.797, -0.015, 2.400)
ball pos: (-0.297, -0.015, 2.400)
ball pos: (1.592, -0.015, 2.400)
ball pos: (4.346, -0.015, 2.400)
ball pos: (5.492, -0.015, 2.400)
ball pos: (5.539, -0.015, 2.400)
ball pos: (5.543, -0.015, 2.400)
ball pos: (5.544, -0.015, 2.400)
frame-window: start-ns=41700429287007 end-ns=41705443072677
frame-profile: update frames=224 mean=7.3370 p50=7.1018 p95=9.6574 max=13.7957 cpu-ms
frame-profile: actors frames=224 mean=2.6674 p50=2.5623 p95=3.2086 max=4.8277 cpu-ms
frame-profile: director frames=224 mean=4.5944 p50=4.4212 p95=6.0264 max=11.0808 cpu-ms
frame-profile: render frames=224 mean=6.7284 p50=6.3768 p95=8.2381 max=13.1190 cpu-ms
frame-profile: school frames=224 mean=1.8233 p50=1.7261 p95=2.3390 max=4.7112 cpu-ms
frame-profile: pose frames=224 mean=2.0293 p50=1.7878 p95=2.6963 max=4.8741 cpu-ms
frame-profile: animation frames=224 mean=0.0000 p50=0.0000 p95=0.0000 max=0.0000 cpu-ms
frame-profile: total frames=224 mean=14.0654 p50=13.5335 p95=17.1637 max=20.2652 cpu-ms
frame-count: level-objects frames=224 mean=82.000
frame-count: render-actors frames=224 mean=68.000
frame-count: draws frames=224 mean=67.000
frame-count: triangles frames=224 mean=3825.241
frame-count: actor-mailbox-writes frames=224 mean=154.241
frame-count: fish-deformations frames=224 mean=0.000
ball pos: (5.544, -0.015, 2.400)
ball pos: (5.544, -0.015, 2.400)
ball pos: (5.544, -0.015, 2.400)
ball pos: (5.544, -0.015, 2.400)
ball pos: (5.544, -0.015, 2.400)
ball pos: (5.544, -0.015, 2.400)
ball pos: (5.544, -0.015, 2.400)
ball pos: (5.544, -0.015, 2.400)
ball pos: (5.544, -0.015, 2.400)
frame-window: start-ns=41705443072677 end-ns=41710455145846
frame-profile: update frames=283 mean=6.9138 p50=6.7228 p95=7.3743 max=11.4175 cpu-ms
frame-profile: actors frames=283 mean=2.5266 p50=2.4969 p95=2.6908 max=3.1599 cpu-ms
frame-profile: director frames=283 mean=4.3161 p50=4.0998 p95=4.7443 max=8.8538 cpu-ms
frame-profile: render frames=283 mean=6.3520 p50=6.1316 p95=7.3219 max=11.0937 cpu-ms
frame-profile: school frames=283 mean=1.6802 p50=1.6618 p95=1.7631 max=3.2343 cpu-ms
frame-profile: pose frames=283 mean=1.9534 p50=1.7305 p95=2.3387 max=4.8298 cpu-ms
frame-profile: animation frames=283 mean=0.0000 p50=0.0000 p95=0.0000 max=0.0000 cpu-ms
frame-profile: total frames=283 mean=13.2658 p50=13.0218 p95=14.6174 max=18.5890 cpu-ms
frame-count: level-objects frames=283 mean=82.000
frame-count: render-actors frames=283 mean=68.000
frame-count: draws frames=283 mean=67.000
frame-count: triangles frames=283 mean=3826.848
frame-count: actor-mailbox-writes frames=283 mean=154.406
frame-count: fish-deformations frames=283 mean=0.000
ball pos: (5.544, -0.015, 2.400)
ball pos: (5.544, -0.015, 2.400)
ball pos: (5.544, -0.015, 2.400)
ball pos: (5.544, -0.015, 2.400)
ball pos: (5.544, -0.015, 2.400)
