# 3ds Max Wavefront OBJ Exporter v0.97b - (c)2007 guruware
# File Created: 22.07.2013 20:08:37

mtllib Full_Table.mtl

#
# object Low_Poly_Main_Body
#

v  -8.3966 30.0346 21.3831
v  -8.3966 28.9401 21.3831
v  -7.0750 28.9401 21.6721
v  -7.0750 30.0346 21.6721
v  9.2502 28.9401 21.7256
v  9.5796 28.9401 20.2629
v  9.5796 30.0346 20.2629
v  9.2502 30.0346 21.7256
v  -9.4489 28.9401 -0.0000
v  -9.0992 28.9401 9.6191
v  -9.0992 30.0346 9.6191
v  -9.4489 30.0346 -0.0000
v  -8.0228 28.5852 20.8721
v  -7.0750 28.5852 20.8721
v  -7.0750 28.9401 20.8721
v  -8.0228 28.9401 20.8721
v  8.0228 28.5852 20.8721
v  8.0228 28.5852 20.2629
v  8.0228 28.9401 20.2629
v  8.0228 28.9401 20.8721
v  -8.0228 28.5852 -0.0000
v  -8.0228 28.5852 9.6191
v  -8.0228 28.9401 9.6191
v  -8.0228 28.9401 -0.0000
v  -8.0228 28.1080 20.8721
v  -7.0750 28.1080 20.8721
v  8.0228 28.1080 20.8721
v  8.0228 28.1080 20.2629
v  -8.0228 22.5998 20.8721
v  -7.0750 22.5998 20.8721
v  -7.0750 24.7856 20.8721
v  -8.0228 24.7856 20.8721
v  8.0228 22.6000 20.8721
v  8.0228 22.6000 20.2629
v  8.0228 24.7856 20.2629
v  8.0228 24.7856 20.8721
v  -8.0228 22.5998 -0.0000
v  -8.0228 22.5998 9.6191
v  -8.0228 24.7856 9.6191
v  -8.0228 24.7856 -0.0000
v  7.4586 24.2757 10.8594
v  8.0228 24.2757 10.8594
v  8.0228 24.2757 18.2572
v  7.4586 24.2757 18.2572
v  7.4586 24.2757 -0.0000
v  8.0228 24.2757 -0.0000
v  8.0228 24.2757 9.6191
v  7.4586 24.2757 9.6191
v  7.4586 28.9401 21.6721
v  7.4586 30.0346 21.6721
v  7.4586 28.9401 20.8721
v  7.4586 28.5852 20.8721
v  7.4586 24.7856 20.8721
v  8.0228 25.2341 20.8721
v  7.4586 25.2341 20.8721
v  7.4586 22.6000 20.8721
v  7.4586 29.1479 10.8594
v  7.4586 29.1479 18.2572
v  -7.0750 29.1477 18.2572
v  -7.0750 29.1477 10.8594
v  7.4586 29.1479 -0.0000
v  7.4586 29.1479 9.6191
v  -7.0750 29.1477 9.6191
v  -7.0750 29.1477 -0.0000
v  -7.0750 25.2341 20.8721
v  9.5796 28.9401 19.2534
v  9.5796 30.0346 19.2534
v  -8.6938 28.9401 20.2629
v  -8.6938 30.0346 20.2629
v  8.0228 28.5852 19.2534
v  8.0228 28.9401 19.2534
v  -8.0228 28.9401 20.2629
v  -8.0228 28.5852 20.2629
v  8.0228 24.7856 19.2534
v  8.0228 25.2341 19.2534
v  8.0228 25.2341 20.2629
v  -8.0228 24.7856 20.2629
v  -8.0228 25.2341 20.8721
v  -8.0228 25.2341 20.2629
v  8.0228 24.2757 19.2534
v  -8.0228 22.5998 20.2629
v  7.4586 22.6000 20.2629
v  7.4586 30.0346 19.2534
v  -7.0750 30.0346 19.2534
v  -7.0750 30.0346 20.2629
v  7.4586 30.0346 20.2629
v  7.4586 20.7332 20.8721
v  -7.0750 20.7330 20.8721
v  -7.0750 20.7330 20.2629
v  7.4586 20.7332 20.2629
v  -8.8203 28.9401 19.2534
v  -8.8203 30.0346 19.2534
v  -8.0228 28.9401 19.2534
v  -8.0228 28.5852 19.2534
v  -8.0228 24.7856 19.2534
v  -8.0228 25.2341 19.2534
v  -8.0228 22.5998 19.2534
v  7.4586 24.2757 19.2534
v  7.4586 29.1479 20.2629
v  -7.0750 29.1477 20.2629
v  -7.0750 29.1477 19.2534
v  7.4586 29.1479 19.2534
v  9.5796 28.9401 18.7193
v  9.5796 30.0346 18.7193
v  8.0228 28.5852 18.7193
v  8.0228 28.9401 18.7193
v  8.0228 24.7856 18.7193
v  8.0228 25.2341 18.7193
v  8.0228 24.2757 18.7193
v  7.4586 30.0346 18.7193
v  -7.0750 30.0346 18.7193
v  -8.7389 30.0346 18.7193
v  7.4586 30.0346 9.6191
v  9.5796 30.0346 9.6191
v  9.5796 30.0346 -0.0000
v  7.4586 30.0346 -0.0000
v  7.4586 23.9406 20.2629
v  7.4586 25.2732 19.2534
v  -7.0750 22.5998 20.2629
v  -7.0750 23.9404 20.2629
v  -7.0750 22.5998 19.2534
v  -7.0750 23.9404 19.2534
v  -7.0750 22.5998 18.7193
v  -7.0750 23.9404 18.7193
v  7.4586 25.2732 9.6191
v  7.4586 25.2732 -0.0000
v  9.5796 28.9401 9.8983
v  9.5796 28.9401 9.6191
v  9.5796 30.0346 9.8983
v  -9.0814 28.9401 9.8983
v  -9.0481 28.9401 10.4226
v  -9.0481 30.0346 10.4226
v  -9.0814 30.0346 9.8983
v  8.0228 28.5852 9.6191
v  8.0228 28.9401 9.6191
v  8.0228 28.9401 9.8983
v  8.0228 28.5852 9.8983
v  -8.0228 28.5852 10.4226
v  -8.0228 28.9401 10.4226
v  -8.0228 28.9401 9.8983
v  -8.0228 28.5852 9.8983
v  8.0228 24.7856 9.8983
v  8.0228 24.7856 9.6191
v  8.0228 25.2341 9.6191
v  8.0228 25.2341 9.8983
v  -8.0228 24.7856 9.8983
v  -8.0228 24.7856 10.4226
v  -8.0228 25.2341 10.4226
v  -8.0228 25.2341 9.8983
v  8.0228 24.2757 9.8983
v  -8.0228 22.5998 10.4226
v  -8.0228 22.5998 9.8983
v  8.0228 24.2757 10.4226
v  7.4586 24.2757 10.4226
v  7.4586 24.2757 9.8983
v  -7.0750 30.0346 9.6191
v  -7.0750 30.0346 9.8983
v  7.4586 30.0346 9.8983
v  7.4586 29.1479 10.4226
v  -7.0750 29.1477 10.4226
v  -7.0750 29.1477 9.8983
v  7.4586 29.1479 9.8983
v  7.4586 30.0346 10.4226
v  9.5796 30.0346 10.4226
v  -7.0750 22.5998 9.8983
v  -7.0750 22.5998 9.6191
v  -7.0750 23.9404 9.6191
v  -7.0750 23.9404 9.8983
v  7.4586 25.2732 10.4226
v  7.4586 25.2732 9.8983
v  9.5796 28.9401 10.4226
v  8.0228 28.9401 10.4226
v  8.0228 28.5852 10.4226
v  8.0228 24.7856 10.4226
v  8.0228 25.2341 10.4226
v  -7.0750 30.0346 10.4226
v  -7.0750 23.9404 10.4226
v  -7.0750 22.5998 10.4226
v  -9.0203 28.9401 10.8594
v  -9.0203 30.0346 10.8594
v  -8.0228 28.5852 10.8594
v  -8.0228 28.9401 10.8594
v  -8.0228 22.5998 10.8594
v  -8.0228 24.7856 10.8594
v  7.4586 30.0346 10.8594
v  9.5796 30.0346 10.8594
v  7.4586 25.2732 10.8594
v  -8.7389 28.9401 18.7193
v  -8.0228 28.9401 18.7193
v  -8.0228 28.5852 18.7193
v  -8.0228 24.7856 18.7193
v  -8.0228 25.2341 18.7193
v  -8.0228 22.5998 18.7193
v  7.4586 24.2757 18.7193
v  -7.0750 29.1477 18.7193
v  7.4586 29.1479 18.7193
v  9.5796 28.9401 18.2572
v  9.5796 30.0346 18.2572
v  8.0228 28.5852 18.2572
v  8.0228 28.9401 18.2572
v  8.0228 24.7856 18.2572
v  8.0228 25.2341 18.2572
v  7.4586 30.0346 18.2572
v  -7.0750 30.0346 18.2572
v  -8.6685 30.0346 18.2572
v  7.4586 25.2732 18.7193
v  -7.0750 22.5998 18.2572
v  -7.0750 23.9404 18.2572
v  -8.3321 24.7856 9.6191
v  -8.4723 25.2341 9.6191
v  -8.4723 25.2341 -0.0000
v  -8.3321 24.7856 -0.0000
v  -8.3321 24.7856 18.2572
v  -8.4723 25.2341 18.2572
v  -8.4723 25.2341 10.8594
v  -8.3321 24.7856 10.8594
v  -8.3321 25.2341 10.4226
v  -8.3321 24.7856 10.4226
v  -8.3321 25.2341 9.8983
v  -8.3321 24.7856 9.8983
v  -8.3321 28.5852 9.6191
v  -8.3321 28.5852 9.8983
v  -8.0228 28.1080 10.4226
v  -8.3321 28.1080 10.4226
v  -8.3321 28.5852 10.4226
v  -8.3321 25.2341 18.7193
v  -8.3321 24.7856 18.7193
v  -8.0228 28.5852 18.2572
v  -8.3321 28.5852 18.2572
v  -8.3321 28.5852 18.7193
v  7.4586 28.2634 18.7193
v  7.4586 28.2634 18.2572
v  7.4586 28.2634 19.2534
v  7.4586 27.9592 20.2629
v  -7.0750 27.9590 20.2629
v  -7.0750 27.9590 19.2534
v  -7.0750 27.9590 18.7193
v  -7.0750 27.9590 10.4226
v  -7.0750 27.9590 10.8594
v  7.4586 28.2634 9.6191
v  7.4586 28.2634 -0.0000
v  7.4586 28.2634 9.8983
v  -7.0750 27.9590 -0.0000
v  -7.0750 27.9590 9.6191
v  7.4586 28.2634 10.4226
v  -7.0750 27.9590 9.8983
v  7.4586 28.2634 10.8594
v  -7.0750 27.9590 18.2572
v  7.4586 28.1080 20.8721
v  8.0228 28.1080 19.2534
v  -8.0228 28.1080 20.2629
v  -8.0228 28.1080 19.2534
v  8.0228 28.1080 18.7193
v  8.0228 28.5852 -0.0000
v  8.0228 28.1080 9.6191
v  8.0228 28.1080 -0.0000
v  -8.0228 28.1080 9.8983
v  8.0228 28.1080 10.4226
v  8.0228 28.1080 9.8983
v  -8.0228 28.1080 18.7193
v  8.0228 28.5852 10.8594
v  8.0228 28.1080 18.2572
v  8.0228 28.1080 10.8594
v  -8.4723 28.1080 9.6191
v  -8.3321 28.1080 9.8983
v  -8.3321 28.1080 18.7193
v  -8.4723 28.1080 18.2572
v  7.4586 25.2732 18.2572
v  -7.0750 23.9404 10.8594
v  -7.0750 23.9404 -0.0000
v  -8.6685 28.9401 18.2572
v  -8.0228 28.9401 18.2572
v  -8.0228 24.7856 18.2572
v  -8.0228 22.5998 18.2572
v  9.5796 28.9401 10.8594
v  8.0228 28.9401 10.8594
v  8.0228 24.7856 10.8594
v  8.0228 25.2341 10.8594
v  -7.0750 30.0346 10.8594
v  -7.0750 22.5998 10.8594
v  -8.3321 28.5852 10.8594
v  -8.4723 28.1080 10.8594
v  9.5796 28.9401 -0.0000
v  8.0228 28.9401 -0.0000
v  8.0228 24.7856 -0.0000
v  8.0228 25.2341 -0.0000
v  -7.0750 30.0346 -0.0000
v  -7.0750 22.5998 -0.0000
v  -8.3321 28.5852 -0.0000
v  -8.4723 28.1080 -0.0000
v  -8.0228 16.2406 20.2629
v  -7.0750 16.2406 20.2629
v  -7.0750 16.2406 20.8721
v  -8.0228 16.2406 20.8721
v  -8.0228 21.2723 17.3934
v  -8.0228 21.3367 16.7038
v  -7.0750 21.3367 16.7038
v  -7.0750 21.2723 17.3934
v  -8.0228 20.2314 14.6350
v  -8.0228 20.7406 13.5962
v  -7.0750 20.7406 13.5962
v  -7.0750 20.2314 14.6350
v  -8.0228 20.8883 12.7025
v  -8.0228 20.7377 11.1572
v  -7.0750 20.7377 11.1572
v  -7.0750 20.8883 12.7025
v  -8.0228 19.8309 6.9574
v  -8.0228 19.0646 3.6951
v  -7.0750 19.0646 3.6951
v  -7.0750 19.8309 6.9574
v  -8.0228 19.0410 -0.0000
v  -7.0750 19.0410 -0.0000
v  -8.0228 20.2767 19.2534
v  -7.0750 20.2767 19.2534
v  -8.0228 21.0797 18.0932
v  -7.0750 21.0797 18.0932
v  -8.0228 20.8451 19.2534
v  -8.0228 20.7064 19.2534
v  -8.0228 22.5998 18.0932
v  -8.0228 21.4516 18.0932
v  -8.0228 22.5998 17.3934
v  -8.0228 22.5998 16.7038
v  -8.0228 21.6457 16.7038
v  -8.0228 21.5971 17.3934
v  -8.0228 22.5998 13.5962
v  -8.0228 21.1955 13.5962
v  -8.0228 20.8108 14.6350
v  -8.0228 22.5998 14.6350
v  -8.0228 22.5998 12.7025
v  -8.0228 22.5998 11.1572
v  -8.0228 21.1932 11.1572
v  -8.0228 21.3173 12.7025
v  -8.0228 22.5998 6.9574
v  -8.0228 22.5998 3.6951
v  -8.0228 19.9295 3.6951
v  -8.0228 20.5083 6.9574
v  -8.0228 19.8054 -0.0000
v  -7.0750 22.5998 3.6951
v  -7.0750 22.5998 6.9574
v  -7.0750 22.5998 11.1572
v  -7.0750 22.5998 12.7025
v  -7.0750 22.5998 13.5962
v  -7.0750 22.5998 15.5150
v  -7.0750 20.8995 15.5150
v  -7.0750 22.5998 14.6350
v  -7.0750 22.5998 17.3934
v  -7.0750 22.5998 18.0932
v  -8.0228 20.8995 15.5150
v  -8.0228 21.3155 15.5150
v  -8.0228 22.5998 15.5150
v  -7.0750 22.5998 16.7038
v  -8.0228 21.3609 18.0932
v  -8.0228 21.5178 17.3934
v  -8.0228 21.5703 16.7038
v  -8.0228 21.0845 13.5962
v  -8.0228 20.6695 14.6350
v  -8.0228 21.2159 12.7025
v  -8.0228 21.0821 11.1572
v  -8.0228 20.3430 6.9574
v  -8.0228 19.7184 3.6951
v  -8.0228 21.2140 15.5150
v  -7.9103 21.3609 18.0932
v  -7.9103 20.7064 19.2534
v  -7.9103 20.8451 19.2534
v  -7.9103 21.4516 18.0932
v  -7.9103 21.5703 16.7038
v  -7.9103 21.5178 17.3934
v  -7.9103 21.5971 17.3934
v  -7.9103 21.6457 16.7038
v  -7.9103 21.0845 13.5962
v  -7.9103 20.6695 14.6350
v  -7.9103 20.8108 14.6350
v  -7.9103 21.1955 13.5962
v  -7.9103 21.0821 11.1572
v  -7.9103 21.2159 12.7025
v  -7.9103 21.3173 12.7025
v  -7.9103 21.1932 11.1572
v  -7.9103 19.7184 3.6951
v  -7.9103 20.3430 6.9574
v  -7.9103 20.5083 6.9574
v  -7.9103 19.9295 3.6951
v  -7.9103 19.6992 -0.0000
v  -7.9103 19.9117 -0.0000
v  -7.9103 21.2140 15.5150
v  -7.9103 21.3155 15.5150
v  -8.4008 0.0000 20.1426
v  -7.3320 0.0000 20.1430
v  -7.3320 0.0000 21.2205
v  -8.3529 0.0000 21.2198
v  -5.7460 29.5443 20.9038
v  -5.7460 29.5443 18.9821
v  -8.0045 29.6956 18.9821
v  -8.0045 29.6956 20.9038
v  -7.4676 1.2150 21.3425
v  -8.6574 1.2205 21.3428
v  -7.3687 2.4300 21.5464
v  -8.6990 2.4410 21.5464
v  -7.0845 3.6449 21.2348
v  -8.5012 3.6615 21.2348
v  -6.8814 4.8597 20.8748
v  -8.1127 4.8820 21.0412
v  -6.7336 6.0744 20.6034
v  -7.8590 6.1026 20.7689
v  -6.6586 7.2889 20.6641
v  -7.9654 7.3232 20.6641
v  -6.6982 8.5033 20.8499
v  -8.0781 8.5438 20.8499
v  -6.7788 9.7174 21.0165
v  -8.2579 9.7645 21.0165
v  -6.8720 10.9314 21.1396
v  -8.3215 10.9852 21.1396
v  -6.9228 12.1450 21.2635
v  -8.4272 12.2060 21.2635
v  -7.0414 13.3584 21.3631
v  -8.5488 13.4268 21.3631
v  -7.0995 14.5714 21.4390
v  -8.7181 14.6477 21.4390
v  -7.1373 15.7841 21.5399
v  -8.8043 15.8686 21.5399
v  -7.1221 16.9964 21.5815
v  -8.8378 17.0896 21.5815
v  -7.0154 18.2084 21.6325
v  -8.9045 18.3107 21.6325
v  -6.7535 19.4198 21.5884
v  -8.9239 19.5318 21.5884
v  -6.3994 20.6309 21.3901
v  -8.7632 20.7531 21.3901
v  -6.4013 21.8414 21.1108
v  -8.4373 21.9744 21.1108
v  -6.1029 22.8056 20.9038
v  -8.3614 22.9570 20.9038
v  -7.4676 1.2150 20.2462
v  -7.2750 2.4300 20.0252
v  -7.0845 3.6449 19.8856
v  -6.8814 4.8597 19.5236
v  -6.7336 6.0744 19.2999
v  -6.6586 7.2889 19.4478
v  -6.6982 8.5033 19.5590
v  -6.7788 9.7174 19.6298
v  -6.8720 10.9314 19.6874
v  -6.9228 12.1450 19.7266
v  -7.0414 13.3584 19.8242
v  -7.0995 14.5714 19.8183
v  -7.1373 15.7841 19.8015
v  -7.1221 16.9964 19.7834
v  -7.0154 18.2084 19.7641
v  -6.7535 19.4198 19.5584
v  -6.3994 20.6309 19.2109
v  -6.4013 21.8414 19.2022
v  -6.1029 22.8056 18.9821
v  -8.7052 1.2205 20.2464
v  -8.6990 2.4410 20.1383
v  -8.5012 3.6615 19.8856
v  -8.1127 4.8820 19.6899
v  -7.8590 6.1026 19.4657
v  -7.9654 7.3232 19.4478
v  -8.0781 8.5438 19.5590
v  -8.2579 9.7645 19.6298
v  -8.3215 10.9852 19.6874
v  -8.4272 12.2060 19.7266
v  -8.5488 13.4268 19.8242
v  -8.7181 14.6477 19.8183
v  -8.8043 15.8686 19.8015
v  -8.8378 17.0896 19.7834
v  -8.9045 18.3107 19.7641
v  -8.9239 19.5318 19.5584
v  -8.7632 20.7531 19.2109
v  -8.4373 21.9744 19.2022
v  -8.3614 22.9570 18.9821
v  8.7881 0.0000 20.1426
v  8.7402 0.0000 21.2198
v  7.7193 0.0000 21.2205
v  7.7193 0.0000 20.1430
v  6.1332 29.5443 20.9038
v  8.3917 29.6956 20.9038
v  8.3917 29.6956 18.9821
v  6.1332 29.5443 18.9821
v  9.0446 1.2205 21.3428
v  7.8549 1.2150 21.3425
v  9.0863 2.4410 21.5464
v  7.7559 2.4300 21.5464
v  8.8885 3.6615 21.2348
v  7.4717 3.6449 21.2348
v  8.4999 4.8820 21.0412
v  7.2686 4.8597 20.8748
v  8.2462 6.1026 20.7689
v  7.1208 6.0744 20.6034
v  8.3526 7.3232 20.6641
v  7.0459 7.2889 20.6641
v  8.4654 8.5438 20.8499
v  7.0854 8.5033 20.8499
v  8.6452 9.7645 21.0165
v  7.1661 9.7174 21.0165
v  8.7087 10.9852 21.1396
v  7.2592 10.9314 21.1396
v  8.8145 12.2060 21.2635
v  7.3100 12.1450 21.2635
v  8.9361 13.4268 21.3631
v  7.4287 13.3584 21.3631
v  9.1054 14.6477 21.4390
v  7.4867 14.5714 21.4390
v  9.1915 15.8686 21.5399
v  7.5245 15.7841 21.5399
v  9.2250 17.0896 21.5815
v  7.5093 16.9964 21.5815
v  9.2918 18.3107 21.6325
v  7.4026 18.2084 21.6325
v  9.3111 19.5318 21.5884
v  7.1408 19.4198 21.5884
v  9.1505 20.7531 21.3901
v  6.7867 20.6309 21.3901
v  8.8245 21.9744 21.1108
v  6.7886 21.8414 21.1108
v  8.7487 22.9570 20.9038
v  6.4902 22.8056 20.9038
v  7.8549 1.2150 20.2462
v  7.6622 2.4300 20.0252
v  7.4717 3.6449 19.8856
v  7.2686 4.8597 19.5236
v  7.1208 6.0744 19.2999
v  7.0459 7.2889 19.4478
v  7.0854 8.5033 19.5590
v  7.1661 9.7174 19.6298
v  7.2592 10.9314 19.6874
v  7.3100 12.1450 19.7266
v  7.4287 13.3584 19.8242
v  7.4867 14.5714 19.8183
v  7.5245 15.7841 19.8015
v  7.5093 16.9964 19.7834
v  7.4026 18.2084 19.7641
v  7.1408 19.4198 19.5584
v  6.7867 20.6309 19.2109
v  6.7886 21.8414 19.2022
v  6.4902 22.8056 18.9821
v  9.0925 1.2205 20.2464
v  9.0863 2.4410 20.1383
v  8.8885 3.6615 19.8856
v  8.4999 4.8820 19.6899
v  8.2462 6.1026 19.4657
v  8.3526 7.3232 19.4478
v  8.4654 8.5438 19.5590
v  8.6452 9.7645 19.6298
v  8.7087 10.9852 19.6874
v  8.8145 12.2060 19.7266
v  8.9361 13.4268 19.8242
v  9.1054 14.6477 19.8183
v  9.1915 15.8686 19.8015
v  9.2250 17.0896 19.7834
v  9.2918 18.3107 19.7641
v  9.3111 19.5318 19.5584
v  9.1505 20.7531 19.2109
v  8.8245 21.9744 19.2022
v  8.7487 22.9570 18.9821
v  -7.1836 6.7198 19.9993
v  7.1836 6.7198 19.9993
v  7.1836 6.7198 -0.0000
v  -7.1836 6.7198 -0.0000
v  -7.1836 6.1666 19.9993
v  -7.1836 6.1666 -0.0000
v  7.1836 6.1666 -0.0000
v  7.1836 6.1666 19.9993
v  -8.4608 26.6690 15.0955
v  -8.4608 26.9271 15.0263
v  -8.6990 26.7930 14.7598
v  -8.6990 26.6690 14.7878
v  -8.4608 27.1161 14.8373
v  -8.6990 26.8838 14.6835
v  -8.4608 27.1853 14.5792
v  -8.6990 26.9170 14.5792
v  -8.4608 27.1161 14.3210
v  -8.6990 26.8838 14.4749
v  -8.4608 26.9271 14.1320
v  -8.6990 26.7930 14.3985
v  -8.4608 26.6690 14.0628
v  -8.6990 26.6690 14.3706
v  -8.4608 26.4108 14.1320
v  -8.6990 26.5450 14.3985
v  -8.4608 26.2218 14.3210
v  -8.6990 26.4542 14.4749
v  -8.4608 26.1526 14.5792
v  -8.6990 26.4209 14.5792
v  -8.4608 26.2218 14.8373
v  -8.6990 26.4542 14.6835
v  -8.4608 26.4108 15.0263
v  -8.6990 26.5450 14.7598
v  -8.8827 26.7930 14.7598
v  -8.8827 26.6690 14.7878
v  -8.8827 26.8838 14.6835
v  -8.8827 26.9170 14.5792
v  -8.8827 26.8838 14.4749
v  -8.8827 26.7930 14.3985
v  -8.8827 26.6690 14.3706
v  -8.8827 26.5450 14.3985
v  -8.8827 26.4542 14.4749
v  -8.8827 26.4209 14.5792
v  -8.8827 26.4542 14.6835
v  -8.8827 26.5450 14.7598
v  -9.0615 26.9271 15.0263
v  -9.0615 26.6690 15.0955
v  -9.0615 27.1161 14.8373
v  -9.0615 27.1853 14.5792
v  -9.0615 27.1161 14.3210
v  -9.0615 26.9271 14.1320
v  -9.0615 26.6690 14.0628
v  -9.0615 26.4108 14.1320
v  -9.0615 26.2218 14.3210
v  -9.0615 26.1526 14.5792
v  -9.0615 26.2218 14.8373
v  -9.0615 26.4108 15.0263
v  -9.2617 26.9271 15.0263
v  -9.2617 26.6690 15.0955
v  -9.2617 27.1161 14.8373
v  -9.2617 27.1853 14.5792
v  -9.2617 27.1161 14.3210
v  -9.2617 26.9271 14.1320
v  -9.2617 26.6690 14.0628
v  -9.2617 26.4108 14.1320
v  -9.2617 26.2218 14.3210
v  -9.2617 26.1526 14.5792
v  -9.2617 26.2218 14.8373
v  -9.2617 26.4108 15.0263
v  -9.4440 26.8448 14.8836
v  -9.4440 26.6690 14.9307
v  -9.4440 26.9734 14.7550
v  -9.4440 27.0205 14.5792
v  -9.4440 26.9734 14.4034
v  -9.4440 26.8448 14.2747
v  -9.4440 26.6690 14.2276
v  -9.4440 26.4932 14.2747
v  -9.4440 26.3645 14.4034
v  -9.4440 26.3174 14.5792
v  -9.4440 26.3645 14.7550
v  -9.4440 26.4932 14.8836
v  -8.3966 30.0346 -21.3831
v  -7.0750 30.0346 -21.6721
v  -7.0750 28.9401 -21.6721
v  -8.3966 28.9401 -21.3831
v  9.2502 28.9401 -21.7256
v  9.2502 30.0346 -21.7256
v  9.5796 30.0346 -20.2629
v  9.5796 28.9401 -20.2629
v  -9.0992 30.0346 -9.6191
v  -9.0992 28.9401 -9.6191
v  -8.0228 28.5852 -20.8721
v  -8.0228 28.9401 -20.8721
v  -7.0750 28.9401 -20.8721
v  -7.0750 28.5852 -20.8721
v  8.0228 28.5852 -20.8721
v  8.0228 28.9401 -20.8721
v  8.0228 28.9401 -20.2629
v  8.0228 28.5852 -20.2629
v  -8.0228 28.9401 -9.6191
v  -8.0228 28.5852 -9.6191
v  -7.0750 28.1080 -20.8721
v  -8.0228 28.1080 -20.8721
v  8.0228 28.1080 -20.8721
v  8.0228 28.1080 -20.2629
v  -8.0228 22.5998 -20.8721
v  -8.0228 24.7856 -20.8721
v  -7.0750 24.7856 -20.8721
v  -7.0750 22.5998 -20.8721
v  8.0228 22.6000 -20.8721
v  8.0228 24.7856 -20.8721
v  8.0228 24.7856 -20.2629
v  8.0228 22.6000 -20.2629
v  -8.0228 24.7856 -9.6191
v  -8.0228 22.5998 -9.6191
v  7.4586 24.2757 -10.8594
v  7.4586 24.2757 -18.2572
v  8.0228 24.2757 -18.2572
v  8.0228 24.2757 -10.8594
v  7.4586 24.2757 -9.6191
v  8.0228 24.2757 -9.6191
v  7.4586 28.9401 -21.6721
v  7.4586 30.0346 -21.6721
v  7.4586 28.5852 -20.8721
v  7.4586 28.9401 -20.8721
v  7.4586 24.7856 -20.8721
v  7.4586 25.2341 -20.8721
v  8.0228 25.2341 -20.8721
v  7.4586 22.6000 -20.8721
v  7.4586 29.1479 -10.8594
v  -7.0750 29.1477 -10.8594
v  -7.0750 29.1477 -18.2572
v  7.4586 29.1479 -18.2572
v  -7.0750 29.1477 -9.6191
v  7.4586 29.1479 -9.6191
v  -7.0750 25.2341 -20.8721
v  9.5796 30.0346 -19.2534
v  9.5796 28.9401 -19.2534
v  -8.6938 28.9401 -20.2629
v  -8.6938 30.0346 -20.2629
v  8.0228 28.5852 -19.2534
v  8.0228 28.9401 -19.2534
v  -8.0228 28.5852 -20.2629
v  -8.0228 28.9401 -20.2629
v  8.0228 25.2341 -20.2629
v  8.0228 25.2341 -19.2534
v  8.0228 24.7856 -19.2534
v  -8.0228 24.7856 -20.2629
v  -8.0228 25.2341 -20.2629
v  -8.0228 25.2341 -20.8721
v  8.0228 24.2757 -19.2534
v  -8.0228 22.5998 -20.2629
v  7.4586 22.6000 -20.2629
v  7.4586 30.0346 -19.2534
v  7.4586 30.0346 -20.2629
v  -7.0750 30.0346 -20.2629
v  -7.0750 30.0346 -19.2534
v  7.4586 20.7332 -20.8721
v  7.4586 20.7332 -20.2629
v  -7.0750 20.7330 -20.2629
v  -7.0750 20.7330 -20.8721
v  -8.8203 28.9401 -19.2534
v  -8.8203 30.0346 -19.2534
v  -8.0228 28.5852 -19.2534
v  -8.0228 28.9401 -19.2534
v  -8.0228 24.7856 -19.2534
v  -8.0228 25.2341 -19.2534
v  -8.0228 22.5998 -19.2534
v  7.4586 24.2757 -19.2534
v  7.4586 29.1479 -20.2629
v  7.4586 29.1479 -19.2534
v  -7.0750 29.1477 -19.2534
v  -7.0750 29.1477 -20.2629
v  9.5796 30.0346 -18.7193
v  9.5796 28.9401 -18.7193
v  8.0228 28.5852 -18.7193
v  8.0228 28.9401 -18.7193
v  8.0228 25.2341 -18.7193
v  8.0228 24.7856 -18.7193
v  8.0228 24.2757 -18.7193
v  7.4586 30.0346 -18.7193
v  -7.0750 30.0346 -18.7193
v  -8.7389 30.0346 -18.7193
v  7.4586 30.0346 -9.6191
v  9.5796 30.0346 -9.6191
v  7.4586 25.2732 -19.2534
v  7.4586 23.9406 -20.2629
v  -7.0750 22.5998 -20.2629
v  -7.0750 23.9404 -20.2629
v  -7.0750 22.5998 -19.2534
v  -7.0750 23.9404 -19.2534
v  -7.0750 22.5998 -18.7193
v  -7.0750 23.9404 -18.7193
v  7.4586 25.2732 -9.6191
v  9.5796 28.9401 -9.8983
v  9.5796 30.0346 -9.8983
v  9.5796 28.9401 -9.6191
v  -9.0814 28.9401 -9.8983
v  -9.0814 30.0346 -9.8983
v  -9.0481 30.0346 -10.4226
v  -9.0481 28.9401 -10.4226
v  8.0228 28.5852 -9.6191
v  8.0228 28.5852 -9.8983
v  8.0228 28.9401 -9.8983
v  8.0228 28.9401 -9.6191
v  -8.0228 28.5852 -10.4226
v  -8.0228 28.5852 -9.8983
v  -8.0228 28.9401 -9.8983
v  -8.0228 28.9401 -10.4226
v  8.0228 24.7856 -9.8983
v  8.0228 25.2341 -9.8983
v  8.0228 25.2341 -9.6191
v  8.0228 24.7856 -9.6191
v  -8.0228 24.7856 -9.8983
v  -8.0228 25.2341 -9.8983
v  -8.0228 25.2341 -10.4226
v  -8.0228 24.7856 -10.4226
v  8.0228 24.2757 -9.8983
v  -8.0228 22.5998 -10.4226
v  -8.0228 22.5998 -9.8983
v  8.0228 24.2757 -10.4226
v  7.4586 24.2757 -9.8983
v  7.4586 24.2757 -10.4226
v  7.4586 30.0346 -9.8983
v  -7.0750 30.0346 -9.8983
v  -7.0750 30.0346 -9.6191
v  7.4586 29.1479 -10.4226
v  7.4586 29.1479 -9.8983
v  -7.0750 29.1477 -9.8983
v  -7.0750 29.1477 -10.4226
v  7.4586 30.0346 -10.4226
v  9.5796 30.0346 -10.4226
v  -7.0750 22.5998 -9.8983
v  -7.0750 23.9404 -9.8983
v  -7.0750 23.9404 -9.6191
v  -7.0750 22.5998 -9.6191
v  7.4586 25.2732 -9.8983
v  7.4586 25.2732 -10.4226
v  9.5796 28.9401 -10.4226
v  8.0228 28.5852 -10.4226
v  8.0228 28.9401 -10.4226
v  8.0228 24.7856 -10.4226
v  8.0228 25.2341 -10.4226
v  -7.0750 30.0346 -10.4226
v  -7.0750 22.5998 -10.4226
v  -7.0750 23.9404 -10.4226
v  -9.0203 30.0346 -10.8594
v  -9.0203 28.9401 -10.8594
v  -8.0228 28.5852 -10.8594
v  -8.0228 28.9401 -10.8594
v  -8.0228 22.5998 -10.8594
v  -8.0228 24.7856 -10.8594
v  9.5796 30.0346 -10.8594
v  7.4586 30.0346 -10.8594
v  7.4586 25.2732 -10.8594
v  -8.7389 28.9401 -18.7193
v  -8.0228 28.5852 -18.7193
v  -8.0228 28.9401 -18.7193
v  -8.0228 24.7856 -18.7193
v  -8.0228 25.2341 -18.7193
v  -8.0228 22.5998 -18.7193
v  7.4586 24.2757 -18.7193
v  7.4586 29.1479 -18.7193
v  -7.0750 29.1477 -18.7193
v  9.5796 30.0346 -18.2572
v  9.5796 28.9401 -18.2572
v  8.0228 28.5852 -18.2572
v  8.0228 28.9401 -18.2572
v  8.0228 25.2341 -18.2572
v  8.0228 24.7856 -18.2572
v  7.4586 30.0346 -18.2572
v  -7.0750 30.0346 -18.2572
v  -8.6685 30.0346 -18.2572
v  7.4586 25.2732 -18.7193
v  -7.0750 23.9404 -18.2572
v  -7.0750 22.5998 -18.2572
v  -8.3321 24.7856 -9.6191
v  -8.4723 25.2341 -9.6191
v  -8.3321 24.7856 -18.2572
v  -8.3321 24.7856 -10.8594
v  -8.4723 25.2341 -10.8594
v  -8.4723 25.2341 -18.2572
v  -8.3321 24.7856 -10.4226
v  -8.3321 25.2341 -10.4226
v  -8.3321 24.7856 -9.8983
v  -8.3321 25.2341 -9.8983
v  -8.3321 28.5852 -9.8983
v  -8.3321 28.5852 -9.6191
v  -8.0228 28.1080 -10.4226
v  -8.3321 28.5852 -10.4226
v  -8.3321 28.1080 -10.4226
v  -8.3321 24.7856 -18.7193
v  -8.3321 25.2341 -18.7193
v  -8.0228 28.5852 -18.2572
v  -8.3321 28.5852 -18.7193
v  -8.3321 28.5852 -18.2572
v  7.4586 28.2634 -18.7193
v  7.4586 28.2634 -18.2572
v  7.4586 27.9592 -20.2629
v  7.4586 28.2634 -19.2534
v  -7.0750 27.9590 -20.2629
v  -7.0750 27.9590 -19.2534
v  -7.0750 27.9590 -18.7193
v  -7.0750 27.9590 -10.4226
v  -7.0750 27.9590 -10.8594
v  7.4586 28.2634 -9.6191
v  7.4586 28.2634 -9.8983
v  -7.0750 27.9590 -9.6191
v  7.4586 28.2634 -10.4226
v  -7.0750 27.9590 -9.8983
v  7.4586 28.2634 -10.8594
v  -7.0750 27.9590 -18.2572
v  7.4586 28.1080 -20.8721
v  8.0228 28.1080 -19.2534
v  -8.0228 28.1080 -20.2629
v  -8.0228 28.1080 -19.2534
v  8.0228 28.1080 -18.7193
v  8.0228 28.1080 -9.6191
v  -8.0228 28.1080 -9.8983
v  8.0228 28.1080 -9.8983
v  8.0228 28.1080 -10.4226
v  -8.0228 28.1080 -18.7193
v  8.0228 28.5852 -10.8594
v  8.0228 28.1080 -10.8594
v  8.0228 28.1080 -18.2572
v  -8.3321 28.1080 -9.8983
v  -8.4723 28.1080 -9.6191
v  -8.3321 28.1080 -18.7193
v  -8.4723 28.1080 -18.2572
v  7.4586 25.2732 -18.2572
v  -7.0750 23.9404 -10.8594
v  -8.6685 28.9401 -18.2572
v  -8.0228 28.9401 -18.2572
v  -8.0228 22.5998 -18.2572
v  -8.0228 24.7856 -18.2572
v  9.5796 28.9401 -10.8594
v  8.0228 28.9401 -10.8594
v  8.0228 25.2341 -10.8594
v  8.0228 24.7856 -10.8594
v  -7.0750 30.0346 -10.8594
v  -7.0750 22.5998 -10.8594
v  -8.3321 28.5852 -10.8594
v  -8.4723 28.1080 -10.8594
v  -8.0228 16.2406 -20.2629
v  -8.0228 16.2406 -20.8721
v  -7.0750 16.2406 -20.8721
v  -7.0750 16.2406 -20.2629
v  -8.0228 21.2723 -17.3934
v  -7.0750 21.2723 -17.3934
v  -7.0750 21.3367 -16.7038
v  -8.0228 21.3367 -16.7038
v  -8.0228 20.2314 -14.6350
v  -7.0750 20.2314 -14.6350
v  -7.0750 20.7406 -13.5962
v  -8.0228 20.7406 -13.5962
v  -8.0228 20.8883 -12.7025
v  -7.0750 20.8883 -12.7025
v  -7.0750 20.7377 -11.1572
v  -8.0228 20.7377 -11.1572
v  -8.0228 19.8309 -6.9574
v  -7.0750 19.8309 -6.9574
v  -7.0750 19.0646 -3.6951
v  -8.0228 19.0646 -3.6951
v  -7.0750 20.2767 -19.2534
v  -8.0228 20.2767 -19.2534
v  -7.0750 21.0797 -18.0932
v  -8.0228 21.0797 -18.0932
v  -8.0228 20.7064 -19.2534
v  -8.0228 20.8451 -19.2534
v  -8.0228 21.4516 -18.0932
v  -8.0228 22.5998 -18.0932
v  -8.0228 22.5998 -17.3934
v  -8.0228 21.5971 -17.3934
v  -8.0228 21.6457 -16.7038
v  -8.0228 22.5998 -16.7038
v  -8.0228 22.5998 -13.5962
v  -8.0228 22.5998 -14.6350
v  -8.0228 20.8108 -14.6350
v  -8.0228 21.1955 -13.5962
v  -8.0228 22.5998 -12.7025
v  -8.0228 21.3173 -12.7025
v  -8.0228 21.1932 -11.1572
v  -8.0228 22.5998 -11.1572
v  -8.0228 22.5998 -6.9574
v  -8.0228 20.5083 -6.9574
v  -8.0228 19.9295 -3.6951
v  -8.0228 22.5998 -3.6951
v  -7.0750 22.5998 -3.6951
v  -7.0750 22.5998 -6.9574
v  -7.0750 22.5998 -11.1572
v  -7.0750 22.5998 -12.7025
v  -7.0750 22.5998 -13.5962
v  -7.0750 22.5998 -15.5150
v  -7.0750 22.5998 -14.6350
v  -7.0750 20.8995 -15.5150
v  -7.0750 22.5998 -17.3934
v  -7.0750 22.5998 -18.0932
v  -8.0228 20.8995 -15.5150
v  -8.0228 22.5998 -15.5150
v  -8.0228 21.3155 -15.5150
v  -7.0750 22.5998 -16.7038
v  -8.0228 21.3609 -18.0932
v  -8.0228 21.5703 -16.7038
v  -8.0228 21.5178 -17.3934
v  -8.0228 21.0845 -13.5962
v  -8.0228 20.6695 -14.6350
v  -8.0228 21.0821 -11.1572
v  -8.0228 21.2159 -12.7025
v  -8.0228 19.7184 -3.6951
v  -8.0228 20.3430 -6.9574
v  -8.0228 21.2140 -15.5150
v  -7.9103 21.3609 -18.0932
v  -7.9103 21.4516 -18.0932
v  -7.9103 20.8451 -19.2534
v  -7.9103 20.7064 -19.2534
v  -7.9103 21.5703 -16.7038
v  -7.9103 21.6457 -16.7038
v  -7.9103 21.5971 -17.3934
v  -7.9103 21.5178 -17.3934
v  -7.9103 21.0845 -13.5962
v  -7.9103 21.1955 -13.5962
v  -7.9103 20.8108 -14.6350
v  -7.9103 20.6695 -14.6350
v  -7.9103 21.0821 -11.1572
v  -7.9103 21.1932 -11.1572
v  -7.9103 21.3173 -12.7025
v  -7.9103 21.2159 -12.7025
v  -7.9103 19.7184 -3.6951
v  -7.9103 19.9295 -3.6951
v  -7.9103 20.5083 -6.9574
v  -7.9103 20.3430 -6.9574
v  -7.9103 21.3155 -15.5150
v  -7.9103 21.2140 -15.5150
v  -8.4008 0.0000 -20.1426
v  -8.3529 0.0000 -21.2198
v  -7.3320 0.0000 -21.2205
v  -7.3320 0.0000 -20.1430
v  -5.7460 29.5443 -20.9038
v  -8.0045 29.6956 -20.9038
v  -8.0045 29.6956 -18.9821
v  -5.7460 29.5443 -18.9821
v  -8.6574 1.2205 -21.3428
v  -7.4676 1.2150 -21.3425
v  -8.6990 2.4410 -21.5464
v  -7.3687 2.4300 -21.5464
v  -8.5012 3.6615 -21.2348
v  -7.0845 3.6449 -21.2348
v  -8.1127 4.8820 -21.0412
v  -6.8814 4.8597 -20.8748
v  -7.8590 6.1026 -20.7689
v  -6.7336 6.0744 -20.6034
v  -7.9654 7.3232 -20.6641
v  -6.6586 7.2889 -20.6641
v  -8.0781 8.5438 -20.8499
v  -6.6982 8.5033 -20.8499
v  -8.2579 9.7645 -21.0165
v  -6.7788 9.7174 -21.0165
v  -8.3215 10.9852 -21.1396
v  -6.8720 10.9314 -21.1396
v  -8.4272 12.2060 -21.2635
v  -6.9228 12.1450 -21.2635
v  -8.5488 13.4268 -21.3631
v  -7.0414 13.3584 -21.3631
v  -8.7181 14.6477 -21.4390
v  -7.0995 14.5714 -21.4390
v  -8.8043 15.8686 -21.5399
v  -7.1373 15.7841 -21.5399
v  -8.8378 17.0896 -21.5815
v  -7.1221 16.9964 -21.5815
v  -8.9045 18.3107 -21.6325
v  -7.0154 18.2084 -21.6325
v  -8.9239 19.5318 -21.5884
v  -6.7535 19.4198 -21.5884
v  -8.7632 20.7531 -21.3901
v  -6.3994 20.6309 -21.3901
v  -8.4373 21.9744 -21.1108
v  -6.4013 21.8414 -21.1108
v  -8.3614 22.9570 -20.9038
v  -6.1029 22.8056 -20.9038
v  -7.4676 1.2150 -20.2462
v  -7.2750 2.4300 -20.0252
v  -7.0845 3.6449 -19.8856
v  -6.8814 4.8597 -19.5236
v  -6.7336 6.0744 -19.2999
v  -6.6586 7.2889 -19.4478
v  -6.6982 8.5033 -19.5590
v  -6.7788 9.7174 -19.6298
v  -6.8720 10.9314 -19.6874
v  -6.9228 12.1450 -19.7266
v  -7.0414 13.3584 -19.8242
v  -7.0995 14.5714 -19.8183
v  -7.1373 15.7841 -19.8015
v  -7.1221 16.9964 -19.7834
v  -7.0154 18.2084 -19.7641
v  -6.7535 19.4198 -19.5584
v  -6.3994 20.6309 -19.2109
v  -6.4013 21.8414 -19.2022
v  -6.1029 22.8056 -18.9821
v  -8.7052 1.2205 -20.2464
v  -8.6990 2.4410 -20.1383
v  -8.5012 3.6615 -19.8856
v  -8.1127 4.8820 -19.6899
v  -7.8590 6.1026 -19.4657
v  -7.9654 7.3232 -19.4478
v  -8.0781 8.5438 -19.5590
v  -8.2579 9.7645 -19.6298
v  -8.3215 10.9852 -19.6874
v  -8.4272 12.2060 -19.7266
v  -8.5488 13.4268 -19.8242
v  -8.7181 14.6477 -19.8183
v  -8.8043 15.8686 -19.8015
v  -8.8378 17.0896 -19.7834
v  -8.9045 18.3107 -19.7641
v  -8.9239 19.5318 -19.5584
v  -8.7632 20.7531 -19.2109
v  -8.4373 21.9744 -19.2022
v  -8.3614 22.9570 -18.9821
v  8.7881 0.0000 -20.1426
v  7.7193 0.0000 -20.1430
v  7.7193 0.0000 -21.2205
v  8.7402 0.0000 -21.2198
v  6.1332 29.5443 -20.9038
v  6.1332 29.5443 -18.9821
v  8.3917 29.6956 -18.9821
v  8.3917 29.6956 -20.9038
v  7.8549 1.2150 -21.3425
v  9.0446 1.2205 -21.3428
v  7.7559 2.4300 -21.5464
v  9.0863 2.4410 -21.5464
v  7.4717 3.6449 -21.2348
v  8.8885 3.6615 -21.2348
v  7.2686 4.8597 -20.8748
v  8.4999 4.8820 -21.0412
v  7.1208 6.0744 -20.6034
v  8.2462 6.1026 -20.7689
v  7.0459 7.2889 -20.6641
v  8.3526 7.3232 -20.6641
v  7.0854 8.5033 -20.8499
v  8.4654 8.5438 -20.8499
v  7.1661 9.7174 -21.0165
v  8.6452 9.7645 -21.0165
v  7.2592 10.9314 -21.1396
v  8.7087 10.9852 -21.1396
v  7.3100 12.1450 -21.2635
v  8.8145 12.2060 -21.2635
v  7.4287 13.3584 -21.3631
v  8.9361 13.4268 -21.3631
v  7.4867 14.5714 -21.4390
v  9.1054 14.6477 -21.4390
v  7.5245 15.7841 -21.5399
v  9.1915 15.8686 -21.5399
v  7.5093 16.9964 -21.5815
v  9.2250 17.0896 -21.5815
v  7.4026 18.2084 -21.6325
v  9.2918 18.3107 -21.6325
v  7.1408 19.4198 -21.5884
v  9.3111 19.5318 -21.5884
v  6.7867 20.6309 -21.3901
v  9.1505 20.7531 -21.3901
v  6.7886 21.8414 -21.1108
v  8.8245 21.9744 -21.1108
v  6.4902 22.8056 -20.9038
v  8.7487 22.9570 -20.9038
v  7.8549 1.2150 -20.2462
v  7.6622 2.4300 -20.0252
v  7.4717 3.6449 -19.8856
v  7.2686 4.8597 -19.5236
v  7.1208 6.0744 -19.2999
v  7.0459 7.2889 -19.4478
v  7.0854 8.5033 -19.5590
v  7.1661 9.7174 -19.6298
v  7.2592 10.9314 -19.6874
v  7.3100 12.1450 -19.7266
v  7.4287 13.3584 -19.8242
v  7.4867 14.5714 -19.8183
v  7.5245 15.7841 -19.8015
v  7.5093 16.9964 -19.7834
v  7.4026 18.2084 -19.7641
v  7.1408 19.4198 -19.5584
v  6.7867 20.6309 -19.2109
v  6.7886 21.8414 -19.2022
v  6.4902 22.8056 -18.9821
v  9.0925 1.2205 -20.2464
v  9.0863 2.4410 -20.1383
v  8.8885 3.6615 -19.8856
v  8.4999 4.8820 -19.6899
v  8.2462 6.1026 -19.4657
v  8.3526 7.3232 -19.4478
v  8.4654 8.5438 -19.5590
v  8.6452 9.7645 -19.6298
v  8.7087 10.9852 -19.6874
v  8.8145 12.2060 -19.7266
v  8.9361 13.4268 -19.8242
v  9.1054 14.6477 -19.8183
v  9.1915 15.8686 -19.8015
v  9.2250 17.0896 -19.7834
v  9.2918 18.3107 -19.7641
v  9.3111 19.5318 -19.5584
v  9.1505 20.7531 -19.2109
v  8.8245 21.9744 -19.2022
v  8.7487 22.9570 -18.9821
v  -7.1836 6.7198 -19.9993
v  7.1836 6.7198 -19.9993
v  -7.1836 6.1666 -19.9993
v  7.1836 6.1666 -19.9993
v  -8.4608 26.6690 -15.0955
v  -8.6990 26.6690 -14.7878
v  -8.6990 26.7930 -14.7598
v  -8.4608 26.9271 -15.0263
v  -8.6990 26.8838 -14.6835
v  -8.4608 27.1161 -14.8373
v  -8.6990 26.9170 -14.5792
v  -8.4608 27.1853 -14.5792
v  -8.6990 26.8838 -14.4749
v  -8.4608 27.1161 -14.3210
v  -8.6990 26.7930 -14.3985
v  -8.4608 26.9271 -14.1320
v  -8.6990 26.6690 -14.3706
v  -8.4608 26.6690 -14.0628
v  -8.6990 26.5450 -14.3985
v  -8.4608 26.4108 -14.1320
v  -8.6990 26.4542 -14.4749
v  -8.4608 26.2218 -14.3210
v  -8.6990 26.4209 -14.5792
v  -8.4608 26.1526 -14.5792
v  -8.6990 26.4542 -14.6835
v  -8.4608 26.2218 -14.8373
v  -8.6990 26.5450 -14.7598
v  -8.4608 26.4108 -15.0263
v  -8.8827 26.6690 -14.7878
v  -8.8827 26.7930 -14.7598
v  -8.8827 26.8838 -14.6835
v  -8.8827 26.9170 -14.5792
v  -8.8827 26.8838 -14.4749
v  -8.8827 26.7930 -14.3985
v  -8.8827 26.6690 -14.3706
v  -8.8827 26.5450 -14.3985
v  -8.8827 26.4542 -14.4749
v  -8.8827 26.4209 -14.5792
v  -8.8827 26.4542 -14.6835
v  -8.8827 26.5450 -14.7598
v  -9.0615 26.6690 -15.0955
v  -9.0615 26.9271 -15.0263
v  -9.0615 27.1161 -14.8373
v  -9.0615 27.1853 -14.5792
v  -9.0615 27.1161 -14.3210
v  -9.0615 26.9271 -14.1320
v  -9.0615 26.6690 -14.0628
v  -9.0615 26.4108 -14.1320
v  -9.0615 26.2218 -14.3210
v  -9.0615 26.1526 -14.5792
v  -9.0615 26.2218 -14.8373
v  -9.0615 26.4108 -15.0263
v  -9.2617 26.6690 -15.0955
v  -9.2617 26.9271 -15.0263
v  -9.2617 27.1161 -14.8373
v  -9.2617 27.1853 -14.5792
v  -9.2617 27.1161 -14.3210
v  -9.2617 26.9271 -14.1320
v  -9.2617 26.6690 -14.0628
v  -9.2617 26.4108 -14.1320
v  -9.2617 26.2218 -14.3210
v  -9.2617 26.1526 -14.5792
v  -9.2617 26.2218 -14.8373
v  -9.2617 26.4108 -15.0263
v  -9.4440 26.6690 -14.9307
v  -9.4440 26.8448 -14.8836
v  -9.4440 26.9734 -14.7550
v  -9.4440 27.0205 -14.5792
v  -9.4440 26.9734 -14.4034
v  -9.4440 26.8448 -14.2747
v  -9.4440 26.6690 -14.2276
v  -9.4440 26.4932 -14.2747
v  -9.4440 26.3645 -14.4034
v  -9.4440 26.3174 -14.5792
v  -9.4440 26.3645 -14.7550
v  -9.4440 26.4932 -14.8836
# 1229 vertices

vn -0.1100 0.0000 0.9939
vn -0.0551 0.0000 0.9985
vn 0.9137 0.0000 0.4065
vn 0.9782 0.0000 0.2078
vn -1.0000 0.0000 -0.0000
vn -0.9952 0.0000 0.0982
vn 0.0000 0.0000 1.0000
vn 1.0000 0.0000 -0.0000
vn 1.0000 0.0000 0.0000
vn -1.0000 -0.0000 -0.0000
vn 0.0000 -1.0000 -0.0000
vn -0.0076 0.0000 1.0000
vn -0.0151 0.0000 0.9999
vn 0.0000 -1.0000 0.0000
vn -0.9349 0.0000 0.3548
vn -0.8857 0.0000 0.4642
vn -1.0000 -0.0000 0.0000
vn -1.0000 0.0000 0.0000
vn 0.0000 -0.9568 -0.2906
vn 0.0000 1.0000 -0.0000
vn -0.9997 0.0000 -0.0249
vn 0.0000 0.0000 -1.0000
vn 1.0000 -0.0000 -0.0000
vn -0.9922 -0.0000 0.1246
vn -0.9922 0.0000 0.1246
vn -0.9940 -0.0000 0.1091
vn -0.9576 0.0000 -0.2883
vn 1.0000 -0.0000 0.0000
vn -0.5469 -0.8372 -0.0000
vn -0.8729 -0.3921 0.2904
vn -0.8795 -0.4760 -0.0000
vn -0.5469 -0.8372 0.0000
vn -0.8915 -0.4113 0.1898
vn -0.8660 -0.4382 -0.2407
vn -0.6264 -0.7664 -0.1427
vn -0.9231 -0.1728 -0.3435
vn -0.7716 0.4304 0.4684
vn -0.5707 0.8212 -0.0000
vn -0.8782 0.3794 0.2912
vn -0.7102 -0.0000 0.7040
vn -0.9297 0.1648 0.3294
vn -0.6472 0.7494 0.1399
vn -0.8734 0.4284 0.2317
vn 0.0000 -0.0000 -1.0000
vn -0.9951 0.0000 -0.0992
vn -0.9951 -0.0000 -0.0992
vn -0.8629 -0.3184 0.3924
vn -0.8578 -0.0000 0.5139
vn -0.0000 -1.0000 0.0000
vn -0.6508 0.7451 -0.1460
vn -0.8714 0.4268 -0.2420
vn -0.9219 0.1716 -0.3474
vn -0.7645 -0.4331 0.4774
vn -0.8862 0.4633 0.0000
vn 0.0000 -0.0000 1.0000
vn 0.0000 -0.8738 -0.4862
vn 0.0000 -0.9973 -0.0740
vn 0.0000 -0.9985 0.0548
vn 0.0000 -0.9987 0.0509
vn 0.0000 -0.9915 -0.1304
vn -0.0000 -0.9999 -0.0136
vn -0.0000 -0.9980 0.0630
vn 0.0000 -0.9999 -0.0136
vn 0.0000 -0.9959 0.0905
vn 0.0000 -0.9988 0.0485
vn -0.0000 -0.9959 0.0905
vn 0.0000 -0.7998 -0.6003
vn 0.0000 -0.9818 -0.1901
vn 0.0000 -0.9754 0.2203
vn 0.0000 0.9751 0.2218
vn 0.0000 -0.9785 -0.2063
vn 0.0000 -0.9965 -0.0835
vn 0.0000 -0.9996 -0.0284
vn 0.0000 -0.9938 0.1113
vn 0.0000 -0.9743 0.2253
vn 0.0000 -0.9890 -0.1476
vn 0.0000 -0.9985 -0.0549
vn 0.0000 -0.9995 0.0323
vn 0.0000 -0.9978 0.0656
vn 0.0000 -0.9975 0.0713
vn 0.0959 -0.9954 0.0077
vn 0.0959 0.9954 0.0037
vn 0.0000 0.9970 -0.0770
vn 0.0000 0.9975 -0.0708
vn 0.0000 0.9994 -0.0349
vn 0.0000 0.9982 0.0592
vn 0.0000 0.9873 0.1590
vn 0.0000 0.9703 -0.2420
vn 0.0000 0.9928 -0.1200
vn 0.0000 0.9995 0.0307
vn 0.0000 0.9959 0.0901
vn 0.0137 0.9999 -0.0000
vn -0.0002 -0.2426 0.9701
vn -0.0003 -0.2420 0.9703
vn -0.0005 -0.3114 0.9503
vn -0.0002 -0.3428 0.9394
vn 0.0007 0.2452 0.9695
vn 0.0002 -0.0081 1.0000
vn 0.0382 0.5375 0.8424
vn 0.0009 0.4990 0.8666
vn 0.0651 0.4849 0.8722
vn 0.0208 0.3988 0.9168
vn 0.0744 0.0764 0.9943
vn 0.0390 0.3187 0.9470
vn 0.0287 -0.2305 0.9727
vn -0.0009 -0.1506 0.9886
vn -0.0019 -0.3414 0.9399
vn -0.0021 -0.3333 0.9428
vn -0.0018 -0.2921 0.9564
vn -0.0019 -0.2707 0.9627
vn -0.0017 -0.2450 0.9695
vn -0.0019 -0.2443 0.9697
vn -0.0018 -0.2282 0.9736
vn -0.0019 -0.2161 0.9764
vn -0.0016 -0.1817 0.9834
vn -0.0016 -0.1689 0.9856
vn -0.0017 -0.1751 0.9846
vn -0.0019 -0.1854 0.9827
vn -0.0014 -0.1457 0.9893
vn -0.0014 -0.1336 0.9910
vn -0.0010 -0.0952 0.9955
vn -0.0011 -0.0950 0.9955
vn 0.0003 0.0252 0.9997
vn 0.0000 0.0046 1.0000
vn 0.0032 0.3071 0.9517
vn 0.0022 0.2078 0.9782
vn 0.0057 0.4600 0.8879
vn 0.0042 0.4023 0.9155
vn 0.0064 0.4760 0.8794
vn 0.0056 0.4794 0.8776
vn 0.0063 0.4626 0.8865
vn 0.0062 0.4615 0.8871
vn 0.8774 0.4798 -0.0000
vn 0.9941 -0.1083 -0.0000
vn 0.9951 -0.0811 0.0571
vn 0.7911 -0.6110 0.0290
vn 0.8174 -0.5674 0.0994
vn 0.7813 -0.6242 0.0000
vn 0.7331 -0.6789 0.0412
vn 0.8311 -0.5561 0.0000
vn 0.8055 -0.5926 0.0000
vn 0.9167 -0.3996 -0.0000
vn 0.9105 -0.4136 0.0000
vn 0.9946 -0.1035 -0.0000
vn 0.9994 -0.0352 -0.0000
vn 0.9742 0.2258 -0.0000
vn 0.9681 0.2507 -0.0000
vn 0.9443 0.3291 -0.0000
vn 0.9424 0.3345 -0.0000
vn 0.9595 0.2818 -0.0000
vn 0.9640 0.2659 0.0000
vn 0.9510 0.3091 0.0000
vn 0.9422 0.3349 0.0000
vn 0.9414 0.3372 0.0000
vn 0.9470 0.3212 -0.0000
vn 0.9819 0.1892 -0.0000
vn 0.9826 0.1855 -0.0000
vn 0.9991 0.0427 -0.0000
vn 0.9994 0.0350 -0.0000
vn 0.9717 -0.2361 -0.0000
vn 0.9703 -0.2418 -0.0000
vn 0.8081 -0.5891 -0.0000
vn 0.8180 -0.5753 -0.0000
vn 0.6193 -0.7851 -0.0000
vn 0.6368 -0.7711 -0.0000
vn 0.9210 -0.3896 -0.0000
vn 0.8172 -0.5763 -0.0000
vn 0.8573 -0.5148 -0.0000
vn 0.9354 -0.3535 -0.0000
vn 0.5506 -0.8348 -0.0000
vn 0.0001 0.2065 -0.9784
vn -0.0001 -0.0855 -0.9963
vn -0.0183 -0.0948 -0.9953
vn 0.0002 0.2063 -0.9785
vn -0.0171 -0.3117 -0.9500
vn -0.0143 -0.3191 -0.9476
vn -0.0264 -0.4079 -0.9127
vn -0.0367 -0.4639 -0.8851
vn -0.0211 -0.3833 -0.9234
vn -0.0667 -0.4366 -0.8972
vn -0.0705 -0.2293 -0.9708
vn -0.0316 0.0227 -0.9992
vn -0.0221 0.1385 -0.9901
vn 0.0014 0.2538 -0.9673
vn 0.0011 0.1700 -0.9855
vn 0.0011 0.1889 -0.9820
vn 0.0009 0.1257 -0.9921
vn 0.0008 0.1332 -0.9911
vn 0.0007 0.0944 -0.9955
vn 0.0007 0.1018 -0.9948
vn 0.0014 0.1534 -0.9882
vn 0.0010 0.1251 -0.9921
vn 0.0005 0.0585 -0.9983
vn 0.0010 0.1141 -0.9935
vn -0.0003 -0.0268 -0.9996
vn -0.0002 -0.0218 -0.9998
vn -0.0004 -0.0357 -0.9994
vn -0.0004 -0.0356 -0.9994
vn -0.0004 -0.0382 -0.9993
vn -0.0004 -0.0383 -0.9993
vn -0.0026 -0.2371 -0.9715
vn -0.0029 -0.2727 -0.9621
vn -0.0050 -0.4681 -0.8837
vn -0.0056 -0.5291 -0.8486
vn -0.0048 -0.4524 -0.8918
vn -0.0021 -0.2012 -0.9796
vn -0.0024 -0.1797 -0.9837
vn -0.0041 -0.3114 -0.9503
vn -0.0066 -0.4838 -0.8752
vn -0.0065 -0.4850 -0.8745
vn -0.6260 -0.7779 0.0544
vn -0.8758 -0.4768 0.0756
vn -0.9056 -0.4224 0.0388
vn -0.6266 -0.7774 0.0550
vn -0.9668 0.2535 0.0331
vn -0.9177 0.3973 -0.0000
vn -0.6945 0.7195 -0.0000
vn -0.6455 0.7638 -0.0000
vn -0.6077 0.7942 -0.0000
vn -0.6364 0.7714 -0.0000
vn -0.9521 0.3058 0.0000
vn -0.9935 0.1137 -0.0000
vn -0.9152 -0.4029 0.0000
vn -0.9156 -0.4020 0.0000
vn -0.8553 -0.5181 -0.0000
vn -0.8702 -0.4926 0.0000
vn -0.9185 -0.3955 -0.0000
vn -0.8999 -0.4362 -0.0000
vn -0.9438 -0.3305 -0.0000
vn -0.9489 -0.3156 -0.0000
vn -0.9085 -0.4179 -0.0000
vn -0.9108 -0.4128 -0.0000
vn -0.8615 -0.5077 -0.0000
vn -0.8669 -0.4985 -0.0000
vn -0.8997 -0.4365 -0.0000
vn -0.8947 -0.4467 -0.0000
vn -0.9750 -0.2223 -0.0000
vn -0.9734 -0.2290 -0.0000
vn -0.9798 -0.2001 -0.0000
vn -0.9802 -0.1979 -0.0000
vn -0.9857 -0.1685 -0.0000
vn -0.9875 -0.1576 -0.0000
vn -0.9802 0.1981 -0.0000
vn -0.9418 0.3361 -0.0000
vn -0.7592 0.6508 -0.0000
vn -0.7098 0.7045 -0.0000
vn -0.7557 0.6549 -0.0000
vn -0.8248 0.5655 -0.0000
vn -0.9353 0.3537 -0.0000
vn 0.9679 -0.2512 -0.0000
vn -0.9679 0.2512 -0.0000
vn -0.0137 0.9999 -0.0000
vn 0.0002 -0.2426 0.9701
vn 0.0002 -0.3428 0.9394
vn 0.0005 -0.3114 0.9503
vn 0.0003 -0.2420 0.9703
vn -0.0002 -0.0081 1.0000
vn -0.0007 0.2452 0.9695
vn -0.0009 0.4990 0.8666
vn -0.0382 0.5375 0.8424
vn -0.0208 0.3988 0.9168
vn -0.0651 0.4849 0.8722
vn -0.0390 0.3187 0.9470
vn -0.0744 0.0764 0.9943
vn 0.0009 -0.1506 0.9886
vn -0.0287 -0.2305 0.9727
vn 0.0021 -0.3333 0.9428
vn 0.0019 -0.3414 0.9399
vn 0.0019 -0.2707 0.9627
vn 0.0018 -0.2921 0.9564
vn 0.0019 -0.2443 0.9697
vn 0.0017 -0.2450 0.9695
vn 0.0019 -0.2161 0.9764
vn 0.0018 -0.2282 0.9736
vn 0.0016 -0.1689 0.9856
vn 0.0016 -0.1817 0.9834
vn 0.0019 -0.1854 0.9827
vn 0.0017 -0.1751 0.9846
vn 0.0014 -0.1336 0.9910
vn 0.0014 -0.1457 0.9893
vn 0.0011 -0.0950 0.9955
vn 0.0010 -0.0952 0.9955
vn -0.0000 0.0046 1.0000
vn -0.0003 0.0252 0.9997
vn -0.0022 0.2078 0.9782
vn -0.0032 0.3071 0.9517
vn -0.0042 0.4023 0.9155
vn -0.0057 0.4600 0.8879
vn -0.0056 0.4794 0.8776
vn -0.0064 0.4760 0.8794
vn -0.0062 0.4615 0.8871
vn -0.0063 0.4626 0.8865
vn -0.8774 0.4798 -0.0000
vn -0.9951 -0.0811 0.0571
vn -0.9941 -0.1083 -0.0000
vn -0.8174 -0.5674 0.0994
vn -0.7911 -0.6110 0.0290
vn -0.7331 -0.6789 0.0412
vn -0.7813 -0.6242 0.0000
vn -0.8055 -0.5926 0.0000
vn -0.8311 -0.5561 0.0000
vn -0.9105 -0.4136 0.0000
vn -0.9167 -0.3996 -0.0000
vn -0.9994 -0.0352 -0.0000
vn -0.9946 -0.1035 -0.0000
vn -0.9681 0.2507 -0.0000
vn -0.9742 0.2258 -0.0000
vn -0.9424 0.3345 -0.0000
vn -0.9443 0.3291 -0.0000
vn -0.9640 0.2659 0.0000
vn -0.9595 0.2818 -0.0000
vn -0.9422 0.3349 0.0000
vn -0.9510 0.3091 0.0000
vn -0.9470 0.3212 -0.0000
vn -0.9414 0.3372 0.0000
vn -0.9826 0.1855 -0.0000
vn -0.9819 0.1892 -0.0000
vn -0.9994 0.0350 -0.0000
vn -0.9991 0.0427 -0.0000
vn -0.9703 -0.2418 -0.0000
vn -0.9717 -0.2361 -0.0000
vn -0.8180 -0.5753 -0.0000
vn -0.8081 -0.5891 -0.0000
vn -0.6368 -0.7711 -0.0000
vn -0.6193 -0.7851 -0.0000
vn -0.8172 -0.5763 -0.0000
vn -0.9210 -0.3896 -0.0000
vn -0.9354 -0.3535 -0.0000
vn -0.8573 -0.5148 -0.0000
vn -0.5506 -0.8348 -0.0000
vn -0.0001 0.2065 -0.9784
vn -0.0002 0.2063 -0.9785
vn 0.0183 -0.0948 -0.9953
vn 0.0001 -0.0855 -0.9963
vn 0.0143 -0.3191 -0.9476
vn 0.0171 -0.3117 -0.9500
vn 0.0367 -0.4639 -0.8851
vn 0.0264 -0.4079 -0.9127
vn 0.0667 -0.4366 -0.8972
vn 0.0211 -0.3833 -0.9234
vn 0.0316 0.0227 -0.9992
vn 0.0705 -0.2293 -0.9708
vn -0.0014 0.2538 -0.9673
vn 0.0221 0.1385 -0.9901
vn -0.0011 0.1889 -0.9820
vn -0.0011 0.1700 -0.9855
vn -0.0008 0.1332 -0.9911
vn -0.0009 0.1257 -0.9921
vn -0.0007 0.1018 -0.9948
vn -0.0007 0.0944 -0.9955
vn -0.0010 0.1251 -0.9921
vn -0.0014 0.1534 -0.9882
vn -0.0010 0.1141 -0.9935
vn -0.0005 0.0585 -0.9983
vn 0.0002 -0.0218 -0.9998
vn 0.0003 -0.0268 -0.9996
vn 0.0004 -0.0356 -0.9994
vn 0.0004 -0.0357 -0.9994
vn 0.0004 -0.0383 -0.9993
vn 0.0004 -0.0382 -0.9993
vn 0.0029 -0.2727 -0.9621
vn 0.0026 -0.2371 -0.9715
vn 0.0056 -0.5291 -0.8486
vn 0.0050 -0.4681 -0.8837
vn 0.0021 -0.2012 -0.9796
vn 0.0048 -0.4524 -0.8918
vn 0.0041 -0.3114 -0.9503
vn 0.0024 -0.1797 -0.9837
vn 0.0065 -0.4850 -0.8745
vn 0.0066 -0.4838 -0.8752
vn 0.6260 -0.7779 0.0544
vn 0.6266 -0.7774 0.0550
vn 0.9056 -0.4224 0.0388
vn 0.8758 -0.4768 0.0756
vn 0.9177 0.3973 -0.0000
vn 0.9668 0.2535 0.0331
vn 0.6455 0.7638 -0.0000
vn 0.6945 0.7195 -0.0000
vn 0.6364 0.7714 -0.0000
vn 0.6077 0.7942 -0.0000
vn 0.9935 0.1137 -0.0000
vn 0.9521 0.3058 0.0000
vn 0.9156 -0.4020 0.0000
vn 0.9152 -0.4029 0.0000
vn 0.8702 -0.4926 0.0000
vn 0.8553 -0.5181 -0.0000
vn 0.8999 -0.4362 -0.0000
vn 0.9185 -0.3955 -0.0000
vn 0.9489 -0.3156 -0.0000
vn 0.9438 -0.3305 -0.0000
vn 0.9108 -0.4128 -0.0000
vn 0.9085 -0.4179 -0.0000
vn 0.8669 -0.4985 -0.0000
vn 0.8615 -0.5077 -0.0000
vn 0.8947 -0.4467 -0.0000
vn 0.8997 -0.4365 -0.0000
vn 0.9734 -0.2290 -0.0000
vn 0.9750 -0.2223 -0.0000
vn 0.9802 -0.1979 -0.0000
vn 0.9798 -0.2001 -0.0000
vn 0.9875 -0.1576 -0.0000
vn 0.9857 -0.1685 -0.0000
vn 0.9418 0.3361 -0.0000
vn 0.9802 0.1981 -0.0000
vn 0.7098 0.7045 -0.0000
vn 0.7592 0.6508 -0.0000
vn 0.8248 0.5655 -0.0000
vn 0.7557 0.6549 -0.0000
vn 0.9353 0.3537 -0.0000
vn -0.9679 -0.2512 -0.0000
vn 0.9679 0.2512 -0.0000
vn -0.5443 -0.0016 0.8389
vn -0.4200 0.6695 0.6126
vn -0.2209 0.7336 0.6427
vn -0.3091 -0.0035 0.9510
vn -0.2669 0.9293 0.2553
vn -0.1398 0.9540 0.2651
vn -0.2259 0.9742 -0.0013
vn -0.1156 0.9933 -0.0016
vn -0.2743 0.9268 -0.2566
vn -0.1339 0.9543 -0.2671
vn -0.4272 0.6674 -0.6100
vn -0.2109 0.7364 -0.6429
vn -0.5443 0.0016 -0.8389
vn -0.3091 0.0035 -0.9510
vn -0.4200 -0.6695 -0.6126
vn -0.2209 -0.7336 -0.6427
vn -0.2669 -0.9293 -0.2553
vn -0.1398 -0.9540 -0.2651
vn -0.2259 -0.9742 0.0013
vn -0.1156 -0.9933 0.0016
vn -0.2743 -0.9268 0.2566
vn -0.1339 -0.9543 0.2671
vn -0.4272 -0.6674 0.6100
vn -0.2109 -0.7364 0.6429
vn 0.2680 0.7315 0.6270
vn 0.3883 0.0042 0.9215
vn 0.1745 0.9493 0.2615
vn 0.1520 0.9884 0.0020
vn 0.1811 0.9486 -0.2594
vn 0.2800 0.7273 -0.6267
vn 0.3883 -0.0042 -0.9215
vn 0.2680 -0.7315 -0.6270
vn 0.1745 -0.9493 -0.2615
vn 0.1520 -0.9884 -0.0020
vn 0.1811 -0.9486 0.2594
vn 0.2800 -0.7273 0.6267
vn 0.2661 0.7289 0.6307
vn 0.3142 0.0008 0.9493
vn 0.1789 0.9507 0.2532
vn 0.1477 0.9890 0.0008
vn 0.1743 0.9518 -0.2523
vn 0.2622 0.7295 -0.6317
vn 0.3142 -0.0008 -0.9493
vn 0.2661 -0.7289 -0.6307
vn 0.1789 -0.9507 -0.2532
vn 0.1477 -0.9890 -0.0008
vn 0.1743 -0.9518 0.2523
vn 0.2622 -0.7295 0.6317
vn -0.1550 0.7538 0.6386
vn -0.1988 -0.0000 0.9800
vn -0.1040 0.9630 0.2488
vn -0.0905 0.9959 0.0000
vn -0.1040 0.9630 -0.2488
vn -0.1550 0.7538 -0.6386
vn -0.1988 -0.0000 -0.9800
vn -0.1550 -0.7538 -0.6386
vn -0.1040 -0.9630 -0.2488
vn -0.0905 -0.9959 -0.0000
vn -0.1040 -0.9630 0.2488
vn -0.1550 -0.7538 0.6386
vn -0.2957 0.7685 0.5673
vn -0.4161 -0.0000 0.9093
vn -0.2033 0.9534 0.2227
vn -0.1814 0.9834 0.0000
vn -0.2033 0.9534 -0.2227
vn -0.2957 0.7685 -0.5673
vn -0.4161 -0.0000 -0.9093
vn -0.2957 -0.7685 -0.5673
vn -0.2033 -0.9534 -0.2227
vn -0.1814 -0.9834 0.0000
vn -0.2033 -0.9534 0.2227
vn -0.2957 -0.7685 0.5673
vn -0.1100 0.0000 -0.9939
vn -0.0551 0.0000 -0.9985
vn 0.9137 0.0000 -0.4065
vn 0.9782 0.0000 -0.2078
vn -0.9952 0.0000 -0.0982
vn -0.0076 0.0000 -1.0000
vn -0.0151 0.0000 -0.9999
vn -0.9349 0.0000 -0.3548
vn -0.8857 0.0000 -0.4642
vn 0.0000 -0.9568 0.2906
vn -0.9997 0.0000 0.0249
vn -0.9922 -0.0000 -0.1246
vn -0.9922 0.0000 -0.1246
vn -0.9940 -0.0000 -0.1091
vn -0.9576 0.0000 0.2883
vn -0.8729 -0.3921 -0.2904
vn -0.6264 -0.7664 0.1427
vn -0.8660 -0.4382 0.2407
vn -0.8915 -0.4113 -0.1898
vn -0.9231 -0.1728 0.3435
vn -0.7716 0.4304 -0.4684
vn -0.7102 -0.0000 -0.7040
vn -0.8782 0.3794 -0.2912
vn -0.5707 0.8212 0.0000
vn -0.9297 0.1648 -0.3294
vn -0.8734 0.4284 -0.2317
vn -0.6472 0.7494 -0.1399
vn -0.9951 0.0000 0.0992
vn -0.9951 -0.0000 0.0992
vn -0.8629 -0.3184 -0.3924
vn -0.8578 -0.0000 -0.5139
vn -0.0000 -1.0000 -0.0000
vn -0.8714 0.4268 0.2420
vn -0.6508 0.7451 0.1460
vn -0.9219 0.1716 0.3474
vn -0.7645 -0.4331 -0.4774
vn 0.0000 -0.8738 0.4862
vn 0.0000 -0.9973 0.0740
vn 0.0000 -0.9985 -0.0548
vn 0.0000 -0.9987 -0.0509
vn 0.0000 -0.9915 0.1304
vn -0.0000 -0.9999 0.0136
vn 0.0000 -0.9999 0.0136
vn -0.0000 -0.9980 -0.0630
vn 0.0000 -0.9959 -0.0905
vn -0.0000 -0.9959 -0.0905
vn 0.0000 -0.9988 -0.0485
vn 0.0000 -0.7998 0.6003
vn 0.0000 -0.9818 0.1901
vn 0.0000 -0.9754 -0.2203
vn 0.0000 0.9751 -0.2218
vn 0.0000 -0.9785 0.2063
vn 0.0000 -0.9965 0.0835
vn 0.0000 -0.9996 0.0284
vn 0.0000 -0.9938 -0.1113
vn 0.0000 -0.9743 -0.2253
vn 0.0000 -0.9890 0.1476
vn 0.0000 -0.9985 0.0549
vn 0.0000 -0.9995 -0.0323
vn 0.0000 -0.9978 -0.0656
vn 0.0000 -0.9975 -0.0713
vn 0.0959 -0.9954 -0.0077
vn 0.0959 0.9954 -0.0037
vn 0.0000 0.9970 0.0770
vn 0.0000 0.9975 0.0708
vn 0.0000 0.9994 0.0349
vn 0.0000 0.9982 -0.0592
vn 0.0000 0.9873 -0.1590
vn 0.0000 0.9703 0.2420
vn 0.0000 0.9928 0.1200
vn 0.0000 0.9995 -0.0307
vn 0.0000 0.9959 -0.0901
vn -0.0002 -0.2426 -0.9701
vn -0.0002 -0.3428 -0.9394
vn -0.0005 -0.3114 -0.9503
vn -0.0003 -0.2420 -0.9703
vn 0.0002 -0.0081 -1.0000
vn 0.0007 0.2452 -0.9695
vn 0.0009 0.4990 -0.8666
vn 0.0382 0.5375 -0.8424
vn 0.0208 0.3988 -0.9168
vn 0.0651 0.4849 -0.8722
vn 0.0390 0.3187 -0.9470
vn 0.0744 0.0764 -0.9943
vn -0.0009 -0.1506 -0.9886
vn 0.0287 -0.2305 -0.9727
vn -0.0021 -0.3333 -0.9428
vn -0.0019 -0.3414 -0.9399
vn -0.0019 -0.2707 -0.9627
vn -0.0018 -0.2921 -0.9564
vn -0.0019 -0.2443 -0.9697
vn -0.0017 -0.2450 -0.9695
vn -0.0019 -0.2161 -0.9764
vn -0.0018 -0.2282 -0.9736
vn -0.0016 -0.1689 -0.9856
vn -0.0016 -0.1817 -0.9834
vn -0.0019 -0.1854 -0.9827
vn -0.0017 -0.1751 -0.9846
vn -0.0014 -0.1336 -0.9910
vn -0.0014 -0.1457 -0.9893
vn -0.0011 -0.0950 -0.9955
vn -0.0010 -0.0952 -0.9955
vn 0.0000 0.0046 -1.0000
vn 0.0003 0.0252 -0.9997
vn 0.0022 0.2078 -0.9782
vn 0.0032 0.3071 -0.9517
vn 0.0042 0.4023 -0.9155
vn 0.0057 0.4600 -0.8879
vn 0.0056 0.4794 -0.8776
vn 0.0064 0.4760 -0.8794
vn 0.0062 0.4615 -0.8871
vn 0.0063 0.4626 -0.8865
vn 0.9951 -0.0811 -0.0571
vn 0.8174 -0.5674 -0.0994
vn 0.7911 -0.6110 -0.0290
vn 0.7331 -0.6789 -0.0412
vn 0.7813 -0.6242 -0.0000
vn 0.8055 -0.5926 -0.0000
vn 0.8311 -0.5561 -0.0000
vn 0.9105 -0.4136 -0.0000
vn 0.9640 0.2659 -0.0000
vn 0.9422 0.3349 -0.0000
vn 0.9510 0.3091 -0.0000
vn 0.9470 0.3212 0.0000
vn 0.9414 0.3372 -0.0000
vn 0.9826 0.1855 0.0000
vn 0.9819 0.1892 0.0000
vn 0.9991 0.0427 0.0000
vn 0.0001 0.2065 0.9784
vn 0.0002 0.2063 0.9785
vn -0.0183 -0.0948 0.9953
vn -0.0001 -0.0855 0.9963
vn -0.0143 -0.3191 0.9476
vn -0.0171 -0.3117 0.9500
vn -0.0367 -0.4639 0.8851
vn -0.0264 -0.4079 0.9127
vn -0.0667 -0.4366 0.8972
vn -0.0211 -0.3833 0.9234
vn -0.0316 0.0227 0.9992
vn -0.0705 -0.2293 0.9708
vn 0.0014 0.2538 0.9673
vn -0.0221 0.1385 0.9901
vn 0.0011 0.1889 0.9820
vn 0.0011 0.1700 0.9855
vn 0.0008 0.1332 0.9911
vn 0.0009 0.1257 0.9921
vn 0.0007 0.1018 0.9948
vn 0.0007 0.0944 0.9955
vn 0.0010 0.1251 0.9921
vn 0.0014 0.1534 0.9882
vn 0.0010 0.1141 0.9935
vn 0.0005 0.0585 0.9983
vn -0.0002 -0.0218 0.9998
vn -0.0003 -0.0268 0.9996
vn -0.0004 -0.0356 0.9994
vn -0.0004 -0.0357 0.9994
vn -0.0004 -0.0383 0.9993
vn -0.0004 -0.0382 0.9993
vn -0.0029 -0.2727 0.9621
vn -0.0026 -0.2371 0.9715
vn -0.0056 -0.5291 0.8486
vn -0.0050 -0.4681 0.8837
vn -0.0021 -0.2012 0.9796
vn -0.0048 -0.4524 0.8918
vn -0.0041 -0.3114 0.9503
vn -0.0024 -0.1797 0.9837
vn -0.0065 -0.4850 0.8745
vn -0.0066 -0.4838 0.8752
vn -0.6260 -0.7779 -0.0544
vn -0.6266 -0.7774 -0.0550
vn -0.9056 -0.4224 -0.0388
vn -0.8758 -0.4768 -0.0756
vn -0.9668 0.2535 -0.0331
vn -0.9521 0.3058 -0.0000
vn -0.9156 -0.4020 -0.0000
vn -0.9152 -0.4029 -0.0000
vn -0.8702 -0.4926 -0.0000
vn -0.9750 -0.2223 0.0000
vn -0.9802 -0.1979 0.0000
vn -0.9798 -0.2001 0.0000
vn -0.9875 -0.1576 0.0000
vn 0.0002 -0.2426 -0.9701
vn 0.0003 -0.2420 -0.9703
vn 0.0005 -0.3114 -0.9503
vn 0.0002 -0.3428 -0.9394
vn -0.0007 0.2452 -0.9695
vn -0.0002 -0.0081 -1.0000
vn -0.0382 0.5375 -0.8424
vn -0.0009 0.4990 -0.8666
vn -0.0651 0.4849 -0.8722
vn -0.0208 0.3988 -0.9168
vn -0.0744 0.0764 -0.9943
vn -0.0390 0.3187 -0.9470
vn -0.0287 -0.2305 -0.9727
vn 0.0009 -0.1506 -0.9886
vn 0.0019 -0.3414 -0.9399
vn 0.0021 -0.3333 -0.9428
vn 0.0018 -0.2921 -0.9564
vn 0.0019 -0.2707 -0.9627
vn 0.0017 -0.2450 -0.9695
vn 0.0019 -0.2443 -0.9697
vn 0.0018 -0.2282 -0.9736
vn 0.0019 -0.2161 -0.9764
vn 0.0016 -0.1817 -0.9834
vn 0.0016 -0.1689 -0.9856
vn 0.0017 -0.1751 -0.9846
vn 0.0019 -0.1854 -0.9827
vn 0.0014 -0.1457 -0.9893
vn 0.0014 -0.1336 -0.9910
vn 0.0010 -0.0952 -0.9955
vn 0.0011 -0.0950 -0.9955
vn -0.0003 0.0252 -0.9997
vn -0.0000 0.0046 -1.0000
vn -0.0032 0.3071 -0.9517
vn -0.0022 0.2078 -0.9782
vn -0.0057 0.4600 -0.8879
vn -0.0042 0.4023 -0.9155
vn -0.0064 0.4760 -0.8794
vn -0.0056 0.4794 -0.8776
vn -0.0063 0.4626 -0.8865
vn -0.0062 0.4615 -0.8871
vn -0.9951 -0.0811 -0.0571
vn -0.7911 -0.6110 -0.0290
vn -0.8174 -0.5674 -0.0994
vn -0.7813 -0.6242 -0.0000
vn -0.7331 -0.6789 -0.0412
vn -0.8311 -0.5561 -0.0000
vn -0.8055 -0.5926 -0.0000
vn -0.9105 -0.4136 -0.0000
vn -0.9640 0.2659 -0.0000
vn -0.9510 0.3091 -0.0000
vn -0.9422 0.3349 -0.0000
vn -0.9414 0.3372 -0.0000
vn -0.9470 0.3212 0.0000
vn -0.9819 0.1892 0.0000
vn -0.9826 0.1855 0.0000
vn -0.9991 0.0427 0.0000
vn -0.0001 0.2065 0.9784
vn 0.0001 -0.0855 0.9963
vn 0.0183 -0.0948 0.9953
vn -0.0002 0.2063 0.9785
vn 0.0171 -0.3117 0.9500
vn 0.0143 -0.3191 0.9476
vn 0.0264 -0.4079 0.9127
vn 0.0367 -0.4639 0.8851
vn 0.0211 -0.3833 0.9234
vn 0.0667 -0.4366 0.8972
vn 0.0705 -0.2293 0.9708
vn 0.0316 0.0227 0.9992
vn 0.0221 0.1385 0.9901
vn -0.0014 0.2538 0.9673
vn -0.0011 0.1700 0.9855
vn -0.0011 0.1889 0.9820
vn -0.0009 0.1257 0.9921
vn -0.0008 0.1332 0.9911
vn -0.0007 0.0944 0.9955
vn -0.0007 0.1018 0.9948
vn -0.0014 0.1534 0.9882
vn -0.0010 0.1251 0.9921
vn -0.0005 0.0585 0.9983
vn -0.0010 0.1141 0.9935
vn 0.0003 -0.0268 0.9996
vn 0.0002 -0.0218 0.9998
vn 0.0004 -0.0357 0.9994
vn 0.0004 -0.0356 0.9994
vn 0.0004 -0.0382 0.9993
vn 0.0004 -0.0383 0.9993
vn 0.0026 -0.2371 0.9715
vn 0.0029 -0.2727 0.9621
vn 0.0050 -0.4681 0.8837
vn 0.0056 -0.5291 0.8486
vn 0.0048 -0.4524 0.8918
vn 0.0021 -0.2012 0.9796
vn 0.0024 -0.1797 0.9837
vn 0.0041 -0.3114 0.9503
vn 0.0066 -0.4838 0.8752
vn 0.0065 -0.4850 0.8745
vn 0.6260 -0.7779 -0.0544
vn 0.8758 -0.4768 -0.0756
vn 0.9056 -0.4224 -0.0388
vn 0.6266 -0.7774 -0.0550
vn 0.9668 0.2535 -0.0331
vn 0.9521 0.3058 -0.0000
vn 0.9152 -0.4029 -0.0000
vn 0.9156 -0.4020 -0.0000
vn 0.8702 -0.4926 -0.0000
vn 0.9750 -0.2223 0.0000
vn 0.9798 -0.2001 0.0000
vn 0.9802 -0.1979 0.0000
vn 0.9875 -0.1576 0.0000
vn -0.5443 -0.0016 -0.8389
vn -0.3091 -0.0035 -0.9510
vn -0.2209 0.7336 -0.6427
vn -0.4200 0.6695 -0.6126
vn -0.1398 0.9540 -0.2651
vn -0.2669 0.9293 -0.2553
vn -0.1156 0.9933 0.0016
vn -0.2259 0.9742 0.0013
vn -0.1339 0.9543 0.2671
vn -0.2743 0.9268 0.2566
vn -0.2109 0.7364 0.6429
vn -0.4272 0.6674 0.6100
vn -0.3091 0.0035 0.9510
vn -0.5443 0.0016 0.8389
vn -0.2209 -0.7336 0.6427
vn -0.4200 -0.6695 0.6126
vn -0.1398 -0.9540 0.2651
vn -0.2669 -0.9293 0.2553
vn -0.1156 -0.9933 -0.0016
vn -0.2259 -0.9742 -0.0013
vn -0.1339 -0.9543 -0.2671
vn -0.2743 -0.9268 -0.2566
vn -0.2109 -0.7364 -0.6429
vn -0.4272 -0.6674 -0.6100
vn 0.3883 0.0042 -0.9215
vn 0.2680 0.7315 -0.6270
vn 0.1745 0.9493 -0.2615
vn 0.1520 0.9884 -0.0020
vn 0.1811 0.9486 0.2594
vn 0.2800 0.7273 0.6267
vn 0.3883 -0.0042 0.9215
vn 0.2680 -0.7315 0.6270
vn 0.1745 -0.9493 0.2615
vn 0.1520 -0.9884 0.0020
vn 0.1811 -0.9486 -0.2594
vn 0.2800 -0.7273 -0.6267
vn 0.3142 0.0008 -0.9493
vn 0.2661 0.7289 -0.6307
vn 0.1789 0.9507 -0.2532
vn 0.1477 0.9890 -0.0008
vn 0.1743 0.9518 0.2523
vn 0.2622 0.7295 0.6317
vn 0.3142 -0.0008 0.9493
vn 0.2661 -0.7289 0.6307
vn 0.1789 -0.9507 0.2532
vn 0.1477 -0.9890 0.0008
vn 0.1743 -0.9518 -0.2523
vn 0.2622 -0.7295 -0.6317
vn -0.0905 0.9959 -0.0000
vn -0.0905 -0.9959 0.0000
vn -0.1814 0.9834 -0.0000
vn -0.1814 -0.9834 -0.0000
# 825 vertex normals

vt 0.6626 0.1496 0.0000
vt 0.6626 0.1376 0.0000
vt 0.6779 0.1376 0.0000
vt 0.6779 0.1496 0.0000
vt 0.8500 0.2772 0.0000
vt 0.8586 0.2772 0.0000
vt 0.8586 0.2892 0.0000
vt 0.8500 0.2892 0.0000
vt 0.4892 0.8170 0.0000
vt 0.6599 0.8170 0.0000
vt 0.6599 0.8444 0.0000
vt 0.4892 0.8444 0.0000
vt 0.2951 0.8042 0.0000
vt 0.3060 0.8042 0.0000
vt 0.3060 0.8081 0.0000
vt 0.2951 0.8081 0.0000
vt 0.6990 0.6901 0.0000
vt 0.7026 0.6901 0.0000
vt 0.7026 0.6940 0.0000
vt 0.6990 0.6940 0.0000
vt 0.2951 0.3240 0.0000
vt 0.4657 0.3240 0.0000
vt 0.4657 0.3329 0.0000
vt 0.2951 0.3329 0.0000
vt 0.2951 0.7989 0.0000
vt 0.3060 0.7989 0.0000
vt 0.6990 0.6849 0.0000
vt 0.7026 0.6849 0.0000
vt 0.2951 0.7384 0.0000
vt 0.3060 0.7384 0.0000
vt 0.3060 0.7624 0.0000
vt 0.2951 0.7624 0.0000
vt 0.6990 0.6244 0.0000
vt 0.7026 0.6244 0.0000
vt 0.7026 0.6484 0.0000
vt 0.6990 0.6484 0.0000
vt 0.2951 0.1740 0.0000
vt 0.4657 0.1740 0.0000
vt 0.4657 0.2288 0.0000
vt 0.2951 0.2288 0.0000
vt 0.2498 0.4030 0.0000
vt 0.2563 0.4030 0.0000
vt 0.2563 0.4465 0.0000
vt 0.2498 0.4465 0.0000
vt 0.2498 0.3393 0.0000
vt 0.2563 0.3393 0.0000
vt 0.2563 0.3958 0.0000
vt 0.2498 0.3958 0.0000
vt 0.8466 0.1376 0.0000
vt 0.8673 0.1376 0.0000
vt 0.8673 0.1496 0.0000
vt 0.8466 0.1496 0.0000
vt 0.4812 0.8042 0.0000
vt 0.4812 0.8081 0.0000
vt 0.4747 0.8081 0.0000
vt 0.4747 0.8042 0.0000
vt 0.4747 0.7624 0.0000
vt 0.4812 0.7624 0.0000
vt 0.4812 0.7674 0.0000
vt 0.4747 0.7674 0.0000
vt 0.4812 0.7384 0.0000
vt 0.4747 0.7384 0.0000
vt 0.8420 0.2378 0.0000
vt 0.8420 0.2813 0.0000
vt 0.6734 0.2813 0.0000
vt 0.6734 0.2378 0.0000
vt 0.8420 0.1740 0.0000
vt 0.8420 0.2305 0.0000
vt 0.6734 0.2305 0.0000
vt 0.6734 0.1740 0.0000
vt 0.3060 0.7674 0.0000
vt 0.8646 0.2772 0.0000
vt 0.8646 0.2892 0.0000
vt 0.8488 0.8170 0.0000
vt 0.8686 0.8170 0.0000
vt 0.8686 0.8444 0.0000
vt 0.8488 0.8444 0.0000
vt 0.7085 0.6901 0.0000
vt 0.7085 0.6940 0.0000
vt 0.6654 0.3240 0.0000
vt 0.6654 0.3329 0.0000
vt 0.6546 0.3329 0.0000
vt 0.6546 0.3240 0.0000
vt 0.7085 0.6484 0.0000
vt 0.7085 0.6533 0.0000
vt 0.7026 0.6533 0.0000
vt 0.6546 0.2288 0.0000
vt 0.6654 0.2288 0.0000
vt 0.6654 0.2400 0.0000
vt 0.6546 0.2400 0.0000
vt 0.7085 0.6428 0.0000
vt 0.6654 0.1740 0.0000
vt 0.6546 0.1740 0.0000
vt 0.2563 0.4619 0.0000
vt 0.2498 0.4619 0.0000
vt 0.2498 0.4583 0.0000
vt 0.2563 0.4583 0.0000
vt 0.1982 0.3538 0.0000
vt 0.0295 0.3538 0.0000
vt 0.0295 0.3479 0.0000
vt 0.1982 0.3479 0.0000
vt 0.1706 0.6275 0.0000
vt 0.0020 0.6275 0.0000
vt 0.0020 0.6239 0.0000
vt 0.1706 0.6239 0.0000
vt 0.8309 0.8170 0.0000
vt 0.8309 0.8444 0.0000
vt 0.6367 0.3329 0.0000
vt 0.6367 0.3240 0.0000
vt 0.6367 0.2288 0.0000
vt 0.6367 0.2400 0.0000
vt 0.6367 0.1740 0.0000
vt 0.2498 0.4524 0.0000
vt 0.2563 0.4524 0.0000
vt 0.8420 0.2931 0.0000
vt 0.6734 0.2931 0.0000
vt 0.6734 0.2871 0.0000
vt 0.8420 0.2871 0.0000
vt 0.8677 0.2772 0.0000
vt 0.8677 0.2892 0.0000
vt 0.7116 0.6901 0.0000
vt 0.7116 0.6940 0.0000
vt 0.7116 0.6484 0.0000
vt 0.7116 0.6533 0.0000
vt 0.7116 0.6428 0.0000
vt 0.1982 0.3569 0.0000
vt 0.0295 0.3569 0.0000
vt 0.0142 0.3413 0.0000
vt 0.0295 0.3396 0.0000
vt 0.0108 0.3479 0.0000
vt 0.0093 0.3538 0.0000
vt 0.0102 0.3569 0.0000
vt 0.6791 0.0585 0.0000
vt 0.6667 0.0585 0.0000
vt 0.6626 0.0020 0.0000
vt 0.6791 0.0020 0.0000
vt 0.6791 0.1151 0.0000
vt 0.6791 0.1210 0.0000
vt 0.6714 0.1210 0.0000
vt 0.6699 0.1151 0.0000
vt 0.6791 0.1246 0.0000
vt 0.6748 0.1276 0.0000
vt 0.6901 0.1246 0.0000
vt 0.6901 0.1293 0.0000
vt 0.8588 0.1246 0.0000
vt 0.8588 0.1293 0.0000
vt 0.8653 0.1246 0.0000
vt 0.8795 0.1296 0.0000
vt 0.8653 0.1210 0.0000
vt 0.8834 0.1210 0.0000
vt 0.8653 0.1151 0.0000
vt 0.8834 0.1151 0.0000
vt 0.8653 0.1119 0.0000
vt 0.8834 0.1119 0.0000
vt 0.1982 0.4104 0.0000
vt 0.2228 0.4104 0.0000
vt 0.2228 0.4669 0.0000
vt 0.1982 0.4669 0.0000
vt 0.2228 0.3479 0.0000
vt 0.2228 0.3538 0.0000
vt 0.2190 0.3393 0.0000
vt 0.1982 0.3396 0.0000
vt 0.6367 0.0440 0.0000
vt 0.6546 0.0020 0.0000
vt 0.6546 0.0356 0.0000
vt 0.6367 0.0690 0.0000
vt 0.4637 0.8366 0.0000
vt 0.4637 0.8513 0.0000
vt 0.2951 0.8513 0.0000
vt 0.2951 0.8366 0.0000
vt 0.7049 0.5308 0.0000
vt 0.7049 0.5456 0.0000
vt 0.6990 0.5456 0.0000
vt 0.6990 0.5308 0.0000
vt 0.7081 0.5308 0.0000
vt 0.7081 0.5456 0.0000
vt 0.2951 0.0440 0.0000
vt 0.4657 0.0440 0.0000
vt 0.4657 0.0690 0.0000
vt 0.2951 0.0690 0.0000
vt 0.3060 0.7179 0.0000
vt 0.4747 0.7179 0.0000
vt 0.8368 0.6049 0.0000
vt 0.8260 0.6049 0.0000
vt 0.8260 0.5581 0.0000
vt 0.8368 0.5581 0.0000
vt 0.2951 0.8161 0.0000
vt 0.4637 0.8161 0.0000
vt 0.9947 0.3614 0.0000
vt 0.9911 0.3614 0.0000
vt 0.9911 0.3409 0.0000
vt 0.9947 0.3409 0.0000
vt 0.9195 0.2772 0.0000
vt 0.9211 0.2772 0.0000
vt 0.9211 0.2892 0.0000
vt 0.9195 0.2892 0.0000
vt 0.6649 0.8170 0.0000
vt 0.6742 0.8170 0.0000
vt 0.6742 0.8444 0.0000
vt 0.6649 0.8444 0.0000
vt 0.7651 0.6901 0.0000
vt 0.7651 0.6940 0.0000
vt 0.7635 0.6940 0.0000
vt 0.7635 0.6901 0.0000
vt 0.4800 0.3240 0.0000
vt 0.4800 0.3329 0.0000
vt 0.4707 0.3329 0.0000
vt 0.4707 0.3240 0.0000
vt 0.7635 0.6484 0.0000
vt 0.7651 0.6484 0.0000
vt 0.7651 0.6533 0.0000
vt 0.7635 0.6533 0.0000
vt 0.4707 0.2288 0.0000
vt 0.4800 0.2288 0.0000
vt 0.4800 0.2400 0.0000
vt 0.4707 0.2400 0.0000
vt 0.7651 0.6428 0.0000
vt 0.7635 0.6428 0.0000
vt 0.4800 0.1740 0.0000
vt 0.4707 0.1740 0.0000
vt 0.2563 0.4005 0.0000
vt 0.2498 0.4005 0.0000
vt 0.2498 0.3974 0.0000
vt 0.2563 0.3974 0.0000
vt 0.0295 0.4104 0.0000
vt 0.0295 0.4087 0.0000
vt 0.1982 0.4087 0.0000
vt 0.8420 0.2353 0.0000
vt 0.6734 0.2353 0.0000
vt 0.6734 0.2322 0.0000
vt 0.8420 0.2322 0.0000
vt 0.0061 0.4104 0.0000
vt 0.0063 0.4087 0.0000
vt 0.6791 0.0601 0.0000
vt 0.6791 0.0632 0.0000
vt 0.6672 0.0632 0.0000
vt 0.6669 0.0601 0.0000
vt 0.8653 0.0601 0.0000
vt 0.8653 0.0585 0.0000
vt 0.8834 0.0585 0.0000
vt 0.8834 0.0601 0.0000
vt 0.1982 0.4057 0.0000
vt 0.2228 0.4057 0.0000
vt 0.2228 0.4087 0.0000
vt 0.7599 0.5308 0.0000
vt 0.7615 0.5308 0.0000
vt 0.7615 0.5456 0.0000
vt 0.7599 0.5456 0.0000
vt 0.4800 0.0440 0.0000
vt 0.4800 0.0690 0.0000
vt 0.4707 0.0690 0.0000
vt 0.4707 0.0440 0.0000
vt 0.9164 0.2772 0.0000
vt 0.9164 0.2892 0.0000
vt 0.7604 0.6940 0.0000
vt 0.7604 0.6901 0.0000
vt 0.7604 0.6484 0.0000
vt 0.7604 0.6533 0.0000
vt 0.7604 0.6428 0.0000
vt 0.0295 0.4057 0.0000
vt 0.0067 0.4057 0.0000
vt 0.8653 0.0632 0.0000
vt 0.8834 0.0632 0.0000
vt 0.7568 0.5456 0.0000
vt 0.7568 0.5308 0.0000
vt 0.6819 0.8170 0.0000
vt 0.6819 0.8444 0.0000
vt 0.4877 0.3240 0.0000
vt 0.4877 0.3329 0.0000
vt 0.4877 0.1740 0.0000
vt 0.4877 0.2288 0.0000
vt 0.6791 0.0658 0.0000
vt 0.6676 0.0658 0.0000
vt 0.1982 0.4031 0.0000
vt 0.2228 0.4031 0.0000
vt 0.4877 0.0440 0.0000
vt 0.4877 0.0690 0.0000
vt 0.8214 0.8170 0.0000
vt 0.8214 0.8444 0.0000
vt 0.6272 0.3329 0.0000
vt 0.6272 0.3240 0.0000
vt 0.6272 0.2288 0.0000
vt 0.6272 0.2400 0.0000
vt 0.6272 0.1740 0.0000
vt 0.2498 0.4492 0.0000
vt 0.2563 0.4492 0.0000
vt 0.6734 0.2840 0.0000
vt 0.8420 0.2840 0.0000
vt 0.8704 0.2772 0.0000
vt 0.8704 0.2892 0.0000
vt 0.7144 0.6901 0.0000
vt 0.7144 0.6940 0.0000
vt 0.7144 0.6484 0.0000
vt 0.7144 0.6533 0.0000
vt 0.7144 0.6428 0.0000
vt 0.1982 0.3596 0.0000
vt 0.0295 0.3596 0.0000
vt 0.0111 0.3596 0.0000
vt 0.6708 0.1119 0.0000
vt 0.6791 0.1119 0.0000
vt 0.8653 0.1092 0.0000
vt 0.8834 0.1092 0.0000
vt 0.2228 0.3569 0.0000
vt 0.6272 0.0690 0.0000
vt 0.6272 0.0440 0.0000
vt 0.7108 0.5308 0.0000
vt 0.7108 0.5456 0.0000
vt 0.8312 0.7082 0.0000
vt 0.8296 0.7082 0.0000
vt 0.8296 0.6517 0.0000
vt 0.8312 0.6517 0.0000
vt 0.0036 0.6815 0.0000
vt 0.0020 0.6815 0.0000
vt 0.0020 0.6380 0.0000
vt 0.0036 0.6380 0.0000
vt 0.8578 0.1740 0.0000
vt 0.8578 0.1853 0.0000
vt 0.8500 0.1853 0.0000
vt 0.8500 0.1740 0.0000
vt 0.8348 0.6517 0.0000
vt 0.8348 0.7082 0.0000
vt 0.7730 0.4853 0.0000
vt 0.7694 0.4853 0.0000
vt 0.7694 0.4803 0.0000
vt 0.7730 0.4803 0.0000
vt 0.4769 0.8177 0.0000
vt 0.4733 0.8177 0.0000
vt 0.4733 0.8161 0.0000
vt 0.4769 0.8161 0.0000
vt 0.4892 0.9913 0.0000
vt 0.4928 0.9913 0.0000
vt 0.4928 0.9966 0.0000
vt 0.4892 0.9966 0.0000
vt 0.0072 0.6380 0.0000
vt 0.0036 0.6355 0.0000
vt 0.0072 0.6355 0.0000
vt 0.7730 0.3903 0.0000
vt 0.7694 0.3903 0.0000
vt 0.7694 0.3854 0.0000
vt 0.7730 0.3854 0.0000
vt 0.2695 0.3420 0.0000
vt 0.2659 0.3420 0.0000
vt 0.2659 0.3393 0.0000
vt 0.2695 0.3393 0.0000
vt 0.6272 0.1439 0.0000
vt 0.6272 0.1660 0.0000
vt 0.6190 0.1660 0.0000
vt 0.6190 0.1439 0.0000
vt 0.6546 0.1660 0.0000
vt 0.6367 0.1660 0.0000
vt 0.6367 0.1439 0.0000
vt 0.6546 0.1363 0.0000
vt 0.4637 0.9085 0.0000
vt 0.2951 0.9085 0.0000
vt 0.2951 0.8955 0.0000
vt 0.4637 0.8955 0.0000
vt 0.7049 0.6028 0.0000
vt 0.6990 0.6028 0.0000
vt 0.6990 0.5897 0.0000
vt 0.7049 0.5897 0.0000
vt 0.7081 0.6028 0.0000
vt 0.7081 0.5897 0.0000
vt 0.7568 0.5897 0.0000
vt 0.7568 0.6028 0.0000
vt 0.7542 0.6028 0.0000
vt 0.7542 0.5897 0.0000
vt 0.4657 0.1439 0.0000
vt 0.4657 0.1660 0.0000
vt 0.2951 0.1660 0.0000
vt 0.2951 0.1439 0.0000
vt 0.4707 0.1439 0.0000
vt 0.4707 0.1660 0.0000
vt 0.8180 0.5897 0.0000
vt 0.8180 0.6028 0.0000
vt 0.7615 0.6028 0.0000
vt 0.7615 0.5897 0.0000
vt 0.4800 0.1660 0.0000
vt 0.4800 0.1439 0.0000
vt 0.7599 0.6028 0.0000
vt 0.7599 0.5897 0.0000
vt 0.4877 0.1660 0.0000
vt 0.4877 0.1439 0.0000
vt 0.7108 0.6028 0.0000
vt 0.7108 0.5897 0.0000
vt 0.2951 0.7674 0.0000
vt 0.6990 0.6533 0.0000
vt 0.4747 0.7989 0.0000
vt 0.4812 0.7989 0.0000
vt 0.7085 0.6849 0.0000
vt 0.6546 0.3120 0.0000
vt 0.6654 0.3120 0.0000
vt 0.6367 0.3120 0.0000
vt 0.7116 0.6849 0.0000
vt 0.8216 0.6901 0.0000
vt 0.7651 0.6849 0.0000
vt 0.8216 0.6849 0.0000
vt 0.4707 0.3120 0.0000
vt 0.4800 0.3120 0.0000
vt 0.7604 0.6849 0.0000
vt 0.7635 0.6849 0.0000
vt 0.6272 0.3120 0.0000
vt 0.7578 0.6901 0.0000
vt 0.7144 0.6849 0.0000
vt 0.7578 0.6849 0.0000
vt 0.1776 0.5701 0.0000
vt 0.1727 0.5701 0.0000
vt 0.1727 0.5581 0.0000
vt 0.1776 0.5581 0.0000
vt 0.9973 0.2573 0.0000
vt 0.9973 0.2692 0.0000
vt 0.9891 0.2692 0.0000
vt 0.9891 0.2573 0.0000
vt 0.7730 0.5221 0.0000
vt 0.7694 0.5221 0.0000
vt 0.7694 0.5169 0.0000
vt 0.7730 0.5169 0.0000
vt 0.4892 0.9597 0.0000
vt 0.4928 0.9597 0.0000
vt 0.7730 0.4271 0.0000
vt 0.7694 0.4271 0.0000
vt 0.7694 0.4219 0.0000
vt 0.7730 0.4219 0.0000
vt 0.6190 0.0690 0.0000
vt 0.7542 0.5456 0.0000
vt 0.8180 0.5456 0.0000
vt 0.8132 0.8170 0.0000
vt 0.8132 0.8444 0.0000
vt 0.6190 0.3329 0.0000
vt 0.6190 0.3240 0.0000
vt 0.6190 0.2288 0.0000
vt 0.6190 0.1740 0.0000
vt 0.6717 0.1092 0.0000
vt 0.6791 0.1092 0.0000
vt 0.2228 0.3596 0.0000
vt 0.6190 0.0440 0.0000
vt 0.9973 0.1740 0.0000
vt 0.9973 0.1853 0.0000
vt 0.9891 0.1853 0.0000
vt 0.9891 0.1740 0.0000
vt 0.0072 0.6842 0.0000
vt 0.0036 0.6842 0.0000
vt 0.0072 0.6815 0.0000
vt 0.9139 0.2772 0.0000
vt 0.9139 0.2892 0.0000
vt 0.7578 0.6940 0.0000
vt 0.7578 0.6484 0.0000
vt 0.7578 0.6533 0.0000
vt 0.7578 0.6428 0.0000
vt 0.0295 0.4031 0.0000
vt 0.0070 0.4031 0.0000
vt 0.8653 0.0658 0.0000
vt 0.8834 0.0658 0.0000
vt 0.7542 0.5308 0.0000
vt 0.2695 0.3854 0.0000
vt 0.2659 0.3854 0.0000
vt 0.2643 0.3854 0.0000
vt 0.2643 0.3420 0.0000
vt 0.8578 0.2573 0.0000
vt 0.2695 0.3880 0.0000
vt 0.2659 0.3880 0.0000
vt 0.8578 0.2692 0.0000
vt 0.8500 0.2692 0.0000
vt 0.8500 0.2573 0.0000
vt 0.1776 0.4749 0.0000
vt 0.1776 0.4861 0.0000
vt 0.1727 0.4861 0.0000
vt 0.1727 0.4749 0.0000
vt 0.8348 0.7098 0.0000
vt 0.8312 0.7098 0.0000
vt 0.9776 0.2772 0.0000
vt 0.9776 0.2892 0.0000
vt 0.8216 0.6940 0.0000
vt 0.8216 0.6484 0.0000
vt 0.8216 0.6533 0.0000
vt 0.8216 0.6428 0.0000
vt 0.0295 0.4669 0.0000
vt 0.0020 0.4669 0.0000
vt 0.8653 0.0020 0.0000
vt 0.8834 0.0020 0.0000
vt 0.8180 0.5308 0.0000
vt 0.4769 0.8742 0.0000
vt 0.4733 0.8742 0.0000
vt 0.4717 0.8742 0.0000
vt 0.4717 0.8177 0.0000
vt 0.0020 0.5581 0.0000
vt 0.0020 0.4861 0.0000
vt 0.4892 0.9548 0.0000
vt 0.4928 0.9548 0.0000
vt 0.2418 0.4619 0.0000
vt 0.2308 0.4619 0.0000
vt 0.2308 0.4583 0.0000
vt 0.2418 0.4583 0.0000
vt 0.2308 0.4524 0.0000
vt 0.2418 0.4524 0.0000
vt 0.2308 0.4492 0.0000
vt 0.2418 0.4492 0.0000
vt 0.2308 0.4465 0.0000
vt 0.2418 0.4465 0.0000
vt 0.2308 0.4030 0.0000
vt 0.2418 0.4030 0.0000
vt 0.2308 0.4005 0.0000
vt 0.2418 0.4005 0.0000
vt 0.2308 0.3974 0.0000
vt 0.2418 0.3974 0.0000
vt 0.2308 0.3958 0.0000
vt 0.2418 0.3958 0.0000
vt 0.2308 0.3393 0.0000
vt 0.2418 0.3393 0.0000
vt 0.8306 0.3011 0.0000
vt 0.8306 0.3314 0.0000
vt 0.8208 0.3314 0.0000
vt 0.8208 0.3011 0.0000
vt 0.5194 0.8524 0.0000
vt 0.5305 0.8524 0.0000
vt 0.5305 0.8828 0.0000
vt 0.5194 0.8828 0.0000
vt 0.5641 0.8524 0.0000
vt 0.5809 0.8524 0.0000
vt 0.5809 0.8828 0.0000
vt 0.5641 0.8828 0.0000
vt 0.5954 0.8524 0.0000
vt 0.6204 0.8524 0.0000
vt 0.6204 0.8828 0.0000
vt 0.5954 0.8828 0.0000
vt 0.6885 0.8524 0.0000
vt 0.7414 0.8524 0.0000
vt 0.7414 0.8828 0.0000
vt 0.6885 0.8828 0.0000
vt 0.8013 0.8524 0.0000
vt 0.8013 0.8828 0.0000
vt 0.2160 0.5167 0.0000
vt 0.2160 0.5430 0.0000
vt 0.1856 0.5430 0.0000
vt 0.1856 0.5167 0.0000
vt 0.4892 0.8524 0.0000
vt 0.5080 0.8524 0.0000
vt 0.5080 0.8828 0.0000
vt 0.4892 0.8828 0.0000
vt 0.8275 0.7595 0.0000
vt 0.8177 0.7595 0.0000
vt 0.8177 0.7179 0.0000
vt 0.8275 0.7179 0.0000
vt 0.8013 0.7595 0.0000
vt 0.8013 0.7480 0.0000
vt 0.8013 0.7471 0.0000
vt 0.8013 0.7443 0.0000
vt 0.7825 0.7595 0.0000
vt 0.7825 0.7519 0.0000
vt 0.7711 0.7595 0.0000
vt 0.7600 0.7595 0.0000
vt 0.7600 0.7532 0.0000
vt 0.7711 0.7529 0.0000
vt 0.7096 0.7595 0.0000
vt 0.7096 0.7503 0.0000
vt 0.7264 0.7478 0.0000
vt 0.7264 0.7595 0.0000
vt 0.6951 0.7595 0.0000
vt 0.6701 0.7595 0.0000
vt 0.6701 0.7503 0.0000
vt 0.6951 0.7511 0.0000
vt 0.6020 0.7595 0.0000
vt 0.5491 0.7595 0.0000
vt 0.5491 0.7420 0.0000
vt 0.6020 0.7458 0.0000
vt 0.4892 0.7595 0.0000
vt 0.4892 0.7419 0.0000
vt 0.8275 0.8090 0.0000
vt 0.7676 0.8090 0.0000
vt 0.7676 0.7859 0.0000
vt 0.8275 0.7858 0.0000
vt 0.7148 0.8090 0.0000
vt 0.7148 0.7909 0.0000
vt 0.6467 0.8090 0.0000
vt 0.6467 0.7968 0.0000
vt 0.6216 0.8090 0.0000
vt 0.6072 0.8090 0.0000
vt 0.6072 0.7969 0.0000
vt 0.6216 0.7978 0.0000
vt 0.5761 0.8090 0.0000
vt 0.5761 0.7979 0.0000
vt 0.5903 0.7935 0.0000
vt 0.5903 0.8090 0.0000
vt 0.5456 0.8090 0.0000
vt 0.5343 0.8090 0.0000
vt 0.5343 0.7991 0.0000
vt 0.5456 0.8003 0.0000
vt 0.4991 0.8090 0.0000
vt 0.4991 0.7675 0.0000
vt 0.5155 0.7938 0.0000
vt 0.5155 0.8090 0.0000
vt 0.4892 0.8090 0.0000
vt 0.4892 0.7675 0.0000
vt 0.9415 0.3409 0.0000
vt 0.9831 0.3409 0.0000
vt 0.9831 0.3712 0.0000
vt 0.9415 0.3712 0.0000
vt 0.5498 0.8524 0.0000
vt 0.5498 0.8828 0.0000
vt 0.7407 0.7511 0.0000
vt 0.7407 0.7595 0.0000
vt 0.5568 0.8090 0.0000
vt 0.5568 0.8008 0.0000
vt 0.7825 0.7495 0.0000
vt 0.7825 0.7514 0.0000
vt 0.7600 0.7512 0.0000
vt 0.7711 0.7508 0.0000
vt 0.7711 0.7524 0.0000
vt 0.7600 0.7527 0.0000
vt 0.7096 0.7495 0.0000
vt 0.7096 0.7473 0.0000
vt 0.7264 0.7440 0.0000
vt 0.7264 0.7468 0.0000
vt 0.6701 0.7473 0.0000
vt 0.6951 0.7483 0.0000
vt 0.6951 0.7504 0.0000
vt 0.6701 0.7495 0.0000
vt 0.5491 0.7363 0.0000
vt 0.6020 0.7414 0.0000
vt 0.6020 0.7447 0.0000
vt 0.5491 0.7406 0.0000
vt 0.4892 0.7362 0.0000
vt 0.4892 0.7405 0.0000
vt 0.7407 0.7483 0.0000
vt 0.7407 0.7504 0.0000
vt 0.9767 0.9016 0.0000
vt 0.9955 0.8974 0.0000
vt 0.9955 0.8983 0.0000
vt 0.9767 0.9022 0.0000
vt 0.9542 0.9030 0.0000
vt 0.9653 0.9027 0.0000
vt 0.9653 0.9032 0.0000
vt 0.9542 0.9035 0.0000
vt 0.9038 0.8998 0.0000
vt 0.9206 0.8971 0.0000
vt 0.9206 0.8980 0.0000
vt 0.9038 0.9006 0.0000
vt 0.8642 0.8998 0.0000
vt 0.8893 0.9007 0.0000
vt 0.8893 0.9014 0.0000
vt 0.8642 0.9005 0.0000
vt 0.7433 0.8909 0.0000
vt 0.7962 0.8950 0.0000
vt 0.7962 0.8961 0.0000
vt 0.7433 0.8923 0.0000
vt 0.6834 0.8908 0.0000
vt 0.6834 0.8922 0.0000
vt 0.9349 0.9007 0.0000
vt 0.9349 0.9013 0.0000
vt 0.9767 0.9115 0.0000
vt 0.9955 0.9115 0.0000
vt 0.9955 0.9151 0.0000
vt 0.9767 0.9151 0.0000
vt 0.8789 0.1376 0.0000
vt 0.8789 0.1385 0.0000
vt 0.8753 0.1385 0.0000
vt 0.8753 0.1376 0.0000
vt 0.6834 0.9231 0.0000
vt 0.7022 0.9231 0.0000
vt 0.7022 0.9267 0.0000
vt 0.6834 0.9267 0.0000
vt 0.7136 0.9231 0.0000
vt 0.7136 0.9267 0.0000
vt 0.7247 0.9231 0.0000
vt 0.7247 0.9267 0.0000
vt 0.7440 0.9231 0.0000
vt 0.7440 0.9267 0.0000
vt 0.7583 0.9231 0.0000
vt 0.7583 0.9267 0.0000
vt 0.7751 0.9231 0.0000
vt 0.7751 0.9267 0.0000
vt 0.7896 0.9231 0.0000
vt 0.7896 0.9267 0.0000
vt 0.8146 0.9231 0.0000
vt 0.8146 0.9267 0.0000
vt 0.8827 0.9231 0.0000
vt 0.8827 0.9267 0.0000
vt 0.9356 0.9231 0.0000
vt 0.9356 0.9267 0.0000
vt 0.9955 0.9231 0.0000
vt 0.9955 0.9267 0.0000
vt 0.6834 0.9115 0.0000
vt 0.7433 0.9115 0.0000
vt 0.7433 0.9151 0.0000
vt 0.6834 0.9151 0.0000
vt 0.7962 0.9115 0.0000
vt 0.7962 0.9151 0.0000
vt 0.8642 0.9115 0.0000
vt 0.8642 0.9151 0.0000
vt 0.8893 0.9115 0.0000
vt 0.8893 0.9151 0.0000
vt 0.9038 0.9115 0.0000
vt 0.9038 0.9151 0.0000
vt 0.9206 0.9115 0.0000
vt 0.9206 0.9151 0.0000
vt 0.9349 0.9115 0.0000
vt 0.9349 0.9151 0.0000
vt 0.9542 0.9115 0.0000
vt 0.9542 0.9151 0.0000
vt 0.9653 0.9115 0.0000
vt 0.9653 0.9151 0.0000
vt 0.8752 0.8711 0.0000
vt 0.8093 0.8698 0.0000
vt 0.8106 0.8527 0.0000
vt 0.8736 0.8540 0.0000
vt 0.2951 0.9470 0.0000
vt 0.2951 0.9165 0.0000
vt 0.4344 0.9165 0.0000
vt 0.4344 0.9470 0.0000
vt 0.2951 0.6684 0.0000
vt 0.3071 0.6370 0.0000
vt 0.3205 0.6427 0.0000
vt 0.3065 0.6793 0.0000
vt 0.3367 0.6411 0.0000
vt 0.3211 0.6821 0.0000
vt 0.3551 0.6339 0.0000
vt 0.3386 0.6775 0.0000
vt 0.3725 0.6291 0.0000
vt 0.3582 0.6670 0.0000
vt 0.3892 0.6260 0.0000
vt 0.3763 0.6607 0.0000
vt 0.4051 0.6252 0.0000
vt 0.3901 0.6655 0.0000
vt 0.4197 0.6279 0.0000
vt 0.4039 0.6704 0.0000
vt 0.4337 0.6319 0.0000
vt 0.4169 0.6775 0.0000
vt 0.4476 0.6362 0.0000
vt 0.4312 0.6809 0.0000
vt 0.4620 0.6393 0.0000
vt 0.4451 0.6857 0.0000
vt 0.4756 0.6444 0.0000
vt 0.4587 0.6909 0.0000
vt 0.4900 0.6477 0.0000
vt 0.4718 0.6976 0.0000
vt 0.5045 0.6503 0.0000
vt 0.4859 0.7017 0.0000
vt 0.5197 0.6514 0.0000
vt 0.5006 0.7043 0.0000
vt 0.5359 0.6496 0.0000
vt 0.5149 0.7078 0.0000
vt 0.5540 0.6430 0.0000
vt 0.5297 0.7099 0.0000
vt 0.5731 0.6336 0.0000
vt 0.5467 0.7064 0.0000
vt 0.5881 0.6351 0.0000
vt 0.5657 0.6979 0.0000
vt 0.6035 0.6271 0.0000
vt 0.5787 0.6968 0.0000
vt 0.7039 0.4678 0.0000
vt 0.7026 0.4507 0.0000
vt 0.7180 0.4520 0.0000
vt 0.7193 0.4694 0.0000
vt 0.7331 0.4482 0.0000
vt 0.7349 0.4723 0.0000
vt 0.7482 0.4457 0.0000
vt 0.7498 0.4671 0.0000
vt 0.7631 0.4397 0.0000
vt 0.7646 0.4611 0.0000
vt 0.7781 0.4359 0.0000
vt 0.7796 0.4565 0.0000
vt 0.7936 0.4379 0.0000
vt 0.7950 0.4572 0.0000
vt 0.8090 0.4394 0.0000
vt 0.8105 0.4598 0.0000
vt 0.8243 0.4402 0.0000
vt 0.8259 0.4622 0.0000
vt 0.8397 0.4408 0.0000
vt 0.8414 0.4639 0.0000
vt 0.8550 0.4412 0.0000
vt 0.8568 0.4655 0.0000
vt 0.8704 0.4424 0.0000
vt 0.8722 0.4668 0.0000
vt 0.8856 0.4420 0.0000
vt 0.8875 0.4677 0.0000
vt 0.9009 0.4415 0.0000
vt 0.9029 0.4691 0.0000
vt 0.9161 0.4409 0.0000
vt 0.9182 0.4694 0.0000
vt 0.9313 0.4403 0.0000
vt 0.9335 0.4699 0.0000
vt 0.8433 0.5501 0.0000
vt 0.8369 0.5419 0.0000
vt 0.9003 0.5419 0.0000
vt 0.9017 0.5501 0.0000
vt 0.8260 0.5308 0.0000
vt 0.8941 0.5308 0.0000
vt 0.6993 0.7098 0.0000
vt 0.6990 0.7020 0.0000
vt 0.7586 0.7020 0.0000
vt 0.7673 0.7098 0.0000
vt 0.6903 0.9441 0.0000
vt 0.6834 0.9347 0.0000
vt 0.7434 0.9347 0.0000
vt 0.7499 0.9441 0.0000
vt 0.6946 0.4784 0.0000
vt 0.6839 0.4895 0.0000
vt 0.6666 0.4517 0.0000
vt 0.6796 0.4458 0.0000
vt 0.6689 0.4911 0.0000
vt 0.6490 0.4476 0.0000
vt 0.6511 0.4868 0.0000
vt 0.6314 0.4435 0.0000
vt 0.6307 0.4767 0.0000
vt 0.6137 0.4391 0.0000
vt 0.6122 0.4708 0.0000
vt 0.5967 0.4364 0.0000
vt 0.5987 0.4758 0.0000
vt 0.5808 0.4359 0.0000
vt 0.5853 0.4810 0.0000
vt 0.5664 0.4388 0.0000
vt 0.5729 0.4883 0.0000
vt 0.5527 0.4431 0.0000
vt 0.5588 0.4920 0.0000
vt 0.5391 0.4477 0.0000
vt 0.5453 0.4970 0.0000
vt 0.5249 0.4510 0.0000
vt 0.5321 0.5025 0.0000
vt 0.5117 0.4564 0.0000
vt 0.5195 0.5094 0.0000
vt 0.4977 0.4599 0.0000
vt 0.5057 0.5138 0.0000
vt 0.4833 0.4628 0.0000
vt 0.4912 0.5166 0.0000
vt 0.4683 0.4641 0.0000
vt 0.4772 0.5205 0.0000
vt 0.4519 0.4626 0.0000
vt 0.4625 0.5228 0.0000
vt 0.4334 0.4564 0.0000
vt 0.4452 0.5197 0.0000
vt 0.4135 0.4474 0.0000
vt 0.4257 0.5115 0.0000
vt 0.3987 0.4492 0.0000
vt 0.4126 0.5107 0.0000
vt 0.3827 0.4415 0.0000
vt 0.8925 0.8524 0.0000
vt 0.8941 0.8699 0.0000
vt 0.8914 0.0644 0.0000
vt 0.8914 0.0470 0.0000
vt 0.9067 0.0438 0.0000
vt 0.9067 0.0661 0.0000
vt 0.9221 0.0487 0.0000
vt 0.9221 0.0701 0.0000
vt 0.2383 0.5982 0.0000
vt 0.1962 0.5982 0.0000
vt 0.2022 0.5860 0.0000
vt 0.2444 0.5860 0.0000
vt 0.2107 0.5781 0.0000
vt 0.2514 0.5781 0.0000
vt 0.4892 0.9074 0.0000
vt 0.5047 0.9088 0.0000
vt 0.5061 0.9280 0.0000
vt 0.4907 0.9281 0.0000
vt 0.5198 0.9055 0.0000
vt 0.5214 0.9260 0.0000
vt 0.5350 0.9026 0.0000
vt 0.5366 0.9246 0.0000
vt 0.5502 0.9003 0.0000
vt 0.5519 0.9234 0.0000
vt 0.5654 0.8981 0.0000
vt 0.5672 0.9225 0.0000
vt 0.5807 0.8962 0.0000
vt 0.5825 0.9206 0.0000
vt 0.5960 0.8947 0.0000
vt 0.5979 0.9204 0.0000
vt 0.6112 0.8928 0.0000
vt 0.6132 0.9204 0.0000
vt 0.6265 0.8919 0.0000
vt 0.6286 0.9204 0.0000
vt 0.6418 0.8908 0.0000
vt 0.6440 0.9204 0.0000
vt 0.6573 0.8912 0.0000
vt 0.6596 0.9234 0.0000
vt 0.6729 0.8940 0.0000
vt 0.6754 0.9286 0.0000
vt 0.4892 0.9468 0.0000
vt 0.4979 0.9366 0.0000
vt 0.5576 0.9366 0.0000
vt 0.5573 0.9468 0.0000
vt 0.8914 0.0020 0.0000
vt 0.9037 0.0053 0.0000
vt 0.9037 0.0358 0.0000
vt 0.8914 0.0323 0.0000
vt 0.6910 0.6244 0.0000
vt 0.6662 0.6940 0.0000
vt 0.8355 0.7979 0.0000
vt 0.8355 0.7675 0.0000
vt 0.9204 0.7675 0.0000
vt 0.9204 0.7979 0.0000
vt 0.3249 0.5096 0.0000
vt 0.2951 0.4404 0.0000
vt 0.9886 0.0053 0.0000
vt 0.9886 0.0358 0.0000
vt 0.9425 0.8357 0.0000
vt 0.9409 0.8186 0.0000
vt 0.8780 0.8173 0.0000
vt 0.8766 0.8344 0.0000
vt 0.6734 0.3315 0.0000
vt 0.8128 0.3315 0.0000
vt 0.8128 0.3011 0.0000
vt 0.6734 0.3011 0.0000
vt 0.2951 0.5749 0.0000
vt 0.3065 0.5858 0.0000
vt 0.3205 0.5492 0.0000
vt 0.3071 0.5435 0.0000
vt 0.3211 0.5885 0.0000
vt 0.3367 0.5476 0.0000
vt 0.3386 0.5839 0.0000
vt 0.3551 0.5403 0.0000
vt 0.3582 0.5735 0.0000
vt 0.3725 0.5356 0.0000
vt 0.3763 0.5672 0.0000
vt 0.3892 0.5325 0.0000
vt 0.3901 0.5719 0.0000
vt 0.4051 0.5317 0.0000
vt 0.4039 0.5769 0.0000
vt 0.4197 0.5344 0.0000
vt 0.4169 0.5839 0.0000
vt 0.4337 0.5384 0.0000
vt 0.4312 0.5874 0.0000
vt 0.4476 0.5427 0.0000
vt 0.4451 0.5921 0.0000
vt 0.4620 0.5458 0.0000
vt 0.4587 0.5974 0.0000
vt 0.4756 0.5509 0.0000
vt 0.4718 0.6041 0.0000
vt 0.4900 0.5542 0.0000
vt 0.4859 0.6082 0.0000
vt 0.5045 0.5568 0.0000
vt 0.5006 0.6107 0.0000
vt 0.5197 0.5578 0.0000
vt 0.5149 0.6143 0.0000
vt 0.5359 0.5560 0.0000
vt 0.5297 0.6164 0.0000
vt 0.5540 0.5494 0.0000
vt 0.5467 0.6129 0.0000
vt 0.5731 0.5400 0.0000
vt 0.5657 0.6044 0.0000
vt 0.5881 0.5416 0.0000
vt 0.5787 0.6032 0.0000
vt 0.6035 0.5336 0.0000
vt 0.7039 0.3728 0.0000
vt 0.7193 0.3744 0.0000
vt 0.7180 0.3570 0.0000
vt 0.7026 0.3557 0.0000
vt 0.7349 0.3774 0.0000
vt 0.7331 0.3532 0.0000
vt 0.7498 0.3721 0.0000
vt 0.7482 0.3507 0.0000
vt 0.7646 0.3661 0.0000
vt 0.7631 0.3447 0.0000
vt 0.7796 0.3615 0.0000
vt 0.7781 0.3409 0.0000
vt 0.7950 0.3622 0.0000
vt 0.7936 0.3429 0.0000
vt 0.8105 0.3649 0.0000
vt 0.8090 0.3444 0.0000
vt 0.8259 0.3672 0.0000
vt 0.8243 0.3452 0.0000
vt 0.8414 0.3689 0.0000
vt 0.8397 0.3459 0.0000
vt 0.8568 0.3706 0.0000
vt 0.8550 0.3462 0.0000
vt 0.8722 0.3718 0.0000
vt 0.8704 0.3474 0.0000
vt 0.8875 0.3728 0.0000
vt 0.8856 0.3471 0.0000
vt 0.9029 0.3741 0.0000
vt 0.9009 0.3465 0.0000
vt 0.9182 0.3744 0.0000
vt 0.9161 0.3459 0.0000
vt 0.9335 0.3750 0.0000
vt 0.9313 0.3453 0.0000
vt 0.8469 0.6437 0.0000
vt 0.9052 0.6437 0.0000
vt 0.9039 0.6355 0.0000
vt 0.8405 0.6355 0.0000
vt 0.8977 0.6244 0.0000
vt 0.8296 0.6244 0.0000
vt 0.6629 0.1654 0.0000
vt 0.7309 0.1654 0.0000
vt 0.7222 0.1576 0.0000
vt 0.6626 0.1576 0.0000
vt 0.9353 0.7273 0.0000
vt 0.9949 0.7273 0.0000
vt 0.9884 0.7179 0.0000
vt 0.9284 0.7179 0.0000
vt 0.6946 0.3834 0.0000
vt 0.6796 0.3508 0.0000
vt 0.6666 0.3567 0.0000
vt 0.6839 0.3945 0.0000
vt 0.6490 0.3526 0.0000
vt 0.6689 0.3961 0.0000
vt 0.6314 0.3486 0.0000
vt 0.6511 0.3918 0.0000
vt 0.6137 0.3441 0.0000
vt 0.6307 0.3817 0.0000
vt 0.5967 0.3414 0.0000
vt 0.6122 0.3758 0.0000
vt 0.5808 0.3409 0.0000
vt 0.5987 0.3808 0.0000
vt 0.5664 0.3438 0.0000
vt 0.5853 0.3860 0.0000
vt 0.5527 0.3481 0.0000
vt 0.5729 0.3933 0.0000
vt 0.5391 0.3527 0.0000
vt 0.5588 0.3970 0.0000
vt 0.5249 0.3560 0.0000
vt 0.5453 0.4020 0.0000
vt 0.5117 0.3614 0.0000
vt 0.5321 0.4075 0.0000
vt 0.4977 0.3649 0.0000
vt 0.5195 0.4145 0.0000
vt 0.4833 0.3679 0.0000
vt 0.5057 0.4189 0.0000
vt 0.4683 0.3692 0.0000
vt 0.4912 0.4217 0.0000
vt 0.4519 0.3677 0.0000
vt 0.4772 0.4255 0.0000
vt 0.4334 0.3614 0.0000
vt 0.4625 0.4278 0.0000
vt 0.4135 0.3524 0.0000
vt 0.4452 0.4247 0.0000
vt 0.3987 0.3542 0.0000
vt 0.4257 0.4166 0.0000
vt 0.3827 0.3465 0.0000
vt 0.4126 0.4157 0.0000
vt 0.9614 0.8345 0.0000
vt 0.9598 0.8170 0.0000
vt 0.4424 0.9372 0.0000
vt 0.4578 0.9389 0.0000
vt 0.4578 0.9165 0.0000
vt 0.4424 0.9198 0.0000
vt 0.4731 0.9429 0.0000
vt 0.4731 0.9215 0.0000
vt 0.9837 0.4560 0.0000
vt 0.9898 0.4438 0.0000
vt 0.9476 0.4438 0.0000
vt 0.9415 0.4560 0.0000
vt 0.9968 0.4359 0.0000
vt 0.9561 0.4359 0.0000
vt 0.0020 0.5947 0.0000
vt 0.0035 0.6153 0.0000
vt 0.0189 0.6153 0.0000
vt 0.0175 0.5960 0.0000
vt 0.0341 0.6133 0.0000
vt 0.0326 0.5928 0.0000
vt 0.0494 0.6119 0.0000
vt 0.0478 0.5899 0.0000
vt 0.0647 0.6107 0.0000
vt 0.0630 0.5876 0.0000
vt 0.0800 0.6097 0.0000
vt 0.0782 0.5854 0.0000
vt 0.0953 0.6079 0.0000
vt 0.0935 0.5835 0.0000
vt 0.1106 0.6077 0.0000
vt 0.1088 0.5820 0.0000
vt 0.1260 0.6077 0.0000
vt 0.1240 0.5801 0.0000
vt 0.1414 0.6077 0.0000
vt 0.1393 0.5792 0.0000
vt 0.1568 0.6077 0.0000
vt 0.1546 0.5781 0.0000
vt 0.1724 0.6107 0.0000
vt 0.1700 0.5785 0.0000
vt 0.1882 0.6159 0.0000
vt 0.1856 0.5813 0.0000
vt 0.2951 0.9652 0.0000
vt 0.3631 0.9652 0.0000
vt 0.3634 0.9550 0.0000
vt 0.3038 0.9550 0.0000
vt 0.1856 0.4749 0.0000
vt 0.1856 0.5052 0.0000
vt 0.1980 0.5087 0.0000
vt 0.1980 0.4782 0.0000
vt 0.6662 0.6005 0.0000
vt 0.6910 0.5308 0.0000
vt 0.8355 0.7484 0.0000
vt 0.9204 0.7484 0.0000
vt 0.9204 0.7179 0.0000
vt 0.8355 0.7179 0.0000
vt 0.2951 0.3454 0.0000
vt 0.3249 0.4146 0.0000
vt 0.2829 0.5087 0.0000
vt 0.2829 0.4782 0.0000
vt 0.0042 0.1675 0.0000
vt 0.2848 0.1675 0.0000
vt 0.2848 0.3313 0.0000
vt 0.0042 0.3313 0.0000
vt 0.0042 0.1657 0.0000
vt 0.0042 0.0020 0.0000
vt 0.2848 0.0020 0.0000
vt 0.2848 0.1657 0.0000
vt 0.2871 0.1675 0.0000
vt 0.2871 0.3313 0.0000
vt 0.0020 0.3313 0.0000
vt 0.0020 0.1675 0.0000
vt 0.9021 0.8556 0.0000
vt 0.9021 0.8524 0.0000
vt 0.9163 0.8541 0.0000
vt 0.9163 0.8556 0.0000
vt 0.7026 0.4124 0.0000
vt 0.7026 0.4067 0.0000
vt 0.7169 0.4021 0.0000
vt 0.7169 0.4044 0.0000
vt 0.7026 0.3989 0.0000
vt 0.7169 0.3989 0.0000
vt 0.7026 0.3911 0.0000
vt 0.7169 0.3957 0.0000
vt 0.7026 0.3854 0.0000
vt 0.7169 0.3934 0.0000
vt 0.9947 0.8170 0.0000
vt 0.9947 0.8202 0.0000
vt 0.9804 0.8202 0.0000
vt 0.9804 0.8186 0.0000
vt 0.9947 0.8233 0.0000
vt 0.9804 0.8217 0.0000
vt 0.7026 0.5074 0.0000
vt 0.7026 0.5017 0.0000
vt 0.7169 0.4970 0.0000
vt 0.7169 0.4993 0.0000
vt 0.7026 0.4939 0.0000
vt 0.7169 0.4939 0.0000
vt 0.7026 0.4861 0.0000
vt 0.7169 0.4907 0.0000
vt 0.7026 0.4803 0.0000
vt 0.7169 0.4884 0.0000
vt 0.9021 0.8587 0.0000
vt 0.9163 0.8571 0.0000
vt 0.9273 0.8541 0.0000
vt 0.9273 0.8556 0.0000
vt 0.7279 0.4021 0.0000
vt 0.7279 0.4044 0.0000
vt 0.7279 0.3989 0.0000
vt 0.7279 0.3957 0.0000
vt 0.7279 0.3934 0.0000
vt 0.9694 0.8202 0.0000
vt 0.9694 0.8186 0.0000
vt 0.9694 0.8217 0.0000
vt 0.7279 0.4970 0.0000
vt 0.7279 0.4993 0.0000
vt 0.7279 0.4939 0.0000
vt 0.7279 0.4907 0.0000
vt 0.7279 0.4884 0.0000
vt 0.9273 0.8571 0.0000
vt 0.8098 0.8826 0.0000
vt 0.8093 0.8810 0.0000
vt 0.8227 0.8791 0.0000
vt 0.8240 0.8827 0.0000
vt 0.7385 0.4067 0.0000
vt 0.7385 0.4124 0.0000
vt 0.7385 0.3989 0.0000
vt 0.7385 0.3911 0.0000
vt 0.7385 0.3854 0.0000
vt 0.9244 0.5327 0.0000
vt 0.9238 0.5343 0.0000
vt 0.9097 0.5344 0.0000
vt 0.9110 0.5308 0.0000
vt 0.7132 0.6108 0.0000
vt 0.7137 0.6125 0.0000
vt 0.7004 0.6143 0.0000
vt 0.6990 0.6108 0.0000
vt 0.7385 0.5017 0.0000
vt 0.7385 0.5074 0.0000
vt 0.7385 0.4939 0.0000
vt 0.7385 0.4861 0.0000
vt 0.7385 0.4803 0.0000
vt 0.9132 0.6260 0.0000
vt 0.9138 0.6244 0.0000
vt 0.9280 0.6244 0.0000
vt 0.9266 0.6279 0.0000
vt 0.7026 0.4236 0.0000
vt 0.7026 0.4204 0.0000
vt 0.7146 0.4204 0.0000
vt 0.7146 0.4236 0.0000
vt 0.7505 0.4067 0.0000
vt 0.7505 0.4124 0.0000
vt 0.7505 0.3989 0.0000
vt 0.7505 0.3911 0.0000
vt 0.7505 0.3854 0.0000
vt 0.7255 0.5154 0.0000
vt 0.7255 0.5186 0.0000
vt 0.7135 0.5186 0.0000
vt 0.7135 0.5154 0.0000
vt 0.7255 0.5217 0.0000
vt 0.7135 0.5217 0.0000
vt 0.7505 0.5017 0.0000
vt 0.7505 0.5074 0.0000
vt 0.7505 0.4939 0.0000
vt 0.7505 0.4861 0.0000
vt 0.7505 0.4803 0.0000
vt 0.7026 0.4267 0.0000
vt 0.7146 0.4267 0.0000
vt 0.7255 0.4214 0.0000
vt 0.7255 0.4236 0.0000
vt 0.7614 0.4042 0.0000
vt 0.7614 0.4081 0.0000
vt 0.7614 0.3989 0.0000
vt 0.7614 0.3936 0.0000
vt 0.7614 0.3897 0.0000
vt 0.7026 0.5186 0.0000
vt 0.7026 0.5164 0.0000
vt 0.7026 0.5207 0.0000
vt 0.7614 0.4992 0.0000
vt 0.7614 0.5031 0.0000
vt 0.7614 0.4939 0.0000
vt 0.7614 0.4886 0.0000
vt 0.7614 0.4847 0.0000
vt 0.7255 0.4257 0.0000
vt 0.9358 0.7689 0.0000
vt 0.9435 0.7675 0.0000
vt 0.9513 0.7677 0.0000
vt 0.9284 0.7749 0.0000
vt 0.9572 0.7696 0.0000
vt 0.9596 0.7725 0.0000
vt 0.9522 0.7786 0.0000
vt 0.9577 0.7758 0.0000
vt 0.9445 0.7800 0.0000
vt 0.9366 0.7798 0.0000
vt 0.9307 0.7779 0.0000
vt 0.9302 0.7716 0.0000
vt 0.8700 0.3030 0.0000
vt 0.8662 0.3048 0.0000
vt 0.8610 0.3058 0.0000
vt 0.8697 0.2987 0.0000
vt 0.8556 0.3056 0.0000
vt 0.8516 0.3044 0.0000
vt 0.8513 0.3001 0.0000
vt 0.8500 0.3023 0.0000
vt 0.8551 0.2982 0.0000
vt 0.8603 0.2972 0.0000
vt 0.8657 0.2974 0.0000
vt 0.8712 0.3007 0.0000
# 1232 texture coords

g Low_Poly_Main_Body
usemtl wire_177028149
s 8
f 1/1/1 2/2/1 3/3/2 4/4/2 
s 16
f 5/5/3 6/6/4 7/7/4 8/8/3 
s 64
f 9/9/5 10/10/6 11/11/6 12/12/5 
s 8
f 13/13/7 14/14/7 15/15/7 16/16/7 
s 16
f 17/17/8 18/18/9 19/19/9 20/20/8 
s 64
f 21/21/10 22/22/10 23/23/10 24/24/5 
s 8
f 13/13/7 25/25/7 26/26/7 14/14/7 
s 16
f 27/27/8 28/28/9 18/18/9 17/17/8 
s 8
f 29/29/7 30/30/7 31/31/7 32/32/7 
s 16
f 33/33/8 34/34/9 35/35/9 36/36/8 
s 64
f 37/37/5 38/38/5 39/39/5 40/40/5 
s 4
f 41/41/11 42/42/11 43/43/11 44/44/11 
f 45/45/11 46/46/11 47/47/11 48/48/11 
s 8
f 49/49/12 5/50/13 8/51/13 50/52/12 
f 17/53/7 20/54/7 51/55/7 52/56/7 
f 53/57/7 36/58/7 54/59/7 55/60/7 
f 33/61/7 36/58/7 53/57/7 56/62/7 
s 4
f 57/63/14 58/64/11 59/65/14 60/66/14 
f 61/67/11 62/68/11 63/69/11 64/70/11 
s 8
f 3/3/2 49/49/12 50/52/12 4/4/2 
f 52/56/7 51/55/7 15/15/7 14/14/7 
f 31/31/7 53/57/7 55/60/7 65/71/7 
f 56/62/7 53/57/7 31/31/7 30/30/7 
s 16
f 6/6/4 66/72/9 67/73/9 7/7/4 
s 64
f 68/74/15 2/75/16 1/76/16 69/77/15 
s 16
f 70/78/9 71/79/9 19/19/9 18/18/9 
s 64
f 13/80/17 16/81/5 72/82/5 73/83/5 
s 16
f 35/35/9 74/84/9 75/85/9 76/86/9 
s 64
f 77/87/5 32/88/5 78/89/5 79/90/18 
s 16
f 80/91/9 74/84/9 35/35/9 34/34/9 
s 64
f 29/92/5 32/88/5 77/87/5 81/93/5 
s 4
f 33/94/11 56/95/11 82/96/19 34/97/19 
s 2
f 83/98/20 84/99/20 85/100/20 86/101/20 
s 4
f 87/102/11 88/103/11 89/104/11 90/105/11 
s 64
f 91/106/21 68/74/15 69/77/15 92/107/21 
f 73/83/5 72/82/5 93/108/5 94/109/5 
f 95/110/5 77/87/5 79/90/18 96/111/5 
f 81/93/5 77/87/5 95/110/5 97/112/5 
s 4
f 34/97/19 82/96/19 98/113/19 80/114/19 
f 99/115/14 100/116/11 101/117/14 102/118/14 
s 16
f 66/72/9 103/119/8 104/120/8 67/73/9 
f 105/121/8 106/122/8 71/79/9 70/78/9 
f 74/84/9 107/123/8 108/124/8 75/85/9 
f 109/125/8 107/123/8 74/84/9 80/91/9 
s 2
f 110/126/20 111/127/20 84/99/20 83/98/20 
f 1/128/20 4/129/20 85/100/20 69/130/20 
f 84/99/20 92/131/20 69/130/20 85/100/20 
f 111/127/20 112/132/20 92/131/20 84/99/20 
s off
f 23/133/11 10/134/11 9/135/11 24/136/11 
f 93/137/11 72/138/11 68/139/11 91/140/11 
f 72/138/11 16/141/11 2/142/11 68/139/11 
f 16/141/11 15/143/11 3/144/11 2/142/11 
f 15/143/11 51/145/11 49/146/11 3/144/11 
f 20/147/11 5/148/11 49/146/11 51/145/11 
f 19/149/11 6/150/11 5/148/11 20/147/11 
f 19/149/11 71/151/11 66/152/11 6/150/11 
f 71/151/11 106/153/11 103/154/11 66/152/11 
s 2
f 113/155/20 114/156/20 115/157/20 116/158/20 
f 83/98/20 86/101/20 7/159/20 67/160/20 
f 8/161/20 7/159/20 86/101/20 50/162/20 
f 85/100/20 4/129/20 50/162/20 86/101/20 
s off
f 98/163/10 82/164/10 117/165/10 118/166/10 
f 119/167/22 120/168/22 117/169/22 82/170/22 
f 121/171/8 122/172/8 120/173/8 119/174/8 
f 123/175/8 124/176/8 122/172/8 121/171/8 
f 45/177/17 48/178/17 125/179/17 126/180/17 
f 56/62/7 30/30/7 88/181/7 87/182/7 
f 30/183/17 119/184/17 89/185/17 88/186/17 
f 119/167/22 82/170/22 90/187/22 89/188/22 
f 82/189/8 56/190/8 87/191/8 90/192/8 
s 16
f 127/193/23 128/194/23 114/195/23 129/196/8 
s 64
f 130/197/24 131/198/24 132/199/24 133/200/25 
s 16
f 134/201/8 135/202/8 136/203/8 137/204/8 
s 64
f 138/205/17 139/206/18 140/207/18 141/208/17 
s 16
f 142/209/8 143/210/8 144/211/23 145/212/8 
s 64
f 146/213/18 147/214/18 148/215/18 149/216/18 
s 16
f 47/217/8 143/210/8 142/209/8 150/218/8 
s 64
f 151/219/18 147/214/18 146/213/18 152/220/5 
s 4
f 153/221/11 154/222/11 155/223/11 150/224/11 
s 2
f 113/155/20 156/225/20 157/226/20 158/227/20 
s 4
f 159/228/11 160/229/11 161/230/11 162/231/11 
s 2
f 157/226/20 156/225/20 11/232/20 133/233/20 
s off
f 140/234/14 139/235/14 131/236/14 130/237/14 
f 136/238/11 135/239/11 128/240/11 127/241/11 
s 2
f 163/242/20 164/243/20 129/244/20 158/227/20 
s off
f 165/245/9 166/246/9 167/247/9 168/248/9 
f 154/249/10 169/250/10 170/251/10 155/252/10 
s 16
f 171/253/8 127/193/23 129/196/8 164/254/8 
f 137/204/8 136/203/8 172/255/8 173/256/8 
f 174/257/8 142/209/8 145/212/8 175/258/8 
f 150/218/8 142/209/8 174/257/8 153/259/8 
s 2
f 158/227/20 157/226/20 176/260/20 163/242/20 
f 157/226/20 133/233/20 132/261/20 176/260/20 
s off
f 172/262/11 136/238/11 127/241/11 171/263/11 
f 165/245/8 168/248/8 177/264/8 178/265/8 
s 64
f 131/198/24 179/266/26 180/267/26 132/199/24 
f 181/268/5 182/269/5 139/206/18 138/205/17 
f 183/270/18 184/271/5 147/214/18 151/219/18 
s 4
f 42/42/11 41/41/11 154/222/11 153/221/11 
f 159/228/11 57/63/14 60/66/14 160/229/11 
s off
f 139/235/11 182/272/11 179/273/11 131/236/11 
s 2
f 163/242/20 185/274/20 186/275/20 164/243/20 
s off
f 154/249/10 41/276/10 187/277/10 169/250/10 
s 64
f 188/278/27 91/106/21 92/107/21 112/279/27 
f 94/109/5 93/108/5 189/280/5 190/281/5 
f 191/282/5 95/110/5 96/111/5 192/283/5 
f 97/112/5 95/110/5 191/282/5 193/284/5 
s 4
f 80/114/19 98/113/19 194/285/11 109/286/11 
f 102/118/14 101/117/14 195/287/11 196/288/11 
s 16
f 103/119/8 197/289/8 198/290/8 104/120/8 
f 199/291/9 200/292/9 106/122/8 105/121/8 
f 107/123/8 201/293/9 202/294/28 108/124/8 
f 43/295/8 201/293/9 107/123/8 109/125/8 
s 2
f 203/296/20 204/297/20 111/127/20 110/126/20 
f 111/127/20 204/297/20 205/298/20 112/132/20 
s off
f 93/137/11 91/140/11 188/299/11 189/300/11 
f 106/153/11 200/301/11 197/302/11 103/154/11 
s 2
f 83/98/20 67/160/20 104/303/20 110/126/20 
s off
f 98/163/10 118/166/10 206/304/10 194/305/10 
f 123/175/8 207/306/8 208/307/8 124/176/8 
s 1
f 209/308/29 210/309/30 211/310/31 212/311/29 
f 213/312/32 214/313/33 215/314/34 216/315/35 
f 216/316/35 215/317/34 217/318/36 218/319/5 
s off
f 40/320/11 39/321/11 209/308/11 212/311/11 
f 149/322/7 219/323/7 220/324/7 146/325/7 
f 22/326/20 221/327/20 222/328/20 141/329/20 
f 223/330/22 224/331/22 225/332/22 138/333/22 
f 184/334/11 216/315/11 218/335/11 147/336/11 
f 192/337/7 226/338/7 227/339/7 191/340/7 
f 228/341/20 229/342/20 230/343/20 190/344/20 
f 231/345/10 196/346/10 58/347/10 232/348/10 
f 99/349/10 102/350/10 233/351/10 234/352/10 
f 100/353/22 99/354/22 234/355/22 235/356/22 
f 101/357/8 100/358/8 235/359/8 236/360/8 
f 195/361/8 101/357/8 236/360/8 237/362/8 
f 238/363/8 160/364/8 60/365/8 239/366/8 
f 240/367/17 62/368/17 61/369/17 241/370/17 
f 242/371/17 162/372/17 62/368/17 240/367/17 
f 243/373/8 64/374/8 63/375/8 244/376/8 
f 159/377/10 162/372/10 242/371/10 245/378/10 
f 161/379/8 160/364/8 238/363/8 246/380/8 
f 232/348/10 58/347/10 57/381/10 247/382/10 
f 102/350/10 196/346/10 231/345/10 233/351/10 
f 239/366/9 60/365/9 59/383/9 248/384/9 
s 8
f 78/385/7 65/71/7 26/26/7 25/25/7 
s 16
f 54/386/8 76/86/9 28/28/9 27/27/8 
s 8
f 17/53/7 52/56/7 249/387/7 27/388/7 
f 52/56/7 14/14/7 26/26/7 249/387/7 
s 16
f 70/78/9 18/18/9 28/28/9 250/389/9 
s 64
f 13/80/17 73/83/5 251/390/17 25/391/17 
f 73/83/5 94/109/5 252/392/5 251/390/17 
s 16
f 105/121/8 70/78/9 250/389/9 253/393/8 
f 254/394/8 134/201/8 255/395/8 256/396/9 
s 64
f 138/205/17 141/208/17 257/397/17 223/398/17 
s 16
f 137/204/8 173/256/8 258/399/8 259/400/8 
s 64
f 94/109/5 190/281/5 260/401/5 252/392/5 
s 16
f 261/402/8 199/291/9 262/403/9 263/404/8 
s 1
f 222/405/37 221/406/38 264/407/39 265/408/40 
f 266/409/41 230/410/5 229/411/42 267/412/43 
s off
f 141/413/7 222/414/7 265/415/7 257/416/7 
f 148/417/44 217/418/44 224/331/44 223/330/44 
f 190/419/7 230/420/7 266/421/7 260/422/7 
f 206/304/17 231/345/17 232/348/17 268/423/17 
f 234/352/10 233/351/10 118/166/10 117/165/10 
f 235/356/22 234/355/22 117/169/22 120/168/22 
f 236/360/8 235/359/8 120/173/8 122/172/8 
f 237/362/8 236/360/8 122/172/8 124/176/8 
f 177/264/8 238/363/8 239/366/8 269/424/8 
f 240/367/17 241/370/17 126/180/17 125/179/17 
f 170/251/17 242/371/17 240/367/17 125/179/17 
f 243/373/8 244/376/8 167/247/8 270/425/8 
f 245/378/10 242/371/10 170/251/10 169/250/10 
f 246/380/8 238/363/8 177/264/8 168/248/8 
f 232/348/10 247/382/10 187/277/10 268/423/10 
f 233/351/10 231/345/10 206/304/10 118/166/10 
f 239/366/9 248/384/9 208/307/9 269/424/9 
s 64
f 271/426/45 188/278/27 112/279/27 205/427/46 
f 190/281/5 189/280/5 272/428/5 228/429/5 
f 193/284/5 191/282/5 273/430/18 274/431/18 
s 4
f 109/286/11 194/285/11 44/44/11 43/43/11 
f 58/64/11 196/288/11 195/287/11 59/65/14 
s off
f 189/300/11 188/299/11 271/432/11 272/433/11 
s 2
f 203/296/20 110/126/20 104/303/20 198/434/20 
s off
f 44/435/17 194/305/17 206/304/17 268/423/17 
s 1
f 227/436/47 226/437/48 214/438/33 213/439/32 
s off
f 191/440/11 227/441/11 213/312/11 273/442/11 
f 195/361/8 237/362/8 248/384/8 59/383/8 
s 16
f 199/291/9 105/121/8 253/393/8 262/403/9 
s off
f 237/362/8 124/176/8 208/307/8 248/384/8 
s 16
f 253/393/8 108/124/8 202/294/28 262/403/9 
f 197/289/8 275/443/8 186/444/8 198/290/8 
f 261/402/8 276/445/8 200/292/9 199/291/9 
f 201/293/9 277/446/8 278/447/8 202/294/28 
f 42/448/9 277/446/8 201/293/9 43/295/8 
s 2
f 203/296/20 185/274/20 279/449/20 204/297/20 
f 204/297/20 279/449/20 180/450/20 205/298/20 
s off
f 276/451/49 275/452/49 197/302/49 200/301/49 
f 207/306/9 280/453/9 269/424/9 208/307/9 
f 181/454/20 281/455/20 229/342/20 228/341/20 
s 1
f 229/342/42 281/455/50 282/456/51 267/457/43 
f 267/412/43 282/458/51 215/317/34 214/438/33 
s 16
f 275/443/8 171/253/8 164/254/8 186/444/8 
f 173/256/8 172/255/8 276/445/8 261/402/8 
f 263/404/8 258/399/8 173/256/8 261/402/8 
f 153/259/8 174/257/8 277/446/8 42/448/9 
s 2
f 163/242/20 176/260/20 279/449/20 185/274/20 
f 176/260/20 132/261/20 180/450/20 279/449/20 
s off
f 276/451/11 172/262/11 171/263/11 275/452/11 
f 280/453/8 178/265/8 177/264/8 269/424/8 
s 64
f 179/266/26 271/426/45 205/427/46 180/267/26 
f 181/268/5 228/429/5 272/428/5 182/269/5 
f 183/270/18 274/431/18 273/430/18 184/271/5 
s off
f 272/433/11 271/432/11 179/273/11 182/272/11 
s 2
f 203/296/20 198/434/20 186/275/20 185/274/20 
s off
f 41/276/10 44/435/10 268/423/10 187/277/10 
f 138/459/20 225/460/20 281/455/20 181/454/20 
f 184/334/11 273/442/11 213/312/11 216/315/11 
f 159/377/10 245/378/10 247/382/10 57/381/10 
s 16
f 277/446/8 174/257/8 175/258/8 278/447/8 
s 1
f 281/461/50 225/462/10 224/463/52 282/458/51 
s off
f 245/378/10 169/250/10 187/277/10 247/382/10 
s 1
f 282/458/51 224/463/52 217/318/36 215/317/34 
s 64
f 10/10/6 130/197/24 133/200/25 11/11/6 
f 141/208/17 140/207/18 23/23/10 22/22/10 
f 152/220/5 146/213/18 39/39/5 38/38/5 
s 4
f 150/224/11 155/223/11 48/48/11 47/47/11 
f 62/68/11 162/231/11 161/230/11 63/69/11 
s off
f 23/133/14 140/234/14 130/237/14 10/134/14 
s 2
f 113/155/20 158/227/20 129/244/20 114/156/20 
s off
f 48/178/10 155/252/10 170/251/10 125/179/10 
s 1
f 220/464/53 219/465/40 210/466/30 209/467/29 
s off
f 146/468/11 220/469/11 209/308/11 39/321/11 
f 161/379/9 246/380/9 244/376/9 63/375/9 
s 16
f 137/204/8 259/400/8 255/395/8 134/201/8 
s off
f 246/380/8 168/248/8 167/247/8 244/376/8 
s 16
f 259/400/8 145/212/8 144/211/23 255/395/8 
f 128/194/23 283/470/8 115/471/28 114/195/23 
f 254/394/8 284/472/8 135/202/8 134/201/8 
f 143/210/8 285/473/8 286/474/28 144/211/23 
f 46/475/9 285/473/8 143/210/8 47/217/8 
s 2
f 113/155/20 116/158/20 287/476/20 156/225/20 
f 156/225/20 287/476/20 12/477/20 11/232/20 
s off
f 135/239/49 284/478/49 283/479/49 128/240/49 
f 166/246/8 288/480/8 270/425/8 167/247/8 
f 21/481/20 289/482/20 221/327/20 22/326/20 
s 1
f 221/327/38 289/482/38 290/483/54 264/484/39 
f 264/407/39 290/485/54 211/486/31 210/466/30 
s 8
f 78/385/7 32/32/7 31/31/7 65/71/7 
s 16
f 36/36/8 35/35/9 76/86/9 54/386/8 
s off
f 147/487/22 218/488/22 217/418/22 148/417/22 
s 8
f 27/388/7 249/387/7 55/60/7 54/59/7 
f 249/387/7 26/26/7 65/71/7 55/60/7 
s 16
f 250/389/9 28/28/9 76/86/9 75/85/9 
s 64
f 25/391/17 251/390/17 79/90/18 78/89/5 
f 251/390/17 252/392/5 96/111/5 79/90/18 
s 16
f 253/393/8 250/389/9 75/85/9 108/124/8 
f 256/396/9 255/395/8 144/211/23 286/474/28 
s 64
f 223/398/17 257/397/17 149/216/18 148/215/18 
s 16
f 259/400/8 258/399/8 175/258/8 145/212/8 
s 64
f 252/392/5 260/401/5 192/283/5 96/111/5 
s 16
f 263/404/8 262/403/9 202/294/28 278/447/8 
s 1
f 265/408/40 264/407/39 210/466/30 219/465/40 
f 266/409/41 267/412/43 214/438/33 226/437/48 
s off
f 257/416/55 265/415/55 219/323/55 149/322/55 
f 260/422/7 266/421/7 226/338/7 192/337/7 
s 16
f 175/258/8 258/399/8 263/404/8 278/447/8 
s 1
f 30/489/11 29/490/11 81/491/11 119/492/11 
f 119/492/11 81/491/11 97/493/11 121/494/11 
f 121/494/11 97/493/11 193/495/11 123/496/11 
f 123/496/11 193/495/11 274/497/11 207/498/11 
f 207/498/11 274/497/11 183/499/11 280/500/11 
f 280/500/11 183/499/11 151/501/11 178/502/11 
f 178/502/11 151/501/11 152/503/11 165/504/11 
f 165/504/11 152/503/11 38/505/11 166/506/11 
f 166/506/11 38/505/11 37/507/11 288/508/11 
s 4
f 291/509/56 292/510/56 293/511/11 294/512/11 
f 295/513/57 296/514/58 297/515/58 298/516/57 
f 299/517/59 300/518/60 301/519/60 302/520/59 
f 303/521/61 304/522/62 305/523/62 306/524/63 
f 307/525/64 308/526/65 309/527/65 310/528/66 
f 308/526/65 311/529/11 312/530/14 309/527/65 
f 291/531/56 313/532/67 314/533/67 292/534/56 
f 313/535/67 315/536/68 316/537/68 314/538/67 
s off
f 29/539/10 81/540/10 291/541/10 294/542/10 
f 81/540/10 97/543/10 317/544/10 318/545/10 
f 81/540/10 318/545/10 313/546/10 291/541/10 
f 97/543/18 319/547/18 320/548/18 317/544/18 
f 321/549/18 322/550/18 323/551/18 324/552/18 
f 325/553/18 326/554/18 327/555/18 328/556/18 
f 329/557/5 330/558/5 331/559/5 332/560/5 
f 333/561/10 334/562/10 335/563/10 336/564/10 
f 334/562/17 37/565/17 337/566/17 335/563/17 
f 288/567/9 338/568/9 309/569/9 312/570/9 
f 338/568/8 339/571/8 310/572/8 309/569/8 
f 339/571/8 340/573/8 305/574/8 310/572/8 
f 341/575/23 342/576/23 301/577/23 306/578/23 
f 343/579/8 344/580/8 302/581/8 345/582/8 
f 346/583/8 347/584/8 316/585/8 298/586/8 
f 119/587/8 292/588/8 314/589/8 121/590/8 
f 119/587/8 30/591/8 293/592/8 292/588/8 
f 29/593/7 294/594/7 293/595/7 30/596/7 
s 4
f 348/597/69 299/517/59 302/520/59 344/598/69 
s off
f 328/556/17 327/555/17 349/599/17 350/600/17 
f 343/579/9 351/601/9 297/602/9 344/580/9 
s 4
f 296/514/58 348/597/69 344/598/69 297/515/58 
s off
f 322/550/5 350/600/5 349/599/5 323/551/5 
f 351/601/8 346/583/8 298/586/8 297/602/8 
s 4
f 315/536/68 295/513/57 298/516/57 316/537/68 
s off
f 319/547/5 321/549/5 324/552/5 320/548/5 
f 121/590/9 314/589/9 316/585/9 347/584/9 
s 4
f 304/522/62 307/525/64 310/528/66 305/523/62 
s off
f 330/558/5 333/561/5 336/564/5 331/559/5 
f 340/573/28 341/575/28 306/578/28 305/574/28 
s 4
f 300/518/60 303/521/61 306/524/63 301/519/60 
s off
f 325/553/18 329/557/18 332/560/18 326/554/18 
f 345/582/8 302/581/8 301/577/8 342/576/8 
f 315/603/18 313/546/18 318/545/18 352/604/18 
f 296/605/18 295/606/18 353/607/18 354/608/18 
f 355/609/17 300/610/17 299/611/17 356/612/17 
f 304/613/10 303/614/10 357/615/10 358/616/10 
f 308/617/10 307/618/10 359/619/10 360/620/10 
f 311/621/18 308/617/18 360/620/18 337/622/18 
f 356/612/5 299/611/5 348/623/5 361/624/5 
f 348/623/10 296/605/10 354/608/10 361/624/10 
f 295/606/5 315/603/5 352/604/5 353/607/5 
f 307/618/5 304/613/5 358/616/5 359/619/5 
f 303/614/10 300/610/10 355/609/10 357/615/10 
f 362/625/18 363/626/18 364/627/18 365/628/18 
f 366/629/18 367/630/18 368/631/18 369/632/18 
f 370/633/18 371/634/18 372/635/18 373/636/18 
f 374/637/5 375/638/5 376/639/5 377/640/5 
f 378/641/5 379/642/5 380/643/5 381/644/5 
f 382/645/18 378/641/18 381/644/18 383/646/18 
f 371/634/5 384/647/5 385/648/5 372/635/5 
f 385/648/5 384/647/5 366/629/5 369/632/5 
f 367/630/5 362/625/5 365/628/5 368/631/5 
f 379/642/5 374/637/5 377/640/5 380/643/5 
f 375/638/5 370/633/5 373/636/5 376/639/5 
f 352/649/70 318/650/70 363/651/70 362/652/70 
f 318/653/22 317/654/22 364/655/22 363/656/22 
f 317/657/71 320/658/71 365/659/71 364/660/71 
f 320/658/72 324/661/72 368/662/72 365/659/72 
f 324/661/73 323/663/73 369/664/73 368/662/73 
f 323/663/74 349/665/74 385/666/74 369/664/74 
f 327/667/75 372/668/75 385/666/75 349/665/75 
f 326/669/76 373/670/76 372/668/76 327/667/76 
f 326/669/77 332/671/77 376/672/77 373/670/77 
f 332/671/78 331/673/78 377/674/78 376/672/78 
f 331/673/79 336/675/79 380/676/79 377/674/79 
f 336/675/80 335/677/80 381/678/80 380/676/80 
f 335/677/81 337/679/81 383/680/81 381/678/81 
f 337/681/82 360/682/82 378/683/82 382/684/82 
f 360/682/83 359/685/83 379/686/83 378/683/83 
f 359/685/84 358/687/84 374/688/84 379/686/84 
f 358/687/85 357/689/85 375/690/85 374/688/85 
f 357/689/86 355/691/86 370/692/86 375/690/86 
f 356/693/87 371/694/87 370/692/87 355/691/87 
f 361/695/88 384/696/88 371/694/88 356/693/88 
f 361/695/89 354/697/89 366/698/89 384/696/89 
f 354/697/90 353/699/90 367/700/90 366/698/90 
f 353/699/91 352/649/91 362/652/91 367/700/91 
s 2
f 386/701/11 387/702/11 388/703/11 389/704/11 
s 4
f 390/705/92 391/706/92 392/707/92 393/708/92 
s 8
f 389/709/93 388/710/94 394/711/95 395/712/96 
f 394/711/95 396/713/97 397/714/98 395/712/96 
f 396/713/97 398/715/99 399/716/100 397/714/98 
f 398/715/99 400/717/101 401/718/102 399/716/100 
f 400/717/101 402/719/103 403/720/104 401/718/102 
f 403/720/104 402/719/103 404/721/105 405/722/106 
f 405/722/106 404/721/105 406/723/107 407/724/108 
f 407/724/108 406/723/107 408/725/109 409/726/110 
f 409/726/110 408/725/109 410/727/111 411/728/112 
f 411/728/112 410/727/111 412/729/113 413/730/114 
f 413/730/114 412/729/113 414/731/115 415/732/116 
f 415/732/116 414/731/115 416/733/117 417/734/118 
f 417/734/118 416/733/117 418/735/119 419/736/120 
f 419/736/120 418/735/119 420/737/121 421/738/122 
f 421/738/122 420/737/121 422/739/123 423/740/124 
f 423/740/124 422/739/123 424/741/125 425/742/126 
f 424/741/125 426/743/127 427/744/128 425/742/126 
f 426/743/127 428/745/129 429/746/130 427/744/128 
f 428/745/129 430/747/131 431/748/132 429/746/130 
s 16
f 388/749/133 387/750/133 432/751/134 394/752/135 
f 394/752/135 432/751/134 433/753/136 396/754/137 
f 433/753/136 434/755/138 398/756/139 396/754/137 
f 434/755/138 435/757/140 400/758/141 398/756/139 
f 435/757/140 436/759/142 402/760/143 400/758/141 
f 402/760/143 436/759/142 437/761/144 404/762/145 
f 404/762/145 437/761/144 438/763/146 406/764/147 
f 406/764/147 438/763/146 439/765/148 408/766/149 
f 408/766/149 439/765/148 440/767/150 410/768/151 
f 410/768/151 440/767/150 441/769/152 412/770/153 
f 412/770/153 441/769/152 442/771/154 414/772/155 
f 414/772/155 442/771/154 443/773/156 416/774/157 
f 416/774/157 443/773/156 444/775/158 418/776/159 
f 418/776/159 444/775/158 445/777/160 420/778/161 
f 420/778/161 445/777/160 446/779/162 422/780/163 
f 446/781/162 447/782/164 424/783/165 422/784/163 
f 447/782/164 448/785/166 426/786/167 424/783/165 
f 448/787/166 449/788/168 428/789/169 426/790/167 
f 449/791/168 450/792/170 430/793/170 428/794/169 
s 32
f 386/795/171 451/796/172 432/797/173 387/798/174 
f 432/797/173 451/796/172 452/799/175 433/800/176 
f 433/800/176 452/799/175 453/801/177 434/802/178 
f 434/802/178 453/801/177 454/803/179 435/804/180 
f 435/804/180 454/803/179 455/805/181 436/806/182 
f 436/806/182 455/805/181 456/807/183 437/808/184 
f 456/807/183 457/809/185 438/810/186 437/808/184 
f 457/809/185 458/811/187 439/812/188 438/810/186 
f 458/811/187 459/813/189 440/814/190 439/812/188 
f 459/813/189 460/815/191 441/816/192 440/814/190 
f 460/815/191 461/817/193 442/818/194 441/816/192 
f 461/817/193 462/819/195 443/820/196 442/818/194 
f 462/819/195 463/821/197 444/822/198 443/820/196 
f 463/821/197 464/823/199 445/824/200 444/822/198 
f 445/824/200 464/823/199 465/825/201 446/826/202 
f 446/826/202 465/825/201 466/827/203 447/828/204 
f 447/828/204 466/827/203 467/829/205 448/830/206 
f 467/829/205 468/831/207 449/832/208 448/830/206 
f 468/831/207 469/833/209 450/834/210 449/832/208 
s 64
f 389/704/211 395/835/212 451/836/213 386/701/214 
f 451/837/213 395/838/212 397/839/215 452/840/216 
f 452/840/216 397/839/215 399/841/217 453/842/218 
f 453/843/218 399/844/217 401/845/219 454/846/220 
f 454/846/220 401/845/219 403/847/221 455/848/222 
f 403/849/221 405/850/223 456/851/224 455/852/222 
f 405/850/223 407/853/225 457/854/226 456/851/224 
f 407/853/225 409/855/227 458/856/228 457/854/226 
f 409/855/227 411/857/229 459/858/230 458/856/228 
f 411/857/229 413/859/231 460/860/232 459/858/230 
f 413/859/231 415/861/233 461/862/234 460/860/232 
f 415/861/233 417/863/235 462/864/236 461/862/234 
f 417/863/235 419/865/237 463/866/238 462/864/236 
f 419/865/237 421/867/239 464/868/240 463/866/238 
f 421/867/239 423/869/241 465/870/242 464/868/240 
f 465/870/242 423/869/241 425/871/243 466/872/244 
f 466/872/244 425/871/243 427/873/245 467/874/246 
f 427/875/245 429/876/247 468/877/248 467/878/246 
f 429/879/247 431/880/249 469/881/249 468/882/248 
s off
f 431/748/7 430/747/7 390/883/7 393/884/7 
f 430/885/250 450/886/250 391/887/250 390/888/250 
f 450/834/22 469/833/22 392/889/22 391/890/22 
f 469/881/251 431/880/251 393/891/251 392/892/251 
s 2
f 470/893/11 471/894/11 472/895/11 473/896/11 
s 4
f 474/897/252 475/898/252 476/899/252 477/900/252 
s 8
f 471/901/253 478/902/254 479/903/255 472/904/256 
f 479/903/255 478/902/254 480/905/257 481/906/258 
f 481/906/258 480/905/257 482/907/259 483/908/260 
f 483/908/260 482/907/259 484/909/261 485/910/262 
f 485/910/262 484/909/261 486/911/263 487/912/264 
f 486/911/263 488/913/265 489/914/266 487/912/264 
f 488/913/265 490/915/267 491/916/268 489/914/266 
f 490/915/267 492/917/269 493/918/270 491/916/268 
f 492/917/269 494/919/271 495/920/272 493/918/270 
f 494/919/271 496/921/273 497/922/274 495/920/272 
f 496/921/273 498/923/275 499/924/276 497/922/274 
f 498/923/275 500/925/277 501/926/278 499/924/276 
f 500/925/277 502/927/279 503/928/280 501/926/278 
f 502/927/279 504/929/281 505/930/282 503/928/280 
f 504/929/281 506/931/283 507/932/284 505/930/282 
f 506/931/283 508/933/285 509/934/286 507/932/284 
f 509/934/286 508/933/285 510/935/287 511/936/288 
f 511/936/288 510/935/287 512/937/289 513/938/290 
f 513/938/290 512/937/289 514/939/291 515/940/292 
s 16
f 472/941/293 479/942/294 516/943/295 473/944/293 
f 479/942/294 481/945/296 517/946/297 516/943/295 
f 517/946/297 481/945/296 483/947/298 518/948/299 
f 518/948/299 483/947/298 485/949/300 519/950/301 
f 519/950/301 485/949/300 487/951/302 520/952/303 
f 487/951/302 489/953/304 521/954/305 520/952/303 
f 489/953/304 491/955/306 522/956/307 521/954/305 
f 491/955/306 493/957/308 523/958/309 522/956/307 
f 493/957/308 495/959/310 524/960/311 523/958/309 
f 495/959/310 497/961/312 525/962/313 524/960/311 
f 497/961/312 499/963/314 526/964/315 525/962/313 
f 499/963/314 501/965/316 527/966/317 526/964/315 
f 501/965/316 503/967/318 528/968/319 527/966/317 
f 503/967/318 505/969/320 529/970/321 528/968/319 
f 505/969/320 507/971/322 530/972/323 529/970/321 
f 530/973/323 507/974/322 509/975/324 531/976/325 
f 531/976/325 509/975/324 511/977/326 532/978/327 
f 532/979/327 511/980/326 513/981/328 533/982/329 
f 533/983/329 513/984/328 515/985/330 534/986/330 
s 32
f 470/987/331 473/988/332 516/989/333 535/990/334 
f 516/989/333 517/991/335 536/992/336 535/990/334 
f 517/991/335 518/993/337 537/994/338 536/992/336 
f 518/993/337 519/995/339 538/996/340 537/994/338 
f 519/995/339 520/997/341 539/998/342 538/996/340 
f 520/997/341 521/999/343 540/1000/344 539/998/342 
f 540/1000/344 521/999/343 522/1001/345 541/1002/346 
f 541/1002/346 522/1001/345 523/1003/347 542/1004/348 
f 542/1004/348 523/1003/347 524/1005/349 543/1006/350 
f 543/1006/350 524/1005/349 525/1007/351 544/1008/352 
f 544/1008/352 525/1007/351 526/1009/353 545/1010/354 
f 545/1010/354 526/1009/353 527/1011/355 546/1012/356 
f 546/1012/356 527/1011/355 528/1013/357 547/1014/358 
f 547/1014/358 528/1013/357 529/1015/359 548/1016/360 
f 529/1015/359 530/1017/361 549/1018/362 548/1016/360 
f 530/1017/361 531/1019/363 550/1020/364 549/1018/362 
f 531/1019/363 532/1021/365 551/1022/366 550/1020/364 
f 551/1022/366 532/1021/365 533/1023/367 552/1024/368 
f 552/1024/368 533/1023/367 534/1025/369 553/1026/370 
s 64
f 471/894/371 470/893/372 535/1027/373 478/1028/374 
f 535/1029/373 536/1030/375 480/1031/376 478/1032/374 
f 536/1030/375 537/1033/377 482/1034/378 480/1031/376 
f 537/1035/377 538/1036/379 484/1037/380 482/1038/378 
f 538/1036/379 539/1039/381 486/1040/382 484/1037/380 
f 486/1041/382 539/1042/381 540/1043/383 488/1044/384 
f 488/1044/384 540/1043/383 541/1045/385 490/1046/386 
f 490/1046/386 541/1045/385 542/1047/387 492/1048/388 
f 492/1048/388 542/1047/387 543/1049/389 494/1050/390 
f 494/1050/390 543/1049/389 544/1051/391 496/1052/392 
f 496/1052/392 544/1051/391 545/1053/393 498/1054/394 
f 498/1054/394 545/1053/393 546/1055/395 500/1056/396 
f 500/1056/396 546/1055/395 547/1057/397 502/1058/398 
f 502/1058/398 547/1057/397 548/1059/399 504/1060/400 
f 504/1060/400 548/1059/399 549/1061/401 506/1062/402 
f 549/1061/401 550/1063/403 508/1064/404 506/1062/402 
f 550/1063/403 551/1065/405 510/1066/406 508/1064/404 
f 510/1067/406 551/1068/405 552/1069/407 512/1070/408 
f 512/1071/408 552/1072/407 553/1073/409 514/1074/409 
s off
f 514/939/7 475/1075/7 474/1076/7 515/940/7 
f 515/1077/410 474/1078/410 477/1079/410 534/1080/410 
f 534/1025/22 477/1081/22 476/1082/22 553/1026/22 
f 553/1073/411 476/1083/411 475/1084/411 514/1074/411 
s 2
f 554/1085/20 555/1086/20 556/1087/20 557/1088/20 
s 4
f 558/1089/11 559/1090/11 560/1091/11 561/1092/11 
s 8
f 554/1085/7 558/1089/7 561/1092/7 555/1086/7 
s 16
f 555/1086/8 561/1093/8 560/1094/8 556/1087/8 
s 64
f 557/1088/5 559/1095/5 558/1096/5 554/1085/5 
s 8
f 562/1097/412 563/1098/413 564/1099/414 565/1100/415 
f 563/1101/413 566/1102/416 567/1103/417 564/1104/414 
f 566/1102/416 568/1105/418 569/1106/419 567/1103/417 
f 568/1105/418 570/1107/420 571/1108/421 569/1106/419 
f 570/1107/420 572/1109/422 573/1110/423 571/1108/421 
f 572/1111/422 574/1112/424 575/1113/425 573/1114/423 
f 574/1112/424 576/1115/426 577/1116/427 575/1113/425 
f 576/1117/426 578/1118/428 579/1119/429 577/1120/427 
f 578/1118/428 580/1121/430 581/1122/431 579/1119/429 
f 580/1121/430 582/1123/432 583/1124/433 581/1122/431 
f 582/1123/432 584/1125/434 585/1126/435 583/1124/433 
f 584/1127/434 562/1097/412 565/1100/415 585/1128/435 
f 565/1100/415 564/1099/414 586/1129/436 587/1130/437 
f 564/1104/414 567/1103/417 588/1131/438 586/1132/436 
f 567/1103/417 569/1106/419 589/1133/439 588/1131/438 
f 569/1106/419 571/1108/421 590/1134/440 589/1133/439 
f 571/1108/421 573/1110/423 591/1135/441 590/1134/440 
f 573/1114/423 575/1113/425 592/1136/442 591/1137/441 
f 575/1113/425 577/1116/427 593/1138/443 592/1136/442 
f 577/1120/427 579/1119/429 594/1139/444 593/1140/443 
f 579/1119/429 581/1122/431 595/1141/445 594/1139/444 
f 581/1122/431 583/1124/433 596/1142/446 595/1141/445 
f 583/1124/433 585/1126/435 597/1143/447 596/1142/446 
f 585/1128/435 565/1100/415 587/1130/437 597/1144/447 
f 587/1145/437 586/1146/436 598/1147/448 599/1148/449 
f 586/1132/436 588/1131/438 600/1149/450 598/1150/448 
f 588/1131/438 589/1133/439 601/1151/451 600/1149/450 
f 589/1133/439 590/1134/440 602/1152/452 601/1151/451 
f 590/1134/440 591/1135/441 603/1153/453 602/1152/452 
f 591/1154/441 592/1155/442 604/1156/454 603/1157/453 
f 592/1158/442 593/1159/443 605/1160/455 604/1161/454 
f 593/1140/443 594/1139/444 606/1162/456 605/1163/455 
f 594/1139/444 595/1141/445 607/1164/457 606/1162/456 
f 595/1141/445 596/1142/446 608/1165/458 607/1164/457 
f 596/1142/446 597/1143/447 609/1166/459 608/1165/458 
f 597/1167/447 587/1168/437 599/1169/449 609/1170/459 
f 599/1171/449 598/1172/448 610/1173/460 611/1174/461 
f 598/1150/448 600/1149/450 612/1175/462 610/1176/460 
f 600/1149/450 601/1151/451 613/1177/463 612/1175/462 
f 601/1151/451 602/1152/452 614/1178/464 613/1177/463 
f 602/1152/452 603/1153/453 615/1179/465 614/1178/464 
f 603/1180/453 604/1181/454 616/1182/466 615/1183/465 
f 604/1181/454 605/1184/455 617/1185/467 616/1182/466 
f 605/1163/455 606/1162/456 618/1186/468 617/1187/467 
f 606/1162/456 607/1164/457 619/1188/469 618/1186/468 
f 607/1164/457 608/1165/458 620/1189/470 619/1188/469 
f 608/1165/458 609/1166/459 621/1190/471 620/1189/470 
f 609/1191/459 599/1171/449 611/1174/461 621/1192/471 
f 611/1174/461 610/1173/460 622/1193/472 623/1194/473 
f 610/1176/460 612/1175/462 624/1195/474 622/1196/472 
f 612/1175/462 613/1177/463 625/1197/475 624/1195/474 
f 613/1177/463 614/1178/464 626/1198/476 625/1197/475 
f 614/1178/464 615/1179/465 627/1199/477 626/1198/476 
f 615/1183/465 616/1182/466 628/1200/478 627/1201/477 
f 616/1182/466 617/1185/467 629/1202/479 628/1200/478 
f 617/1187/467 618/1186/468 630/1203/480 629/1204/479 
f 618/1186/468 619/1188/469 631/1205/481 630/1203/480 
f 619/1188/469 620/1189/470 632/1206/482 631/1205/481 
f 620/1189/470 621/1190/471 633/1207/483 632/1206/482 
f 621/1192/471 611/1174/461 623/1194/473 633/1208/483 
s 1
f 582/1209/23 580/1210/8 578/1211/23 562/1212/8 
f 578/1211/23 576/1213/23 574/1214/23 570/1215/8 
f 574/1214/23 572/1216/8 570/1215/8 
f 570/1215/8 568/1217/8 566/1218/8 562/1212/8 
f 566/1218/8 563/1219/23 562/1212/8 
f 578/1211/23 570/1215/8 562/1212/8 
f 584/1220/8 582/1209/23 562/1212/8 
f 622/1221/5 624/1222/5 625/1223/5 633/1224/5 
f 625/1223/5 626/1225/5 627/1226/5 629/1227/5 
f 627/1226/5 628/1228/5 629/1227/5 
f 629/1227/5 630/1229/5 631/1230/5 633/1224/5 
f 631/1230/5 632/1231/5 633/1224/5 
f 625/1223/5 629/1227/5 633/1224/5 
f 623/1232/5 622/1221/5 633/1224/5 
s 8
f 634/1/484 635/4/485 636/3/485 637/2/484 
s 16
f 638/5/486 639/8/486 640/7/487 641/6/487 
s 64
f 9/9/5 12/12/5 642/11/488 643/10/488 
s 8
f 644/13/22 645/16/22 646/15/22 647/14/22 
s 16
f 648/17/8 649/20/8 650/19/8 651/18/8 
s 64
f 21/21/10 24/24/5 652/23/17 653/22/17 
s 8
f 644/13/22 647/14/22 654/26/22 655/25/22 
s 16
f 656/27/8 648/17/8 651/18/8 657/28/8 
s 8
f 658/29/22 659/32/22 660/31/22 661/30/22 
s 16
f 662/33/9 663/36/9 664/35/8 665/34/8 
s 64
f 37/37/5 40/40/5 666/39/18 667/38/18 
s 4
f 668/41/11 669/44/11 670/43/11 671/42/11 
f 45/45/11 672/48/11 673/47/11 46/46/11 
s 8
f 674/49/489 675/52/489 639/51/490 638/50/490 
f 648/53/22 676/56/22 677/55/22 649/54/22 
f 678/57/22 679/60/22 680/59/22 663/58/22 
f 662/61/22 681/62/22 678/57/22 663/58/22 
s 4
f 682/63/11 683/66/11 684/65/11 685/64/11 
f 61/67/11 64/70/11 686/69/14 687/68/14 
s 8
f 636/3/485 635/4/485 675/52/489 674/49/489 
f 676/56/22 647/14/22 646/15/22 677/55/22 
f 660/31/22 688/71/22 679/60/22 678/57/22 
f 681/62/22 661/30/22 660/31/22 678/57/22 
s 16
f 641/6/487 640/7/487 689/73/8 690/72/8 
s 64
f 691/74/491 692/77/491 634/76/492 637/75/492 
s 16
f 693/78/8 651/18/8 650/19/8 694/79/8 
s 64
f 644/80/10 695/83/5 696/82/5 645/81/5 
s 16
f 664/35/8 697/86/8 698/85/8 699/84/8 
s 64
f 700/87/18 701/90/5 702/89/18 659/88/18 
s 16
f 703/91/8 665/34/8 664/35/8 699/84/8 
s 64
f 658/92/18 704/93/5 700/87/18 659/88/18 
s 4
f 662/94/11 665/97/493 705/96/493 681/95/11 
s 2
f 706/98/20 707/101/20 708/100/20 709/99/20 
s 4
f 710/102/14 711/105/11 712/104/14 713/103/14 
s 64
f 714/106/494 715/107/494 692/77/491 691/74/491 
f 695/83/5 716/109/5 717/108/5 696/82/5 
f 718/110/5 719/111/5 701/90/5 700/87/18 
f 704/93/5 720/112/5 718/110/5 700/87/18 
s 4
f 665/97/493 703/114/493 721/113/493 705/96/493 
f 722/115/11 723/118/11 724/117/11 725/116/11 
s 16
f 690/72/8 689/73/8 726/120/8 727/119/8 
f 728/121/9 693/78/8 694/79/8 729/122/9 
f 699/84/8 698/85/8 730/124/9 731/123/9 
f 732/125/9 703/91/8 699/84/8 731/123/9 
s 2
f 733/126/20 706/98/20 709/99/20 734/127/20 
f 634/128/20 692/130/20 708/100/20 635/129/20 
f 709/99/20 708/100/20 692/130/20 715/131/20 
f 734/127/20 709/99/20 715/131/20 735/132/20 
s off
f 652/133/11 24/136/11 9/135/11 643/134/11 
f 717/137/14 714/140/14 691/139/14 696/138/14 
f 696/138/11 691/139/11 637/142/11 645/141/11 
f 645/141/11 637/142/11 636/144/11 646/143/11 
f 646/143/11 636/144/11 674/146/11 677/145/11 
f 649/147/11 677/145/11 674/146/11 638/148/11 
f 650/149/11 649/147/11 638/148/11 641/150/11 
f 650/149/14 641/150/14 690/152/14 694/151/14 
f 694/151/11 690/152/11 727/154/11 729/153/11 
s 2
f 736/155/20 116/158/20 115/157/20 737/156/20 
f 706/98/20 689/160/20 640/159/20 707/101/20 
f 639/161/20 675/162/20 707/101/20 640/159/20 
f 708/100/20 707/101/20 675/162/20 635/129/20 
s off
f 721/163/17 738/166/17 739/165/17 705/164/17 
f 740/167/7 705/170/7 739/169/7 741/168/7 
f 742/171/8 740/174/8 741/173/8 743/172/8 
f 744/175/8 742/171/8 743/172/8 745/176/8 
f 45/177/10 126/180/10 746/179/10 672/178/10 
f 681/62/22 710/182/22 713/181/22 661/30/22 
f 661/183/10 713/186/10 712/185/10 740/184/10 
f 740/167/7 712/188/7 711/187/7 705/170/7 
f 705/189/8 711/192/8 710/191/8 681/190/8 
s 16
f 747/193/28 748/196/8 737/195/28 749/194/28 
s 64
f 750/197/495 751/200/496 752/199/495 753/198/495 
s 16
f 754/201/9 755/204/9 756/203/9 757/202/9 
s 64
f 758/205/10 759/208/10 760/207/5 761/206/5 
s 16
f 762/209/9 763/212/8 764/211/28 765/210/9 
s 64
f 766/213/5 767/216/5 768/215/5 769/214/5 
s 16
f 673/217/9 770/218/8 762/209/9 765/210/9 
s 64
f 771/219/5 772/220/5 766/213/5 769/214/5 
s 4
f 773/221/11 770/224/11 774/223/11 775/222/11 
s 2
f 736/155/20 776/227/20 777/226/20 778/225/20 
s 4
f 779/228/11 780/231/11 781/230/14 782/229/11 
s 2
f 777/226/20 751/233/20 642/232/20 778/225/20 
s off
f 760/234/11 750/237/11 753/236/11 761/235/11 
f 756/238/11 747/241/11 749/240/11 757/239/11 
s 2
f 783/242/20 776/227/20 748/244/20 784/243/20 
s off
f 785/245/8 786/248/8 787/247/8 788/246/8 
f 775/249/10 774/252/10 789/251/10 790/250/10 
s 16
f 791/253/8 784/254/8 748/196/8 747/193/28 
f 755/204/9 792/256/9 793/255/9 756/203/9 
f 794/257/9 795/258/9 763/212/8 762/209/9 
f 770/218/8 773/259/9 794/257/9 762/209/9 
s 2
f 776/227/20 783/242/20 796/260/20 777/226/20 
f 777/226/20 796/260/20 752/261/20 751/233/20 
s off
f 793/262/11 791/263/11 747/241/11 756/238/11 
f 785/245/8 797/265/8 798/264/8 786/248/8 
s 64
f 753/198/495 752/199/495 799/267/497 800/266/497 
f 801/268/5 758/205/10 761/206/5 802/269/5 
f 803/270/5 771/219/5 769/214/5 804/271/5 
s 4
f 671/42/11 773/221/11 775/222/11 668/41/11 
f 779/228/11 782/229/11 683/66/11 682/63/11 
s off
f 761/235/11 753/236/11 800/273/11 802/272/11 
s 2
f 783/242/20 784/243/20 805/275/20 806/274/20 
s off
f 775/249/17 790/250/17 807/277/17 668/276/17 
s 64
f 808/278/498 735/279/498 715/107/494 714/106/494 
f 716/109/5 809/281/5 810/280/5 717/108/5 
f 811/282/5 812/283/5 719/111/5 718/110/5 
f 720/112/5 813/284/5 811/282/5 718/110/5 
s 4
f 703/114/493 732/286/11 814/285/11 721/113/493 
f 723/118/11 815/288/11 816/287/11 724/117/11 
s 16
f 727/119/8 726/120/8 817/290/9 818/289/9 
f 819/291/8 728/121/9 729/122/9 820/292/8 
f 731/123/9 730/124/9 821/294/23 822/293/8 
f 670/295/8 732/125/9 731/123/9 822/293/8 
s 2
f 823/296/20 733/126/20 734/127/20 824/297/20 
f 734/127/20 735/132/20 825/298/20 824/297/20 
s off
f 717/137/11 810/300/11 808/299/11 714/140/11 
f 729/153/11 727/154/11 818/302/11 820/301/11 
s 2
f 706/98/20 733/126/20 726/303/20 689/160/20 
s off
f 721/163/10 814/305/10 826/304/10 738/166/10 
f 744/175/8 745/176/8 827/307/8 828/306/8 
s 1
f 829/308/32 212/311/29 211/310/31 830/309/499 
f 831/312/29 832/315/500 833/314/501 834/313/502 
f 832/316/500 835/319/18 836/318/503 833/317/501 
s off
f 40/320/14 212/311/14 829/308/14 666/321/14 
f 767/322/22 766/325/22 837/324/22 838/323/22 
f 653/326/20 759/329/20 839/328/20 840/327/20 
f 841/330/7 758/333/7 842/332/7 843/331/7 
f 804/334/11 769/336/11 835/335/11 832/315/11 
f 812/337/22 811/340/22 844/339/22 845/338/22 
f 846/341/20 809/344/20 847/343/20 848/342/20 
f 849/345/10 850/348/10 685/347/10 815/346/10 
f 722/349/17 851/352/17 852/351/17 723/350/17 
f 725/353/7 853/356/7 851/355/7 722/354/7 
f 724/357/8 854/360/8 853/359/8 725/358/8 
f 816/361/8 855/362/8 854/360/8 724/357/8 
f 856/363/8 857/366/8 683/365/8 782/364/8 
f 858/367/10 241/370/10 61/369/10 687/368/10 
f 859/371/10 858/367/10 687/368/10 780/372/10 
f 243/373/9 860/376/9 686/375/9 64/374/9 
f 779/377/10 861/378/10 859/371/10 780/372/10 
f 781/379/8 862/380/8 856/363/8 782/364/8 
f 850/348/10 863/382/10 682/381/10 685/347/10 
f 723/350/10 852/351/10 849/345/10 815/346/10 
f 857/366/8 864/384/8 684/383/8 683/365/8 
s 8
f 702/385/22 655/25/22 654/26/22 688/71/22 
s 16
f 680/386/8 656/27/8 657/28/8 697/86/8 
s 8
f 648/53/22 656/388/22 865/387/22 676/56/22 
f 676/56/22 865/387/22 654/26/22 647/14/22 
s 16
f 693/78/8 866/389/8 657/28/8 651/18/8 
s 64
f 644/80/10 655/391/10 867/390/10 695/83/5 
f 695/83/5 867/390/10 868/392/5 716/109/5 
s 16
f 728/121/9 869/393/9 866/389/8 693/78/8 
f 254/394/8 256/396/9 870/395/9 754/201/9 
s 64
f 758/205/10 841/398/10 871/397/10 759/208/10 
s 16
f 755/204/9 872/400/8 873/399/9 792/256/9 
s 64
f 716/109/5 868/392/5 874/401/5 809/281/5 
s 16
f 875/402/9 876/404/9 877/403/8 819/291/8 
s 1
f 839/405/504 878/408/505 879/407/506 840/406/507 
f 880/409/508 881/412/509 848/411/510 847/410/5 
s off
f 759/413/22 871/416/22 878/415/22 839/414/22 
f 768/417/55 841/330/55 843/331/55 836/418/55 
f 809/419/22 874/422/22 880/421/22 847/420/22 
f 826/304/10 882/423/10 850/348/10 849/345/10 
f 851/352/17 739/165/17 738/166/17 852/351/17 
f 853/356/7 741/168/7 739/169/7 851/355/7 
f 854/360/8 743/172/8 741/173/8 853/359/8 
f 855/362/8 745/176/8 743/172/8 854/360/8 
f 798/264/8 883/424/8 857/366/8 856/363/8 
f 858/367/10 746/179/10 126/180/10 241/370/10 
f 789/251/10 746/179/10 858/367/10 859/371/10 
f 243/373/8 270/425/8 787/247/8 860/376/8 
f 861/378/10 790/250/10 789/251/10 859/371/10 
f 862/380/8 786/248/8 798/264/8 856/363/8 
f 850/348/17 882/423/17 807/277/17 863/382/17 
f 852/351/10 738/166/10 826/304/10 849/345/10 
f 857/366/8 883/424/8 827/307/8 864/384/8 
s 64
f 884/426/511 825/427/512 735/279/498 808/278/498 
f 809/281/5 846/429/5 885/428/5 810/280/5 
f 813/284/5 886/431/5 887/430/5 811/282/5 
s 4
f 732/286/11 670/43/11 669/44/11 814/285/11 
f 685/64/11 684/65/11 816/287/11 815/288/11 
s off
f 810/300/11 885/433/11 884/432/11 808/299/11 
s 2
f 823/296/20 817/434/20 726/303/20 733/126/20 
s off
f 669/435/10 882/423/10 826/304/10 814/305/10 
s 1
f 844/436/513 831/439/29 834/438/502 845/437/514 
s off
f 811/440/11 887/442/11 831/312/11 844/441/11 
f 816/361/8 684/383/8 864/384/8 855/362/8 
s 16
f 819/291/8 877/403/8 869/393/9 728/121/9 
s off
f 855/362/8 864/384/8 827/307/8 745/176/8 
s 16
f 869/393/9 877/403/8 821/294/23 730/124/9 
f 818/289/9 817/290/9 805/444/9 888/443/9 
f 875/402/9 819/291/8 820/292/8 889/445/9 
f 822/293/8 821/294/23 890/447/9 891/446/9 
f 671/448/8 670/295/8 822/293/8 891/446/9 
s 2
f 823/296/20 824/297/20 892/449/20 806/274/20 
f 824/297/20 825/298/20 799/450/20 892/449/20 
s off
f 889/451/515 820/301/515 818/302/515 888/452/515 
f 828/306/8 827/307/8 883/424/8 893/453/8 
f 801/454/20 846/341/20 848/342/20 894/455/20 
s 1
f 848/342/510 881/457/509 895/456/516 894/455/517 
f 881/412/509 834/438/502 833/317/501 895/458/516 
s 16
f 888/443/9 805/444/9 784/254/8 791/253/8 
f 792/256/9 875/402/9 889/445/9 793/255/9 
f 876/404/9 875/402/9 792/256/9 873/399/9 
f 773/259/9 671/448/8 891/446/9 794/257/9 
s 2
f 783/242/20 806/274/20 892/449/20 796/260/20 
f 796/260/20 892/449/20 799/450/20 752/261/20 
s off
f 889/451/11 888/452/11 791/263/11 793/262/11 
f 893/453/8 883/424/8 798/264/8 797/265/8 
s 64
f 800/266/497 799/267/497 825/427/512 884/426/511 
f 801/268/5 802/269/5 885/428/5 846/429/5 
f 803/270/5 804/271/5 887/430/5 886/431/5 
s off
f 885/433/11 802/272/11 800/273/11 884/432/11 
s 2
f 823/296/20 806/274/20 805/275/20 817/434/20 
s off
f 668/276/17 807/277/17 882/423/17 669/435/17 
f 758/459/20 801/454/20 894/455/20 842/460/20 
f 804/334/11 832/315/11 831/312/11 887/442/11 
f 779/377/10 682/381/10 863/382/10 861/378/10 
s 16
f 891/446/9 890/447/9 795/258/9 794/257/9 
s 1
f 894/461/517 895/458/516 843/463/518 842/462/17 
s off
f 861/378/17 863/382/17 807/277/17 790/250/17 
s 1
f 895/458/516 833/317/501 836/318/503 843/463/518 
s 64
f 643/10/488 642/11/488 751/200/496 750/197/495 
f 759/208/10 653/22/17 652/23/17 760/207/5 
f 772/220/5 667/38/18 666/39/18 766/213/5 
s 4
f 770/224/11 673/47/11 672/48/11 774/223/11 
f 687/68/14 686/69/14 781/230/14 780/231/11 
s off
f 652/133/11 643/134/11 750/237/11 760/234/11 
s 2
f 736/155/20 737/156/20 748/244/20 776/227/20 
s off
f 672/178/17 746/179/17 789/251/17 774/252/17 
s 1
f 837/464/519 829/467/32 830/466/499 838/465/505 
s off
f 766/468/11 666/321/11 829/308/11 837/469/11 
f 781/379/8 686/375/8 860/376/8 862/380/8 
s 16
f 755/204/9 754/201/9 870/395/9 872/400/8 
s off
f 862/380/8 860/376/8 787/247/8 786/248/8 
s 16
f 872/400/8 870/395/9 764/211/28 763/212/8 
f 749/194/28 737/195/28 115/471/28 283/470/8 
f 254/394/8 754/201/9 757/202/9 284/472/8 
f 765/210/9 764/211/28 286/474/28 285/473/8 
f 46/475/9 673/217/9 765/210/9 285/473/8 
s 2
f 736/155/20 778/225/20 287/476/20 116/158/20 
f 778/225/20 642/232/20 12/477/20 287/476/20 
s off
f 757/239/515 749/240/515 283/479/515 284/478/515 
f 788/246/9 787/247/9 270/425/9 288/480/9 
f 21/481/20 653/326/20 840/327/20 289/482/20 
s 1
f 840/327/507 879/484/506 290/483/54 289/482/38 
f 879/407/506 830/466/499 211/486/31 290/485/54 
s 8
f 702/385/22 688/71/22 660/31/22 659/32/22 
s 16
f 663/36/9 680/386/8 697/86/8 664/35/8 
s off
f 769/487/7 768/417/7 836/418/7 835/488/7 
s 8
f 656/388/22 680/59/22 679/60/22 865/387/22 
f 865/387/22 679/60/22 688/71/22 654/26/22 
s 16
f 866/389/8 698/85/8 697/86/8 657/28/8 
s 64
f 655/391/10 702/89/18 701/90/5 867/390/10 
f 867/390/10 701/90/5 719/111/5 868/392/5 
s 16
f 869/393/9 730/124/9 698/85/8 866/389/8 
f 256/396/9 286/474/28 764/211/28 870/395/9 
s 64
f 841/398/10 768/215/5 767/216/5 871/397/10 
s 16
f 872/400/8 763/212/8 795/258/9 873/399/9 
s 64
f 868/392/5 719/111/5 812/283/5 874/401/5 
s 16
f 876/404/9 890/447/9 821/294/23 877/403/8 
s 1
f 878/408/505 838/465/505 830/466/499 879/407/506 
f 880/409/508 845/437/514 834/438/502 881/412/509 
s off
f 871/416/44 767/322/44 838/323/44 878/415/44 
f 874/422/22 812/337/22 845/338/22 880/421/22 
s 16
f 795/258/9 890/447/9 876/404/9 873/399/9 
s 1
f 661/489/11 740/492/11 704/491/11 658/490/11 
f 740/492/11 742/494/11 720/493/11 704/491/11 
f 742/494/11 744/496/11 813/495/11 720/493/11 
f 744/496/11 828/498/11 886/497/11 813/495/11 
f 828/498/11 893/500/11 803/499/11 886/497/11 
f 893/500/11 797/502/11 771/501/11 803/499/11 
f 797/502/11 785/504/14 772/503/11 771/501/11 
f 785/504/14 788/506/14 667/505/14 772/503/11 
f 788/506/14 288/508/11 37/507/11 667/505/14 
s 4
f 896/509/520 897/512/11 898/511/11 899/510/520 
f 900/513/521 901/516/521 902/515/522 903/514/522 
f 904/517/523 905/520/523 906/519/524 907/518/524 
f 908/521/525 909/524/526 910/523/527 911/522/527 
f 912/525/528 913/528/529 914/527/530 915/526/530 
f 915/526/530 914/527/530 312/530/14 311/529/11 
f 896/531/520 899/534/520 916/533/531 917/532/531 
f 917/535/531 916/538/531 918/537/532 919/536/532 
s off
f 658/539/10 897/542/10 896/541/10 704/540/10 
f 704/540/17 896/541/17 917/546/17 920/545/17 
f 704/540/17 920/545/17 921/544/17 720/543/17 
f 720/543/5 921/544/5 922/548/5 923/547/5 
f 924/549/5 925/552/5 926/551/5 927/550/5 
f 928/553/5 929/556/5 930/555/5 931/554/5 
f 932/557/18 933/560/18 934/559/18 935/558/18 
f 936/561/17 937/564/17 938/563/17 939/562/17 
f 939/562/10 938/563/10 337/566/10 37/565/10 
f 288/567/8 312/570/8 914/569/8 940/568/8 
f 940/568/9 914/569/9 913/572/9 941/571/9 
f 941/571/8 913/572/8 910/574/8 942/573/8 
f 943/575/28 909/578/28 906/577/28 944/576/28 
f 945/579/9 946/582/9 905/581/9 947/580/9 
f 948/583/8 901/586/8 918/585/8 949/584/8 
f 740/587/9 742/590/9 916/589/9 899/588/9 
f 740/587/9 899/588/9 898/592/9 661/591/9 
f 658/593/22 661/596/22 898/595/22 897/594/22 
s 4
f 950/597/533 947/598/533 905/520/523 904/517/523 
s off
f 929/556/10 951/600/10 952/599/10 930/555/10 
f 945/579/8 947/580/8 902/602/8 953/601/8 
s 4
f 903/514/522 902/515/522 947/598/533 950/597/533 
s off
f 927/550/18 926/551/18 952/599/18 951/600/18 
f 953/601/8 902/602/8 901/586/8 948/583/8 
s 4
f 919/536/532 918/537/532 901/516/521 900/513/521 
s off
f 923/547/18 922/548/18 925/552/18 924/549/18 
f 742/590/8 949/584/8 918/585/8 916/589/8 
s 4
f 911/522/527 910/523/527 913/528/529 912/525/528 
s off
f 935/558/18 934/559/18 937/564/18 936/561/18 
f 942/573/23 910/574/23 909/578/23 943/575/23 
s 4
f 907/518/524 906/519/524 909/524/526 908/521/525 
s off
f 928/553/5 931/554/5 933/560/5 932/557/5 
f 946/582/9 944/576/9 906/577/9 905/581/9 
f 919/603/5 954/604/5 920/545/5 917/546/5 
f 903/605/5 955/608/5 956/607/5 900/606/5 
f 957/609/10 958/612/10 904/611/10 907/610/10 
f 911/613/17 959/616/17 960/615/17 908/614/17 
f 915/617/17 961/620/17 962/619/17 912/618/17 
f 311/621/5 337/622/5 961/620/5 915/617/5 
f 958/612/5 963/624/5 950/623/5 904/611/5 
f 950/623/17 963/624/17 955/608/17 903/605/17 
f 900/606/18 956/607/18 954/604/18 919/603/18 
f 912/618/5 962/619/5 959/616/5 911/613/5 
f 908/614/17 960/615/17 957/609/17 907/610/17 
f 964/625/5 965/628/5 966/627/5 967/626/5 
f 968/629/5 969/632/5 970/631/5 971/630/5 
f 972/633/5 973/636/5 974/635/5 975/634/5 
f 976/637/18 977/640/18 978/639/18 979/638/18 
f 980/641/18 981/644/18 982/643/18 983/642/18 
f 382/645/5 383/646/5 981/644/5 980/641/5 
f 975/634/5 974/635/5 984/648/5 985/647/5 
f 984/648/18 969/632/18 968/629/18 985/647/18 
f 971/630/18 970/631/18 965/628/18 964/625/18 
f 983/642/5 982/643/5 977/640/5 976/637/5 
f 979/638/5 978/639/5 973/636/5 972/633/5 
f 954/649/534 964/652/534 967/651/534 920/650/534 
f 920/653/7 967/656/7 966/655/7 921/654/7 
f 921/657/535 966/660/535 965/659/535 922/658/535 
f 922/658/536 965/659/536 970/662/536 925/661/536 
f 925/661/537 970/662/537 969/664/537 926/663/537 
f 926/663/538 969/664/538 984/666/538 952/665/538 
f 930/667/539 952/665/539 984/666/539 974/668/539 
f 931/669/540 930/667/540 974/668/540 973/670/540 
f 931/669/541 973/670/541 978/672/541 933/671/541 
f 933/671/542 978/672/542 977/674/542 934/673/542 
f 934/673/543 977/674/543 982/676/543 937/675/543 
f 937/675/544 982/676/544 981/678/544 938/677/544 
f 938/677/545 981/678/545 383/680/545 337/679/545 
f 337/681/546 382/684/546 980/683/546 961/682/546 
f 961/682/547 980/683/547 983/686/547 962/685/547 
f 962/685/548 983/686/548 976/688/548 959/687/548 
f 959/687/549 976/688/549 979/690/549 960/689/549 
f 960/689/550 979/690/550 972/692/550 957/691/550 
f 958/693/551 957/691/551 972/692/551 975/694/551 
f 963/695/552 958/693/552 975/694/552 985/696/552 
f 963/695/553 985/696/553 968/698/553 955/697/553 
f 955/697/554 968/698/554 971/700/554 956/699/554 
f 956/699/555 971/700/555 964/652/555 954/649/555 
s 2
f 986/701/11 987/704/11 988/703/11 989/702/11 
s 4
f 990/705/92 991/708/92 992/707/92 993/706/92 
s 8
f 987/709/556 994/712/557 995/711/558 988/710/559 
f 995/711/558 994/712/557 996/714/560 997/713/561 
f 997/713/561 996/714/560 998/716/562 999/715/563 
f 999/715/563 998/716/562 1000/718/564 1001/717/565 
f 1001/717/565 1000/718/564 1002/720/566 1003/719/567 
f 1002/720/566 1004/722/568 1005/721/569 1003/719/567 
f 1004/722/568 1006/724/570 1007/723/571 1005/721/569 
f 1006/724/570 1008/726/572 1009/725/573 1007/723/571 
f 1008/726/572 1010/728/574 1011/727/575 1009/725/573 
f 1010/728/574 1012/730/576 1013/729/577 1011/727/575 
f 1012/730/576 1014/732/578 1015/731/579 1013/729/577 
f 1014/732/578 1016/734/580 1017/733/581 1015/731/579 
f 1016/734/580 1018/736/582 1019/735/583 1017/733/581 
f 1018/736/582 1020/738/584 1021/737/585 1019/735/583 
f 1020/738/584 1022/740/586 1023/739/587 1021/737/585 
f 1022/740/586 1024/742/588 1025/741/589 1023/739/587 
f 1025/741/589 1024/742/588 1026/744/590 1027/743/591 
f 1027/743/591 1026/744/590 1028/746/592 1029/745/593 
f 1029/745/593 1028/746/592 1030/748/594 1031/747/595 
s 16
f 988/749/133 995/752/596 1032/751/134 989/750/133 
f 995/752/596 997/754/597 1033/753/598 1032/751/134 
f 1033/753/598 997/754/597 999/756/599 1034/755/600 
f 1034/755/600 999/756/599 1001/758/601 1035/757/602 
f 1035/757/602 1001/758/601 1003/760/603 1036/759/142 
f 1003/760/603 1005/762/145 1037/761/144 1036/759/142 
f 1005/762/145 1007/764/147 1038/763/146 1037/761/144 
f 1007/764/147 1009/766/149 1039/765/148 1038/763/146 
f 1009/766/149 1011/768/604 1040/767/150 1039/765/148 
f 1011/768/604 1013/770/605 1041/769/606 1040/767/150 
f 1013/770/605 1015/772/607 1042/771/608 1041/769/606 
f 1015/772/607 1017/774/609 1043/773/610 1042/771/608 
f 1017/774/609 1019/776/159 1044/775/611 1043/773/610 
f 1019/776/159 1021/778/161 1045/777/160 1044/775/611 
f 1021/778/161 1023/780/163 1046/779/162 1045/777/160 
f 1046/781/162 1023/784/163 1025/783/165 1047/782/164 
f 1047/782/164 1025/783/165 1027/786/167 1048/785/166 
f 1048/787/166 1027/790/167 1029/789/169 1049/788/168 
f 1049/791/168 1029/794/169 1031/793/170 1050/792/170 
s 32
f 986/795/612 989/798/613 1032/797/614 1051/796/615 
f 1032/797/614 1033/800/616 1052/799/617 1051/796/615 
f 1033/800/616 1034/802/618 1053/801/619 1052/799/617 
f 1034/802/618 1035/804/620 1054/803/621 1053/801/619 
f 1035/804/620 1036/806/622 1055/805/623 1054/803/621 
f 1036/806/622 1037/808/624 1056/807/625 1055/805/623 
f 1056/807/625 1037/808/624 1038/810/626 1057/809/627 
f 1057/809/627 1038/810/626 1039/812/628 1058/811/629 
f 1058/811/629 1039/812/628 1040/814/630 1059/813/631 
f 1059/813/631 1040/814/630 1041/816/632 1060/815/633 
f 1060/815/633 1041/816/632 1042/818/634 1061/817/635 
f 1061/817/635 1042/818/634 1043/820/636 1062/819/637 
f 1062/819/637 1043/820/636 1044/822/638 1063/821/639 
f 1063/821/639 1044/822/638 1045/824/640 1064/823/641 
f 1045/824/640 1046/826/642 1065/825/643 1064/823/641 
f 1046/826/642 1047/828/644 1066/827/645 1065/825/643 
f 1047/828/644 1048/830/646 1067/829/647 1066/827/645 
f 1067/829/647 1048/830/646 1049/832/648 1068/831/649 
f 1068/831/649 1049/832/648 1050/834/650 1069/833/651 
s 64
f 987/704/652 986/701/653 1051/836/654 994/835/655 
f 1051/837/654 1052/840/216 996/839/656 994/838/655 
f 1052/840/216 1053/842/218 998/841/217 996/839/656 
f 1053/843/218 1054/846/220 1000/845/219 998/844/217 
f 1054/846/220 1055/848/222 1002/847/657 1000/845/219 
f 1002/849/657 1055/852/222 1056/851/658 1004/850/659 
f 1004/850/659 1056/851/658 1057/854/660 1006/853/225 
f 1006/853/225 1057/854/660 1058/856/228 1008/855/227 
f 1008/855/227 1058/856/228 1059/858/230 1010/857/229 
f 1010/857/229 1059/858/230 1060/860/232 1012/859/231 
f 1012/859/231 1060/860/232 1061/862/234 1014/861/233 
f 1014/861/233 1061/862/234 1062/864/236 1016/863/235 
f 1016/863/235 1062/864/236 1063/866/238 1018/865/661 
f 1018/865/661 1063/866/238 1064/868/662 1020/867/663 
f 1020/867/663 1064/868/662 1065/870/664 1022/869/241 
f 1065/870/664 1066/872/244 1024/871/243 1022/869/241 
f 1066/872/244 1067/874/246 1026/873/245 1024/871/243 
f 1026/875/245 1067/878/246 1068/877/248 1028/876/247 
f 1028/879/247 1068/882/248 1069/881/249 1030/880/249 
s off
f 1030/748/22 991/884/22 990/883/22 1031/747/22 
f 1031/885/250 990/888/250 993/887/250 1050/886/250 
f 1050/834/7 993/890/7 992/889/7 1069/833/7 
f 1069/881/251 992/892/251 991/891/251 1030/880/251 
s 2
f 1070/893/11 1071/896/11 1072/895/11 1073/894/11 
s 4
f 1074/897/252 1075/900/252 1076/899/252 1077/898/252 
s 8
f 1073/901/665 1072/904/666 1078/903/667 1079/902/668 
f 1078/903/667 1080/906/669 1081/905/670 1079/902/668 
f 1080/906/669 1082/908/671 1083/907/672 1081/905/670 
f 1082/908/671 1084/910/673 1085/909/674 1083/907/672 
f 1084/910/673 1086/912/675 1087/911/676 1085/909/674 
f 1087/911/676 1086/912/675 1088/914/677 1089/913/678 
f 1089/913/678 1088/914/677 1090/916/679 1091/915/680 
f 1091/915/680 1090/916/679 1092/918/681 1093/917/682 
f 1093/917/682 1092/918/681 1094/920/683 1095/919/684 
f 1095/919/684 1094/920/683 1096/922/685 1097/921/686 
f 1097/921/686 1096/922/685 1098/924/687 1099/923/688 
f 1099/923/688 1098/924/687 1100/926/689 1101/925/690 
f 1101/925/690 1100/926/689 1102/928/691 1103/927/692 
f 1103/927/692 1102/928/691 1104/930/693 1105/929/694 
f 1105/929/694 1104/930/693 1106/932/695 1107/931/696 
f 1107/931/696 1106/932/695 1108/934/697 1109/933/698 
f 1108/934/697 1110/936/699 1111/935/700 1109/933/698 
f 1110/936/699 1112/938/701 1113/937/702 1111/935/700 
f 1112/938/701 1114/940/703 1115/939/704 1113/937/702 
s 16
f 1072/941/293 1071/944/293 1116/943/295 1078/942/705 
f 1078/942/705 1116/943/295 1117/946/706 1080/945/707 
f 1117/946/706 1118/948/708 1082/947/709 1080/945/707 
f 1118/948/708 1119/950/710 1084/949/711 1082/947/709 
f 1119/950/710 1120/952/303 1086/951/712 1084/949/711 
f 1086/951/712 1120/952/303 1121/954/305 1088/953/304 
f 1088/953/304 1121/954/305 1122/956/307 1090/955/306 
f 1090/955/306 1122/956/307 1123/958/309 1092/957/308 
f 1092/957/308 1123/958/309 1124/960/311 1094/959/713 
f 1094/959/713 1124/960/311 1125/962/714 1096/961/715 
f 1096/961/715 1125/962/714 1126/964/716 1098/963/717 
f 1098/963/717 1126/964/716 1127/966/718 1100/965/719 
f 1100/965/719 1127/966/718 1128/968/720 1102/967/318 
f 1102/967/318 1128/968/720 1129/970/321 1104/969/320 
f 1104/969/320 1129/970/321 1130/972/323 1106/971/322 
f 1130/973/323 1131/976/325 1108/975/324 1106/974/322 
f 1131/976/325 1132/978/327 1110/977/326 1108/975/324 
f 1132/979/327 1133/982/329 1112/981/328 1110/980/326 
f 1133/983/329 1134/986/330 1114/985/330 1112/984/328 
s 32
f 1070/987/721 1135/990/722 1116/989/723 1071/988/724 
f 1116/989/723 1135/990/722 1136/992/725 1117/991/726 
f 1117/991/726 1136/992/725 1137/994/727 1118/993/728 
f 1118/993/728 1137/994/727 1138/996/729 1119/995/730 
f 1119/995/730 1138/996/729 1139/998/731 1120/997/732 
f 1120/997/732 1139/998/731 1140/1000/733 1121/999/734 
f 1140/1000/733 1141/1002/735 1122/1001/736 1121/999/734 
f 1141/1002/735 1142/1004/737 1123/1003/738 1122/1001/736 
f 1142/1004/737 1143/1006/739 1124/1005/740 1123/1003/738 
f 1143/1006/739 1144/1008/741 1125/1007/742 1124/1005/740 
f 1144/1008/741 1145/1010/743 1126/1009/744 1125/1007/742 
f 1145/1010/743 1146/1012/745 1127/1011/746 1126/1009/744 
f 1146/1012/745 1147/1014/747 1128/1013/748 1127/1011/746 
f 1147/1014/747 1148/1016/749 1129/1015/750 1128/1013/748 
f 1129/1015/750 1148/1016/749 1149/1018/751 1130/1017/752 
f 1130/1017/752 1149/1018/751 1150/1020/753 1131/1019/754 
f 1131/1019/754 1150/1020/753 1151/1022/755 1132/1021/756 
f 1151/1022/755 1152/1024/757 1133/1023/758 1132/1021/756 
f 1152/1024/757 1153/1026/759 1134/1025/760 1133/1023/758 
s 64
f 1073/894/761 1079/1028/762 1135/1027/763 1070/893/764 
f 1135/1029/763 1079/1032/762 1081/1031/765 1136/1030/375 
f 1136/1030/375 1081/1031/765 1083/1034/378 1137/1033/377 
f 1137/1035/377 1083/1038/378 1085/1037/380 1138/1036/379 
f 1138/1036/379 1085/1037/380 1087/1040/766 1139/1039/381 
f 1087/1041/766 1089/1044/767 1140/1043/768 1139/1042/381 
f 1089/1044/767 1091/1046/386 1141/1045/769 1140/1043/768 
f 1091/1046/386 1093/1048/388 1142/1047/387 1141/1045/769 
f 1093/1048/388 1095/1050/390 1143/1049/389 1142/1047/387 
f 1095/1050/390 1097/1052/392 1144/1051/391 1143/1049/389 
f 1097/1052/392 1099/1054/394 1145/1053/393 1144/1051/391 
f 1099/1054/394 1101/1056/396 1146/1055/395 1145/1053/393 
f 1101/1056/396 1103/1058/770 1147/1057/397 1146/1055/395 
f 1103/1058/770 1105/1060/771 1148/1059/772 1147/1057/397 
f 1105/1060/771 1107/1062/402 1149/1061/773 1148/1059/772 
f 1149/1061/773 1107/1062/402 1109/1064/404 1150/1063/403 
f 1150/1063/403 1109/1064/404 1111/1066/406 1151/1065/405 
f 1111/1067/406 1113/1070/408 1152/1069/407 1151/1068/405 
f 1113/1071/408 1115/1074/409 1153/1073/409 1152/1072/407 
s off
f 1115/939/22 1114/940/22 1074/1076/22 1077/1075/22 
f 1114/1077/410 1134/1080/410 1075/1079/410 1074/1078/410 
f 1134/1025/7 1153/1026/7 1076/1082/7 1075/1081/7 
f 1153/1073/411 1115/1074/411 1077/1084/411 1076/1083/411 
s 2
f 1154/1085/20 557/1088/20 556/1087/20 1155/1086/20 
s 4
f 1156/1089/11 1157/1092/11 560/1091/11 559/1090/11 
s 8
f 1154/1085/22 1155/1086/22 1157/1092/22 1156/1089/22 
s 16
f 1155/1086/8 556/1087/8 560/1094/8 1157/1093/8 
s 64
f 557/1088/5 1154/1085/5 1156/1096/5 559/1095/5 
s 8
f 1158/1097/774 1159/1100/775 1160/1099/776 1161/1098/777 
f 1161/1101/777 1160/1104/776 1162/1103/778 1163/1102/779 
f 1163/1102/779 1162/1103/778 1164/1106/780 1165/1105/781 
f 1165/1105/781 1164/1106/780 1166/1108/782 1167/1107/783 
f 1167/1107/783 1166/1108/782 1168/1110/784 1169/1109/785 
f 1169/1111/785 1168/1114/784 1170/1113/786 1171/1112/787 
f 1171/1112/787 1170/1113/786 1172/1116/788 1173/1115/789 
f 1173/1117/789 1172/1120/788 1174/1119/790 1175/1118/791 
f 1175/1118/791 1174/1119/790 1176/1122/792 1177/1121/793 
f 1177/1121/793 1176/1122/792 1178/1124/794 1179/1123/795 
f 1179/1123/795 1178/1124/794 1180/1126/796 1181/1125/797 
f 1181/1127/797 1180/1128/796 1159/1100/775 1158/1097/774 
f 1159/1100/775 1182/1130/798 1183/1129/799 1160/1099/776 
f 1160/1104/776 1183/1132/799 1184/1131/800 1162/1103/778 
f 1162/1103/778 1184/1131/800 1185/1133/801 1164/1106/780 
f 1164/1106/780 1185/1133/801 1186/1134/802 1166/1108/782 
f 1166/1108/782 1186/1134/802 1187/1135/803 1168/1110/784 
f 1168/1114/784 1187/1137/803 1188/1136/804 1170/1113/786 
f 1170/1113/786 1188/1136/804 1189/1138/805 1172/1116/788 
f 1172/1120/788 1189/1140/805 1190/1139/806 1174/1119/790 
f 1174/1119/790 1190/1139/806 1191/1141/807 1176/1122/792 
f 1176/1122/792 1191/1141/807 1192/1142/808 1178/1124/794 
f 1178/1124/794 1192/1142/808 1193/1143/809 1180/1126/796 
f 1180/1128/796 1193/1144/809 1182/1130/798 1159/1100/775 
f 1182/1145/798 1194/1148/810 1195/1147/811 1183/1146/799 
f 1183/1132/799 1195/1150/811 1196/1149/812 1184/1131/800 
f 1184/1131/800 1196/1149/812 1197/1151/813 1185/1133/801 
f 1185/1133/801 1197/1151/813 1198/1152/814 1186/1134/802 
f 1186/1134/802 1198/1152/814 1199/1153/815 1187/1135/803 
f 1187/1154/803 1199/1157/815 1200/1156/816 1188/1155/804 
f 1188/1158/804 1200/1161/816 1201/1160/817 1189/1159/805 
f 1189/1140/805 1201/1163/817 1202/1162/818 1190/1139/806 
f 1190/1139/806 1202/1162/818 1203/1164/819 1191/1141/807 
f 1191/1141/807 1203/1164/819 1204/1165/820 1192/1142/808 
f 1192/1142/808 1204/1165/820 1205/1166/821 1193/1143/809 
f 1193/1167/809 1205/1170/821 1194/1169/810 1182/1168/798 
f 1194/1171/810 1206/1174/466 1207/1173/465 1195/1172/811 
f 1195/1150/811 1207/1176/465 1208/1175/464 1196/1149/812 
f 1196/1149/812 1208/1175/464 1209/1177/822 1197/1151/813 
f 1197/1151/813 1209/1177/822 1210/1178/462 1198/1152/814 
f 1198/1152/814 1210/1178/462 1211/1179/460 1199/1153/815 
f 1199/1180/815 1211/1183/460 1212/1182/461 1200/1181/816 
f 1200/1181/816 1212/1182/461 1213/1185/471 1201/1184/817 
f 1201/1163/817 1213/1187/471 1214/1186/470 1202/1162/818 
f 1202/1162/818 1214/1186/470 1215/1188/823 1203/1164/819 
f 1203/1164/819 1215/1188/823 1216/1189/468 1204/1165/820 
f 1204/1165/820 1216/1189/468 1217/1190/467 1205/1166/821 
f 1205/1191/821 1217/1192/467 1206/1174/466 1194/1171/810 
f 1206/1174/466 1218/1194/478 1219/1193/477 1207/1173/465 
f 1207/1176/465 1219/1196/477 1220/1195/476 1208/1175/464 
f 1208/1175/464 1220/1195/476 1221/1197/824 1209/1177/822 
f 1209/1177/822 1221/1197/824 1222/1198/474 1210/1178/462 
f 1210/1178/462 1222/1198/474 1223/1199/472 1211/1179/460 
f 1211/1183/460 1223/1201/472 1224/1200/473 1212/1182/461 
f 1212/1182/461 1224/1200/473 1225/1202/483 1213/1185/471 
f 1213/1187/471 1225/1204/483 1226/1203/482 1214/1186/470 
f 1214/1186/470 1226/1203/482 1227/1205/825 1215/1188/823 
f 1215/1188/823 1227/1205/825 1228/1206/480 1216/1189/468 
f 1216/1189/468 1228/1206/480 1229/1207/479 1217/1190/467 
f 1217/1192/467 1229/1208/479 1218/1194/478 1206/1174/466 
s 1
f 1158/1212/28 1161/1219/28 1163/1218/9 1167/1215/9 
f 1163/1218/9 1165/1217/8 1167/1215/9 
f 1167/1215/9 1169/1216/9 1171/1214/28 1175/1211/28 
f 1171/1214/28 1173/1213/28 1175/1211/28 
f 1158/1212/28 1167/1215/9 1175/1211/28 1179/1209/28 
f 1175/1211/28 1177/1210/8 1179/1209/28 
f 1181/1220/9 1158/1212/28 1179/1209/28 
f 1229/1224/5 1228/1231/5 1227/1230/5 1225/1227/5 
f 1227/1230/5 1226/1229/5 1225/1227/5 
f 1225/1227/5 1224/1228/5 1223/1226/5 1221/1223/5 
f 1223/1226/5 1222/1225/5 1221/1223/5 
f 1229/1224/5 1225/1227/5 1221/1223/5 1219/1221/5 
f 1221/1223/5 1220/1222/5 1219/1221/5 
f 1218/1232/5 1229/1224/5 1219/1221/5 
# 1192 polygons - 16 triangles

