-- Configuring done (0.4s)
-- Generating done (0.2s)
-- Build files have been written to: /tmp/wf-teleport-integration/build-pending-integration
[  0%] Building C object CMakeFiles/lua54.dir/engine/vendor/lua-5.4.8/src/lapi.c.o
[  0%] Building C object CMakeFiles/zforth.dir/engine/vendor/zforth-41db72d1/src/zforth/zforth.c.o
[  0%] Building CXX object CMakeFiles/fps_overlay_test.dir/tests/fps_overlay_test.cc.o
[  0%] Building CXX object CMakeFiles/frame_rate_test.dir/tests/frame_rate_test.cc.o
[  0%] Generating runtime-properties/libwf_attr_edit.a
[  0%] Building CXX object CMakeFiles/Jolt.dir/cmake_pch.hxx.gch
   Compiling wf_oad v0.1.0 (/tmp/wf-teleport-integration/wftools/wf_oad)
[  1%] Linking C static library libzforth.a
[  1%] Built target zforth
[  1%] Building CXX object CMakeFiles/frame_rate_test.dir/wfsource/source/hal/linux/lifecycle.cc.o
   Compiling wf_attr_schema v0.1.0 (/tmp/wf-teleport-integration/wftools/wf_attr_schema)
[  1%] Building C object CMakeFiles/lua54.dir/engine/vendor/lua-5.4.8/src/lauxlib.c.o
[  1%] Building CXX object CMakeFiles/fps_overlay_test.dir/wfsource/source/game/fps_overlay.cc.o
[  1%] Building CXX object CMakeFiles/nf_test.dir/engine/neural-forth/neural_forth_test.cc.o
[  2%] Linking CXX executable frame_rate_test
   Compiling wf_attr_validate v0.1.0 (/tmp/wf-teleport-integration/wftools/wf_attr_validate)
[  3%] Building C object CMakeFiles/lua54.dir/engine/vendor/lua-5.4.8/src/lbaselib.c.o
[  3%] Built target frame_rate_test
[  3%] Building C object CMakeFiles/nf_test.dir/engine/neural-forth/dictionary.c.o
[  3%] Building C object CMakeFiles/lua54.dir/engine/vendor/lua-5.4.8/src/lcode.c.o
   Compiling wf_attr_edit v0.1.0 (/tmp/wf-teleport-integration/wftools/wf_attr_edit)
[  3%] Building C object CMakeFiles/lua54.dir/engine/vendor/lua-5.4.8/src/lcorolib.c.o
[  4%] Building C object CMakeFiles/nf_test.dir/engine/neural-forth/tensor.c.o
[  5%] Building C object CMakeFiles/lua54.dir/engine/vendor/lua-5.4.8/src/lctype.c.o
[  5%] Building C object CMakeFiles/lua54.dir/engine/vendor/lua-5.4.8/src/ldblib.c.o
[  5%] Building C object CMakeFiles/nf_test.dir/engine/neural-forth/autograd.c.o
[  5%] Building C object CMakeFiles/nf_test.dir/engine/neural-forth/fuzzy.c.o
[  6%] Linking CXX executable fps_overlay_test
[  6%] Built target fps_overlay_test
[  7%] Building C object CMakeFiles/nf_test.dir/engine/neural-forth/nn.c.o
[  7%] Building C object CMakeFiles/lua54.dir/engine/vendor/lua-5.4.8/src/ldebug.c.o
    Finished `release` profile [optimized] target(s) in 4.91s
[  7%] Building C object CMakeFiles/nf_test.dir/engine/neural-forth/slot.c.o
[  7%] Built target wf_property_core_build
[  7%] Building C object CMakeFiles/lua54.dir/engine/vendor/lua-5.4.8/src/ldo.c.o
[  8%] Building C object CMakeFiles/lua54.dir/engine/vendor/lua-5.4.8/src/ldump.c.o
[  8%] Building C object CMakeFiles/lua54.dir/engine/vendor/lua-5.4.8/src/lfunc.c.o
[  8%] Linking CXX executable nf_test
[  8%] Building C object CMakeFiles/lua54.dir/engine/vendor/lua-5.4.8/src/lgc.c.o
[  8%] Building C object CMakeFiles/lua54.dir/engine/vendor/lua-5.4.8/src/linit.c.o
[  9%] Building C object CMakeFiles/lua54.dir/engine/vendor/lua-5.4.8/src/liolib.c.o
[  9%] Built target nf_test
[  9%] Building C object CMakeFiles/lua54.dir/engine/vendor/lua-5.4.8/src/llex.c.o
[  9%] Building C object CMakeFiles/lua54.dir/engine/vendor/lua-5.4.8/src/lmathlib.c.o
[ 10%] Building C object CMakeFiles/lua54.dir/engine/vendor/lua-5.4.8/src/lmem.c.o
[ 10%] Building C object CMakeFiles/lua54.dir/engine/vendor/lua-5.4.8/src/loadlib.c.o
[ 10%] Building C object CMakeFiles/lua54.dir/engine/vendor/lua-5.4.8/src/lobject.c.o
[ 10%] Building C object CMakeFiles/lua54.dir/engine/vendor/lua-5.4.8/src/lopcodes.c.o
[ 11%] Building C object CMakeFiles/lua54.dir/engine/vendor/lua-5.4.8/src/loslib.c.o
[ 11%] Building C object CMakeFiles/lua54.dir/engine/vendor/lua-5.4.8/src/lparser.c.o
[ 11%] Building C object CMakeFiles/lua54.dir/engine/vendor/lua-5.4.8/src/lstate.c.o
[ 11%] Building C object CMakeFiles/lua54.dir/engine/vendor/lua-5.4.8/src/lstring.c.o
[ 12%] Building C object CMakeFiles/lua54.dir/engine/vendor/lua-5.4.8/src/lstrlib.c.o
[ 12%] Building C object CMakeFiles/lua54.dir/engine/vendor/lua-5.4.8/src/ltable.c.o
[ 12%] Building C object CMakeFiles/lua54.dir/engine/vendor/lua-5.4.8/src/ltablib.c.o
[ 13%] Building C object CMakeFiles/lua54.dir/engine/vendor/lua-5.4.8/src/ltm.c.o
[ 13%] Building C object CMakeFiles/lua54.dir/engine/vendor/lua-5.4.8/src/lundump.c.o
[ 13%] Building C object CMakeFiles/lua54.dir/engine/vendor/lua-5.4.8/src/lutf8lib.c.o
[ 14%] Building C object CMakeFiles/lua54.dir/engine/vendor/lua-5.4.8/src/lzio.c.o
[ 14%] Building C object CMakeFiles/lua54.dir/engine/vendor/lua-5.4.8/src/lvm.c.o
[ 14%] Building CXX object CMakeFiles/Jolt.dir/engine/vendor/jolt-physics-5.5.0/Jolt/AABBTree/AABBTreeBuilder.cpp.o
[ 14%] Building CXX object CMakeFiles/Jolt.dir/engine/vendor/jolt-physics-5.5.0/Jolt/Core/Color.cpp.o
[ 14%] Building CXX object CMakeFiles/Jolt.dir/engine/vendor/jolt-physics-5.5.0/Jolt/Core/JobSystemSingleThreaded.cpp.o
[ 14%] Building CXX object CMakeFiles/Jolt.dir/engine/vendor/jolt-physics-5.5.0/Jolt/Core/IssueReporting.cpp.o
[ 15%] Building CXX object CMakeFiles/Jolt.dir/engine/vendor/jolt-physics-5.5.0/Jolt/Core/Factory.cpp.o
[ 15%] Linking C static library liblua54.a
[ 15%] Built target lua54
[ 15%] Building CXX object CMakeFiles/Jolt.dir/engine/vendor/jolt-physics-5.5.0/Jolt/Core/JobSystemThreadPool.cpp.o
[ 16%] Building CXX object CMakeFiles/Jolt.dir/engine/vendor/jolt-physics-5.5.0/Jolt/Core/JobSystemWithBarrier.cpp.o
[ 16%] Building CXX object CMakeFiles/Jolt.dir/engine/vendor/jolt-physics-5.5.0/Jolt/Core/LinearCurve.cpp.o
[ 16%] Building CXX object CMakeFiles/Jolt.dir/engine/vendor/jolt-physics-5.5.0/Jolt/Core/Memory.cpp.o
[ 17%] Building CXX object CMakeFiles/Jolt.dir/engine/vendor/jolt-physics-5.5.0/Jolt/Core/Profiler.cpp.o
[ 17%] Building CXX object CMakeFiles/Jolt.dir/engine/vendor/jolt-physics-5.5.0/Jolt/Core/RTTI.cpp.o
[ 17%] Building CXX object CMakeFiles/Jolt.dir/engine/vendor/jolt-physics-5.5.0/Jolt/Core/StringTools.cpp.o
[ 17%] Building CXX object CMakeFiles/Jolt.dir/engine/vendor/jolt-physics-5.5.0/Jolt/Core/Semaphore.cpp.o
[ 18%] Building CXX object CMakeFiles/Jolt.dir/engine/vendor/jolt-physics-5.5.0/Jolt/Core/TickCounter.cpp.o
[ 18%] Building CXX object CMakeFiles/Jolt.dir/engine/vendor/jolt-physics-5.5.0/Jolt/Geometry/ConvexHullBuilder.cpp.o
[ 18%] Building CXX object CMakeFiles/Jolt.dir/engine/vendor/jolt-physics-5.5.0/Jolt/Geometry/ConvexHullBuilder2D.cpp.o
[ 18%] Building CXX object CMakeFiles/Jolt.dir/engine/vendor/jolt-physics-5.5.0/Jolt/Geometry/Indexify.cpp.o
[ 19%] Building CXX object CMakeFiles/Jolt.dir/engine/vendor/jolt-physics-5.5.0/Jolt/Geometry/OrientedBox.cpp.o
[ 19%] Building CXX object CMakeFiles/Jolt.dir/engine/vendor/jolt-physics-5.5.0/Jolt/Math/Vec3.cpp.o
[ 19%] Building CXX object CMakeFiles/Jolt.dir/engine/vendor/jolt-physics-5.5.0/Jolt/ObjectStream/SerializableObject.cpp.o
[ 20%] Building CXX object CMakeFiles/Jolt.dir/engine/vendor/jolt-physics-5.5.0/Jolt/Physics/Body/Body.cpp.o
[ 20%] Building CXX object CMakeFiles/Jolt.dir/engine/vendor/jolt-physics-5.5.0/Jolt/Physics/Body/BodyCreationSettings.cpp.o
[ 20%] Building CXX object CMakeFiles/Jolt.dir/engine/vendor/jolt-physics-5.5.0/Jolt/Physics/Body/BodyInterface.cpp.o
[ 20%] Building CXX object CMakeFiles/Jolt.dir/engine/vendor/jolt-physics-5.5.0/Jolt/Physics/Body/BodyManager.cpp.o
[ 21%] Building CXX object CMakeFiles/Jolt.dir/engine/vendor/jolt-physics-5.5.0/Jolt/Physics/Body/MassProperties.cpp.o
[ 21%] Building CXX object CMakeFiles/Jolt.dir/engine/vendor/jolt-physics-5.5.0/Jolt/Physics/Body/MotionProperties.cpp.o
[ 21%] Building CXX object CMakeFiles/Jolt.dir/engine/vendor/jolt-physics-5.5.0/Jolt/Physics/Character/Character.cpp.o
[ 21%] Building CXX object CMakeFiles/Jolt.dir/engine/vendor/jolt-physics-5.5.0/Jolt/Physics/Character/CharacterBase.cpp.o
[ 22%] Building CXX object CMakeFiles/Jolt.dir/engine/vendor/jolt-physics-5.5.0/Jolt/Physics/Character/CharacterVirtual.cpp.o
[ 22%] Building CXX object CMakeFiles/Jolt.dir/engine/vendor/jolt-physics-5.5.0/Jolt/Physics/Collision/BroadPhase/BroadPhase.cpp.o
[ 22%] Building CXX object CMakeFiles/Jolt.dir/engine/vendor/jolt-physics-5.5.0/Jolt/Physics/Collision/BroadPhase/BroadPhaseBruteForce.cpp.o
[ 23%] Building CXX object CMakeFiles/Jolt.dir/engine/vendor/jolt-physics-5.5.0/Jolt/Physics/Collision/BroadPhase/BroadPhaseQuadTree.cpp.o
[ 23%] Building CXX object CMakeFiles/Jolt.dir/engine/vendor/jolt-physics-5.5.0/Jolt/Physics/Collision/BroadPhase/QuadTree.cpp.o
[ 23%] Building CXX object CMakeFiles/Jolt.dir/engine/vendor/jolt-physics-5.5.0/Jolt/Physics/Collision/CastConvexVsTriangles.cpp.o
[ 23%] Building CXX object CMakeFiles/Jolt.dir/engine/vendor/jolt-physics-5.5.0/Jolt/Physics/Collision/CastSphereVsTriangles.cpp.o
[ 24%] Building CXX object CMakeFiles/Jolt.dir/engine/vendor/jolt-physics-5.5.0/Jolt/Physics/Collision/CollideConvexVsTriangles.cpp.o
[ 24%] Building CXX object CMakeFiles/Jolt.dir/engine/vendor/jolt-physics-5.5.0/Jolt/Physics/Collision/CollideSphereVsTriangles.cpp.o
[ 24%] Building CXX object CMakeFiles/Jolt.dir/engine/vendor/jolt-physics-5.5.0/Jolt/Physics/Collision/CollisionDispatch.cpp.o
[ 24%] Building CXX object CMakeFiles/Jolt.dir/engine/vendor/jolt-physics-5.5.0/Jolt/Physics/Collision/CollisionGroup.cpp.o
[ 25%] Building CXX object CMakeFiles/Jolt.dir/engine/vendor/jolt-physics-5.5.0/Jolt/Physics/Collision/EstimateCollisionResponse.cpp.o
[ 25%] Building CXX object CMakeFiles/Jolt.dir/engine/vendor/jolt-physics-5.5.0/Jolt/Physics/Collision/GroupFilter.cpp.o
[ 25%] Building CXX object CMakeFiles/Jolt.dir/engine/vendor/jolt-physics-5.5.0/Jolt/Physics/Collision/GroupFilterTable.cpp.o
[ 26%] Building CXX object CMakeFiles/Jolt.dir/engine/vendor/jolt-physics-5.5.0/Jolt/Physics/Collision/ManifoldBetweenTwoFaces.cpp.o
[ 26%] Building CXX object CMakeFiles/Jolt.dir/engine/vendor/jolt-physics-5.5.0/Jolt/Physics/Collision/NarrowPhaseQuery.cpp.o
[ 26%] Building CXX object CMakeFiles/Jolt.dir/engine/vendor/jolt-physics-5.5.0/Jolt/Physics/Collision/NarrowPhaseStats.cpp.o
[ 26%] Building CXX object CMakeFiles/Jolt.dir/engine/vendor/jolt-physics-5.5.0/Jolt/Physics/Collision/PhysicsMaterial.cpp.o
[ 27%] Building CXX object CMakeFiles/Jolt.dir/engine/vendor/jolt-physics-5.5.0/Jolt/Physics/Collision/PhysicsMaterialSimple.cpp.o
[ 27%] Building CXX object CMakeFiles/Jolt.dir/engine/vendor/jolt-physics-5.5.0/Jolt/Physics/Collision/Shape/BoxShape.cpp.o
[ 27%] Building CXX object CMakeFiles/Jolt.dir/engine/vendor/jolt-physics-5.5.0/Jolt/Physics/Collision/Shape/CapsuleShape.cpp.o
[ 28%] Building CXX object CMakeFiles/Jolt.dir/engine/vendor/jolt-physics-5.5.0/Jolt/Physics/Collision/Shape/CompoundShape.cpp.o
[ 28%] Building CXX object CMakeFiles/Jolt.dir/engine/vendor/jolt-physics-5.5.0/Jolt/Physics/Collision/Shape/ConvexHullShape.cpp.o
[ 28%] Building CXX object CMakeFiles/Jolt.dir/engine/vendor/jolt-physics-5.5.0/Jolt/Physics/Collision/Shape/ConvexShape.cpp.o
[ 28%] Building CXX object CMakeFiles/Jolt.dir/engine/vendor/jolt-physics-5.5.0/Jolt/Physics/Collision/Shape/CylinderShape.cpp.o
[ 29%] Building CXX object CMakeFiles/Jolt.dir/engine/vendor/jolt-physics-5.5.0/Jolt/Physics/Collision/Shape/DecoratedShape.cpp.o
[ 29%] Building CXX object CMakeFiles/Jolt.dir/engine/vendor/jolt-physics-5.5.0/Jolt/Physics/Collision/Shape/EmptyShape.cpp.o
[ 29%] Building CXX object CMakeFiles/Jolt.dir/engine/vendor/jolt-physics-5.5.0/Jolt/Physics/Collision/Shape/HeightFieldShape.cpp.o
[ 29%] Building CXX object CMakeFiles/Jolt.dir/engine/vendor/jolt-physics-5.5.0/Jolt/Physics/Collision/Shape/MeshShape.cpp.o
[ 30%] Building CXX object CMakeFiles/Jolt.dir/engine/vendor/jolt-physics-5.5.0/Jolt/Physics/Collision/Shape/MutableCompoundShape.cpp.o
[ 30%] Building CXX object CMakeFiles/Jolt.dir/engine/vendor/jolt-physics-5.5.0/Jolt/Physics/Collision/Shape/OffsetCenterOfMassShape.cpp.o
[ 30%] Building CXX object CMakeFiles/Jolt.dir/engine/vendor/jolt-physics-5.5.0/Jolt/Physics/Collision/Shape/PlaneShape.cpp.o
[ 31%] Building CXX object CMakeFiles/Jolt.dir/engine/vendor/jolt-physics-5.5.0/Jolt/Physics/Collision/Shape/RotatedTranslatedShape.cpp.o
[ 31%] Building CXX object CMakeFiles/Jolt.dir/engine/vendor/jolt-physics-5.5.0/Jolt/Physics/Collision/Shape/ScaledShape.cpp.o
[ 31%] Building CXX object CMakeFiles/Jolt.dir/engine/vendor/jolt-physics-5.5.0/Jolt/Physics/Collision/Shape/Shape.cpp.o
[ 31%] Building CXX object CMakeFiles/Jolt.dir/engine/vendor/jolt-physics-5.5.0/Jolt/Physics/Collision/Shape/SphereShape.cpp.o
[ 32%] Building CXX object CMakeFiles/Jolt.dir/engine/vendor/jolt-physics-5.5.0/Jolt/Physics/Collision/Shape/StaticCompoundShape.cpp.o
[ 32%] Building CXX object CMakeFiles/Jolt.dir/engine/vendor/jolt-physics-5.5.0/Jolt/Physics/Collision/Shape/TaperedCapsuleShape.cpp.o
[ 32%] Building CXX object CMakeFiles/Jolt.dir/engine/vendor/jolt-physics-5.5.0/Jolt/Physics/Collision/Shape/TaperedCylinderShape.cpp.o
[ 32%] Building CXX object CMakeFiles/Jolt.dir/engine/vendor/jolt-physics-5.5.0/Jolt/Physics/Collision/Shape/TriangleShape.cpp.o
[ 33%] Building CXX object CMakeFiles/Jolt.dir/engine/vendor/jolt-physics-5.5.0/Jolt/Physics/Collision/TransformedShape.cpp.o
[ 33%] Building CXX object CMakeFiles/Jolt.dir/engine/vendor/jolt-physics-5.5.0/Jolt/Physics/Constraints/ConeConstraint.cpp.o
[ 33%] Building CXX object CMakeFiles/Jolt.dir/engine/vendor/jolt-physics-5.5.0/Jolt/Physics/Constraints/Constraint.cpp.o
[ 34%] Building CXX object CMakeFiles/Jolt.dir/engine/vendor/jolt-physics-5.5.0/Jolt/Physics/Constraints/ConstraintManager.cpp.o
[ 34%] Building CXX object CMakeFiles/Jolt.dir/engine/vendor/jolt-physics-5.5.0/Jolt/Physics/Constraints/ContactConstraintManager.cpp.o
[ 34%] Building CXX object CMakeFiles/Jolt.dir/engine/vendor/jolt-physics-5.5.0/Jolt/Physics/Constraints/DistanceConstraint.cpp.o
[ 34%] Building CXX object CMakeFiles/Jolt.dir/engine/vendor/jolt-physics-5.5.0/Jolt/Physics/Constraints/FixedConstraint.cpp.o
[ 35%] Building CXX object CMakeFiles/Jolt.dir/engine/vendor/jolt-physics-5.5.0/Jolt/Physics/Constraints/GearConstraint.cpp.o
[ 35%] Building CXX object CMakeFiles/Jolt.dir/engine/vendor/jolt-physics-5.5.0/Jolt/Physics/Constraints/HingeConstraint.cpp.o
[ 35%] Building CXX object CMakeFiles/Jolt.dir/engine/vendor/jolt-physics-5.5.0/Jolt/Physics/Constraints/MotorSettings.cpp.o
[ 35%] Building CXX object CMakeFiles/Jolt.dir/engine/vendor/jolt-physics-5.5.0/Jolt/Physics/Constraints/PathConstraint.cpp.o
[ 36%] Building CXX object CMakeFiles/Jolt.dir/engine/vendor/jolt-physics-5.5.0/Jolt/Physics/Constraints/PathConstraintPath.cpp.o
[ 36%] Building CXX object CMakeFiles/Jolt.dir/engine/vendor/jolt-physics-5.5.0/Jolt/Physics/Constraints/PathConstraintPathHermite.cpp.o
[ 36%] Building CXX object CMakeFiles/Jolt.dir/engine/vendor/jolt-physics-5.5.0/Jolt/Physics/Constraints/PointConstraint.cpp.o
[ 37%] Building CXX object CMakeFiles/Jolt.dir/engine/vendor/jolt-physics-5.5.0/Jolt/Physics/Constraints/PulleyConstraint.cpp.o
[ 37%] Building CXX object CMakeFiles/Jolt.dir/engine/vendor/jolt-physics-5.5.0/Jolt/Physics/Constraints/RackAndPinionConstraint.cpp.o
[ 37%] Building CXX object CMakeFiles/Jolt.dir/engine/vendor/jolt-physics-5.5.0/Jolt/Physics/Constraints/SixDOFConstraint.cpp.o
[ 37%] Building CXX object CMakeFiles/Jolt.dir/engine/vendor/jolt-physics-5.5.0/Jolt/Physics/Constraints/SliderConstraint.cpp.o
[ 38%] Building CXX object CMakeFiles/Jolt.dir/engine/vendor/jolt-physics-5.5.0/Jolt/Physics/Constraints/SpringSettings.cpp.o
[ 38%] Building CXX object CMakeFiles/Jolt.dir/engine/vendor/jolt-physics-5.5.0/Jolt/Physics/Constraints/SwingTwistConstraint.cpp.o
[ 38%] Building CXX object CMakeFiles/Jolt.dir/engine/vendor/jolt-physics-5.5.0/Jolt/Physics/Constraints/TwoBodyConstraint.cpp.o
[ 39%] Building CXX object CMakeFiles/Jolt.dir/engine/vendor/jolt-physics-5.5.0/Jolt/Physics/DeterminismLog.cpp.o
[ 39%] Building CXX object CMakeFiles/Jolt.dir/engine/vendor/jolt-physics-5.5.0/Jolt/Physics/IslandBuilder.cpp.o
[ 39%] Building CXX object CMakeFiles/Jolt.dir/engine/vendor/jolt-physics-5.5.0/Jolt/Physics/LargeIslandSplitter.cpp.o
[ 39%] Building CXX object CMakeFiles/Jolt.dir/engine/vendor/jolt-physics-5.5.0/Jolt/Physics/PhysicsScene.cpp.o
[ 40%] Building CXX object CMakeFiles/Jolt.dir/engine/vendor/jolt-physics-5.5.0/Jolt/Physics/PhysicsSystem.cpp.o
[ 40%] Building CXX object CMakeFiles/Jolt.dir/engine/vendor/jolt-physics-5.5.0/Jolt/Physics/PhysicsUpdateContext.cpp.o
[ 40%] Building CXX object CMakeFiles/Jolt.dir/engine/vendor/jolt-physics-5.5.0/Jolt/Physics/Ragdoll/Ragdoll.cpp.o
[ 40%] Building CXX object CMakeFiles/Jolt.dir/engine/vendor/jolt-physics-5.5.0/Jolt/Physics/SoftBody/SoftBodyCreationSettings.cpp.o
[ 41%] Building CXX object CMakeFiles/Jolt.dir/engine/vendor/jolt-physics-5.5.0/Jolt/Physics/SoftBody/SoftBodyMotionProperties.cpp.o
[ 41%] Building CXX object CMakeFiles/Jolt.dir/engine/vendor/jolt-physics-5.5.0/Jolt/Physics/SoftBody/SoftBodyShape.cpp.o
[ 41%] Building CXX object CMakeFiles/Jolt.dir/engine/vendor/jolt-physics-5.5.0/Jolt/Physics/SoftBody/SoftBodySharedSettings.cpp.o
[ 42%] Building CXX object CMakeFiles/Jolt.dir/engine/vendor/jolt-physics-5.5.0/Jolt/Physics/StateRecorderImpl.cpp.o
[ 42%] Building CXX object CMakeFiles/Jolt.dir/engine/vendor/jolt-physics-5.5.0/Jolt/Physics/Vehicle/MotorcycleController.cpp.o
[ 42%] Building CXX object CMakeFiles/Jolt.dir/engine/vendor/jolt-physics-5.5.0/Jolt/Physics/Vehicle/TrackedVehicleController.cpp.o
[ 42%] Building CXX object CMakeFiles/Jolt.dir/engine/vendor/jolt-physics-5.5.0/Jolt/Physics/Vehicle/VehicleAntiRollBar.cpp.o
[ 43%] Building CXX object CMakeFiles/Jolt.dir/engine/vendor/jolt-physics-5.5.0/Jolt/Physics/Vehicle/VehicleCollisionTester.cpp.o
[ 43%] Building CXX object CMakeFiles/Jolt.dir/engine/vendor/jolt-physics-5.5.0/Jolt/Physics/Vehicle/VehicleConstraint.cpp.o
[ 43%] Building CXX object CMakeFiles/Jolt.dir/engine/vendor/jolt-physics-5.5.0/Jolt/Physics/Vehicle/VehicleController.cpp.o
[ 43%] Building CXX object CMakeFiles/Jolt.dir/engine/vendor/jolt-physics-5.5.0/Jolt/Physics/Vehicle/VehicleDifferential.cpp.o
[ 44%] Building CXX object CMakeFiles/Jolt.dir/engine/vendor/jolt-physics-5.5.0/Jolt/Physics/Vehicle/VehicleEngine.cpp.o
[ 44%] Building CXX object CMakeFiles/Jolt.dir/engine/vendor/jolt-physics-5.5.0/Jolt/Physics/Vehicle/VehicleTrack.cpp.o
[ 44%] Building CXX object CMakeFiles/Jolt.dir/engine/vendor/jolt-physics-5.5.0/Jolt/Physics/Vehicle/VehicleTransmission.cpp.o
[ 45%] Building CXX object CMakeFiles/Jolt.dir/engine/vendor/jolt-physics-5.5.0/Jolt/Physics/Vehicle/Wheel.cpp.o
[ 45%] Building CXX object CMakeFiles/Jolt.dir/engine/vendor/jolt-physics-5.5.0/Jolt/Physics/Vehicle/WheeledVehicleController.cpp.o
[ 45%] Building CXX object CMakeFiles/Jolt.dir/engine/vendor/jolt-physics-5.5.0/Jolt/RegisterTypes.cpp.o
[ 45%] Building CXX object CMakeFiles/Jolt.dir/engine/vendor/jolt-physics-5.5.0/Jolt/Renderer/DebugRenderer.cpp.o
[ 46%] Building CXX object CMakeFiles/Jolt.dir/engine/vendor/jolt-physics-5.5.0/Jolt/Renderer/DebugRendererPlayback.cpp.o
[ 46%] Building CXX object CMakeFiles/Jolt.dir/engine/vendor/jolt-physics-5.5.0/Jolt/Renderer/DebugRendererRecorder.cpp.o
[ 46%] Building CXX object CMakeFiles/Jolt.dir/engine/vendor/jolt-physics-5.5.0/Jolt/Renderer/DebugRendererSimple.cpp.o
[ 46%] Building CXX object CMakeFiles/Jolt.dir/engine/vendor/jolt-physics-5.5.0/Jolt/Skeleton/SkeletalAnimation.cpp.o
[ 47%] Building CXX object CMakeFiles/Jolt.dir/engine/vendor/jolt-physics-5.5.0/Jolt/Skeleton/Skeleton.cpp.o
[ 47%] Building CXX object CMakeFiles/Jolt.dir/engine/vendor/jolt-physics-5.5.0/Jolt/Skeleton/SkeletonMapper.cpp.o
[ 47%] Building CXX object CMakeFiles/Jolt.dir/engine/vendor/jolt-physics-5.5.0/Jolt/Skeleton/SkeletonPose.cpp.o
[ 48%] Building CXX object CMakeFiles/Jolt.dir/engine/vendor/jolt-physics-5.5.0/Jolt/TriangleSplitter/TriangleSplitter.cpp.o
[ 48%] Building CXX object CMakeFiles/Jolt.dir/engine/vendor/jolt-physics-5.5.0/Jolt/TriangleSplitter/TriangleSplitterBinning.cpp.o
[ 48%] Building CXX object CMakeFiles/Jolt.dir/engine/vendor/jolt-physics-5.5.0/Jolt/TriangleSplitter/TriangleSplitterMean.cpp.o
[ 48%] Linking CXX static library libJolt.a
[ 48%] Built target Jolt
[ 48%] Regenerating OAS headers and generated maps
prep not found — building via build.sh ...
In file included from /usr/include/c++/15/backward/strstream:50,
                 from source.cc:37:
   32 | #warning \
      |  ^~~~~~~
source.cc: In member function ‘std::string source::_ApplyMacrosToLine(std::string&, std::map<std::__cxx11::basic_string<char>, macro, std::less<std::__cxx11::basic_string<char> > >&)’:
  470 |                                                 ostrstream formattedOutput;
      |                                                            ^~~~~~~~~~~~~~~
/usr/include/c++/15/backward/strstream:191:9: note: declared here
  191 |   class ostrstream : public basic_ostream<char>
      |         ^~~~~~~~~~
  518 |                                                 ostrstream formattedOutput;
      |                                                            ^~~~~~~~~~~~~~~
/usr/include/c++/15/backward/strstream:191:9: note: declared here
  191 |   class ostrstream : public basic_ostream<char>
      |         ^~~~~~~~~~
expr.y: In function ‘int yyparse()’:
expr_tab.cc:286:22: note: in definition of macro ‘YY_’
expr_tab.cc:286:22: note: in definition of macro ‘YY_’
expr.y: In function ‘symtab* symlook(char*)’:
expr.l: In function ‘int yylex()’:
expr.l: In function ‘void yyerror(char*)’:
regexp/regexp.cc: In function ‘regexp* regcomp(const char*)’:
  198 |                 FAIL("NULL argument");
      |                      ^~~~~~~~~~~~~~~
regexp/regexp.cc:136:28: note: in definition of macro ‘FAIL’
  136 | #define FAIL(m) { regerror(m); return(NULL); }
      |                            ^
  211 |                 FAIL("regexp too big");
      |                      ^~~~~~~~~~~~~~~~
regexp/regexp.cc:136:28: note: in definition of macro ‘FAIL’
  136 | #define FAIL(m) { regerror(m); return(NULL); }
      |                            ^
  216 |                 FAIL("out of space");
      |                      ^~~~~~~~~~~~~~
regexp/regexp.cc:136:28: note: in definition of macro ‘FAIL’
  136 | #define FAIL(m) { regerror(m); return(NULL); }
      |                            ^
regexp/regexp.cc: In function ‘char* reg(int, int*)’:
  287 |                         FAIL("too many ()");
      |                              ^~~~~~~~~~~~~
regexp/regexp.cc:136:28: note: in definition of macro ‘FAIL’
  136 | #define FAIL(m) { regerror(m); return(NULL); }
      |                            ^
  326 |                 FAIL("unmatched ()");
      |                      ^~~~~~~~~~~~~~
regexp/regexp.cc:136:28: note: in definition of macro ‘FAIL’
  136 | #define FAIL(m) { regerror(m); return(NULL); }
      |                            ^
  329 |                         FAIL("unmatched ()");
      |                              ^~~~~~~~~~~~~~
regexp/regexp.cc:136:28: note: in definition of macro ‘FAIL’
  136 | #define FAIL(m) { regerror(m); return(NULL); }
      |                            ^
  331 |                         FAIL("junk on end");    /* "Can't happen". */
      |                              ^~~~~~~~~~~~~
regexp/regexp.cc:136:28: note: in definition of macro ‘FAIL’
  136 | #define FAIL(m) { regerror(m); return(NULL); }
      |                            ^
regexp/regexp.cc: In function ‘char* regpiece(int*)’:
  398 |                 FAIL("*+ operand could be empty");
      |                      ^~~~~~~~~~~~~~~~~~~~~~~~~~~
regexp/regexp.cc:136:28: note: in definition of macro ‘FAIL’
  136 | #define FAIL(m) { regerror(m); return(NULL); }
      |                            ^
  429 |                 FAIL("nested *?+");
      |                      ^~~~~~~~~~~~
regexp/regexp.cc:136:28: note: in definition of macro ‘FAIL’
  136 | #define FAIL(m) { regerror(m); return(NULL); }
      |                            ^
regexp/regexp.cc: In function ‘char* regatom(int*)’:
  480 |                                                         FAIL("invalid [] range");
      |                                                              ^~~~~~~~~~~~~~~~~~
regexp/regexp.cc:136:28: note: in definition of macro ‘FAIL’
  136 | #define FAIL(m) { regerror(m); return(NULL); }
      |                            ^
  490 |                                 FAIL("unmatched []");
      |                                      ^~~~~~~~~~~~~~
regexp/regexp.cc:136:28: note: in definition of macro ‘FAIL’
  136 | #define FAIL(m) { regerror(m); return(NULL); }
      |                            ^
  504 |                 FAIL("internal urp");   /* Supposed to be caught earlier. */
      |                      ^~~~~~~~~~~~~~
regexp/regexp.cc:136:28: note: in definition of macro ‘FAIL’
  136 | #define FAIL(m) { regerror(m); return(NULL); }
      |                            ^
  509 |                 FAIL("?+* follows nothing");
      |                      ^~~~~~~~~~~~~~~~~~~~~
regexp/regexp.cc:136:28: note: in definition of macro ‘FAIL’
  136 | #define FAIL(m) { regerror(m); return(NULL); }
      |                            ^
  513 |                         FAIL("trailing \\");
      |                              ^~~~~~~~~~~~~
regexp/regexp.cc:136:28: note: in definition of macro ‘FAIL’
  136 | #define FAIL(m) { regerror(m); return(NULL); }
      |                            ^
  526 |                                 FAIL("internal disaster");
      |                                      ^~~~~~~~~~~~~~~~~~~
regexp/regexp.cc:136:28: note: in definition of macro ‘FAIL’
  136 | #define FAIL(m) { regerror(m); return(NULL); }
      |                            ^
regexp/regexp.cc: In function ‘int regexec(regexp*, const char*)’:
  688 |                 regerror("NULL parameter");
      |                          ^~~~~~~~~~~~~~~~
  694 |                 regerror("corrupted program");
      |                          ^~~~~~~~~~~~~~~~~~~
  709 |          regerror("string not found");
      |                   ^~~~~~~~~~~~~~~~~~
  738 |    regerror("failed to match");
      |             ^~~~~~~~~~~~~~~~~
regexp/regexp.cc: In function ‘int regmatch(char*)’:
  949 |                         regerror("memory corruption");
      |                                  ^~~~~~~~~~~~~~~~~~~
  961 |         regerror("corrupted pointers");
      |                  ^~~~~~~~~~~~~~~~~~~~
regexp/regexp.cc: In function ‘int regrepeat(char*)’:
 1000 |                 regerror("internal foulup");
      |                          ^~~~~~~~~~~~~~~~~
regexp/regsub.cc: In function ‘void regsub(regexp*, const char*, char*)’:
   46 |                 regerror("NULL parm to regsub");
      |                          ^~~~~~~~~~~~~~~~~~~~~
   50 |                 regerror("damaged regexp fed to regsub");
      |                          ^~~~~~~~~~~~~~~~~~~~~~~~~~~~~~
   72 |                                 regerror("damaged match string");
      |                                          ^~~~~~~~~~~~~~~~~~~~~~
prep built successfully
Regenerating .ht headers...
  43 .ht files written to /tmp/wf-teleport-integration/wfsource/source/oas
Regenerating objects.{c,col,e,h,inc,lc}...
  objects.c objects.col objects.e objects.h objects.inc objects.lc written to /tmp/wf-teleport-integration/wfsource/source/oas
Generating engine/mutation/kpropmap_generated.inc...
  kpropmap_generated.inc written
Generating engine/wf_edit/name_to_path_generated.inc...
  name_to_path_generated.inc written
Done.
[ 49%] Building CXX object CMakeFiles/wfengine.dir/wfsource/source/pigsys/_atexit.cc.o
[ 49%] Building CXX object CMakeFiles/wfengine.dir/wfsource/source/pigsys/_cf_linux.cc.o
[ 49%] Building CXX object CMakeFiles/wfengine.dir/wfsource/source/pigsys/assert.cc.o
[ 50%] Building CXX object CMakeFiles/wfengine.dir/wfsource/source/pigsys/fatal.cc.o
[ 50%] Building CXX object CMakeFiles/wfengine.dir/wfsource/source/pigsys/endian.cc.o
[ 50%] Building CXX object CMakeFiles/wfengine.dir/wfsource/source/pigsys/new.cc.o
/tmp/wf-teleport-integration/wfsource/source/pigsys/assert.cc:25:130: note: ‘#pragma message: TODO: HAL should probably provide an interface to the debugger [very simple to start with--like is it there?]’
   25 | #pragma message( "TODO: HAL should probably provide an interface to the debugger [very simple to start with--like is it there?]" )
      |                                                                                                                                  ^
[ 50%] Building CXX object CMakeFiles/wfengine.dir/wfsource/source/pigsys/pigsys.cc.o
[ 51%] Building CXX object CMakeFiles/wfengine.dir/wfsource/source/pigsys/stack.cc.o
[ 51%] Building CXX object CMakeFiles/wfengine.dir/wfsource/source/streams/binstrm.cc.o
[ 51%] Building CXX object CMakeFiles/wfengine.dir/wfsource/source/cpplib/libstrm.cc.o
[ 51%] Building CXX object CMakeFiles/wfengine.dir/wfsource/source/cpplib/range.cc.o
[ 52%] Building CXX object CMakeFiles/wfengine.dir/wfsource/source/cpplib/stdstrm.cc.o
[ 52%] Building CXX object CMakeFiles/wfengine.dir/wfsource/source/cpplib/strmnull.cc.o
/tmp/wf-teleport-integration/wfsource/source/streams/binstrm.cc: In member function ‘const binistream& binistream::operator=(const binistream&)’:
/tmp/wf-teleport-integration/wfsource/source/streams/binstrm.cc:277:38: note: ‘#pragma message: KTS: do this right’
  277 | #pragma message ("KTS: do this right")
      |                                      ^
[ 52%] Building CXX object CMakeFiles/wfengine.dir/wfsource/source/math/angle.cc.o
[ 52%] Building CXX object CMakeFiles/wfengine.dir/wfsource/source/math/euler.cc.o
[ 53%] Building CXX object CMakeFiles/wfengine.dir/wfsource/source/math/matrix34.cc.o
[ 53%] Building CXX object CMakeFiles/wfengine.dir/wfsource/source/math/plane.cc.o
[ 53%] Building CXX object CMakeFiles/wfengine.dir/wfsource/source/math/scalar.cc.o
[ 54%] Building CXX object CMakeFiles/wfengine.dir/wfsource/source/math/vector2.cc.o
[ 54%] Building CXX object CMakeFiles/wfengine.dir/wfsource/source/math/vector3.cc.o
[ 54%] Building CXX object CMakeFiles/wfengine.dir/wfsource/source/memory/dmalloc.cc.o
[ 54%] Building CXX object CMakeFiles/wfengine.dir/wfsource/source/memory/lmalloc.cc.o
/tmp/wf-teleport-integration/wfsource/source/math/scalar.cc:55:69: note: ‘#pragma message: /tmp/wf-teleport-integration/wfsource/source/math/scalar.cc: better Scalar min and max definitions’
   55 | #pragma message( __FILE__ ": better Scalar min and max definitions" )
      |                                                                     ^
[ 55%] Building CXX object CMakeFiles/wfengine.dir/wfsource/source/memory/memory.cc.o
[ 55%] Building CXX object CMakeFiles/wfengine.dir/wfsource/source/memory/mempool.cc.o
/tmp/wf-teleport-integration/wfsource/source/memory/dmalloc.cc: In member function ‘virtual void* DMalloc::Allocate(size_t, const char*, int)’:
/tmp/wf-teleport-integration/wfsource/source/memory/dmalloc.cc:187:98: note: ‘#pragma message: KTS /tmp/wf-teleport-integration/wfsource/source/memory/dmalloc.cc: consider doing this in 2 loops, checking for exact fit first’
  187 | #pragma message ("KTS " __FILE__ ": consider doing this in 2 loops, checking for exact fit first")
      |                                                                                                  ^
/tmp/wf-teleport-integration/wfsource/source/memory/dmalloc.cc: In member function ‘virtual void DMalloc::Free(const void*)’:
/tmp/wf-teleport-integration/wfsource/source/memory/dmalloc.cc:307:77: note: ‘#pragma message: /tmp/wf-teleport-integration/wfsource/source/memory/dmalloc.cc: this code always causes crash in release mode’
  307 | #pragma message( __FILE__ ": this code always causes crash in release mode" )
      |                                                                             ^
/tmp/wf-teleport-integration/wfsource/source/memory/lmalloc.cc: In destructor ‘virtual LMalloc::~LMalloc()’:
/tmp/wf-teleport-integration/wfsource/source/memory/lmalloc.cc:204:69: note: ‘#pragma message: spew `DEL' tracking messages for all allocations’
  204 | #pragma message( "spew `DEL' tracking messages for all allocations" )
      |                                                                     ^
[ 55%] Building CXX object CMakeFiles/wfengine.dir/wfsource/source/memory/pooltest.cc.o
[ 55%] Building CXX object CMakeFiles/wfengine.dir/wfsource/source/memory/realmalloc.cc.o
[ 56%] Building CXX object CMakeFiles/wfengine.dir/wfsource/source/iff/disktoc.cc.o
[ 56%] Building CXX object CMakeFiles/wfengine.dir/wfsource/source/iff/iffread.cc.o
[ 56%] Building CXX object CMakeFiles/wfengine.dir/wfsource/source/mailbox/mailbox.cc.o
[ 57%] Building CXX object CMakeFiles/wfengine.dir/wfsource/source/hal/_list.cc.o
/tmp/wf-teleport-integration/wfsource/source/memory/realmalloc.cc: In destructor ‘virtual RealMalloc::~RealMalloc()’:
/tmp/wf-teleport-integration/wfsource/source/memory/realmalloc.cc:99:69: note: ‘#pragma message: spew `DEL' tracking messages for all allocations’
   99 | #pragma message( "spew `DEL' tracking messages for all allocations" )
      |                                                                     ^
[ 57%] Building CXX object CMakeFiles/wfengine.dir/wfsource/source/hal/asset_accessor.cc.o
[ 57%] Building CXX object CMakeFiles/wfengine.dir/wfsource/source/hal/dfhd.cc.o
/tmp/wf-teleport-integration/wfsource/source/iff/iffread.cc: In member function ‘void IFFChunkIter::ReadBytes(void*, int)’:
/tmp/wf-teleport-integration/wfsource/source/iff/iffread.cc:112:70: note: ‘#pragma message: KTS /tmp/wf-teleport-integration/wfsource/source/iff/iffread.cc: call lower level multi-byte read’
  112 | #pragma message ("KTS " __FILE__ ": call lower level multi-byte read")
      |                                                                      ^
/tmp/wf-teleport-integration/wfsource/source/iff/disktoc.cc: In member function ‘void DiskTOC::LoadTOC(_DiskFile&, int32)’:
/tmp/wf-teleport-integration/wfsource/source/iff/disktoc.cc:108:83: note: ‘#pragma message: KTS /tmp/wf-teleport-integration/wfsource/source/iff/disktoc.cc: make this use a Memory& for the current level’
  108 | #pragma message ("KTS " __FILE__ ": make this use a Memory& for the current level")
      |                                                                                   ^
/tmp/wf-teleport-integration/wfsource/source/iff/iffread.cc: In member function ‘void IFFChunkIter::SkipBytes(int)’:
/tmp/wf-teleport-integration/wfsource/source/iff/iffread.cc:142:70: note: ‘#pragma message: KTS /tmp/wf-teleport-integration/wfsource/source/iff/iffread.cc: call lower level multi-byte read’
  142 | #pragma message ("KTS " __FILE__ ": call lower level multi-byte read")
      |                                                                      ^
[ 57%] Building CXX object CMakeFiles/wfengine.dir/wfsource/source/hal/diskfile.cc.o
[ 58%] Building CXX object CMakeFiles/wfengine.dir/wfsource/source/hal/general.cc.o
[ 58%] Building CXX object CMakeFiles/wfengine.dir/wfsource/source/hal/hal.cc.o
[ 58%] Building CXX object CMakeFiles/wfengine.dir/wfsource/source/hal/mempool.cc.o
[ 58%] Building CXX object CMakeFiles/wfengine.dir/wfsource/source/hal/message.cc.o
[ 59%] Building CXX object CMakeFiles/wfengine.dir/wfsource/source/hal/salloc.cc.o
[ 59%] Building CXX object CMakeFiles/wfengine.dir/wfsource/source/hal/sjoystic.cc.o
[ 59%] Building CXX object CMakeFiles/wfengine.dir/wfsource/source/hal/time.cc.o
[ 60%] Building CXX object CMakeFiles/wfengine.dir/wfsource/source/hal/linux/asset_accessor_posix.cc.o
[ 60%] Building CXX object CMakeFiles/wfengine.dir/wfsource/source/hal/linux/audio.cc.o
[ 60%] Building CXX object CMakeFiles/wfengine.dir/wfsource/source/hal/linux/input.cc.o
/tmp/wf-teleport-integration/wfsource/source/hal/salloc.cc: In destructor ‘SAlloc::~SAlloc()’:
/tmp/wf-teleport-integration/wfsource/source/hal/salloc.cc:53:56: note: ‘#pragma message: kts: who should free SAllocs memory?’
   53 | #pragma message ("kts: who should free SAllocs memory?")
      |                                                        ^
[ 60%] Building CXX object CMakeFiles/wfengine.dir/wfsource/source/hal/linux/lifecycle.cc.o
[ 61%] Building CXX object CMakeFiles/wfengine.dir/wfsource/source/hal/linux/platform_init.cc.o
[ 61%] Building CXX object CMakeFiles/wfengine.dir/wfsource/source/hal/linux/steam.cc.o
[ 61%] Building CXX object CMakeFiles/wfengine.dir/wfsource/source/gfx/callbacks.cc.o
[ 62%] Building CXX object CMakeFiles/wfengine.dir/wfsource/source/gfx/camera.cc.o
[ 62%] Building CXX object CMakeFiles/wfengine.dir/wfsource/source/gfx/ccyc.cc.o
[ 62%] Building CXX object CMakeFiles/wfengine.dir/wfsource/source/gfx/ccycle.cc.o
[ 62%] Building CXX object CMakeFiles/wfengine.dir/wfsource/source/gfx/color.cc.o
[ 63%] Building CXX object CMakeFiles/wfengine.dir/wfsource/source/gfx/display.cc.o
[ 63%] Building CXX object CMakeFiles/wfengine.dir/wfsource/source/gfx/handle.cc.o
In file included from /tmp/wf-teleport-integration/wfsource/source/gfx/viewport.hp:103,
                 from /tmp/wf-teleport-integration/wfsource/source/gfx/camera.hp:35,
                 from /tmp/wf-teleport-integration/wfsource/source/gfx/camera.cc:27:
/tmp/wf-teleport-integration/wfsource/source/gfx/viewport.hpi: In member function ‘void ViewPort::Render()’:
/tmp/wf-teleport-integration/wfsource/source/gfx/viewport.hpi:114:67: note: ‘#pragma message: KTS /tmp/wf-teleport-integration/wfsource/source/gfx/viewport.hpi: write viewport gl render code’
  114 | #pragma message ("KTS " __FILE__ ": write viewport gl render code")
      |                                                                   ^
In file included from /tmp/wf-teleport-integration/wfsource/source/gfx/face.hp:67,
                 from /tmp/wf-teleport-integration/wfsource/source/gfx/rendobj3.hp:39,
                 from /tmp/wf-teleport-integration/wfsource/source/gfx/camera.hp:36:
/tmp/wf-teleport-integration/wfsource/source/gfx/face.hpi: At global scope:
/tmp/wf-teleport-integration/wfsource/source/gfx/face.hpi:26:71: note: ‘#pragma message: KTS /tmp/wf-teleport-integration/wfsource/source/gfx/face.hpi: move this into the math directory’
   26 | #pragma message ("KTS " __FILE__ ": move this into the math directory")
      |                                                                       ^
In file included from /tmp/wf-teleport-integration/wfsource/source/gfx/rendobj3.hp:44:
/tmp/wf-teleport-integration/wfsource/source/gfx/handle.hp:12:73: note: ‘#pragma message: WBN: merge various ID/FOURCC classes into single one’
   12 | #pragma message( "WBN: merge various ID/FOURCC classes into single one" )
      |                                                                         ^
In file included from /tmp/wf-teleport-integration/wfsource/source/gfx/rendobj3.hp:45:
/tmp/wf-teleport-integration/wfsource/source/gfx/material.hp:194:135: note: ‘#pragma message: /tmp/wf-teleport-integration/wfsource/source/gfx/material.hp KTS: MAX_RENDERERS hard coded to 8 to prevent cyclic dependencies, consider moving renderers into Material’
  194 | #pragma message(__FILE__ " KTS: MAX_RENDERERS hard coded to 8 to prevent cyclic dependencies, consider moving renderers into Material")
      |                                                                                                                                       ^
[ 63%] Building CXX object CMakeFiles/wfengine.dir/wfsource/source/gfx/material.cc.o
[ 63%] Building CXX object CMakeFiles/wfengine.dir/wfsource/source/gfx/pixelmap.cc.o
[ 64%] Building CXX object CMakeFiles/wfengine.dir/wfsource/source/gfx/rendmatt.cc.o
[ 64%] Building CXX object CMakeFiles/wfengine.dir/wfsource/source/gfx/rendobj2.cc.o
In file included from /tmp/wf-teleport-integration/wfsource/source/gfx/handle.cc:3:
/tmp/wf-teleport-integration/wfsource/source/gfx/handle.hp:12:73: note: ‘#pragma message: WBN: merge various ID/FOURCC classes into single one’
   12 | #pragma message( "WBN: merge various ID/FOURCC classes into single one" )
      |                                                                         ^
[ 64%] Building CXX object CMakeFiles/wfengine.dir/wfsource/source/gfx/rendobj3.cc.o
In file included from /tmp/wf-teleport-integration/wfsource/source/gfx/material.cc:27:
/tmp/wf-teleport-integration/wfsource/source/gfx/material.hp:194:135: note: ‘#pragma message: /tmp/wf-teleport-integration/wfsource/source/gfx/material.hp KTS: MAX_RENDERERS hard coded to 8 to prevent cyclic dependencies, consider moving renderers into Material’
  194 | #pragma message(__FILE__ " KTS: MAX_RENDERERS hard coded to 8 to prevent cyclic dependencies, consider moving renderers into Material")
      |                                                                                                                                       ^
In file included from /tmp/wf-teleport-integration/wfsource/source/gfx/face.hp:67,
                 from /tmp/wf-teleport-integration/wfsource/source/gfx/rendobj3.hp:39,
                 from /tmp/wf-teleport-integration/wfsource/source/gfx/material.hpi:26,
                 from /tmp/wf-teleport-integration/wfsource/source/gfx/material.hp:201:
/tmp/wf-teleport-integration/wfsource/source/gfx/face.hpi:26:71: note: ‘#pragma message: KTS /tmp/wf-teleport-integration/wfsource/source/gfx/face.hpi: move this into the math directory’
   26 | #pragma message ("KTS " __FILE__ ": move this into the math directory")
      |                                                                       ^
In file included from /tmp/wf-teleport-integration/wfsource/source/gfx/viewport.hp:103,
                 from /tmp/wf-teleport-integration/wfsource/source/gfx/rendobj3.hp:41:
/tmp/wf-teleport-integration/wfsource/source/gfx/viewport.hpi: In member function ‘void ViewPort::Render()’:
/tmp/wf-teleport-integration/wfsource/source/gfx/viewport.hpi:114:67: note: ‘#pragma message: KTS /tmp/wf-teleport-integration/wfsource/source/gfx/viewport.hpi: write viewport gl render code’
  114 | #pragma message ("KTS " __FILE__ ": write viewport gl render code")
      |                                                                   ^
In file included from /tmp/wf-teleport-integration/wfsource/source/gfx/rendobj3.hp:44:
/tmp/wf-teleport-integration/wfsource/source/gfx/handle.hp: At global scope:
/tmp/wf-teleport-integration/wfsource/source/gfx/handle.hp:12:73: note: ‘#pragma message: WBN: merge various ID/FOURCC classes into single one’
   12 | #pragma message( "WBN: merge various ID/FOURCC classes into single one" )
      |                                                                         ^
/tmp/wf-teleport-integration/wfsource/source/gfx/material.cc: In member function ‘void Material::InitPrimitive(Primitive&, const Vertex3D&, const Vertex3D&, const Vertex3D&) const’:
/tmp/wf-teleport-integration/wfsource/source/gfx/material.cc:310:85: note: ‘#pragma message: KTS: handle 4 & 8 bit textures as soon as I get data from textile’
  310 | #pragma message ("KTS: handle 4 & 8 bit textures as soon as I get data from textile")
      |                                                                                     ^
In file included from /tmp/wf-teleport-integration/wfsource/source/gfx/face.hp:67,
                 from /tmp/wf-teleport-integration/wfsource/source/gfx/rendobj3.hp:39,
                 from /tmp/wf-teleport-integration/wfsource/source/gfx/gl/display.cc:45,
                 from /tmp/wf-teleport-integration/wfsource/source/gfx/display.cc:45:
/tmp/wf-teleport-integration/wfsource/source/gfx/face.hpi:26:71: note: ‘#pragma message: KTS /tmp/wf-teleport-integration/wfsource/source/gfx/face.hpi: move this into the math directory’
   26 | #pragma message ("KTS " __FILE__ ": move this into the math directory")
      |                                                                       ^
In file included from /tmp/wf-teleport-integration/wfsource/source/gfx/viewport.hp:103,
                 from /tmp/wf-teleport-integration/wfsource/source/gfx/rendobj3.hp:41:
/tmp/wf-teleport-integration/wfsource/source/gfx/viewport.hpi: In member function ‘void ViewPort::Render()’:
/tmp/wf-teleport-integration/wfsource/source/gfx/viewport.hpi:114:67: note: ‘#pragma message: KTS /tmp/wf-teleport-integration/wfsource/source/gfx/viewport.hpi: write viewport gl render code’
  114 | #pragma message ("KTS " __FILE__ ": write viewport gl render code")
      |                                                                   ^
In file included from /tmp/wf-teleport-integration/wfsource/source/gfx/rendobj3.hp:44:
/tmp/wf-teleport-integration/wfsource/source/gfx/handle.hp: At global scope:
/tmp/wf-teleport-integration/wfsource/source/gfx/handle.hp:12:73: note: ‘#pragma message: WBN: merge various ID/FOURCC classes into single one’
   12 | #pragma message( "WBN: merge various ID/FOURCC classes into single one" )
      |                                                                         ^
In file included from /tmp/wf-teleport-integration/wfsource/source/gfx/rendobj3.hp:45:
/tmp/wf-teleport-integration/wfsource/source/gfx/material.hp:194:135: note: ‘#pragma message: /tmp/wf-teleport-integration/wfsource/source/gfx/material.hp KTS: MAX_RENDERERS hard coded to 8 to prevent cyclic dependencies, consider moving renderers into Material’
  194 | #pragma message(__FILE__ " KTS: MAX_RENDERERS hard coded to 8 to prevent cyclic dependencies, consider moving renderers into Material")
      |                                                                                                                                       ^
In file included from /tmp/wf-teleport-integration/wfsource/source/gfx/face.hp:67,
                 from /tmp/wf-teleport-integration/wfsource/source/gfx/rendobj2.hp:36,
                 from /tmp/wf-teleport-integration/wfsource/source/gfx/rendobj2.cc:28:
/tmp/wf-teleport-integration/wfsource/source/gfx/face.hpi:26:71: note: ‘#pragma message: KTS /tmp/wf-teleport-integration/wfsource/source/gfx/face.hpi: move this into the math directory’
   26 | #pragma message ("KTS " __FILE__ ": move this into the math directory")
      |                                                                       ^
In file included from /tmp/wf-teleport-integration/wfsource/source/gfx/face.hp:67,
                 from /tmp/wf-teleport-integration/wfsource/source/gfx/rendobj3.hp:39,
                 from /tmp/wf-teleport-integration/wfsource/source/gfx/rendobj3.cc:28:
/tmp/wf-teleport-integration/wfsource/source/gfx/face.hpi:26:71: note: ‘#pragma message: KTS /tmp/wf-teleport-integration/wfsource/source/gfx/face.hpi: move this into the math directory’
   26 | #pragma message ("KTS " __FILE__ ": move this into the math directory")
      |                                                                       ^
In file included from /tmp/wf-teleport-integration/wfsource/source/gfx/viewport.hp:103,
                 from /tmp/wf-teleport-integration/wfsource/source/gfx/rendobj3.hp:41:
/tmp/wf-teleport-integration/wfsource/source/gfx/viewport.hpi: In member function ‘void ViewPort::Render()’:
/tmp/wf-teleport-integration/wfsource/source/gfx/viewport.hpi:114:67: note: ‘#pragma message: KTS /tmp/wf-teleport-integration/wfsource/source/gfx/viewport.hpi: write viewport gl render code’
  114 | #pragma message ("KTS " __FILE__ ": write viewport gl render code")
      |                                                                   ^
In file included from /tmp/wf-teleport-integration/wfsource/source/gfx/rendobj3.hp:44:
/tmp/wf-teleport-integration/wfsource/source/gfx/handle.hp: At global scope:
/tmp/wf-teleport-integration/wfsource/source/gfx/handle.hp:12:73: note: ‘#pragma message: WBN: merge various ID/FOURCC classes into single one’
   12 | #pragma message( "WBN: merge various ID/FOURCC classes into single one" )
      |                                                                         ^
In file included from /tmp/wf-teleport-integration/wfsource/source/gfx/viewport.hp:103,
                 from /tmp/wf-teleport-integration/wfsource/source/gfx/rendobj2.hp:38:
/tmp/wf-teleport-integration/wfsource/source/gfx/viewport.hpi: In member function ‘void ViewPort::Render()’:
/tmp/wf-teleport-integration/wfsource/source/gfx/viewport.hpi:114:67: note: ‘#pragma message: KTS /tmp/wf-teleport-integration/wfsource/source/gfx/viewport.hpi: write viewport gl render code’
  114 | #pragma message ("KTS " __FILE__ ": write viewport gl render code")
      |                                                                   ^
In file included from /tmp/wf-teleport-integration/wfsource/source/gfx/rendobj3.hp:45:
/tmp/wf-teleport-integration/wfsource/source/gfx/material.hp:194:135: note: ‘#pragma message: /tmp/wf-teleport-integration/wfsource/source/gfx/material.hp KTS: MAX_RENDERERS hard coded to 8 to prevent cyclic dependencies, consider moving renderers into Material’
  194 | #pragma message(__FILE__ " KTS: MAX_RENDERERS hard coded to 8 to prevent cyclic dependencies, consider moving renderers into Material")
      |                                                                                                                                       ^
[ 65%] Building CXX object CMakeFiles/wfengine.dir/wfsource/source/gfx/rmuv.cc.o
In file included from /tmp/wf-teleport-integration/wfsource/source/gfx/rendobj2.cc:29:
/tmp/wf-teleport-integration/wfsource/source/gfx/material.hp: At global scope:
/tmp/wf-teleport-integration/wfsource/source/gfx/material.hp:194:135: note: ‘#pragma message: /tmp/wf-teleport-integration/wfsource/source/gfx/material.hp KTS: MAX_RENDERERS hard coded to 8 to prevent cyclic dependencies, consider moving renderers into Material’
  194 | #pragma message(__FILE__ " KTS: MAX_RENDERERS hard coded to 8 to prevent cyclic dependencies, consider moving renderers into Material")
      |                                                                                                                                       ^
In file included from /tmp/wf-teleport-integration/wfsource/source/gfx/rendmatt.hp:32,
                 from /tmp/wf-teleport-integration/wfsource/source/gfx/rendmatt.cc:27:
/tmp/wf-teleport-integration/wfsource/source/gfx/material.hp:194:135: note: ‘#pragma message: /tmp/wf-teleport-integration/wfsource/source/gfx/material.hp KTS: MAX_RENDERERS hard coded to 8 to prevent cyclic dependencies, consider moving renderers into Material’
  194 | #pragma message(__FILE__ " KTS: MAX_RENDERERS hard coded to 8 to prevent cyclic dependencies, consider moving renderers into Material")
      |                                                                                                                                       ^
In file included from /tmp/wf-teleport-integration/wfsource/source/gfx/rendobj3.hp:44,
                 from /tmp/wf-teleport-integration/wfsource/source/gfx/material.hpi:26,
                 from /tmp/wf-teleport-integration/wfsource/source/gfx/material.hp:201:
/tmp/wf-teleport-integration/wfsource/source/gfx/handle.hp:12:73: note: ‘#pragma message: WBN: merge various ID/FOURCC classes into single one’
   12 | #pragma message( "WBN: merge various ID/FOURCC classes into single one" )
      |                                                                         ^
/tmp/wf-teleport-integration/wfsource/source/gfx/rendobj3.cc: In constructor ‘RenderObject3D::RenderObject3D(Memory&, const RenderObject3D&)’:
/tmp/wf-teleport-integration/wfsource/source/gfx/rendobj3.cc:65:54: note: ‘#pragma message: /tmp/wf-teleport-integration/wfsource/source/gfx/rendobj3.cc: use reference counting’
   65 | #pragma message( __FILE__ ": use reference counting" )
      |                                                      ^
/tmp/wf-teleport-integration/wfsource/source/gfx/rendobj3.cc: In constructor ‘RenderObject3D::RenderObject3D(Memory&, binistream&, int32, const GfxCallbacks&)’:
/tmp/wf-teleport-integration/wfsource/source/gfx/rendobj3.cc:194:140: note: ‘#pragma message: KTS: figure out how to share common resources between multiple models (or at least more than instance of the same model)’
  194 | #pragma message ("KTS: figure out how to share common resources between multiple models (or at least more than instance of the same model)")
      |                                                                                                                                            ^
/tmp/wf-teleport-integration/wfsource/source/gfx/rendobj3.cc:205:78: note: ‘#pragma message: KTS: this causes two memory copies, is there a better way?’
  205 | #pragma message ("KTS: this causes two memory copies, is there a better way?")
      |                                                                              ^
In file included from /tmp/wf-teleport-integration/wfsource/source/gfx/face.hp:67,
                 from /tmp/wf-teleport-integration/wfsource/source/gfx/rendobj3.hp:39,
                 from /tmp/wf-teleport-integration/wfsource/source/gfx/material.hpi:26,
                 from /tmp/wf-teleport-integration/wfsource/source/gfx/material.hp:201:
/tmp/wf-teleport-integration/wfsource/source/gfx/face.hpi:26:71: note: ‘#pragma message: KTS /tmp/wf-teleport-integration/wfsource/source/gfx/face.hpi: move this into the math directory’
   26 | #pragma message ("KTS " __FILE__ ": move this into the math directory")
      |                                                                       ^
/tmp/wf-teleport-integration/wfsource/source/gfx/rendobj3.cc:274:78: note: ‘#pragma message: KTS: this causes two memory copies, is there a better way?’
  274 | #pragma message ("KTS: this causes two memory copies, is there a better way?")
      |                                                                              ^
In file included from /tmp/wf-teleport-integration/wfsource/source/gfx/viewport.hp:103,
                 from /tmp/wf-teleport-integration/wfsource/source/gfx/rendobj3.hp:41:
/tmp/wf-teleport-integration/wfsource/source/gfx/viewport.hpi: In member function ‘void ViewPort::Render()’:
/tmp/wf-teleport-integration/wfsource/source/gfx/viewport.hpi:114:67: note: ‘#pragma message: KTS /tmp/wf-teleport-integration/wfsource/source/gfx/viewport.hpi: write viewport gl render code’
  114 | #pragma message ("KTS " __FILE__ ": write viewport gl render code")
      |                                                                   ^
In file included from /tmp/wf-teleport-integration/wfsource/source/gfx/rendobj3.hp:44:
/tmp/wf-teleport-integration/wfsource/source/gfx/handle.hp: At global scope:
/tmp/wf-teleport-integration/wfsource/source/gfx/handle.hp:12:73: note: ‘#pragma message: WBN: merge various ID/FOURCC classes into single one’
   12 | #pragma message( "WBN: merge various ID/FOURCC classes into single one" )
      |                                                                         ^
/tmp/wf-teleport-integration/wfsource/source/gfx/rendmatt.cc:33:57: note: ‘#pragma message: move to correct place when completed’
   33 | #pragma message( "move to correct place when completed" )
      |                                                         ^
[ 65%] Building CXX object CMakeFiles/wfengine.dir/wfsource/source/gfx/texture.cc.o
[ 65%] Building CXX object CMakeFiles/wfengine.dir/wfsource/source/gfx/viewport.cc.o
[ 65%] Building CXX object CMakeFiles/wfengine.dir/wfsource/source/gfx/vmem.cc.o
[ 66%] Building CXX object CMakeFiles/wfengine.dir/wfsource/source/gfx/gl/host_gl_context.cc.o
[ 66%] Building CXX object CMakeFiles/wfengine.dir/wfsource/source/gfx/glpipeline/backend_factory.cc.o
In file included from /tmp/wf-teleport-integration/wfsource/source/gfx/viewport.hp:103,
                 from /tmp/wf-teleport-integration/wfsource/source/gfx/viewport.cc:27:
/tmp/wf-teleport-integration/wfsource/source/gfx/viewport.hpi: In member function ‘void ViewPort::Render()’:
/tmp/wf-teleport-integration/wfsource/source/gfx/viewport.hpi:114:67: note: ‘#pragma message: KTS /tmp/wf-teleport-integration/wfsource/source/gfx/viewport.hpi: write viewport gl render code’
  114 | #pragma message ("KTS " __FILE__ ": write viewport gl render code")
      |                                                                   ^
/tmp/wf-teleport-integration/wfsource/source/gfx/texture.cc: In function ‘void LoadTexture(binistream&, PixelMap&)’:
/tmp/wf-teleport-integration/wfsource/source/gfx/texture.cc:67:93: note: ‘#pragma message: KTS: add lots of tga validation here, for now assumes 16 bit uncompressed’
   67 | #pragma message ("KTS: add lots of tga validation here, for now assumes 16 bit uncompressed")
      |                                                                                             ^
[ 66%] Building CXX object CMakeFiles/wfengine.dir/wfsource/source/gfx/glpipeline/backend_modern.cc.o
[ 66%] Building CXX object CMakeFiles/wfengine.dir/wfsource/source/gfx/glpipeline/rendfcl.cc.o
[ 67%] Building CXX object CMakeFiles/wfengine.dir/wfsource/source/gfx/glpipeline/rendfcp.cc.o
[ 67%] Building CXX object CMakeFiles/wfengine.dir/wfsource/source/gfx/glpipeline/rendftl.cc.o
[ 67%] Building CXX object CMakeFiles/wfengine.dir/wfsource/source/gfx/glpipeline/rendftp.cc.o
In file included from /tmp/wf-teleport-integration/wfsource/source/gfx/face.hp:67,
                 from /tmp/wf-teleport-integration/wfsource/source/gfx/rendobj3.hp:39,
                 from /tmp/wf-teleport-integration/wfsource/source/gfx/glpipeline/rendfcp.cc:14:
/tmp/wf-teleport-integration/wfsource/source/gfx/face.hpi:26:71: note: ‘#pragma message: KTS /tmp/wf-teleport-integration/wfsource/source/gfx/face.hpi: move this into the math directory’
   26 | #pragma message ("KTS " __FILE__ ": move this into the math directory")
      |                                                                       ^
In file included from /tmp/wf-teleport-integration/wfsource/source/gfx/viewport.hp:103,
                 from /tmp/wf-teleport-integration/wfsource/source/gfx/rendobj3.hp:41:
/tmp/wf-teleport-integration/wfsource/source/gfx/viewport.hpi: In member function ‘void ViewPort::Render()’:
/tmp/wf-teleport-integration/wfsource/source/gfx/viewport.hpi:114:67: note: ‘#pragma message: KTS /tmp/wf-teleport-integration/wfsource/source/gfx/viewport.hpi: write viewport gl render code’
  114 | #pragma message ("KTS " __FILE__ ": write viewport gl render code")
      |                                                                   ^
In file included from /tmp/wf-teleport-integration/wfsource/source/gfx/rendobj3.hp:44:
/tmp/wf-teleport-integration/wfsource/source/gfx/handle.hp: At global scope:
/tmp/wf-teleport-integration/wfsource/source/gfx/handle.hp:12:73: note: ‘#pragma message: WBN: merge various ID/FOURCC classes into single one’
   12 | #pragma message( "WBN: merge various ID/FOURCC classes into single one" )
      |                                                                         ^
In file included from /tmp/wf-teleport-integration/wfsource/source/gfx/rendobj3.hp:45:
/tmp/wf-teleport-integration/wfsource/source/gfx/material.hp:194:135: note: ‘#pragma message: /tmp/wf-teleport-integration/wfsource/source/gfx/material.hp KTS: MAX_RENDERERS hard coded to 8 to prevent cyclic dependencies, consider moving renderers into Material’
  194 | #pragma message(__FILE__ " KTS: MAX_RENDERERS hard coded to 8 to prevent cyclic dependencies, consider moving renderers into Material")
      |                                                                                                                                       ^
In file included from /tmp/wf-teleport-integration/wfsource/source/gfx/face.hp:67,
                 from /tmp/wf-teleport-integration/wfsource/source/gfx/rendobj3.hp:39,
                 from /tmp/wf-teleport-integration/wfsource/source/gfx/glpipeline/rendfcl.cc:14:
/tmp/wf-teleport-integration/wfsource/source/gfx/face.hpi:26:71: note: ‘#pragma message: KTS /tmp/wf-teleport-integration/wfsource/source/gfx/face.hpi: move this into the math directory’
   26 | #pragma message ("KTS " __FILE__ ": move this into the math directory")
      |                                                                       ^
In file included from /tmp/wf-teleport-integration/wfsource/source/gfx/viewport.hp:103,
                 from /tmp/wf-teleport-integration/wfsource/source/gfx/rendobj3.hp:41:
/tmp/wf-teleport-integration/wfsource/source/gfx/viewport.hpi: In member function ‘void ViewPort::Render()’:
/tmp/wf-teleport-integration/wfsource/source/gfx/viewport.hpi:114:67: note: ‘#pragma message: KTS /tmp/wf-teleport-integration/wfsource/source/gfx/viewport.hpi: write viewport gl render code’
  114 | #pragma message ("KTS " __FILE__ ": write viewport gl render code")
      |                                                                   ^
In file included from /tmp/wf-teleport-integration/wfsource/source/gfx/rendobj3.hp:44:
/tmp/wf-teleport-integration/wfsource/source/gfx/handle.hp: At global scope:
/tmp/wf-teleport-integration/wfsource/source/gfx/handle.hp:12:73: note: ‘#pragma message: WBN: merge various ID/FOURCC classes into single one’
   12 | #pragma message( "WBN: merge various ID/FOURCC classes into single one" )
      |                                                                         ^
In file included from /tmp/wf-teleport-integration/wfsource/source/gfx/rendobj3.hp:45:
/tmp/wf-teleport-integration/wfsource/source/gfx/material.hp:194:135: note: ‘#pragma message: /tmp/wf-teleport-integration/wfsource/source/gfx/material.hp KTS: MAX_RENDERERS hard coded to 8 to prevent cyclic dependencies, consider moving renderers into Material’
  194 | #pragma message(__FILE__ " KTS: MAX_RENDERERS hard coded to 8 to prevent cyclic dependencies, consider moving renderers into Material")
      |                                                                                                                                       ^
In file included from /tmp/wf-teleport-integration/wfsource/source/gfx/face.hp:67,
                 from /tmp/wf-teleport-integration/wfsource/source/gfx/rendobj3.hp:39,
                 from /tmp/wf-teleport-integration/wfsource/source/gfx/glpipeline/rendftp.cc:14:
/tmp/wf-teleport-integration/wfsource/source/gfx/face.hpi:26:71: note: ‘#pragma message: KTS /tmp/wf-teleport-integration/wfsource/source/gfx/face.hpi: move this into the math directory’
   26 | #pragma message ("KTS " __FILE__ ": move this into the math directory")
      |                                                                       ^
In file included from /tmp/wf-teleport-integration/wfsource/source/gfx/viewport.hp:103,
                 from /tmp/wf-teleport-integration/wfsource/source/gfx/rendobj3.hp:41:
/tmp/wf-teleport-integration/wfsource/source/gfx/viewport.hpi: In member function ‘void ViewPort::Render()’:
/tmp/wf-teleport-integration/wfsource/source/gfx/viewport.hpi:114:67: note: ‘#pragma message: KTS /tmp/wf-teleport-integration/wfsource/source/gfx/viewport.hpi: write viewport gl render code’
  114 | #pragma message ("KTS " __FILE__ ": write viewport gl render code")
      |                                                                   ^
In file included from /tmp/wf-teleport-integration/wfsource/source/gfx/rendobj3.hp:44:
/tmp/wf-teleport-integration/wfsource/source/gfx/handle.hp: At global scope:
/tmp/wf-teleport-integration/wfsource/source/gfx/handle.hp:12:73: note: ‘#pragma message: WBN: merge various ID/FOURCC classes into single one’
   12 | #pragma message( "WBN: merge various ID/FOURCC classes into single one" )
      |                                                                         ^
In file included from /tmp/wf-teleport-integration/wfsource/source/gfx/rendobj3.hp:45:
/tmp/wf-teleport-integration/wfsource/source/gfx/material.hp:194:135: note: ‘#pragma message: /tmp/wf-teleport-integration/wfsource/source/gfx/material.hp KTS: MAX_RENDERERS hard coded to 8 to prevent cyclic dependencies, consider moving renderers into Material’
  194 | #pragma message(__FILE__ " KTS: MAX_RENDERERS hard coded to 8 to prevent cyclic dependencies, consider moving renderers into Material")
      |                                                                                                                                       ^
In file included from /tmp/wf-teleport-integration/wfsource/source/gfx/face.hp:67,
                 from /tmp/wf-teleport-integration/wfsource/source/gfx/rendobj3.hp:39,
                 from /tmp/wf-teleport-integration/wfsource/source/gfx/glpipeline/rendftl.cc:14:
/tmp/wf-teleport-integration/wfsource/source/gfx/face.hpi:26:71: note: ‘#pragma message: KTS /tmp/wf-teleport-integration/wfsource/source/gfx/face.hpi: move this into the math directory’
   26 | #pragma message ("KTS " __FILE__ ": move this into the math directory")
      |                                                                       ^
In file included from /tmp/wf-teleport-integration/wfsource/source/gfx/viewport.hp:103,
                 from /tmp/wf-teleport-integration/wfsource/source/gfx/rendobj3.hp:41:
/tmp/wf-teleport-integration/wfsource/source/gfx/viewport.hpi: In member function ‘void ViewPort::Render()’:
/tmp/wf-teleport-integration/wfsource/source/gfx/viewport.hpi:114:67: note: ‘#pragma message: KTS /tmp/wf-teleport-integration/wfsource/source/gfx/viewport.hpi: write viewport gl render code’
  114 | #pragma message ("KTS " __FILE__ ": write viewport gl render code")
      |                                                                   ^
In file included from /tmp/wf-teleport-integration/wfsource/source/gfx/rendobj3.hp:44:
/tmp/wf-teleport-integration/wfsource/source/gfx/handle.hp: At global scope:
/tmp/wf-teleport-integration/wfsource/source/gfx/handle.hp:12:73: note: ‘#pragma message: WBN: merge various ID/FOURCC classes into single one’
   12 | #pragma message( "WBN: merge various ID/FOURCC classes into single one" )
      |                                                                         ^
[ 68%] Building CXX object CMakeFiles/wfengine.dir/wfsource/source/gfx/glpipeline/rendgcl.cc.o
[ 68%] Building CXX object CMakeFiles/wfengine.dir/wfsource/source/gfx/glpipeline/rendgcp.cc.o
In file included from /tmp/wf-teleport-integration/wfsource/source/gfx/rendobj3.hp:45:
/tmp/wf-teleport-integration/wfsource/source/gfx/material.hp:194:135: note: ‘#pragma message: /tmp/wf-teleport-integration/wfsource/source/gfx/material.hp KTS: MAX_RENDERERS hard coded to 8 to prevent cyclic dependencies, consider moving renderers into Material’
  194 | #pragma message(__FILE__ " KTS: MAX_RENDERERS hard coded to 8 to prevent cyclic dependencies, consider moving renderers into Material")
      |                                                                                                                                       ^
[ 68%] Building CXX object CMakeFiles/wfengine.dir/wfsource/source/gfx/glpipeline/rendgtl.cc.o
[ 68%] Building CXX object CMakeFiles/wfengine.dir/wfsource/source/gfx/glpipeline/rendgtp.cc.o
[ 69%] Building CXX object CMakeFiles/wfengine.dir/wfsource/source/input/inputdig.cc.o
[ 69%] Building CXX object CMakeFiles/wfengine.dir/wfsource/source/asset/assets.cc.o
In file included from /tmp/wf-teleport-integration/wfsource/source/gfx/face.hp:67,
                 from /tmp/wf-teleport-integration/wfsource/source/gfx/rendobj3.hp:39,
                 from /tmp/wf-teleport-integration/wfsource/source/gfx/glpipeline/rendgcl.cc:14:
/tmp/wf-teleport-integration/wfsource/source/gfx/face.hpi:26:71: note: ‘#pragma message: KTS /tmp/wf-teleport-integration/wfsource/source/gfx/face.hpi: move this into the math directory’
   26 | #pragma message ("KTS " __FILE__ ": move this into the math directory")
      |                                                                       ^
In file included from /tmp/wf-teleport-integration/wfsource/source/gfx/viewport.hp:103,
                 from /tmp/wf-teleport-integration/wfsource/source/gfx/rendobj3.hp:41:
/tmp/wf-teleport-integration/wfsource/source/gfx/viewport.hpi: In member function ‘void ViewPort::Render()’:
/tmp/wf-teleport-integration/wfsource/source/gfx/viewport.hpi:114:67: note: ‘#pragma message: KTS /tmp/wf-teleport-integration/wfsource/source/gfx/viewport.hpi: write viewport gl render code’
  114 | #pragma message ("KTS " __FILE__ ": write viewport gl render code")
      |                                                                   ^
In file included from /tmp/wf-teleport-integration/wfsource/source/gfx/rendobj3.hp:44:
/tmp/wf-teleport-integration/wfsource/source/gfx/handle.hp: At global scope:
/tmp/wf-teleport-integration/wfsource/source/gfx/handle.hp:12:73: note: ‘#pragma message: WBN: merge various ID/FOURCC classes into single one’
   12 | #pragma message( "WBN: merge various ID/FOURCC classes into single one" )
      |                                                                         ^
In file included from /tmp/wf-teleport-integration/wfsource/source/gfx/rendobj3.hp:45:
/tmp/wf-teleport-integration/wfsource/source/gfx/material.hp:194:135: note: ‘#pragma message: /tmp/wf-teleport-integration/wfsource/source/gfx/material.hp KTS: MAX_RENDERERS hard coded to 8 to prevent cyclic dependencies, consider moving renderers into Material’
  194 | #pragma message(__FILE__ " KTS: MAX_RENDERERS hard coded to 8 to prevent cyclic dependencies, consider moving renderers into Material")
      |                                                                                                                                       ^
In file included from /tmp/wf-teleport-integration/wfsource/source/gfx/face.hp:67,
                 from /tmp/wf-teleport-integration/wfsource/source/gfx/rendobj3.hp:39,
                 from /tmp/wf-teleport-integration/wfsource/source/gfx/glpipeline/rendgcp.cc:14:
/tmp/wf-teleport-integration/wfsource/source/gfx/face.hpi:26:71: note: ‘#pragma message: KTS /tmp/wf-teleport-integration/wfsource/source/gfx/face.hpi: move this into the math directory’
   26 | #pragma message ("KTS " __FILE__ ": move this into the math directory")
      |                                                                       ^
In file included from /tmp/wf-teleport-integration/wfsource/source/gfx/viewport.hp:103,
                 from /tmp/wf-teleport-integration/wfsource/source/gfx/rendobj3.hp:41:
/tmp/wf-teleport-integration/wfsource/source/gfx/viewport.hpi: In member function ‘void ViewPort::Render()’:
/tmp/wf-teleport-integration/wfsource/source/gfx/viewport.hpi:114:67: note: ‘#pragma message: KTS /tmp/wf-teleport-integration/wfsource/source/gfx/viewport.hpi: write viewport gl render code’
  114 | #pragma message ("KTS " __FILE__ ": write viewport gl render code")
      |                                                                   ^
In file included from /tmp/wf-teleport-integration/wfsource/source/gfx/rendobj3.hp:44:
/tmp/wf-teleport-integration/wfsource/source/gfx/handle.hp: At global scope:
/tmp/wf-teleport-integration/wfsource/source/gfx/handle.hp:12:73: note: ‘#pragma message: WBN: merge various ID/FOURCC classes into single one’
   12 | #pragma message( "WBN: merge various ID/FOURCC classes into single one" )
      |                                                                         ^
In file included from /tmp/wf-teleport-integration/wfsource/source/gfx/rendobj3.hp:45:
/tmp/wf-teleport-integration/wfsource/source/gfx/material.hp:194:135: note: ‘#pragma message: /tmp/wf-teleport-integration/wfsource/source/gfx/material.hp KTS: MAX_RENDERERS hard coded to 8 to prevent cyclic dependencies, consider moving renderers into Material’
  194 | #pragma message(__FILE__ " KTS: MAX_RENDERERS hard coded to 8 to prevent cyclic dependencies, consider moving renderers into Material")
      |                                                                                                                                       ^
[ 69%] Building CXX object CMakeFiles/wfengine.dir/wfsource/source/asset/assslot.cc.o
In file included from /tmp/wf-teleport-integration/wfsource/source/gfx/face.hp:67,
                 from /tmp/wf-teleport-integration/wfsource/source/gfx/rendobj3.hp:39,
                 from /tmp/wf-teleport-integration/wfsource/source/gfx/glpipeline/rendgtl.cc:14:
/tmp/wf-teleport-integration/wfsource/source/gfx/face.hpi:26:71: note: ‘#pragma message: KTS /tmp/wf-teleport-integration/wfsource/source/gfx/face.hpi: move this into the math directory’
   26 | #pragma message ("KTS " __FILE__ ": move this into the math directory")
      |                                                                       ^
In file included from /tmp/wf-teleport-integration/wfsource/source/gfx/viewport.hp:103,
                 from /tmp/wf-teleport-integration/wfsource/source/gfx/rendobj3.hp:41:
/tmp/wf-teleport-integration/wfsource/source/gfx/viewport.hpi: In member function ‘void ViewPort::Render()’:
/tmp/wf-teleport-integration/wfsource/source/gfx/viewport.hpi:114:67: note: ‘#pragma message: KTS /tmp/wf-teleport-integration/wfsource/source/gfx/viewport.hpi: write viewport gl render code’
  114 | #pragma message ("KTS " __FILE__ ": write viewport gl render code")
      |                                                                   ^
In file included from /tmp/wf-teleport-integration/wfsource/source/gfx/rendobj3.hp:44:
/tmp/wf-teleport-integration/wfsource/source/gfx/handle.hp: At global scope:
/tmp/wf-teleport-integration/wfsource/source/gfx/handle.hp:12:73: note: ‘#pragma message: WBN: merge various ID/FOURCC classes into single one’
   12 | #pragma message( "WBN: merge various ID/FOURCC classes into single one" )
      |                                                                         ^
In file included from /tmp/wf-teleport-integration/wfsource/source/gfx/rendobj3.hp:45:
/tmp/wf-teleport-integration/wfsource/source/gfx/material.hp:194:135: note: ‘#pragma message: /tmp/wf-teleport-integration/wfsource/source/gfx/material.hp KTS: MAX_RENDERERS hard coded to 8 to prevent cyclic dependencies, consider moving renderers into Material’
  194 | #pragma message(__FILE__ " KTS: MAX_RENDERERS hard coded to 8 to prevent cyclic dependencies, consider moving renderers into Material")
      |                                                                                                                                       ^
[ 69%] Building CXX object CMakeFiles/wfengine.dir/wfsource/source/baseobject/baseobject.cc.o
[ 70%] Building CXX object CMakeFiles/wfengine.dir/wfsource/source/baseobject/commonblock.cc.o
In file included from /tmp/wf-teleport-integration/wfsource/source/gfx/face.hp:67,
                 from /tmp/wf-teleport-integration/wfsource/source/gfx/rendobj3.hp:39,
                 from /tmp/wf-teleport-integration/wfsource/source/gfx/glpipeline/rendgtp.cc:28:
/tmp/wf-teleport-integration/wfsource/source/gfx/face.hpi:26:71: note: ‘#pragma message: KTS /tmp/wf-teleport-integration/wfsource/source/gfx/face.hpi: move this into the math directory’
   26 | #pragma message ("KTS " __FILE__ ": move this into the math directory")
      |                                                                       ^
In file included from /tmp/wf-teleport-integration/wfsource/source/gfx/viewport.hp:103,
                 from /tmp/wf-teleport-integration/wfsource/source/gfx/rendobj3.hp:41:
/tmp/wf-teleport-integration/wfsource/source/gfx/viewport.hpi: In member function ‘void ViewPort::Render()’:
/tmp/wf-teleport-integration/wfsource/source/gfx/viewport.hpi:114:67: note: ‘#pragma message: KTS /tmp/wf-teleport-integration/wfsource/source/gfx/viewport.hpi: write viewport gl render code’
  114 | #pragma message ("KTS " __FILE__ ": write viewport gl render code")
      |                                                                   ^
In file included from /tmp/wf-teleport-integration/wfsource/source/gfx/rendobj3.hp:44:
/tmp/wf-teleport-integration/wfsource/source/gfx/handle.hp: At global scope:
/tmp/wf-teleport-integration/wfsource/source/gfx/handle.hp:12:73: note: ‘#pragma message: WBN: merge various ID/FOURCC classes into single one’
   12 | #pragma message( "WBN: merge various ID/FOURCC classes into single one" )
      |                                                                         ^
In file included from /tmp/wf-teleport-integration/wfsource/source/gfx/rendobj3.hp:45:
/tmp/wf-teleport-integration/wfsource/source/gfx/material.hp:194:135: note: ‘#pragma message: /tmp/wf-teleport-integration/wfsource/source/gfx/material.hp KTS: MAX_RENDERERS hard coded to 8 to prevent cyclic dependencies, consider moving renderers into Material’
  194 | #pragma message(__FILE__ " KTS: MAX_RENDERERS hard coded to 8 to prevent cyclic dependencies, consider moving renderers into Material")
      |                                                                                                                                       ^
[ 70%] Building CXX object CMakeFiles/wfengine.dir/wfsource/source/baseobject/msgport.cc.o
In file included from /tmp/wf-teleport-integration/wfsource/source/asset/assets.cc:27:
/tmp/wf-teleport-integration/wfsource/source/asset/assets.hp:130:94: note: ‘#pragma message: KTS /tmp/wf-teleport-integration/wfsource/source/asset/assets.hp: can only have 1024 assets until this kludge is removed ’
  130 |  #pragma message ("KTS " __FILE__ ": can only have 1024 assets until this kludge is removed ")
      |                                                                                              ^
[ 70%] Building CXX object CMakeFiles/wfengine.dir/wfsource/source/movement/movefoll.cc.o
In file included from /tmp/wf-teleport-integration/wfsource/source/asset/assslot.hpi:25,
                 from /tmp/wf-teleport-integration/wfsource/source/asset/assslot.hp:104,
                 from /tmp/wf-teleport-integration/wfsource/source/asset/assslot.cc:26:
/tmp/wf-teleport-integration/wfsource/source/asset/assets.hp:130:94: note: ‘#pragma message: KTS /tmp/wf-teleport-integration/wfsource/source/asset/assets.hp: can only have 1024 assets until this kludge is removed ’
  130 |  #pragma message ("KTS " __FILE__ ": can only have 1024 assets until this kludge is removed ")
      |                                                                                              ^
/tmp/wf-teleport-integration/wfsource/source/asset/assslot.cc: In constructor ‘AssetSlot::AssetSlot(int, int, binistream&, int, void*, int, VideoMemory&)’:
/tmp/wf-teleport-integration/wfsource/source/asset/assslot.cc:74:120: note: ‘#pragma message: KTS: remove this extra copy, and just load the room data into the room slot, and calc pointers to it’
   74 | #pragma message ("KTS: remove this extra copy, and just load the room data into the room slot, and calc pointers to it")
      |                                                                                                                        ^
/tmp/wf-teleport-integration/wfsource/source/asset/assslot.cc: In destructor ‘AssetSlot::~AssetSlot()’:
/tmp/wf-teleport-integration/wfsource/source/asset/assslot.cc:141:147: note: ‘#pragma message: KTS: how do I control the order of destruction? (I need to make sure the RMUV has been destroyed by the time the next line runs’
  141 | #pragma message ("KTS: how do I control the order of destruction? (I need to make sure the RMUV has been destroyed by the time the next line runs")
      |                                                                                                                                                   ^
[ 71%] Building CXX object CMakeFiles/wfengine.dir/wfsource/source/movement/movement.cc.o
/tmp/wf-teleport-integration/wfsource/source/baseobject/msgport.cc: In member function ‘bool MsgPort::PutMsg(int16, uintptr_t)’:
/tmp/wf-teleport-integration/wfsource/source/baseobject/msgport.cc:68:92: note: ‘#pragma message: KTS /tmp/wf-teleport-integration/wfsource/source/baseobject/msgport.cc: this needs to occur somewhere which knows about actors’
   68 | #pragma message ("KTS " __FILE__ ": this needs to occur somewhere which knows about actors")
      |                                                                                            ^
/tmp/wf-teleport-integration/wfsource/source/baseobject/msgport.cc: In member function ‘bool MsgPort::PutMsg(int16, const void*, uint32)’:
/tmp/wf-teleport-integration/wfsource/source/baseobject/msgport.cc:92:92: note: ‘#pragma message: KTS /tmp/wf-teleport-integration/wfsource/source/baseobject/msgport.cc: this needs to occur somewhere which knows about actors’
   92 | #pragma message ("KTS " __FILE__ ": this needs to occur somewhere which knows about actors")
      |                                                                                            ^
[ 71%] Building CXX object CMakeFiles/wfengine.dir/wfsource/source/movement/movementmanager.cc.o
[ 71%] Building CXX object CMakeFiles/wfengine.dir/wfsource/source/movement/movementobject.cc.o
[ 71%] Building CXX object CMakeFiles/wfengine.dir/wfsource/source/movement/movepath.cc.o
In file included from /tmp/wf-teleport-integration/wfsource/source/movement/movefoll.cc:28:
/tmp/wf-teleport-integration/wfsource/source/oas/movement.h:31:74: note: ‘#pragma message: Is there an automatic way to create this enum from oas?’
   31 | #pragma message("Is there an automatic way to create this enum from oas?")
      |                                                                          ^
In file included from /tmp/wf-teleport-integration/wfsource/source/movement/movementobject.hp:117,
                 from /tmp/wf-teleport-integration/wfsource/source/movement/movement.hp:37,
                 from /tmp/wf-teleport-integration/wfsource/source/movement/movefoll.hp:8,
                 from /tmp/wf-teleport-integration/wfsource/source/movement/movefoll.cc:29:
/tmp/wf-teleport-integration/wfsource/source/movement/movementobject.hpi: In constructor ‘MovementObject::MovementObject(const SObjectStartupData*, const void*, const CommonBlock&, const Clock&)’:
/tmp/wf-teleport-integration/wfsource/source/movement/movementobject.hpi:54:114: note: ‘#pragma message: kts fix: pathed objects get their position set in game/actor.cc since we cant do it here (yet)’
   54 | #pragma message ("kts fix: pathed objects get their position set in game/actor.cc since we cant do it here (yet)")
      |                                                                                                                  ^
[ 72%] Building CXX object CMakeFiles/wfengine.dir/wfsource/source/movement/movevehicle.cc.o
[ 72%] Building CXX object CMakeFiles/wfengine.dir/wfsource/source/room/actroit.cc.o
In file included from /tmp/wf-teleport-integration/wfsource/source/movement/movementobject.hpi:31,
                 from /tmp/wf-teleport-integration/wfsource/source/movement/movementobject.hp:117,
                 from /tmp/wf-teleport-integration/wfsource/source/movement/movement.hp:37,
                 from /tmp/wf-teleport-integration/wfsource/source/movement/movement.cc:37:
/tmp/wf-teleport-integration/wfsource/source/oas/movement.h:31:74: note: ‘#pragma message: Is there an automatic way to create this enum from oas?’
   31 | #pragma message("Is there an automatic way to create this enum from oas?")
      |                                                                          ^
/tmp/wf-teleport-integration/wfsource/source/movement/movementobject.hpi: In constructor ‘MovementObject::MovementObject(const SObjectStartupData*, const void*, const CommonBlock&, const Clock&)’:
/tmp/wf-teleport-integration/wfsource/source/movement/movementobject.hpi:54:114: note: ‘#pragma message: kts fix: pathed objects get their position set in game/actor.cc since we cant do it here (yet)’
   54 | #pragma message ("kts fix: pathed objects get their position set in game/actor.cc since we cant do it here (yet)")
      |                                                                                                                  ^
/tmp/wf-teleport-integration/wfsource/source/movement/movement.cc: In member function ‘virtual void ClimbHandler::init(MovementManager&, MovementObject&)’:
/tmp/wf-teleport-integration/wfsource/source/movement/movement.cc:974:66: note: ‘#pragma message: Replace this code with something in AirHandler!’
  974 | #pragma message("Replace this code with something in AirHandler!")
      |                                                                  ^
In file included from /tmp/wf-teleport-integration/wfsource/source/movement/movementobject.hpi:31,
                 from /tmp/wf-teleport-integration/wfsource/source/movement/movementobject.hp:117,
                 from /tmp/wf-teleport-integration/wfsource/source/movement/movementmanager.hp:32,
                 from /tmp/wf-teleport-integration/wfsource/source/movement/movementmanager.cc:27:
/tmp/wf-teleport-integration/wfsource/source/oas/movement.h:31:74: note: ‘#pragma message: Is there an automatic way to create this enum from oas?’
   31 | #pragma message("Is there an automatic way to create this enum from oas?")
      |                                                                          ^
/tmp/wf-teleport-integration/wfsource/source/movement/movementobject.hpi: In constructor ‘MovementObject::MovementObject(const SObjectStartupData*, const void*, const CommonBlock&, const Clock&)’:
/tmp/wf-teleport-integration/wfsource/source/movement/movementobject.hpi:54:114: note: ‘#pragma message: kts fix: pathed objects get their position set in game/actor.cc since we cant do it here (yet)’
   54 | #pragma message ("kts fix: pathed objects get their position set in game/actor.cc since we cant do it here (yet)")
      |                                                                                                                  ^
In file included from /tmp/wf-teleport-integration/wfsource/source/movement/movementobject.hpi:31,
                 from /tmp/wf-teleport-integration/wfsource/source/movement/movementobject.hp:117,
                 from /tmp/wf-teleport-integration/wfsource/source/movement/movementobject.cc:31:
/tmp/wf-teleport-integration/wfsource/source/oas/movement.h:31:74: note: ‘#pragma message: Is there an automatic way to create this enum from oas?’
   31 | #pragma message("Is there an automatic way to create this enum from oas?")
      |                                                                          ^
/tmp/wf-teleport-integration/wfsource/source/movement/movementobject.hpi: In constructor ‘MovementObject::MovementObject(const SObjectStartupData*, const void*, const CommonBlock&, const Clock&)’:
/tmp/wf-teleport-integration/wfsource/source/movement/movementobject.hpi:54:114: note: ‘#pragma message: kts fix: pathed objects get their position set in game/actor.cc since we cant do it here (yet)’
   54 | #pragma message ("kts fix: pathed objects get their position set in game/actor.cc since we cant do it here (yet)")
      |                                                                                                                  ^
[ 72%] Building CXX object CMakeFiles/wfengine.dir/wfsource/source/room/actrooms.cc.o
[ 73%] Building CXX object CMakeFiles/wfengine.dir/wfsource/source/room/room.cc.o
In file included from /tmp/wf-teleport-integration/wfsource/source/movement/movementobject.hpi:31,
                 from /tmp/wf-teleport-integration/wfsource/source/movement/movementobject.hp:117,
                 from /tmp/wf-teleport-integration/wfsource/source/movement/movement.hp:37,
                 from /tmp/wf-teleport-integration/wfsource/source/movement/movepath.cc:30:
/tmp/wf-teleport-integration/wfsource/source/oas/movement.h:31:74: note: ‘#pragma message: Is there an automatic way to create this enum from oas?’
   31 | #pragma message("Is there an automatic way to create this enum from oas?")
      |                                                                          ^
/tmp/wf-teleport-integration/wfsource/source/movement/movementobject.hpi: In constructor ‘MovementObject::MovementObject(const SObjectStartupData*, const void*, const CommonBlock&, const Clock&)’:
/tmp/wf-teleport-integration/wfsource/source/movement/movementobject.hpi:54:114: note: ‘#pragma message: kts fix: pathed objects get their position set in game/actor.cc since we cant do it here (yet)’
   54 | #pragma message ("kts fix: pathed objects get their position set in game/actor.cc since we cant do it here (yet)")
      |                                                                                                                  ^
/tmp/wf-teleport-integration/wfsource/source/movement/movepath.cc: In member function ‘virtual void PathHandler::predictPosition(MovementManager&, MovementObject&, const Clock&, const BaseObjectList&)’:
/tmp/wf-teleport-integration/wfsource/source/movement/movepath.cc:159:97: note: ‘#pragma message: WARNING:  Warpback objects won't work with a path less than 0.5 seconds long!!’
  159 | #pragma message("WARNING:  Warpback objects won't work with a path less than 0.5 seconds long!!")
      |                                                                                                 ^
/tmp/wf-teleport-integration/wfsource/source/movement/movepath.cc:160:96: note: ‘#pragma message:           Also, the linear velocity must be constant across the entire path!!’
  160 | #pragma message("          Also, the linear velocity must be constant across the entire path!!")
      |                                                                                                ^
In file included from /tmp/wf-teleport-integration/wfsource/source/movement/movementobject.hpi:31,
                 from /tmp/wf-teleport-integration/wfsource/source/movement/movementobject.hp:117,
                 from /tmp/wf-teleport-integration/wfsource/source/movement/movement.hp:37,
                 from /tmp/wf-teleport-integration/wfsource/source/movement/movevehicle.hp:10,
                 from /tmp/wf-teleport-integration/wfsource/source/movement/movevehicle.cc:14:
/tmp/wf-teleport-integration/wfsource/source/oas/movement.h:31:74: note: ‘#pragma message: Is there an automatic way to create this enum from oas?’
   31 | #pragma message("Is there an automatic way to create this enum from oas?")
      |                                                                          ^
/tmp/wf-teleport-integration/wfsource/source/movement/movementobject.hpi: In constructor ‘MovementObject::MovementObject(const SObjectStartupData*, const void*, const CommonBlock&, const Clock&)’:
/tmp/wf-teleport-integration/wfsource/source/movement/movementobject.hpi:54:114: note: ‘#pragma message: kts fix: pathed objects get their position set in game/actor.cc since we cant do it here (yet)’
   54 | #pragma message ("kts fix: pathed objects get their position set in game/actor.cc since we cant do it here (yet)")
      |                                                                                                                  ^
[ 73%] Building CXX object CMakeFiles/wfengine.dir/wfsource/source/room/rooms.cc.o
In file included from /tmp/wf-teleport-integration/wfsource/source/room/room.hp:48,
                 from /tmp/wf-teleport-integration/wfsource/source/room/actroit.hp:30,
                 from /tmp/wf-teleport-integration/wfsource/source/room/actroit.cc:26:
/tmp/wf-teleport-integration/wfsource/source/asset/assets.hp:130:94: note: ‘#pragma message: KTS /tmp/wf-teleport-integration/wfsource/source/asset/assets.hp: can only have 1024 assets until this kludge is removed ’
  130 |  #pragma message ("KTS " __FILE__ ": can only have 1024 assets until this kludge is removed ")
      |                                                                                              ^
[ 73%] Building CXX object CMakeFiles/wfengine.dir/wfsource/source/physics/activate.cc.o
[ 73%] Building CXX object CMakeFiles/wfengine.dir/wfsource/source/physics/colbox.cc.o
[ 74%] Building CXX object CMakeFiles/wfengine.dir/wfsource/source/physics/collision.cc.o
In file included from /tmp/wf-teleport-integration/wfsource/source/asset/assslot.hpi:25,
                 from /tmp/wf-teleport-integration/wfsource/source/asset/assslot.hp:104,
                 from /tmp/wf-teleport-integration/wfsource/source/room/room.cc:41:
/tmp/wf-teleport-integration/wfsource/source/asset/assets.hp:130:94: note: ‘#pragma message: KTS /tmp/wf-teleport-integration/wfsource/source/asset/assets.hp: can only have 1024 assets until this kludge is removed ’
  130 |  #pragma message ("KTS " __FILE__ ": can only have 1024 assets until this kludge is removed ")
      |                                                                                              ^
In file included from /tmp/wf-teleport-integration/wfsource/source/asset/assslot.hpi:25,
                 from /tmp/wf-teleport-integration/wfsource/source/asset/assslot.hp:104,
                 from /tmp/wf-teleport-integration/wfsource/source/room/actrooms.cc:29:
/tmp/wf-teleport-integration/wfsource/source/asset/assets.hp:130:94: note: ‘#pragma message: KTS /tmp/wf-teleport-integration/wfsource/source/asset/assets.hp: can only have 1024 assets until this kludge is removed ’
  130 |  #pragma message ("KTS " __FILE__ ": can only have 1024 assets until this kludge is removed ")
      |                                                                                              ^
In file included from /tmp/wf-teleport-integration/wfsource/source/room/room.hp:48,
                 from /tmp/wf-teleport-integration/wfsource/source/room/rooms.hp:34,
                 from /tmp/wf-teleport-integration/wfsource/source/room/rooms.cc:24:
/tmp/wf-teleport-integration/wfsource/source/asset/assets.hp:130:94: note: ‘#pragma message: KTS /tmp/wf-teleport-integration/wfsource/source/asset/assets.hp: can only have 1024 assets until this kludge is removed ’
  130 |  #pragma message ("KTS " __FILE__ ": can only have 1024 assets until this kludge is removed ")
      |                                                                                              ^
/tmp/wf-teleport-integration/wfsource/source/physics/colbox.cc:69:92: note: ‘#pragma message: ColBox::CheckCollision() should be changed to not allow coincident edges!’
   69 | #pragma message("ColBox::CheckCollision() should be changed to not allow coincident edges!")
      |                                                                                            ^
[ 74%] Building CXX object CMakeFiles/wfengine.dir/wfsource/source/physics/colspace.cc.o
[ 74%] Building CXX object CMakeFiles/wfengine.dir/wfsource/source/physics/physical.cc.o
In file included from /tmp/wf-teleport-integration/wfsource/source/physics/collision.cc:10:
/tmp/wf-teleport-integration/wfsource/source/oas/movement.h:31:74: note: ‘#pragma message: Is there an automatic way to create this enum from oas?’
   31 | #pragma message("Is there an automatic way to create this enum from oas?")
      |                                                                          ^
/tmp/wf-teleport-integration/wfsource/source/physics/collision.cc: In function ‘void SortCollisionEventList(const Clock&)’:
/tmp/wf-teleport-integration/wfsource/source/physics/collision.cc:40:93: note: ‘#pragma message: PERFORMANCE WARNING:  This sort routine really sucks.  Write a better one.’
   40 | #pragma message("PERFORMANCE WARNING:  This sort routine really sucks.  Write a better one.")
      |                                                                                             ^
[ 74%] Building CXX object CMakeFiles/wfengine.dir/wfsource/source/physics/physicalobject.cc.o
[ 75%] Building CXX object CMakeFiles/wfengine.dir/wfsource/source/anim/anim.cc.o
[ 75%] Building CXX object CMakeFiles/wfengine.dir/wfsource/source/anim/animcycl.cc.o
[ 75%] Building CXX object CMakeFiles/wfengine.dir/wfsource/source/anim/animmang.cc.o
[ 76%] Building CXX object CMakeFiles/wfengine.dir/wfsource/source/anim/channel.cc.o
[ 76%] Building CXX object CMakeFiles/wfengine.dir/wfsource/source/anim/path.cc.o
[ 76%] Building CXX object CMakeFiles/wfengine.dir/wfsource/source/timer/clock.cc.o
In file included from /tmp/wf-teleport-integration/wfsource/source/gfx/face.hp:67,
                 from /tmp/wf-teleport-integration/wfsource/source/gfx/rendobj3.hp:39,
                 from /tmp/wf-teleport-integration/wfsource/source/anim/anim.hp:41,
                 from /tmp/wf-teleport-integration/wfsource/source/anim/anim.cc:27:
/tmp/wf-teleport-integration/wfsource/source/gfx/face.hpi:26:71: note: ‘#pragma message: KTS /tmp/wf-teleport-integration/wfsource/source/gfx/face.hpi: move this into the math directory’
   26 | #pragma message ("KTS " __FILE__ ": move this into the math directory")
      |                                                                       ^
In file included from /tmp/wf-teleport-integration/wfsource/source/gfx/viewport.hp:103,
                 from /tmp/wf-teleport-integration/wfsource/source/gfx/rendobj3.hp:41:
/tmp/wf-teleport-integration/wfsource/source/gfx/viewport.hpi: In member function ‘void ViewPort::Render()’:
/tmp/wf-teleport-integration/wfsource/source/gfx/viewport.hpi:114:67: note: ‘#pragma message: KTS /tmp/wf-teleport-integration/wfsource/source/gfx/viewport.hpi: write viewport gl render code’
  114 | #pragma message ("KTS " __FILE__ ": write viewport gl render code")
      |                                                                   ^
In file included from /tmp/wf-teleport-integration/wfsource/source/gfx/rendobj3.hp:44:
/tmp/wf-teleport-integration/wfsource/source/gfx/handle.hp: At global scope:
/tmp/wf-teleport-integration/wfsource/source/gfx/handle.hp:12:73: note: ‘#pragma message: WBN: merge various ID/FOURCC classes into single one’
   12 | #pragma message( "WBN: merge various ID/FOURCC classes into single one" )
      |                                                                         ^
In file included from /tmp/wf-teleport-integration/wfsource/source/gfx/rendobj3.hp:45:
/tmp/wf-teleport-integration/wfsource/source/gfx/material.hp:194:135: note: ‘#pragma message: /tmp/wf-teleport-integration/wfsource/source/gfx/material.hp KTS: MAX_RENDERERS hard coded to 8 to prevent cyclic dependencies, consider moving renderers into Material’
  194 | #pragma message(__FILE__ " KTS: MAX_RENDERERS hard coded to 8 to prevent cyclic dependencies, consider moving renderers into Material")
      |                                                                                                                                       ^
In file included from /tmp/wf-teleport-integration/wfsource/source/gfx/face.hp:67,
                 from /tmp/wf-teleport-integration/wfsource/source/gfx/rendobj3.hp:39,
                 from /tmp/wf-teleport-integration/wfsource/source/anim/animcycl.hp:33,
                 from /tmp/wf-teleport-integration/wfsource/source/anim/animcycl.cc:27:
/tmp/wf-teleport-integration/wfsource/source/gfx/face.hpi:26:71: note: ‘#pragma message: KTS /tmp/wf-teleport-integration/wfsource/source/gfx/face.hpi: move this into the math directory’
   26 | #pragma message ("KTS " __FILE__ ": move this into the math directory")
      |                                                                       ^
In file included from /tmp/wf-teleport-integration/wfsource/source/gfx/viewport.hp:103,
                 from /tmp/wf-teleport-integration/wfsource/source/gfx/rendobj3.hp:41:
/tmp/wf-teleport-integration/wfsource/source/gfx/viewport.hpi: In member function ‘void ViewPort::Render()’:
/tmp/wf-teleport-integration/wfsource/source/gfx/viewport.hpi:114:67: note: ‘#pragma message: KTS /tmp/wf-teleport-integration/wfsource/source/gfx/viewport.hpi: write viewport gl render code’
  114 | #pragma message ("KTS " __FILE__ ": write viewport gl render code")
      |                                                                   ^
In file included from /tmp/wf-teleport-integration/wfsource/source/gfx/rendobj3.hp:44:
/tmp/wf-teleport-integration/wfsource/source/gfx/handle.hp: At global scope:
/tmp/wf-teleport-integration/wfsource/source/gfx/handle.hp:12:73: note: ‘#pragma message: WBN: merge various ID/FOURCC classes into single one’
   12 | #pragma message( "WBN: merge various ID/FOURCC classes into single one" )
      |                                                                         ^
In file included from /tmp/wf-teleport-integration/wfsource/source/gfx/rendobj3.hp:45:
/tmp/wf-teleport-integration/wfsource/source/gfx/material.hp:194:135: note: ‘#pragma message: /tmp/wf-teleport-integration/wfsource/source/gfx/material.hp KTS: MAX_RENDERERS hard coded to 8 to prevent cyclic dependencies, consider moving renderers into Material’
  194 | #pragma message(__FILE__ " KTS: MAX_RENDERERS hard coded to 8 to prevent cyclic dependencies, consider moving renderers into Material")
      |                                                                                                                                       ^
In file included from /tmp/wf-teleport-integration/wfsource/source/gfx/viewport.hp:103,
                 from /tmp/wf-teleport-integration/wfsource/source/gfx/camera.hp:35,
                 from /tmp/wf-teleport-integration/wfsource/source/renderassets/rendacto.hp:47,
                 from /tmp/wf-teleport-integration/wfsource/source/anim/animmang.cc:26:
/tmp/wf-teleport-integration/wfsource/source/gfx/viewport.hpi: In member function ‘void ViewPort::Render()’:
/tmp/wf-teleport-integration/wfsource/source/gfx/viewport.hpi:114:67: note: ‘#pragma message: KTS /tmp/wf-teleport-integration/wfsource/source/gfx/viewport.hpi: write viewport gl render code’
  114 | #pragma message ("KTS " __FILE__ ": write viewport gl render code")
      |                                                                   ^
In file included from /tmp/wf-teleport-integration/wfsource/source/gfx/face.hp:67,
                 from /tmp/wf-teleport-integration/wfsource/source/gfx/rendobj3.hp:39,
                 from /tmp/wf-teleport-integration/wfsource/source/gfx/camera.hp:36:
/tmp/wf-teleport-integration/wfsource/source/gfx/face.hpi: At global scope:
/tmp/wf-teleport-integration/wfsource/source/gfx/face.hpi:26:71: note: ‘#pragma message: KTS /tmp/wf-teleport-integration/wfsource/source/gfx/face.hpi: move this into the math directory’
   26 | #pragma message ("KTS " __FILE__ ": move this into the math directory")
      |                                                                       ^
In file included from /tmp/wf-teleport-integration/wfsource/source/gfx/rendobj3.hp:44:
/tmp/wf-teleport-integration/wfsource/source/gfx/handle.hp:12:73: note: ‘#pragma message: WBN: merge various ID/FOURCC classes into single one’
   12 | #pragma message( "WBN: merge various ID/FOURCC classes into single one" )
      |                                                                         ^
In file included from /tmp/wf-teleport-integration/wfsource/source/gfx/rendobj3.hp:45:
/tmp/wf-teleport-integration/wfsource/source/gfx/material.hp:194:135: note: ‘#pragma message: /tmp/wf-teleport-integration/wfsource/source/gfx/material.hp KTS: MAX_RENDERERS hard coded to 8 to prevent cyclic dependencies, consider moving renderers into Material’
  194 | #pragma message(__FILE__ " KTS: MAX_RENDERERS hard coded to 8 to prevent cyclic dependencies, consider moving renderers into Material")
      |                                                                                                                                       ^
In file included from /tmp/wf-teleport-integration/wfsource/source/movement/movementobject.hpi:31,
                 from /tmp/wf-teleport-integration/wfsource/source/movement/movementobject.hp:117,
                 from /tmp/wf-teleport-integration/wfsource/source/anim/animmang.hp:37,
                 from /tmp/wf-teleport-integration/wfsource/source/anim/animcycl.hp:36:
/tmp/wf-teleport-integration/wfsource/source/oas/movement.h:31:74: note: ‘#pragma message: Is there an automatic way to create this enum from oas?’
   31 | #pragma message("Is there an automatic way to create this enum from oas?")
      |                                                                          ^
/tmp/wf-teleport-integration/wfsource/source/movement/movementobject.hpi: In constructor ‘MovementObject::MovementObject(const SObjectStartupData*, const void*, const CommonBlock&, const Clock&)’:
/tmp/wf-teleport-integration/wfsource/source/movement/movementobject.hpi:54:114: note: ‘#pragma message: kts fix: pathed objects get their position set in game/actor.cc since we cant do it here (yet)’
   54 | #pragma message ("kts fix: pathed objects get their position set in game/actor.cc since we cant do it here (yet)")
      |                                                                                                                  ^
/tmp/wf-teleport-integration/wfsource/source/anim/animcycl.cc: In constructor ‘AnimationCycleArray::AnimationCycleArray(Memory&, binistream&, const RenderObject3D&)’:
/tmp/wf-teleport-integration/wfsource/source/anim/animcycl.cc:62:86: note: ‘#pragma message: KTS: no redundancy checking, making new animations for each object’
   62 | #pragma message ("KTS: no redundancy checking, making new animations for each object")
      |                                                                                      ^
/tmp/wf-teleport-integration/wfsource/source/anim/channel.cc: In member function ‘virtual int32 LinearChannel::Value(Scalar, int32)’:
/tmp/wf-teleport-integration/wfsource/source/anim/channel.cc:87:93: note: ‘#pragma message: PERFORMANCE WARNING: For long channels, a faster search is needed here!!!!’
   87 | #pragma message("PERFORMANCE WARNING: For long channels, a faster search is needed here!!!!")
      |                                                                                             ^
In file included from /tmp/wf-teleport-integration/wfsource/source/movement/movementobject.hpi:31,
                 from /tmp/wf-teleport-integration/wfsource/source/movement/movementobject.hp:117,
                 from /tmp/wf-teleport-integration/wfsource/source/anim/animmang.hp:37,
                 from /tmp/wf-teleport-integration/wfsource/source/anim/animcycl.hp:36,
                 from /tmp/wf-teleport-integration/wfsource/source/renderassets/rendacto.hp:51:
/tmp/wf-teleport-integration/wfsource/source/oas/movement.h:31:74: note: ‘#pragma message: Is there an automatic way to create this enum from oas?’
   31 | #pragma message("Is there an automatic way to create this enum from oas?")
      |                                                                          ^
/tmp/wf-teleport-integration/wfsource/source/movement/movementobject.hpi: In constructor ‘MovementObject::MovementObject(const SObjectStartupData*, const void*, const CommonBlock&, const Clock&)’:
/tmp/wf-teleport-integration/wfsource/source/movement/movementobject.hpi:54:114: note: ‘#pragma message: kts fix: pathed objects get their position set in game/actor.cc since we cant do it here (yet)’
   54 | #pragma message ("kts fix: pathed objects get their position set in game/actor.cc since we cant do it here (yet)")
      |                                                                                                                  ^
In file included from /tmp/wf-teleport-integration/wfsource/source/renderassets/rendacto.hp:54:
/tmp/wf-teleport-integration/wfsource/source/asset/assets.hp: At global scope:
/tmp/wf-teleport-integration/wfsource/source/asset/assets.hp:130:94: note: ‘#pragma message: KTS /tmp/wf-teleport-integration/wfsource/source/asset/assets.hp: can only have 1024 assets until this kludge is removed ’
  130 |  #pragma message ("KTS " __FILE__ ": can only have 1024 assets until this kludge is removed ")
      |                                                                                              ^
/tmp/wf-teleport-integration/wfsource/source/anim/animmang.cc: In member function ‘virtual void AnimationManagerActual::UpdateAnimation(RenderActor*, const QInputDigital&, PhysicalObject&, BaseObjectIteratorWrapper&, const MovementHandlerData*, const Clock&)’:
/tmp/wf-teleport-integration/wfsource/source/anim/animmang.cc:265:40: note: ‘#pragma message: KTS: new anim system’
  265 | #pragma message ("KTS: new anim system")
      |                                        ^
[ 76%] Building CXX object CMakeFiles/wfengine.dir/wfsource/source/game/actbox.cc.o
[ 77%] Building CXX object CMakeFiles/wfengine.dir/wfsource/source/game/actboxor.cc.o
[ 77%] Building CXX object CMakeFiles/wfengine.dir/wfsource/source/game/actor.cc.o
[ 77%] Building CXX object CMakeFiles/wfengine.dir/wfsource/source/game/callbacks.cc.o
[ 77%] Building CXX object CMakeFiles/wfengine.dir/wfsource/source/game/camera.cc.o
[ 78%] Building CXX object CMakeFiles/wfengine.dir/wfsource/source/game/camshot.cc.o
In file included from /tmp/wf-teleport-integration/wfsource/source/movement/movementobject.hpi:31,
                 from /tmp/wf-teleport-integration/wfsource/source/movement/movementobject.hp:117,
                 from /tmp/wf-teleport-integration/wfsource/source/game/actor.hp:37,
                 from /tmp/wf-teleport-integration/wfsource/source/game/actbox.hp:46,
                 from /tmp/wf-teleport-integration/wfsource/source/game/actbox.cc:42:
/tmp/wf-teleport-integration/wfsource/source/oas/movement.h:31:74: note: ‘#pragma message: Is there an automatic way to create this enum from oas?’
   31 | #pragma message("Is there an automatic way to create this enum from oas?")
      |                                                                          ^
/tmp/wf-teleport-integration/wfsource/source/movement/movementobject.hpi: In constructor ‘MovementObject::MovementObject(const SObjectStartupData*, const void*, const CommonBlock&, const Clock&)’:
/tmp/wf-teleport-integration/wfsource/source/movement/movementobject.hpi:54:114: note: ‘#pragma message: kts fix: pathed objects get their position set in game/actor.cc since we cant do it here (yet)’
   54 | #pragma message ("kts fix: pathed objects get their position set in game/actor.cc since we cant do it here (yet)")
      |                                                                                                                  ^
In file included from /tmp/wf-teleport-integration/wfsource/source/gfx/viewport.hp:103,
                 from /tmp/wf-teleport-integration/wfsource/source/gfx/camera.hp:35,
                 from /tmp/wf-teleport-integration/wfsource/source/renderassets/rendacto.hp:47,
                 from /tmp/wf-teleport-integration/wfsource/source/game/actor.hp:51:
/tmp/wf-teleport-integration/wfsource/source/gfx/viewport.hpi: In member function ‘void ViewPort::Render()’:
/tmp/wf-teleport-integration/wfsource/source/gfx/viewport.hpi:114:67: note: ‘#pragma message: KTS /tmp/wf-teleport-integration/wfsource/source/gfx/viewport.hpi: write viewport gl render code’
  114 | #pragma message ("KTS " __FILE__ ": write viewport gl render code")
      |                                                                   ^
In file included from /tmp/wf-teleport-integration/wfsource/source/gfx/face.hp:67,
                 from /tmp/wf-teleport-integration/wfsource/source/gfx/rendobj3.hp:39,
                 from /tmp/wf-teleport-integration/wfsource/source/gfx/camera.hp:36:
/tmp/wf-teleport-integration/wfsource/source/gfx/face.hpi: At global scope:
/tmp/wf-teleport-integration/wfsource/source/gfx/face.hpi:26:71: note: ‘#pragma message: KTS /tmp/wf-teleport-integration/wfsource/source/gfx/face.hpi: move this into the math directory’
   26 | #pragma message ("KTS " __FILE__ ": move this into the math directory")
      |                                                                       ^
In file included from /tmp/wf-teleport-integration/wfsource/source/gfx/rendobj3.hp:44:
/tmp/wf-teleport-integration/wfsource/source/gfx/handle.hp:12:73: note: ‘#pragma message: WBN: merge various ID/FOURCC classes into single one’
   12 | #pragma message( "WBN: merge various ID/FOURCC classes into single one" )
      |                                                                         ^
In file included from /tmp/wf-teleport-integration/wfsource/source/gfx/rendobj3.hp:45:
/tmp/wf-teleport-integration/wfsource/source/gfx/material.hp:194:135: note: ‘#pragma message: /tmp/wf-teleport-integration/wfsource/source/gfx/material.hp KTS: MAX_RENDERERS hard coded to 8 to prevent cyclic dependencies, consider moving renderers into Material’
  194 | #pragma message(__FILE__ " KTS: MAX_RENDERERS hard coded to 8 to prevent cyclic dependencies, consider moving renderers into Material")
      |                                                                                                                                       ^
In file included from /tmp/wf-teleport-integration/wfsource/source/renderassets/rendacto.hp:54:
/tmp/wf-teleport-integration/wfsource/source/asset/assets.hp:130:94: note: ‘#pragma message: KTS /tmp/wf-teleport-integration/wfsource/source/asset/assets.hp: can only have 1024 assets until this kludge is removed ’
  130 |  #pragma message ("KTS " __FILE__ ": can only have 1024 assets until this kludge is removed ")
      |                                                                                              ^
/tmp/wf-teleport-integration/wfsource/source/game/actor.hp:254:105: note: ‘#pragma message: /tmp/wf-teleport-integration/wfsource/source/game/actor.hp: I guess I should make protected accessor functions for these data members’
  254 | #pragma message( __FILE__ ": I guess I should make protected accessor functions for these data members" )
      |                                                                                                         ^
In file included from /tmp/wf-teleport-integration/wfsource/source/game/callbacks.hp:31,
                 from /tmp/wf-teleport-integration/wfsource/source/game/callbacks.cc:25:
/tmp/wf-teleport-integration/wfsource/source/asset/assets.hp:130:94: note: ‘#pragma message: KTS /tmp/wf-teleport-integration/wfsource/source/asset/assets.hp: can only have 1024 assets until this kludge is removed ’
  130 |  #pragma message ("KTS " __FILE__ ": can only have 1024 assets until this kludge is removed ")
      |                                                                                              ^
In file included from /tmp/wf-teleport-integration/wfsource/source/game/actbox.cc:46:
/tmp/wf-teleport-integration/wfsource/source/game/level.hp:247:58: note: ‘#pragma message: /tmp/wf-teleport-integration/wfsource/source/game/level.hp: remove _idealMainCharacter’
  247 | #pragma message( __FILE__ ": remove _idealMainCharacter" )
      |                                                          ^
In file included from /tmp/wf-teleport-integration/wfsource/source/gfx/face.hp:67,
                 from /tmp/wf-teleport-integration/wfsource/source/gfx/rendobj3.hp:39,
                 from /tmp/wf-teleport-integration/wfsource/source/game/actor.cc:31:
/tmp/wf-teleport-integration/wfsource/source/gfx/face.hpi:26:71: note: ‘#pragma message: KTS /tmp/wf-teleport-integration/wfsource/source/gfx/face.hpi: move this into the math directory’
   26 | #pragma message ("KTS " __FILE__ ": move this into the math directory")
      |                                                                       ^
In file included from /tmp/wf-teleport-integration/wfsource/source/gfx/viewport.hp:103,
                 from /tmp/wf-teleport-integration/wfsource/source/gfx/rendobj3.hp:41:
/tmp/wf-teleport-integration/wfsource/source/gfx/viewport.hpi: In member function ‘void ViewPort::Render()’:
/tmp/wf-teleport-integration/wfsource/source/gfx/viewport.hpi:114:67: note: ‘#pragma message: KTS /tmp/wf-teleport-integration/wfsource/source/gfx/viewport.hpi: write viewport gl render code’
  114 | #pragma message ("KTS " __FILE__ ": write viewport gl render code")
      |                                                                   ^
In file included from /tmp/wf-teleport-integration/wfsource/source/gfx/rendobj3.hp:44:
/tmp/wf-teleport-integration/wfsource/source/gfx/handle.hp: At global scope:
/tmp/wf-teleport-integration/wfsource/source/gfx/handle.hp:12:73: note: ‘#pragma message: WBN: merge various ID/FOURCC classes into single one’
   12 | #pragma message( "WBN: merge various ID/FOURCC classes into single one" )
      |                                                                         ^
In file included from /tmp/wf-teleport-integration/wfsource/source/gfx/rendobj3.hp:45:
/tmp/wf-teleport-integration/wfsource/source/gfx/material.hp:194:135: note: ‘#pragma message: /tmp/wf-teleport-integration/wfsource/source/gfx/material.hp KTS: MAX_RENDERERS hard coded to 8 to prevent cyclic dependencies, consider moving renderers into Material’
  194 | #pragma message(__FILE__ " KTS: MAX_RENDERERS hard coded to 8 to prevent cyclic dependencies, consider moving renderers into Material")
      |                                                                                                                                       ^
[ 78%] Building CXX object CMakeFiles/wfengine.dir/wfsource/source/game/destroyer.cc.o
In file included from /tmp/wf-teleport-integration/wfsource/source/game/level.hp:52,
                 from /tmp/wf-teleport-integration/wfsource/source/game/actboxor.hp:42,
                 from /tmp/wf-teleport-integration/wfsource/source/game/actboxor.cc:40:
/tmp/wf-teleport-integration/wfsource/source/asset/assets.hp:130:94: note: ‘#pragma message: KTS /tmp/wf-teleport-integration/wfsource/source/asset/assets.hp: can only have 1024 assets until this kludge is removed ’
  130 |  #pragma message ("KTS " __FILE__ ": can only have 1024 assets until this kludge is removed ")
      |                                                                                              ^
In file included from /tmp/wf-teleport-integration/wfsource/source/movement/movementobject.hpi:31,
                 from /tmp/wf-teleport-integration/wfsource/source/movement/movementobject.hp:117,
                 from /tmp/wf-teleport-integration/wfsource/source/movement/movement.hp:37,
                 from /tmp/wf-teleport-integration/wfsource/source/game/camera.cc:28:
/tmp/wf-teleport-integration/wfsource/source/oas/movement.h:31:74: note: ‘#pragma message: Is there an automatic way to create this enum from oas?’
   31 | #pragma message("Is there an automatic way to create this enum from oas?")
      |                                                                          ^
/tmp/wf-teleport-integration/wfsource/source/movement/movementobject.hpi: In constructor ‘MovementObject::MovementObject(const SObjectStartupData*, const void*, const CommonBlock&, const Clock&)’:
/tmp/wf-teleport-integration/wfsource/source/movement/movementobject.hpi:54:114: note: ‘#pragma message: kts fix: pathed objects get their position set in game/actor.cc since we cant do it here (yet)’
   54 | #pragma message ("kts fix: pathed objects get their position set in game/actor.cc since we cant do it here (yet)")
      |                                                                                                                  ^
In file included from /tmp/wf-teleport-integration/wfsource/source/gfx/viewport.hp:103,
                 from /tmp/wf-teleport-integration/wfsource/source/game/level.hp:57:
/tmp/wf-teleport-integration/wfsource/source/gfx/viewport.hpi: In member function ‘void ViewPort::Render()’:
/tmp/wf-teleport-integration/wfsource/source/gfx/viewport.hpi:114:67: note: ‘#pragma message: KTS /tmp/wf-teleport-integration/wfsource/source/gfx/viewport.hpi: write viewport gl render code’
  114 | #pragma message ("KTS " __FILE__ ": write viewport gl render code")
      |                                                                   ^
In file included from /tmp/wf-teleport-integration/wfsource/source/gfx/rendmatt.hp:32,
                 from /tmp/wf-teleport-integration/wfsource/source/game/level.hp:58:
/tmp/wf-teleport-integration/wfsource/source/gfx/material.hp: At global scope:
/tmp/wf-teleport-integration/wfsource/source/gfx/material.hp:194:135: note: ‘#pragma message: /tmp/wf-teleport-integration/wfsource/source/gfx/material.hp KTS: MAX_RENDERERS hard coded to 8 to prevent cyclic dependencies, consider moving renderers into Material’
  194 | #pragma message(__FILE__ " KTS: MAX_RENDERERS hard coded to 8 to prevent cyclic dependencies, consider moving renderers into Material")
      |                                                                                                                                       ^
In file included from /tmp/wf-teleport-integration/wfsource/source/gfx/face.hp:67,
                 from /tmp/wf-teleport-integration/wfsource/source/gfx/rendobj3.hp:39,
                 from /tmp/wf-teleport-integration/wfsource/source/gfx/material.hpi:26,
                 from /tmp/wf-teleport-integration/wfsource/source/gfx/material.hp:201:
/tmp/wf-teleport-integration/wfsource/source/gfx/face.hpi:26:71: note: ‘#pragma message: KTS /tmp/wf-teleport-integration/wfsource/source/gfx/face.hpi: move this into the math directory’
   26 | #pragma message ("KTS " __FILE__ ": move this into the math directory")
      |                                                                       ^
In file included from /tmp/wf-teleport-integration/wfsource/source/gfx/rendobj3.hp:44:
/tmp/wf-teleport-integration/wfsource/source/gfx/handle.hp:12:73: note: ‘#pragma message: WBN: merge various ID/FOURCC classes into single one’
   12 | #pragma message( "WBN: merge various ID/FOURCC classes into single one" )
      |                                                                         ^
In file included from /tmp/wf-teleport-integration/wfsource/source/game/level.hp:52,
                 from /tmp/wf-teleport-integration/wfsource/source/game/camshot.hp:44,
                 from /tmp/wf-teleport-integration/wfsource/source/game/camshot.cc:38:
/tmp/wf-teleport-integration/wfsource/source/asset/assets.hp:130:94: note: ‘#pragma message: KTS /tmp/wf-teleport-integration/wfsource/source/asset/assets.hp: can only have 1024 assets until this kludge is removed ’
  130 |  #pragma message ("KTS " __FILE__ ": can only have 1024 assets until this kludge is removed ")
      |                                                                                              ^
In file included from /tmp/wf-teleport-integration/wfsource/source/movement/movementobject.hpi:31,
                 from /tmp/wf-teleport-integration/wfsource/source/movement/movementobject.hp:117,
                 from /tmp/wf-teleport-integration/wfsource/source/movement/movement.hp:37,
                 from /tmp/wf-teleport-integration/wfsource/source/game/actor.cc:38:
/tmp/wf-teleport-integration/wfsource/source/oas/movement.h:31:74: note: ‘#pragma message: Is there an automatic way to create this enum from oas?’
   31 | #pragma message("Is there an automatic way to create this enum from oas?")
      |                                                                          ^
/tmp/wf-teleport-integration/wfsource/source/movement/movementobject.hpi: In constructor ‘MovementObject::MovementObject(const SObjectStartupData*, const void*, const CommonBlock&, const Clock&)’:
/tmp/wf-teleport-integration/wfsource/source/movement/movementobject.hpi:54:114: note: ‘#pragma message: kts fix: pathed objects get their position set in game/actor.cc since we cant do it here (yet)’
   54 | #pragma message ("kts fix: pathed objects get their position set in game/actor.cc since we cant do it here (yet)")
      |                                                                                                                  ^
In file included from /tmp/wf-teleport-integration/wfsource/source/room/room.hp:48,
                 from /tmp/wf-teleport-integration/wfsource/source/room/rooms.hp:34,
                 from /tmp/wf-teleport-integration/wfsource/source/game/actor.cc:40:
/tmp/wf-teleport-integration/wfsource/source/asset/assets.hp: At global scope:
/tmp/wf-teleport-integration/wfsource/source/asset/assets.hp:130:94: note: ‘#pragma message: KTS /tmp/wf-teleport-integration/wfsource/source/asset/assets.hp: can only have 1024 assets until this kludge is removed ’
  130 |  #pragma message ("KTS " __FILE__ ": can only have 1024 assets until this kludge is removed ")
      |                                                                                              ^
In file included from /tmp/wf-teleport-integration/wfsource/source/gfx/viewport.hp:103,
                 from /tmp/wf-teleport-integration/wfsource/source/game/level.hp:57:
/tmp/wf-teleport-integration/wfsource/source/gfx/viewport.hpi: In member function ‘void ViewPort::Render()’:
/tmp/wf-teleport-integration/wfsource/source/gfx/viewport.hpi:114:67: note: ‘#pragma message: KTS /tmp/wf-teleport-integration/wfsource/source/gfx/viewport.hpi: write viewport gl render code’
  114 | #pragma message ("KTS " __FILE__ ": write viewport gl render code")
      |                                                                   ^
In file included from /tmp/wf-teleport-integration/wfsource/source/game/level.hp:65,
                 from /tmp/wf-teleport-integration/wfsource/source/game/actor.cc:59:
/tmp/wf-teleport-integration/wfsource/source/game/actor.hp:254:105: note: ‘#pragma message: /tmp/wf-teleport-integration/wfsource/source/game/actor.hp: I guess I should make protected accessor functions for these data members’
  254 | #pragma message( __FILE__ ": I guess I should make protected accessor functions for these data members" )
      |                                                                                                         ^
In file included from /tmp/wf-teleport-integration/wfsource/source/gfx/rendmatt.hp:32,
                 from /tmp/wf-teleport-integration/wfsource/source/game/level.hp:58:
/tmp/wf-teleport-integration/wfsource/source/gfx/material.hp: At global scope:
/tmp/wf-teleport-integration/wfsource/source/gfx/material.hp:194:135: note: ‘#pragma message: /tmp/wf-teleport-integration/wfsource/source/gfx/material.hp KTS: MAX_RENDERERS hard coded to 8 to prevent cyclic dependencies, consider moving renderers into Material’
  194 | #pragma message(__FILE__ " KTS: MAX_RENDERERS hard coded to 8 to prevent cyclic dependencies, consider moving renderers into Material")
      |                                                                                                                                       ^
In file included from /tmp/wf-teleport-integration/wfsource/source/gfx/face.hp:67,
                 from /tmp/wf-teleport-integration/wfsource/source/gfx/rendobj3.hp:39,
                 from /tmp/wf-teleport-integration/wfsource/source/gfx/material.hpi:26,
                 from /tmp/wf-teleport-integration/wfsource/source/gfx/material.hp:201:
/tmp/wf-teleport-integration/wfsource/source/gfx/face.hpi:26:71: note: ‘#pragma message: KTS /tmp/wf-teleport-integration/wfsource/source/gfx/face.hpi: move this into the math directory’
   26 | #pragma message ("KTS " __FILE__ ": move this into the math directory")
      |                                                                       ^
In file included from /tmp/wf-teleport-integration/wfsource/source/gfx/rendobj3.hp:44:
/tmp/wf-teleport-integration/wfsource/source/gfx/handle.hp:12:73: note: ‘#pragma message: WBN: merge various ID/FOURCC classes into single one’
   12 | #pragma message( "WBN: merge various ID/FOURCC classes into single one" )
      |                                                                         ^
/tmp/wf-teleport-integration/wfsource/source/game/level.hp:247:58: note: ‘#pragma message: /tmp/wf-teleport-integration/wfsource/source/game/level.hp: remove _idealMainCharacter’
  247 | #pragma message( __FILE__ ": remove _idealMainCharacter" )
      |                                                          ^
In file included from /tmp/wf-teleport-integration/wfsource/source/movement/movementobject.hpi:31,
                 from /tmp/wf-teleport-integration/wfsource/source/movement/movementobject.hp:117,
                 from /tmp/wf-teleport-integration/wfsource/source/game/actor.hp:37,
                 from /tmp/wf-teleport-integration/wfsource/source/game/level.hp:65:
/tmp/wf-teleport-integration/wfsource/source/oas/movement.h:31:74: note: ‘#pragma message: Is there an automatic way to create this enum from oas?’
   31 | #pragma message("Is there an automatic way to create this enum from oas?")
      |                                                                          ^
/tmp/wf-teleport-integration/wfsource/source/movement/movementobject.hpi: In constructor ‘MovementObject::MovementObject(const SObjectStartupData*, const void*, const CommonBlock&, const Clock&)’:
/tmp/wf-teleport-integration/wfsource/source/movement/movementobject.hpi:54:114: note: ‘#pragma message: kts fix: pathed objects get their position set in game/actor.cc since we cant do it here (yet)’
   54 | #pragma message ("kts fix: pathed objects get their position set in game/actor.cc since we cant do it here (yet)")
      |                                                                                                                  ^
/tmp/wf-teleport-integration/wfsource/source/game/actor.cc: In member function ‘virtual std::ostream& Actor::Print(std::ostream&) const’:
/tmp/wf-teleport-integration/wfsource/source/game/actor.cc:154:61: note: ‘#pragma message: /tmp/wf-teleport-integration/wfsource/source/game/actor.cc: recode to use genfh.hp macros’
  154 | #pragma message( __FILE__ ": recode to use genfh.hp macros" )
      |                                                             ^
In file included from /tmp/wf-teleport-integration/wfsource/source/gfx/viewport.hp:103,
                 from /tmp/wf-teleport-integration/wfsource/source/gfx/camera.hp:35,
                 from /tmp/wf-teleport-integration/wfsource/source/renderassets/rendacto.hp:47,
                 from /tmp/wf-teleport-integration/wfsource/source/game/camera.hp:29,
                 from /tmp/wf-teleport-integration/wfsource/source/game/camera.cc:30:
/tmp/wf-teleport-integration/wfsource/source/gfx/viewport.hpi: In member function ‘void ViewPort::Render()’:
/tmp/wf-teleport-integration/wfsource/source/gfx/viewport.hpi:114:67: note: ‘#pragma message: KTS /tmp/wf-teleport-integration/wfsource/source/gfx/viewport.hpi: write viewport gl render code’
  114 | #pragma message ("KTS " __FILE__ ": write viewport gl render code")
      |                                                                   ^
/tmp/wf-teleport-integration/wfsource/source/game/actor.cc: In member function ‘virtual void Actor::BindAssets(Memory&)’:
/tmp/wf-teleport-integration/wfsource/source/game/actor.cc:446:113: note: ‘#pragma message: KTS: this sux, how should I notice redundant models, and how do I not have to new everything?’
  446 | #pragma message ("KTS: this sux, how should I notice redundant models, and how do I not have to new everything?")
      |                                                                                                                 ^
In file included from /tmp/wf-teleport-integration/wfsource/source/movement/movementobject.hpi:31,
                 from /tmp/wf-teleport-integration/wfsource/source/movement/movementobject.hp:117,
                 from /tmp/wf-teleport-integration/wfsource/source/game/actor.hp:37,
                 from /tmp/wf-teleport-integration/wfsource/source/game/level.hp:65:
/tmp/wf-teleport-integration/wfsource/source/oas/movement.h:31:74: note: ‘#pragma message: Is there an automatic way to create this enum from oas?’
   31 | #pragma message("Is there an automatic way to create this enum from oas?")
      |                                                                          ^
/tmp/wf-teleport-integration/wfsource/source/movement/movementobject.hpi: In constructor ‘MovementObject::MovementObject(const SObjectStartupData*, const void*, const CommonBlock&, const Clock&)’:
/tmp/wf-teleport-integration/wfsource/source/movement/movementobject.hpi:54:114: note: ‘#pragma message: kts fix: pathed objects get their position set in game/actor.cc since we cant do it here (yet)’
   54 | #pragma message ("kts fix: pathed objects get their position set in game/actor.cc since we cant do it here (yet)")
      |                                                                                                                  ^
In file included from /tmp/wf-teleport-integration/wfsource/source/gfx/face.hp:67,
                 from /tmp/wf-teleport-integration/wfsource/source/gfx/rendobj3.hp:39,
                 from /tmp/wf-teleport-integration/wfsource/source/gfx/camera.hp:36:
/tmp/wf-teleport-integration/wfsource/source/gfx/face.hpi: At global scope:
/tmp/wf-teleport-integration/wfsource/source/gfx/face.hpi:26:71: note: ‘#pragma message: KTS /tmp/wf-teleport-integration/wfsource/source/gfx/face.hpi: move this into the math directory’
   26 | #pragma message ("KTS " __FILE__ ": move this into the math directory")
      |                                                                       ^
In file included from /tmp/wf-teleport-integration/wfsource/source/gfx/rendobj3.hp:44:
/tmp/wf-teleport-integration/wfsource/source/gfx/handle.hp:12:73: note: ‘#pragma message: WBN: merge various ID/FOURCC classes into single one’
   12 | #pragma message( "WBN: merge various ID/FOURCC classes into single one" )
      |                                                                         ^
/tmp/wf-teleport-integration/wfsource/source/game/actor.cc: In constructor ‘Actor::Actor(const SObjectStartupData*)’:
/tmp/wf-teleport-integration/wfsource/source/game/actor.cc:780:89: note: ‘#pragma message: /tmp/wf-teleport-integration/wfsource/source/game/actor.cc: probably should have movepath handler initializer do this’
  780 | #pragma message( __FILE__ ": probably should have movepath handler initializer do this" )
      |                                                                                         ^
/tmp/wf-teleport-integration/wfsource/source/game/actor.cc: In destructor ‘virtual Actor::~Actor()’:
/tmp/wf-teleport-integration/wfsource/source/game/actor.cc:861:155: note: ‘#pragma message: /tmp/wf-teleport-integration/wfsource/source/game/actor.cc: should override delete for this class and move this if in it -- clients can then just use delete _nonStatPlat->_animManager’
  861 | #pragma message( __FILE__ ": should override delete for this class and move this if in it -- clients can then just use delete _nonStatPlat->_animManager" )
      |                                                                                                                                                           ^
/tmp/wf-teleport-integration/wfsource/source/game/actor.cc: In member function ‘virtual void Actor::update()’:
/tmp/wf-teleport-integration/wfsource/source/game/actor.cc:941:89: note: ‘#pragma message: /tmp/wf-teleport-integration/wfsource/source/game/actor.cc: should we do mailboxes and/or messages for sound effects?’
  941 | #pragma message( __FILE__ ": should we do mailboxes and/or messages for sound effects?" )
      |                                                                                         ^
/tmp/wf-teleport-integration/wfsource/source/game/actor.cc: In member function ‘Scalar Actor::GetDistanceTo(const Actor*) const’:
/tmp/wf-teleport-integration/wfsource/source/game/actor.cc:1199:70: note: ‘#pragma message: KTS: use the distance function in vector3 instead!’
 1199 | #pragma message ("KTS: use the distance function in vector3 instead!")
      |                                                                      ^
/tmp/wf-teleport-integration/wfsource/source/game/actor.cc: In member function ‘void Actor::WriteSystemMailbox(int, Scalar)’:
/tmp/wf-teleport-integration/wfsource/source/game/actor.cc:1663:135: note: ‘#pragma message: /tmp/wf-teleport-integration/wfsource/source/game/actor.cc: can _input be used instead of _inputScript? Then _inputScript wouldn't need to be stored in class Actor’
 1663 | #pragma message( __FILE__ ": can _input be used instead of _inputScript? Then _inputScript wouldn't need to be stored in class Actor" )
      |                                                                                                                                       ^
/tmp/wf-teleport-integration/wfsource/source/game/actor.cc: At global scope:
/tmp/wf-teleport-integration/wfsource/source/game/actor.cc:1945:96: note: ‘#pragma message: Put assertions in PutMsg() so that no messages are being sent to StatPlat's’
 1945 | #pragma message( "Put assertions in PutMsg() so that no messages are being sent to StatPlat's" )
      |                                                                                                ^
In file included from /tmp/wf-teleport-integration/wfsource/source/gfx/rendobj3.hp:45:
/tmp/wf-teleport-integration/wfsource/source/gfx/material.hp:194:135: note: ‘#pragma message: /tmp/wf-teleport-integration/wfsource/source/gfx/material.hp KTS: MAX_RENDERERS hard coded to 8 to prevent cyclic dependencies, consider moving renderers into Material’
  194 | #pragma message(__FILE__ " KTS: MAX_RENDERERS hard coded to 8 to prevent cyclic dependencies, consider moving renderers into Material")
      |                                                                                                                                       ^
[ 78%] Building CXX object CMakeFiles/wfengine.dir/wfsource/source/game/dir.cc.o
/tmp/wf-teleport-integration/wfsource/source/game/actor.hp: At global scope:
/tmp/wf-teleport-integration/wfsource/source/game/actor.hp:254:105: note: ‘#pragma message: /tmp/wf-teleport-integration/wfsource/source/game/actor.hp: I guess I should make protected accessor functions for these data members’
  254 | #pragma message( __FILE__ ": I guess I should make protected accessor functions for these data members" )
      |                                                                                                         ^
/tmp/wf-teleport-integration/wfsource/source/game/actor.hp: At global scope:
/tmp/wf-teleport-integration/wfsource/source/game/actor.hp:254:105: note: ‘#pragma message: /tmp/wf-teleport-integration/wfsource/source/game/actor.hp: I guess I should make protected accessor functions for these data members’
  254 | #pragma message( __FILE__ ": I guess I should make protected accessor functions for these data members" )
      |                                                                                                         ^
/tmp/wf-teleport-integration/wfsource/source/game/level.hp:247:58: note: ‘#pragma message: /tmp/wf-teleport-integration/wfsource/source/game/level.hp: remove _idealMainCharacter’
  247 | #pragma message( __FILE__ ": remove _idealMainCharacter" )
      |                                                          ^
In file included from /tmp/wf-teleport-integration/wfsource/source/renderassets/rendacto.hp:54:
/tmp/wf-teleport-integration/wfsource/source/asset/assets.hp:130:94: note: ‘#pragma message: KTS /tmp/wf-teleport-integration/wfsource/source/asset/assets.hp: can only have 1024 assets until this kludge is removed ’
  130 |  #pragma message ("KTS " __FILE__ ": can only have 1024 assets until this kludge is removed ")
      |                                                                                              ^
/tmp/wf-teleport-integration/wfsource/source/game/level.hp:247:58: note: ‘#pragma message: /tmp/wf-teleport-integration/wfsource/source/game/level.hp: remove _idealMainCharacter’
  247 | #pragma message( __FILE__ ": remove _idealMainCharacter" )
      |                                                          ^
In file included from /tmp/wf-teleport-integration/wfsource/source/game/camera.hp:32:
/tmp/wf-teleport-integration/wfsource/source/game/actor.hp:254:105: note: ‘#pragma message: /tmp/wf-teleport-integration/wfsource/source/game/actor.hp: I guess I should make protected accessor functions for these data members’
  254 | #pragma message( __FILE__ ": I guess I should make protected accessor functions for these data members" )
      |                                                                                                         ^
In file included from /tmp/wf-teleport-integration/wfsource/source/movement/movementobject.hpi:31,
                 from /tmp/wf-teleport-integration/wfsource/source/movement/movementobject.hp:117,
                 from /tmp/wf-teleport-integration/wfsource/source/game/actor.hp:37,
                 from /tmp/wf-teleport-integration/wfsource/source/game/destroyer.hp:43,
                 from /tmp/wf-teleport-integration/wfsource/source/game/destroyer.cc:40:
/tmp/wf-teleport-integration/wfsource/source/oas/movement.h:31:74: note: ‘#pragma message: Is there an automatic way to create this enum from oas?’
   31 | #pragma message("Is there an automatic way to create this enum from oas?")
      |                                                                          ^
/tmp/wf-teleport-integration/wfsource/source/movement/movementobject.hpi: In constructor ‘MovementObject::MovementObject(const SObjectStartupData*, const void*, const CommonBlock&, const Clock&)’:
/tmp/wf-teleport-integration/wfsource/source/movement/movementobject.hpi:54:114: note: ‘#pragma message: kts fix: pathed objects get their position set in game/actor.cc since we cant do it here (yet)’
   54 | #pragma message ("kts fix: pathed objects get their position set in game/actor.cc since we cant do it here (yet)")
      |                                                                                                                  ^
In file included from /tmp/wf-teleport-integration/wfsource/source/game/camera.cc:32:
/tmp/wf-teleport-integration/wfsource/source/game/level.hp:247:58: note: ‘#pragma message: /tmp/wf-teleport-integration/wfsource/source/game/level.hp: remove _idealMainCharacter’
  247 | #pragma message( __FILE__ ": remove _idealMainCharacter" )
      |                                                          ^
[ 79%] Building CXX object CMakeFiles/wfengine.dir/wfsource/source/game/director.cc.o
/tmp/wf-teleport-integration/wfsource/source/game/camera.cc: In member function ‘const bool Camera::ValidView() const’:
/tmp/wf-teleport-integration/wfsource/source/game/camera.cc:114:97: note: ‘#pragma message: KTS: assuming camera always runs something derived from CameraMovementHandler’
  114 | #pragma message ("KTS: assuming camera always runs something derived from CameraMovementHandler")
      |                                                                                                 ^
[ 79%] Building CXX object CMakeFiles/wfengine.dir/wfsource/source/game/enemy.cc.o
In file included from /tmp/wf-teleport-integration/wfsource/source/gfx/viewport.hp:103,
                 from /tmp/wf-teleport-integration/wfsource/source/gfx/camera.hp:35,
                 from /tmp/wf-teleport-integration/wfsource/source/renderassets/rendacto.hp:47,
                 from /tmp/wf-teleport-integration/wfsource/source/game/actor.hp:51:
/tmp/wf-teleport-integration/wfsource/source/gfx/viewport.hpi: In member function ‘void ViewPort::Render()’:
/tmp/wf-teleport-integration/wfsource/source/gfx/viewport.hpi:114:67: note: ‘#pragma message: KTS /tmp/wf-teleport-integration/wfsource/source/gfx/viewport.hpi: write viewport gl render code’
  114 | #pragma message ("KTS " __FILE__ ": write viewport gl render code")
      |                                                                   ^
In file included from /tmp/wf-teleport-integration/wfsource/source/gfx/face.hp:67,
                 from /tmp/wf-teleport-integration/wfsource/source/gfx/rendobj3.hp:39,
                 from /tmp/wf-teleport-integration/wfsource/source/gfx/camera.hp:36:
/tmp/wf-teleport-integration/wfsource/source/gfx/face.hpi: At global scope:
/tmp/wf-teleport-integration/wfsource/source/gfx/face.hpi:26:71: note: ‘#pragma message: KTS /tmp/wf-teleport-integration/wfsource/source/gfx/face.hpi: move this into the math directory’
   26 | #pragma message ("KTS " __FILE__ ": move this into the math directory")
      |                                                                       ^
In file included from /tmp/wf-teleport-integration/wfsource/source/gfx/rendobj3.hp:44:
/tmp/wf-teleport-integration/wfsource/source/gfx/handle.hp:12:73: note: ‘#pragma message: WBN: merge various ID/FOURCC classes into single one’
   12 | #pragma message( "WBN: merge various ID/FOURCC classes into single one" )
      |                                                                         ^
In file included from /tmp/wf-teleport-integration/wfsource/source/gfx/rendobj3.hp:45:
/tmp/wf-teleport-integration/wfsource/source/gfx/material.hp:194:135: note: ‘#pragma message: /tmp/wf-teleport-integration/wfsource/source/gfx/material.hp KTS: MAX_RENDERERS hard coded to 8 to prevent cyclic dependencies, consider moving renderers into Material’
  194 | #pragma message(__FILE__ " KTS: MAX_RENDERERS hard coded to 8 to prevent cyclic dependencies, consider moving renderers into Material")
      |                                                                                                                                       ^
In file included from /tmp/wf-teleport-integration/wfsource/source/renderassets/rendacto.hp:54:
/tmp/wf-teleport-integration/wfsource/source/asset/assets.hp:130:94: note: ‘#pragma message: KTS /tmp/wf-teleport-integration/wfsource/source/asset/assets.hp: can only have 1024 assets until this kludge is removed ’
  130 |  #pragma message ("KTS " __FILE__ ": can only have 1024 assets until this kludge is removed ")
      |                                                                                              ^
/tmp/wf-teleport-integration/wfsource/source/game/actor.hp:254:105: note: ‘#pragma message: /tmp/wf-teleport-integration/wfsource/source/game/actor.hp: I guess I should make protected accessor functions for these data members’
  254 | #pragma message( __FILE__ ": I guess I should make protected accessor functions for these data members" )
      |                                                                                                         ^
In file included from /tmp/wf-teleport-integration/wfsource/source/game/destroyer.cc:44:
/tmp/wf-teleport-integration/wfsource/source/game/level.hp:247:58: note: ‘#pragma message: /tmp/wf-teleport-integration/wfsource/source/game/level.hp: remove _idealMainCharacter’
  247 | #pragma message( __FILE__ ": remove _idealMainCharacter" )
      |                                                          ^
[ 79%] Building CXX object CMakeFiles/wfengine.dir/wfsource/source/game/explode.cc.o
In file included from /tmp/wf-teleport-integration/wfsource/source/movement/movementobject.hpi:31,
                 from /tmp/wf-teleport-integration/wfsource/source/movement/movementobject.hp:117,
                 from /tmp/wf-teleport-integration/wfsource/source/game/actor.hp:37,
                 from /tmp/wf-teleport-integration/wfsource/source/game/dir.hp:12,
                 from /tmp/wf-teleport-integration/wfsource/source/game/dir.cc:7:
/tmp/wf-teleport-integration/wfsource/source/oas/movement.h:31:74: note: ‘#pragma message: Is there an automatic way to create this enum from oas?’
   31 | #pragma message("Is there an automatic way to create this enum from oas?")
      |                                                                          ^
/tmp/wf-teleport-integration/wfsource/source/movement/movementobject.hpi: In constructor ‘MovementObject::MovementObject(const SObjectStartupData*, const void*, const CommonBlock&, const Clock&)’:
/tmp/wf-teleport-integration/wfsource/source/movement/movementobject.hpi:54:114: note: ‘#pragma message: kts fix: pathed objects get their position set in game/actor.cc since we cant do it here (yet)’
   54 | #pragma message ("kts fix: pathed objects get their position set in game/actor.cc since we cant do it here (yet)")
      |                                                                                                                  ^
In file included from /tmp/wf-teleport-integration/wfsource/source/gfx/viewport.hp:103,
                 from /tmp/wf-teleport-integration/wfsource/source/gfx/camera.hp:35,
                 from /tmp/wf-teleport-integration/wfsource/source/renderassets/rendacto.hp:47,
                 from /tmp/wf-teleport-integration/wfsource/source/game/actor.hp:51:
/tmp/wf-teleport-integration/wfsource/source/gfx/viewport.hpi: In member function ‘void ViewPort::Render()’:
/tmp/wf-teleport-integration/wfsource/source/gfx/viewport.hpi:114:67: note: ‘#pragma message: KTS /tmp/wf-teleport-integration/wfsource/source/gfx/viewport.hpi: write viewport gl render code’
  114 | #pragma message ("KTS " __FILE__ ": write viewport gl render code")
      |                                                                   ^
In file included from /tmp/wf-teleport-integration/wfsource/source/gfx/face.hp:67,
                 from /tmp/wf-teleport-integration/wfsource/source/gfx/rendobj3.hp:39,
                 from /tmp/wf-teleport-integration/wfsource/source/gfx/camera.hp:36:
/tmp/wf-teleport-integration/wfsource/source/gfx/face.hpi: At global scope:
/tmp/wf-teleport-integration/wfsource/source/gfx/face.hpi:26:71: note: ‘#pragma message: KTS /tmp/wf-teleport-integration/wfsource/source/gfx/face.hpi: move this into the math directory’
   26 | #pragma message ("KTS " __FILE__ ": move this into the math directory")
      |                                                                       ^
In file included from /tmp/wf-teleport-integration/wfsource/source/gfx/rendobj3.hp:44:
/tmp/wf-teleport-integration/wfsource/source/gfx/handle.hp:12:73: note: ‘#pragma message: WBN: merge various ID/FOURCC classes into single one’
   12 | #pragma message( "WBN: merge various ID/FOURCC classes into single one" )
      |                                                                         ^
[ 79%] Building CXX object CMakeFiles/wfengine.dir/wfsource/source/game/file.cc.o
In file included from /tmp/wf-teleport-integration/wfsource/source/gfx/rendobj3.hp:45:
/tmp/wf-teleport-integration/wfsource/source/gfx/material.hp:194:135: note: ‘#pragma message: /tmp/wf-teleport-integration/wfsource/source/gfx/material.hp KTS: MAX_RENDERERS hard coded to 8 to prevent cyclic dependencies, consider moving renderers into Material’
  194 | #pragma message(__FILE__ " KTS: MAX_RENDERERS hard coded to 8 to prevent cyclic dependencies, consider moving renderers into Material")
      |                                                                                                                                       ^
In file included from /tmp/wf-teleport-integration/wfsource/source/renderassets/rendacto.hp:54:
/tmp/wf-teleport-integration/wfsource/source/asset/assets.hp:130:94: note: ‘#pragma message: KTS /tmp/wf-teleport-integration/wfsource/source/asset/assets.hp: can only have 1024 assets until this kludge is removed ’
  130 |  #pragma message ("KTS " __FILE__ ": can only have 1024 assets until this kludge is removed ")
      |                                                                                              ^
/tmp/wf-teleport-integration/wfsource/source/game/actor.hp:254:105: note: ‘#pragma message: /tmp/wf-teleport-integration/wfsource/source/game/actor.hp: I guess I should make protected accessor functions for these data members’
  254 | #pragma message( __FILE__ ": I guess I should make protected accessor functions for these data members" )
      |                                                                                                         ^
In file included from /tmp/wf-teleport-integration/wfsource/source/movement/movementobject.hpi:31,
                 from /tmp/wf-teleport-integration/wfsource/source/movement/movementobject.hp:117,
                 from /tmp/wf-teleport-integration/wfsource/source/game/actor.hp:37,
                 from /tmp/wf-teleport-integration/wfsource/source/game/director.hp:43,
                 from /tmp/wf-teleport-integration/wfsource/source/game/director.cc:37:
/tmp/wf-teleport-integration/wfsource/source/oas/movement.h:31:74: note: ‘#pragma message: Is there an automatic way to create this enum from oas?’
   31 | #pragma message("Is there an automatic way to create this enum from oas?")
      |                                                                          ^
/tmp/wf-teleport-integration/wfsource/source/movement/movementobject.hpi: In constructor ‘MovementObject::MovementObject(const SObjectStartupData*, const void*, const CommonBlock&, const Clock&)’:
/tmp/wf-teleport-integration/wfsource/source/movement/movementobject.hpi:54:114: note: ‘#pragma message: kts fix: pathed objects get their position set in game/actor.cc since we cant do it here (yet)’
   54 | #pragma message ("kts fix: pathed objects get their position set in game/actor.cc since we cant do it here (yet)")
      |                                                                                                                  ^
[ 80%] Building CXX object CMakeFiles/wfengine.dir/wfsource/source/game/fps_overlay.cc.o
In file included from /tmp/wf-teleport-integration/wfsource/source/gfx/viewport.hp:103,
                 from /tmp/wf-teleport-integration/wfsource/source/gfx/camera.hp:35,
                 from /tmp/wf-teleport-integration/wfsource/source/renderassets/rendacto.hp:47,
                 from /tmp/wf-teleport-integration/wfsource/source/game/actor.hp:51:
/tmp/wf-teleport-integration/wfsource/source/gfx/viewport.hpi: In member function ‘void ViewPort::Render()’:
/tmp/wf-teleport-integration/wfsource/source/gfx/viewport.hpi:114:67: note: ‘#pragma message: KTS /tmp/wf-teleport-integration/wfsource/source/gfx/viewport.hpi: write viewport gl render code’
  114 | #pragma message ("KTS " __FILE__ ": write viewport gl render code")
      |                                                                   ^
In file included from /tmp/wf-teleport-integration/wfsource/source/gfx/face.hp:67,
                 from /tmp/wf-teleport-integration/wfsource/source/gfx/rendobj3.hp:39,
                 from /tmp/wf-teleport-integration/wfsource/source/gfx/camera.hp:36:
/tmp/wf-teleport-integration/wfsource/source/gfx/face.hpi: At global scope:
/tmp/wf-teleport-integration/wfsource/source/gfx/face.hpi:26:71: note: ‘#pragma message: KTS /tmp/wf-teleport-integration/wfsource/source/gfx/face.hpi: move this into the math directory’
   26 | #pragma message ("KTS " __FILE__ ": move this into the math directory")
      |                                                                       ^
In file included from /tmp/wf-teleport-integration/wfsource/source/gfx/rendobj3.hp:44:
/tmp/wf-teleport-integration/wfsource/source/gfx/handle.hp:12:73: note: ‘#pragma message: WBN: merge various ID/FOURCC classes into single one’
   12 | #pragma message( "WBN: merge various ID/FOURCC classes into single one" )
      |                                                                         ^
In file included from /tmp/wf-teleport-integration/wfsource/source/gfx/rendobj3.hp:45:
/tmp/wf-teleport-integration/wfsource/source/gfx/material.hp:194:135: note: ‘#pragma message: /tmp/wf-teleport-integration/wfsource/source/gfx/material.hp KTS: MAX_RENDERERS hard coded to 8 to prevent cyclic dependencies, consider moving renderers into Material’
  194 | #pragma message(__FILE__ " KTS: MAX_RENDERERS hard coded to 8 to prevent cyclic dependencies, consider moving renderers into Material")
      |                                                                                                                                       ^
In file included from /tmp/wf-teleport-integration/wfsource/source/movement/movementobject.hpi:31,
                 from /tmp/wf-teleport-integration/wfsource/source/movement/movementobject.hp:117,
                 from /tmp/wf-teleport-integration/wfsource/source/game/actor.hp:37,
                 from /tmp/wf-teleport-integration/wfsource/source/game/enemy.cc:37:
/tmp/wf-teleport-integration/wfsource/source/oas/movement.h:31:74: note: ‘#pragma message: Is there an automatic way to create this enum from oas?’
   31 | #pragma message("Is there an automatic way to create this enum from oas?")
      |                                                                          ^
/tmp/wf-teleport-integration/wfsource/source/movement/movementobject.hpi: In constructor ‘MovementObject::MovementObject(const SObjectStartupData*, const void*, const CommonBlock&, const Clock&)’:
/tmp/wf-teleport-integration/wfsource/source/movement/movementobject.hpi:54:114: note: ‘#pragma message: kts fix: pathed objects get their position set in game/actor.cc since we cant do it here (yet)’
   54 | #pragma message ("kts fix: pathed objects get their position set in game/actor.cc since we cant do it here (yet)")
      |                                                                                                                  ^
In file included from /tmp/wf-teleport-integration/wfsource/source/renderassets/rendacto.hp:54:
/tmp/wf-teleport-integration/wfsource/source/asset/assets.hp:130:94: note: ‘#pragma message: KTS /tmp/wf-teleport-integration/wfsource/source/asset/assets.hp: can only have 1024 assets until this kludge is removed ’
  130 |  #pragma message ("KTS " __FILE__ ": can only have 1024 assets until this kludge is removed ")
      |                                                                                              ^
/tmp/wf-teleport-integration/wfsource/source/game/actor.hp:254:105: note: ‘#pragma message: /tmp/wf-teleport-integration/wfsource/source/game/actor.hp: I guess I should make protected accessor functions for these data members’
  254 | #pragma message( __FILE__ ": I guess I should make protected accessor functions for these data members" )
      |                                                                                                         ^
In file included from /tmp/wf-teleport-integration/wfsource/source/gfx/viewport.hp:103,
                 from /tmp/wf-teleport-integration/wfsource/source/gfx/camera.hp:35,
                 from /tmp/wf-teleport-integration/wfsource/source/renderassets/rendacto.hp:47,
                 from /tmp/wf-teleport-integration/wfsource/source/game/actor.hp:51:
/tmp/wf-teleport-integration/wfsource/source/gfx/viewport.hpi: In member function ‘void ViewPort::Render()’:
/tmp/wf-teleport-integration/wfsource/source/gfx/viewport.hpi:114:67: note: ‘#pragma message: KTS /tmp/wf-teleport-integration/wfsource/source/gfx/viewport.hpi: write viewport gl render code’
  114 | #pragma message ("KTS " __FILE__ ": write viewport gl render code")
      |                                                                   ^
In file included from /tmp/wf-teleport-integration/wfsource/source/gfx/face.hp:67,
                 from /tmp/wf-teleport-integration/wfsource/source/gfx/rendobj3.hp:39,
                 from /tmp/wf-teleport-integration/wfsource/source/gfx/camera.hp:36:
/tmp/wf-teleport-integration/wfsource/source/gfx/face.hpi: At global scope:
/tmp/wf-teleport-integration/wfsource/source/gfx/face.hpi:26:71: note: ‘#pragma message: KTS /tmp/wf-teleport-integration/wfsource/source/gfx/face.hpi: move this into the math directory’
   26 | #pragma message ("KTS " __FILE__ ": move this into the math directory")
      |                                                                       ^
In file included from /tmp/wf-teleport-integration/wfsource/source/gfx/rendobj3.hp:44:
/tmp/wf-teleport-integration/wfsource/source/gfx/handle.hp:12:73: note: ‘#pragma message: WBN: merge various ID/FOURCC classes into single one’
   12 | #pragma message( "WBN: merge various ID/FOURCC classes into single one" )
      |                                                                         ^
In file included from /tmp/wf-teleport-integration/wfsource/source/gfx/rendobj3.hp:45:
/tmp/wf-teleport-integration/wfsource/source/gfx/material.hp:194:135: note: ‘#pragma message: /tmp/wf-teleport-integration/wfsource/source/gfx/material.hp KTS: MAX_RENDERERS hard coded to 8 to prevent cyclic dependencies, consider moving renderers into Material’
  194 | #pragma message(__FILE__ " KTS: MAX_RENDERERS hard coded to 8 to prevent cyclic dependencies, consider moving renderers into Material")
      |                                                                                                                                       ^
[ 80%] Building CXX object CMakeFiles/wfengine.dir/wfsource/source/game/game.cc.o
In file included from /tmp/wf-teleport-integration/wfsource/source/renderassets/rendacto.hp:54:
/tmp/wf-teleport-integration/wfsource/source/asset/assets.hp:130:94: note: ‘#pragma message: KTS /tmp/wf-teleport-integration/wfsource/source/asset/assets.hp: can only have 1024 assets until this kludge is removed ’
  130 |  #pragma message ("KTS " __FILE__ ": can only have 1024 assets until this kludge is removed ")
      |                                                                                              ^
/tmp/wf-teleport-integration/wfsource/source/game/actor.hp:254:105: note: ‘#pragma message: /tmp/wf-teleport-integration/wfsource/source/game/actor.hp: I guess I should make protected accessor functions for these data members’
  254 | #pragma message( __FILE__ ": I guess I should make protected accessor functions for these data members" )
      |                                                                                                         ^
In file included from /tmp/wf-teleport-integration/wfsource/source/game/level.hp:52,
                 from /tmp/wf-teleport-integration/wfsource/source/game/explode.cc:25:
/tmp/wf-teleport-integration/wfsource/source/asset/assets.hp:130:94: note: ‘#pragma message: KTS /tmp/wf-teleport-integration/wfsource/source/asset/assets.hp: can only have 1024 assets until this kludge is removed ’
  130 |  #pragma message ("KTS " __FILE__ ": can only have 1024 assets until this kludge is removed ")
      |                                                                                              ^
In file included from /tmp/wf-teleport-integration/wfsource/source/gfx/viewport.hp:103,
                 from /tmp/wf-teleport-integration/wfsource/source/game/level.hp:57:
/tmp/wf-teleport-integration/wfsource/source/gfx/viewport.hpi: In member function ‘void ViewPort::Render()’:
/tmp/wf-teleport-integration/wfsource/source/gfx/viewport.hpi:114:67: note: ‘#pragma message: KTS /tmp/wf-teleport-integration/wfsource/source/gfx/viewport.hpi: write viewport gl render code’
  114 | #pragma message ("KTS " __FILE__ ": write viewport gl render code")
      |                                                                   ^
In file included from /tmp/wf-teleport-integration/wfsource/source/movement/movementobject.hpi:31,
                 from /tmp/wf-teleport-integration/wfsource/source/movement/movementobject.hp:117,
                 from /tmp/wf-teleport-integration/wfsource/source/game/actor.hp:37,
                 from /tmp/wf-teleport-integration/wfsource/source/game/file.hp:12,
                 from /tmp/wf-teleport-integration/wfsource/source/game/file.cc:7:
/tmp/wf-teleport-integration/wfsource/source/oas/movement.h:31:74: note: ‘#pragma message: Is there an automatic way to create this enum from oas?’
   31 | #pragma message("Is there an automatic way to create this enum from oas?")
      |                                                                          ^
/tmp/wf-teleport-integration/wfsource/source/movement/movementobject.hpi: In constructor ‘MovementObject::MovementObject(const SObjectStartupData*, const void*, const CommonBlock&, const Clock&)’:
/tmp/wf-teleport-integration/wfsource/source/movement/movementobject.hpi:54:114: note: ‘#pragma message: kts fix: pathed objects get their position set in game/actor.cc since we cant do it here (yet)’
   54 | #pragma message ("kts fix: pathed objects get their position set in game/actor.cc since we cant do it here (yet)")
      |                                                                                                                  ^
In file included from /tmp/wf-teleport-integration/wfsource/source/gfx/rendmatt.hp:32,
                 from /tmp/wf-teleport-integration/wfsource/source/game/level.hp:58:
/tmp/wf-teleport-integration/wfsource/source/gfx/material.hp: At global scope:
/tmp/wf-teleport-integration/wfsource/source/gfx/material.hp:194:135: note: ‘#pragma message: /tmp/wf-teleport-integration/wfsource/source/gfx/material.hp KTS: MAX_RENDERERS hard coded to 8 to prevent cyclic dependencies, consider moving renderers into Material’
  194 | #pragma message(__FILE__ " KTS: MAX_RENDERERS hard coded to 8 to prevent cyclic dependencies, consider moving renderers into Material")
      |                                                                                                                                       ^
In file included from /tmp/wf-teleport-integration/wfsource/source/gfx/face.hp:67,
                 from /tmp/wf-teleport-integration/wfsource/source/gfx/rendobj3.hp:39,
                 from /tmp/wf-teleport-integration/wfsource/source/gfx/material.hpi:26,
                 from /tmp/wf-teleport-integration/wfsource/source/gfx/material.hp:201:
/tmp/wf-teleport-integration/wfsource/source/gfx/face.hpi:26:71: note: ‘#pragma message: KTS /tmp/wf-teleport-integration/wfsource/source/gfx/face.hpi: move this into the math directory’
   26 | #pragma message ("KTS " __FILE__ ": move this into the math directory")
      |                                                                       ^
In file included from /tmp/wf-teleport-integration/wfsource/source/gfx/rendobj3.hp:44:
/tmp/wf-teleport-integration/wfsource/source/gfx/handle.hp:12:73: note: ‘#pragma message: WBN: merge various ID/FOURCC classes into single one’
   12 | #pragma message( "WBN: merge various ID/FOURCC classes into single one" )
      |                                                                         ^
In file included from /tmp/wf-teleport-integration/wfsource/source/movement/movementobject.hpi:31,
                 from /tmp/wf-teleport-integration/wfsource/source/movement/movementobject.hp:117,
                 from /tmp/wf-teleport-integration/wfsource/source/game/actor.hp:37,
                 from /tmp/wf-teleport-integration/wfsource/source/game/level.hp:65:
/tmp/wf-teleport-integration/wfsource/source/oas/movement.h:31:74: note: ‘#pragma message: Is there an automatic way to create this enum from oas?’
   31 | #pragma message("Is there an automatic way to create this enum from oas?")
      |                                                                          ^
/tmp/wf-teleport-integration/wfsource/source/movement/movementobject.hpi: In constructor ‘MovementObject::MovementObject(const SObjectStartupData*, const void*, const CommonBlock&, const Clock&)’:
/tmp/wf-teleport-integration/wfsource/source/movement/movementobject.hpi:54:114: note: ‘#pragma message: kts fix: pathed objects get their position set in game/actor.cc since we cant do it here (yet)’
   54 | #pragma message ("kts fix: pathed objects get their position set in game/actor.cc since we cant do it here (yet)")
      |                                                                                                                  ^
[ 80%] Building CXX object CMakeFiles/wfengine.dir/wfsource/source/game/gamestrm.cc.o
In file included from /tmp/wf-teleport-integration/wfsource/source/gfx/viewport.hp:103,
                 from /tmp/wf-teleport-integration/wfsource/source/gfx/camera.hp:35,
                 from /tmp/wf-teleport-integration/wfsource/source/renderassets/rendacto.hp:47,
                 from /tmp/wf-teleport-integration/wfsource/source/game/actor.hp:51:
/tmp/wf-teleport-integration/wfsource/source/gfx/viewport.hpi: In member function ‘void ViewPort::Render()’:
/tmp/wf-teleport-integration/wfsource/source/gfx/viewport.hpi:114:67: note: ‘#pragma message: KTS /tmp/wf-teleport-integration/wfsource/source/gfx/viewport.hpi: write viewport gl render code’
  114 | #pragma message ("KTS " __FILE__ ": write viewport gl render code")
      |                                                                   ^
In file included from /tmp/wf-teleport-integration/wfsource/source/gfx/face.hp:67,
                 from /tmp/wf-teleport-integration/wfsource/source/gfx/rendobj3.hp:39,
                 from /tmp/wf-teleport-integration/wfsource/source/gfx/camera.hp:36:
/tmp/wf-teleport-integration/wfsource/source/gfx/face.hpi: At global scope:
/tmp/wf-teleport-integration/wfsource/source/gfx/face.hpi:26:71: note: ‘#pragma message: KTS /tmp/wf-teleport-integration/wfsource/source/gfx/face.hpi: move this into the math directory’
   26 | #pragma message ("KTS " __FILE__ ": move this into the math directory")
      |                                                                       ^
In file included from /tmp/wf-teleport-integration/wfsource/source/gfx/rendobj3.hp:44:
/tmp/wf-teleport-integration/wfsource/source/gfx/handle.hp:12:73: note: ‘#pragma message: WBN: merge various ID/FOURCC classes into single one’
   12 | #pragma message( "WBN: merge various ID/FOURCC classes into single one" )
      |                                                                         ^
In file included from /tmp/wf-teleport-integration/wfsource/source/gfx/rendobj3.hp:45:
/tmp/wf-teleport-integration/wfsource/source/gfx/material.hp:194:135: note: ‘#pragma message: /tmp/wf-teleport-integration/wfsource/source/gfx/material.hp KTS: MAX_RENDERERS hard coded to 8 to prevent cyclic dependencies, consider moving renderers into Material’
  194 | #pragma message(__FILE__ " KTS: MAX_RENDERERS hard coded to 8 to prevent cyclic dependencies, consider moving renderers into Material")
      |                                                                                                                                       ^
/tmp/wf-teleport-integration/wfsource/source/game/actor.hp: At global scope:
/tmp/wf-teleport-integration/wfsource/source/game/actor.hp:254:105: note: ‘#pragma message: /tmp/wf-teleport-integration/wfsource/source/game/actor.hp: I guess I should make protected accessor functions for these data members’
  254 | #pragma message( __FILE__ ": I guess I should make protected accessor functions for these data members" )
      |                                                                                                         ^
[ 80%] Building CXX object CMakeFiles/wfengine.dir/wfsource/source/game/generator.cc.o
In file included from /tmp/wf-teleport-integration/wfsource/source/renderassets/rendacto.hp:54:
/tmp/wf-teleport-integration/wfsource/source/asset/assets.hp:130:94: note: ‘#pragma message: KTS /tmp/wf-teleport-integration/wfsource/source/asset/assets.hp: can only have 1024 assets until this kludge is removed ’
  130 |  #pragma message ("KTS " __FILE__ ": can only have 1024 assets until this kludge is removed ")
      |                                                                                              ^
/tmp/wf-teleport-integration/wfsource/source/game/actor.hp:254:105: note: ‘#pragma message: /tmp/wf-teleport-integration/wfsource/source/game/actor.hp: I guess I should make protected accessor functions for these data members’
  254 | #pragma message( __FILE__ ": I guess I should make protected accessor functions for these data members" )
      |                                                                                                         ^
/tmp/wf-teleport-integration/wfsource/source/game/level.hp:247:58: note: ‘#pragma message: /tmp/wf-teleport-integration/wfsource/source/game/level.hp: remove _idealMainCharacter’
  247 | #pragma message( __FILE__ ": remove _idealMainCharacter" )
      |                                                          ^
/tmp/wf-teleport-integration/wfsource/source/game/explode.cc: In member function ‘virtual void Explode::update()’:
/tmp/wf-teleport-integration/wfsource/source/game/explode.cc:84:81: note: ‘#pragma message: This isn't really a BR_SCALAR.  Scalar needs to be cleaned up.’
   84 | #pragma message("This isn't really a BR_SCALAR.  Scalar needs to be cleaned up.")
      |                                                                                 ^
/tmp/wf-teleport-integration/wfsource/source/game/explode.cc:97:79: note: ‘#pragma message: /tmp/wf-teleport-integration/wfsource/source/game/explode.cc: this is where a message would be sent to script’
   97 | #pragma message( __FILE__ ": this is where a message would be sent to script" )
      |                                                                               ^
[ 81%] Building CXX object CMakeFiles/wfengine.dir/wfsource/source/game/gold.cc.o
[ 81%] Building CXX object CMakeFiles/wfengine.dir/wfsource/source/game/hscore.cc.o
[ 81%] Building CXX object CMakeFiles/wfengine.dir/wfsource/source/game/level.cc.o
[ 82%] Building CXX object CMakeFiles/wfengine.dir/wfsource/source/game/level_menu.cc.o
[ 82%] Building CXX object CMakeFiles/wfengine.dir/wfsource/source/game/level_menu_host.cc.o
[ 82%] Building CXX object CMakeFiles/wfengine.dir/wfsource/source/game/levelobj.cc.o
In file included from /tmp/wf-teleport-integration/wfsource/source/game/level.hp:52,
                 from /tmp/wf-teleport-integration/wfsource/source/game/game.cc:32:
/tmp/wf-teleport-integration/wfsource/source/asset/assets.hp:130:94: note: ‘#pragma message: KTS /tmp/wf-teleport-integration/wfsource/source/asset/assets.hp: can only have 1024 assets until this kludge is removed ’
  130 |  #pragma message ("KTS " __FILE__ ": can only have 1024 assets until this kludge is removed ")
      |                                                                                              ^
In file included from /tmp/wf-teleport-integration/wfsource/source/gfx/viewport.hp:103,
                 from /tmp/wf-teleport-integration/wfsource/source/game/level.hp:57:
/tmp/wf-teleport-integration/wfsource/source/gfx/viewport.hpi: In member function ‘void ViewPort::Render()’:
/tmp/wf-teleport-integration/wfsource/source/gfx/viewport.hpi:114:67: note: ‘#pragma message: KTS /tmp/wf-teleport-integration/wfsource/source/gfx/viewport.hpi: write viewport gl render code’
  114 | #pragma message ("KTS " __FILE__ ": write viewport gl render code")
      |                                                                   ^
In file included from /tmp/wf-teleport-integration/wfsource/source/movement/movementobject.hpi:31,
                 from /tmp/wf-teleport-integration/wfsource/source/movement/movementobject.hp:117,
                 from /tmp/wf-teleport-integration/wfsource/source/game/actor.hp:37,
                 from /tmp/wf-teleport-integration/wfsource/source/game/generator.hp:43,
                 from /tmp/wf-teleport-integration/wfsource/source/game/generator.cc:39:
/tmp/wf-teleport-integration/wfsource/source/oas/movement.h:31:74: note: ‘#pragma message: Is there an automatic way to create this enum from oas?’
   31 | #pragma message("Is there an automatic way to create this enum from oas?")
      |                                                                          ^
/tmp/wf-teleport-integration/wfsource/source/movement/movementobject.hpi: In constructor ‘MovementObject::MovementObject(const SObjectStartupData*, const void*, const CommonBlock&, const Clock&)’:
/tmp/wf-teleport-integration/wfsource/source/movement/movementobject.hpi:54:114: note: ‘#pragma message: kts fix: pathed objects get their position set in game/actor.cc since we cant do it here (yet)’
   54 | #pragma message ("kts fix: pathed objects get their position set in game/actor.cc since we cant do it here (yet)")
      |                                                                                                                  ^
In file included from /tmp/wf-teleport-integration/wfsource/source/gfx/rendmatt.hp:32,
                 from /tmp/wf-teleport-integration/wfsource/source/game/level.hp:58:
/tmp/wf-teleport-integration/wfsource/source/gfx/material.hp: At global scope:
/tmp/wf-teleport-integration/wfsource/source/gfx/material.hp:194:135: note: ‘#pragma message: /tmp/wf-teleport-integration/wfsource/source/gfx/material.hp KTS: MAX_RENDERERS hard coded to 8 to prevent cyclic dependencies, consider moving renderers into Material’
  194 | #pragma message(__FILE__ " KTS: MAX_RENDERERS hard coded to 8 to prevent cyclic dependencies, consider moving renderers into Material")
      |                                                                                                                                       ^
In file included from /tmp/wf-teleport-integration/wfsource/source/gfx/face.hp:67,
                 from /tmp/wf-teleport-integration/wfsource/source/gfx/rendobj3.hp:39,
                 from /tmp/wf-teleport-integration/wfsource/source/gfx/material.hpi:26,
                 from /tmp/wf-teleport-integration/wfsource/source/gfx/material.hp:201:
/tmp/wf-teleport-integration/wfsource/source/gfx/face.hpi:26:71: note: ‘#pragma message: KTS /tmp/wf-teleport-integration/wfsource/source/gfx/face.hpi: move this into the math directory’
   26 | #pragma message ("KTS " __FILE__ ": move this into the math directory")
      |                                                                       ^
In file included from /tmp/wf-teleport-integration/wfsource/source/gfx/rendobj3.hp:44:
/tmp/wf-teleport-integration/wfsource/source/gfx/handle.hp:12:73: note: ‘#pragma message: WBN: merge various ID/FOURCC classes into single one’
   12 | #pragma message( "WBN: merge various ID/FOURCC classes into single one" )
      |                                                                         ^
In file included from /tmp/wf-teleport-integration/wfsource/source/movement/movementobject.hpi:31,
                 from /tmp/wf-teleport-integration/wfsource/source/movement/movementobject.hp:117,
                 from /tmp/wf-teleport-integration/wfsource/source/game/actor.hp:37,
                 from /tmp/wf-teleport-integration/wfsource/source/game/level.hp:65:
/tmp/wf-teleport-integration/wfsource/source/oas/movement.h:31:74: note: ‘#pragma message: Is there an automatic way to create this enum from oas?’
   31 | #pragma message("Is there an automatic way to create this enum from oas?")
      |                                                                          ^
/tmp/wf-teleport-integration/wfsource/source/movement/movementobject.hpi: In constructor ‘MovementObject::MovementObject(const SObjectStartupData*, const void*, const CommonBlock&, const Clock&)’:
/tmp/wf-teleport-integration/wfsource/source/movement/movementobject.hpi:54:114: note: ‘#pragma message: kts fix: pathed objects get their position set in game/actor.cc since we cant do it here (yet)’
   54 | #pragma message ("kts fix: pathed objects get their position set in game/actor.cc since we cant do it here (yet)")
      |                                                                                                                  ^
/tmp/wf-teleport-integration/wfsource/source/game/actor.hp: At global scope:
/tmp/wf-teleport-integration/wfsource/source/game/actor.hp:254:105: note: ‘#pragma message: /tmp/wf-teleport-integration/wfsource/source/game/actor.hp: I guess I should make protected accessor functions for these data members’
  254 | #pragma message( __FILE__ ": I guess I should make protected accessor functions for these data members" )
      |                                                                                                         ^
/tmp/wf-teleport-integration/wfsource/source/game/level.hp:247:58: note: ‘#pragma message: /tmp/wf-teleport-integration/wfsource/source/game/level.hp: remove _idealMainCharacter’
  247 | #pragma message( __FILE__ ": remove _idealMainCharacter" )
      |                                                          ^
In file included from /tmp/wf-teleport-integration/wfsource/source/gfx/viewport.hp:103,
                 from /tmp/wf-teleport-integration/wfsource/source/gfx/camera.hp:35,
                 from /tmp/wf-teleport-integration/wfsource/source/renderassets/rendacto.hp:47,
                 from /tmp/wf-teleport-integration/wfsource/source/game/actor.hp:51:
/tmp/wf-teleport-integration/wfsource/source/gfx/viewport.hpi: In member function ‘void ViewPort::Render()’:
/tmp/wf-teleport-integration/wfsource/source/gfx/viewport.hpi:114:67: note: ‘#pragma message: KTS /tmp/wf-teleport-integration/wfsource/source/gfx/viewport.hpi: write viewport gl render code’
  114 | #pragma message ("KTS " __FILE__ ": write viewport gl render code")
      |                                                                   ^
In file included from /tmp/wf-teleport-integration/wfsource/source/gfx/face.hp:67,
                 from /tmp/wf-teleport-integration/wfsource/source/gfx/rendobj3.hp:39,
                 from /tmp/wf-teleport-integration/wfsource/source/gfx/camera.hp:36:
/tmp/wf-teleport-integration/wfsource/source/gfx/face.hpi: At global scope:
/tmp/wf-teleport-integration/wfsource/source/gfx/face.hpi:26:71: note: ‘#pragma message: KTS /tmp/wf-teleport-integration/wfsource/source/gfx/face.hpi: move this into the math directory’
   26 | #pragma message ("KTS " __FILE__ ": move this into the math directory")
      |                                                                       ^
In file included from /tmp/wf-teleport-integration/wfsource/source/gfx/rendobj3.hp:44:
/tmp/wf-teleport-integration/wfsource/source/gfx/handle.hp:12:73: note: ‘#pragma message: WBN: merge various ID/FOURCC classes into single one’
   12 | #pragma message( "WBN: merge various ID/FOURCC classes into single one" )
      |                                                                         ^
In file included from /tmp/wf-teleport-integration/wfsource/source/gfx/rendobj3.hp:45:
/tmp/wf-teleport-integration/wfsource/source/gfx/material.hp:194:135: note: ‘#pragma message: /tmp/wf-teleport-integration/wfsource/source/gfx/material.hp KTS: MAX_RENDERERS hard coded to 8 to prevent cyclic dependencies, consider moving renderers into Material’
  194 | #pragma message(__FILE__ " KTS: MAX_RENDERERS hard coded to 8 to prevent cyclic dependencies, consider moving renderers into Material")
      |                                                                                                                                       ^
/tmp/wf-teleport-integration/wfsource/source/game/game.cc: In member function ‘void WFGame::RunLevel(_DiskFile*)’:
/tmp/wf-teleport-integration/wfsource/source/game/game.cc:824:83: note: ‘#pragma message: KTS: write code to handle lives and restarting same level, etc.’
  824 | #pragma message ("KTS: write code to handle lives and restarting same level, etc.")
      |                                                                                   ^
In file included from /tmp/wf-teleport-integration/wfsource/source/renderassets/rendacto.hp:54:
/tmp/wf-teleport-integration/wfsource/source/asset/assets.hp:130:94: note: ‘#pragma message: KTS /tmp/wf-teleport-integration/wfsource/source/asset/assets.hp: can only have 1024 assets until this kludge is removed ’
  130 |  #pragma message ("KTS " __FILE__ ": can only have 1024 assets until this kludge is removed ")
      |                                                                                              ^
/tmp/wf-teleport-integration/wfsource/source/game/actor.hp:254:105: note: ‘#pragma message: /tmp/wf-teleport-integration/wfsource/source/game/actor.hp: I guess I should make protected accessor functions for these data members’
  254 | #pragma message( __FILE__ ": I guess I should make protected accessor functions for these data members" )
      |                                                                                                         ^
In file included from /tmp/wf-teleport-integration/wfsource/source/movement/movementobject.hpi:31,
                 from /tmp/wf-teleport-integration/wfsource/source/movement/movementobject.hp:117,
                 from /tmp/wf-teleport-integration/wfsource/source/game/actor.hp:37,
                 from /tmp/wf-teleport-integration/wfsource/source/game/gold.hp:11,
                 from /tmp/wf-teleport-integration/wfsource/source/game/gold.cc:17:
/tmp/wf-teleport-integration/wfsource/source/oas/movement.h:31:74: note: ‘#pragma message: Is there an automatic way to create this enum from oas?’
   31 | #pragma message("Is there an automatic way to create this enum from oas?")
      |                                                                          ^
/tmp/wf-teleport-integration/wfsource/source/movement/movementobject.hpi: In constructor ‘MovementObject::MovementObject(const SObjectStartupData*, const void*, const CommonBlock&, const Clock&)’:
/tmp/wf-teleport-integration/wfsource/source/movement/movementobject.hpi:54:114: note: ‘#pragma message: kts fix: pathed objects get their position set in game/actor.cc since we cant do it here (yet)’
   54 | #pragma message ("kts fix: pathed objects get their position set in game/actor.cc since we cant do it here (yet)")
      |                                                                                                                  ^
In file included from /tmp/wf-teleport-integration/wfsource/source/game/generator.cc:42:
/tmp/wf-teleport-integration/wfsource/source/game/level.hp:247:58: note: ‘#pragma message: /tmp/wf-teleport-integration/wfsource/source/game/level.hp: remove _idealMainCharacter’
  247 | #pragma message( __FILE__ ": remove _idealMainCharacter" )
      |                                                          ^
In file included from /tmp/wf-teleport-integration/wfsource/source/gfx/viewport.hp:103,
                 from /tmp/wf-teleport-integration/wfsource/source/gfx/camera.hp:35,
                 from /tmp/wf-teleport-integration/wfsource/source/renderassets/rendacto.hp:47,
                 from /tmp/wf-teleport-integration/wfsource/source/game/actor.hp:51:
/tmp/wf-teleport-integration/wfsource/source/gfx/viewport.hpi: In member function ‘void ViewPort::Render()’:
/tmp/wf-teleport-integration/wfsource/source/gfx/viewport.hpi:114:67: note: ‘#pragma message: KTS /tmp/wf-teleport-integration/wfsource/source/gfx/viewport.hpi: write viewport gl render code’
  114 | #pragma message ("KTS " __FILE__ ": write viewport gl render code")
      |                                                                   ^
In file included from /tmp/wf-teleport-integration/wfsource/source/gfx/face.hp:67,
                 from /tmp/wf-teleport-integration/wfsource/source/gfx/rendobj3.hp:39,
                 from /tmp/wf-teleport-integration/wfsource/source/gfx/camera.hp:36:
/tmp/wf-teleport-integration/wfsource/source/gfx/face.hpi: At global scope:
/tmp/wf-teleport-integration/wfsource/source/gfx/face.hpi:26:71: note: ‘#pragma message: KTS /tmp/wf-teleport-integration/wfsource/source/gfx/face.hpi: move this into the math directory’
   26 | #pragma message ("KTS " __FILE__ ": move this into the math directory")
      |                                                                       ^
In file included from /tmp/wf-teleport-integration/wfsource/source/gfx/rendobj3.hp:44:
/tmp/wf-teleport-integration/wfsource/source/gfx/handle.hp:12:73: note: ‘#pragma message: WBN: merge various ID/FOURCC classes into single one’
   12 | #pragma message( "WBN: merge various ID/FOURCC classes into single one" )
      |                                                                         ^
[ 82%] Building CXX object CMakeFiles/wfengine.dir/wfsource/source/game/light.cc.o
In file included from /tmp/wf-teleport-integration/wfsource/source/gfx/rendobj3.hp:45:
/tmp/wf-teleport-integration/wfsource/source/gfx/material.hp:194:135: note: ‘#pragma message: /tmp/wf-teleport-integration/wfsource/source/gfx/material.hp KTS: MAX_RENDERERS hard coded to 8 to prevent cyclic dependencies, consider moving renderers into Material’
  194 | #pragma message(__FILE__ " KTS: MAX_RENDERERS hard coded to 8 to prevent cyclic dependencies, consider moving renderers into Material")
      |                                                                                                                                       ^
In file included from /tmp/wf-teleport-integration/wfsource/source/renderassets/rendacto.hp:54:
/tmp/wf-teleport-integration/wfsource/source/asset/assets.hp:130:94: note: ‘#pragma message: KTS /tmp/wf-teleport-integration/wfsource/source/asset/assets.hp: can only have 1024 assets until this kludge is removed ’
  130 |  #pragma message ("KTS " __FILE__ ": can only have 1024 assets until this kludge is removed ")
      |                                                                                              ^
/tmp/wf-teleport-integration/wfsource/source/game/actor.hp:254:105: note: ‘#pragma message: /tmp/wf-teleport-integration/wfsource/source/game/actor.hp: I guess I should make protected accessor functions for these data members’
  254 | #pragma message( __FILE__ ": I guess I should make protected accessor functions for these data members" )
      |                                                                                                         ^
In file included from /tmp/wf-teleport-integration/wfsource/source/movement/movementobject.hpi:31,
                 from /tmp/wf-teleport-integration/wfsource/source/movement/movementobject.hp:117,
                 from /tmp/wf-teleport-integration/wfsource/source/movement/movement.hp:37,
                 from /tmp/wf-teleport-integration/wfsource/source/game/level.cc:34:
/tmp/wf-teleport-integration/wfsource/source/oas/movement.h:31:74: note: ‘#pragma message: Is there an automatic way to create this enum from oas?’
   31 | #pragma message("Is there an automatic way to create this enum from oas?")
      |                                                                          ^
/tmp/wf-teleport-integration/wfsource/source/movement/movementobject.hpi: In constructor ‘MovementObject::MovementObject(const SObjectStartupData*, const void*, const CommonBlock&, const Clock&)’:
/tmp/wf-teleport-integration/wfsource/source/movement/movementobject.hpi:54:114: note: ‘#pragma message: kts fix: pathed objects get their position set in game/actor.cc since we cant do it here (yet)’
   54 | #pragma message ("kts fix: pathed objects get their position set in game/actor.cc since we cant do it here (yet)")
      |                                                                                                                  ^
In file included from /tmp/wf-teleport-integration/wfsource/source/game/gold.cc:19:
/tmp/wf-teleport-integration/wfsource/source/game/level.hp:247:58: note: ‘#pragma message: /tmp/wf-teleport-integration/wfsource/source/game/level.hp: remove _idealMainCharacter’
  247 | #pragma message( __FILE__ ": remove _idealMainCharacter" )
      |                                                          ^
In file included from /tmp/wf-teleport-integration/wfsource/source/room/room.hp:48,
                 from /tmp/wf-teleport-integration/wfsource/source/game/level.cc:35:
/tmp/wf-teleport-integration/wfsource/source/asset/assets.hp: At global scope:
/tmp/wf-teleport-integration/wfsource/source/asset/assets.hp:130:94: note: ‘#pragma message: KTS /tmp/wf-teleport-integration/wfsource/source/asset/assets.hp: can only have 1024 assets until this kludge is removed ’
  130 |  #pragma message ("KTS " __FILE__ ": can only have 1024 assets until this kludge is removed ")
      |                                                                                              ^
[ 83%] Building CXX object CMakeFiles/wfengine.dir/wfsource/source/game/mailbox.cc.o
In file included from /tmp/wf-teleport-integration/wfsource/source/game/level.cc:50:
/tmp/wf-teleport-integration/wfsource/source/gfx/material.hp:194:135: note: ‘#pragma message: /tmp/wf-teleport-integration/wfsource/source/gfx/material.hp KTS: MAX_RENDERERS hard coded to 8 to prevent cyclic dependencies, consider moving renderers into Material’
  194 | #pragma message(__FILE__ " KTS: MAX_RENDERERS hard coded to 8 to prevent cyclic dependencies, consider moving renderers into Material")
      |                                                                                                                                       ^
In file included from /tmp/wf-teleport-integration/wfsource/source/gfx/face.hp:67,
                 from /tmp/wf-teleport-integration/wfsource/source/gfx/rendobj3.hp:39,
                 from /tmp/wf-teleport-integration/wfsource/source/gfx/material.hpi:26,
                 from /tmp/wf-teleport-integration/wfsource/source/gfx/material.hp:201:
/tmp/wf-teleport-integration/wfsource/source/gfx/face.hpi:26:71: note: ‘#pragma message: KTS /tmp/wf-teleport-integration/wfsource/source/gfx/face.hpi: move this into the math directory’
   26 | #pragma message ("KTS " __FILE__ ": move this into the math directory")
      |                                                                       ^
In file included from /tmp/wf-teleport-integration/wfsource/source/gfx/viewport.hp:103,
                 from /tmp/wf-teleport-integration/wfsource/source/gfx/rendobj3.hp:41:
/tmp/wf-teleport-integration/wfsource/source/gfx/viewport.hpi: In member function ‘void ViewPort::Render()’:
/tmp/wf-teleport-integration/wfsource/source/gfx/viewport.hpi:114:67: note: ‘#pragma message: KTS /tmp/wf-teleport-integration/wfsource/source/gfx/viewport.hpi: write viewport gl render code’
  114 | #pragma message ("KTS " __FILE__ ": write viewport gl render code")
      |                                                                   ^
In file included from /tmp/wf-teleport-integration/wfsource/source/gfx/rendobj3.hp:44:
/tmp/wf-teleport-integration/wfsource/source/gfx/handle.hp: At global scope:
/tmp/wf-teleport-integration/wfsource/source/gfx/handle.hp:12:73: note: ‘#pragma message: WBN: merge various ID/FOURCC classes into single one’
   12 | #pragma message( "WBN: merge various ID/FOURCC classes into single one" )
      |                                                                         ^
In file included from /tmp/wf-teleport-integration/wfsource/source/game/level.hp:65,
                 from /tmp/wf-teleport-integration/wfsource/source/game/level.cc:61:
/tmp/wf-teleport-integration/wfsource/source/game/actor.hp:254:105: note: ‘#pragma message: /tmp/wf-teleport-integration/wfsource/source/game/actor.hp: I guess I should make protected accessor functions for these data members’
  254 | #pragma message( __FILE__ ": I guess I should make protected accessor functions for these data members" )
      |                                                                                                         ^
/tmp/wf-teleport-integration/wfsource/source/game/level.hp:247:58: note: ‘#pragma message: /tmp/wf-teleport-integration/wfsource/source/game/level.hp: remove _idealMainCharacter’
  247 | #pragma message( __FILE__ ": remove _idealMainCharacter" )
      |                                                          ^
[ 83%] Building CXX object CMakeFiles/wfengine.dir/wfsource/source/game/main.cc.o
/tmp/wf-teleport-integration/wfsource/source/game/level.cc: In member function ‘void Level::update(Scalar)’:
/tmp/wf-teleport-integration/wfsource/source/game/level.cc:852:99: note: ‘#pragma message: /tmp/wf-teleport-integration/wfsource/source/game/level.cc: replace with bool( FakeFrameRate ):: need bool() operator in Scalar’
  852 | #pragma message( __FILE__ ": replace with bool( FakeFrameRate ):: need bool() operator in Scalar" )
      |                                                                                                   ^
/tmp/wf-teleport-integration/wfsource/source/game/level.cc: At global scope:
/tmp/wf-teleport-integration/wfsource/source/game/level.cc:1378:47: note: ‘#pragma message: KTS: remove this in release’
 1378 | #pragma message ("KTS: remove this in release")
      |                                               ^
/tmp/wf-teleport-integration/wfsource/source/game/level.cc: In function ‘Actor* SafelyConstructTemplateObject(int32, int32, Vector3&, Vector3&)’:
/tmp/wf-teleport-integration/wfsource/source/game/level.cc:1736:89: note: ‘#pragma message: KTS /tmp/wf-teleport-integration/wfsource/source/game/level.cc: kludge, should check what mass will be or something’
 1736 | #pragma message ("KTS " __FILE__ ": kludge, should check what mass will be or something")
      |                                                                                         ^
/tmp/wf-teleport-integration/wfsource/source/game/level.cc: In member function ‘Actor* Level::ConstructTemplateObject(int32, int32, Vector3, Vector3)’:
/tmp/wf-teleport-integration/wfsource/source/game/level.cc:1848:99: note: ‘#pragma message: KTS /tmp/wf-teleport-integration/wfsource/source/game/level.cc: need to make a dynamic memory allocator for temporary objects’
 1848 | #pragma message ("KTS " __FILE__ ": need to make a dynamic memory allocator for temporary objects")
      |                                                                                                   ^
In file included from /tmp/wf-teleport-integration/wfsource/source/movement/movementobject.hpi:31,
                 from /tmp/wf-teleport-integration/wfsource/source/movement/movementobject.hp:117,
                 from /tmp/wf-teleport-integration/wfsource/source/game/actor.hp:37,
                 from /tmp/wf-teleport-integration/wfsource/source/game/light.cc:38:
/tmp/wf-teleport-integration/wfsource/source/oas/movement.h:31:74: note: ‘#pragma message: Is there an automatic way to create this enum from oas?’
   31 | #pragma message("Is there an automatic way to create this enum from oas?")
      |                                                                          ^
/tmp/wf-teleport-integration/wfsource/source/movement/movementobject.hpi: In constructor ‘MovementObject::MovementObject(const SObjectStartupData*, const void*, const CommonBlock&, const Clock&)’:
/tmp/wf-teleport-integration/wfsource/source/movement/movementobject.hpi:54:114: note: ‘#pragma message: kts fix: pathed objects get their position set in game/actor.cc since we cant do it here (yet)’
   54 | #pragma message ("kts fix: pathed objects get their position set in game/actor.cc since we cant do it here (yet)")
      |                                                                                                                  ^
In file included from /tmp/wf-teleport-integration/wfsource/source/gfx/viewport.hp:103,
                 from /tmp/wf-teleport-integration/wfsource/source/gfx/camera.hp:35,
                 from /tmp/wf-teleport-integration/wfsource/source/renderassets/rendacto.hp:47,
                 from /tmp/wf-teleport-integration/wfsource/source/game/actor.hp:51:
/tmp/wf-teleport-integration/wfsource/source/gfx/viewport.hpi: In member function ‘void ViewPort::Render()’:
/tmp/wf-teleport-integration/wfsource/source/gfx/viewport.hpi:114:67: note: ‘#pragma message: KTS /tmp/wf-teleport-integration/wfsource/source/gfx/viewport.hpi: write viewport gl render code’
  114 | #pragma message ("KTS " __FILE__ ": write viewport gl render code")
      |                                                                   ^
In file included from /tmp/wf-teleport-integration/wfsource/source/gfx/face.hp:67,
                 from /tmp/wf-teleport-integration/wfsource/source/gfx/rendobj3.hp:39,
                 from /tmp/wf-teleport-integration/wfsource/source/gfx/camera.hp:36:
/tmp/wf-teleport-integration/wfsource/source/gfx/face.hpi: At global scope:
/tmp/wf-teleport-integration/wfsource/source/gfx/face.hpi:26:71: note: ‘#pragma message: KTS /tmp/wf-teleport-integration/wfsource/source/gfx/face.hpi: move this into the math directory’
   26 | #pragma message ("KTS " __FILE__ ": move this into the math directory")
      |                                                                       ^
In file included from /tmp/wf-teleport-integration/wfsource/source/gfx/rendobj3.hp:44:
/tmp/wf-teleport-integration/wfsource/source/gfx/handle.hp:12:73: note: ‘#pragma message: WBN: merge various ID/FOURCC classes into single one’
   12 | #pragma message( "WBN: merge various ID/FOURCC classes into single one" )
      |                                                                         ^
In file included from /tmp/wf-teleport-integration/wfsource/source/gfx/rendobj3.hp:45:
/tmp/wf-teleport-integration/wfsource/source/gfx/material.hp:194:135: note: ‘#pragma message: /tmp/wf-teleport-integration/wfsource/source/gfx/material.hp KTS: MAX_RENDERERS hard coded to 8 to prevent cyclic dependencies, consider moving renderers into Material’
  194 | #pragma message(__FILE__ " KTS: MAX_RENDERERS hard coded to 8 to prevent cyclic dependencies, consider moving renderers into Material")
      |                                                                                                                                       ^
In file included from /tmp/wf-teleport-integration/wfsource/source/renderassets/rendacto.hp:54:
/tmp/wf-teleport-integration/wfsource/source/asset/assets.hp:130:94: note: ‘#pragma message: KTS /tmp/wf-teleport-integration/wfsource/source/asset/assets.hp: can only have 1024 assets until this kludge is removed ’
  130 |  #pragma message ("KTS " __FILE__ ": can only have 1024 assets until this kludge is removed ")
      |                                                                                              ^
/tmp/wf-teleport-integration/wfsource/source/game/actor.hp:254:105: note: ‘#pragma message: /tmp/wf-teleport-integration/wfsource/source/game/actor.hp: I guess I should make protected accessor functions for these data members’
  254 | #pragma message( __FILE__ ": I guess I should make protected accessor functions for these data members" )
      |                                                                                                         ^
In file included from /tmp/wf-teleport-integration/wfsource/source/game/light.hp:43,
                 from /tmp/wf-teleport-integration/wfsource/source/game/light.cc:39:
/tmp/wf-teleport-integration/wfsource/source/game/level.hp:247:58: note: ‘#pragma message: /tmp/wf-teleport-integration/wfsource/source/game/level.hp: remove _idealMainCharacter’
  247 | #pragma message( __FILE__ ": remove _idealMainCharacter" )
      |                                                          ^
/tmp/wf-teleport-integration/wfsource/source/game/light.cc: In constructor ‘Light::Light(const SObjectStartupData*)’:
/tmp/wf-teleport-integration/wfsource/source/game/light.cc:70:98: note: ‘#pragma message: KTS: remove after making actor set these (currently no work if type set to box’
   70 | #pragma message ("KTS: remove after making actor set these (currently no work if type set to box")
      |                                                                                                  ^
In file included from /tmp/wf-teleport-integration/wfsource/source/game/level.hp:52,
                 from /tmp/wf-teleport-integration/wfsource/source/game/mailbox.cc:23:
/tmp/wf-teleport-integration/wfsource/source/asset/assets.hp:130:94: note: ‘#pragma message: KTS /tmp/wf-teleport-integration/wfsource/source/asset/assets.hp: can only have 1024 assets until this kludge is removed ’
  130 |  #pragma message ("KTS " __FILE__ ": can only have 1024 assets until this kludge is removed ")
      |                                                                                              ^
In file included from /tmp/wf-teleport-integration/wfsource/source/gfx/viewport.hp:103,
                 from /tmp/wf-teleport-integration/wfsource/source/game/level.hp:57:
/tmp/wf-teleport-integration/wfsource/source/gfx/viewport.hpi: In member function ‘void ViewPort::Render()’:
/tmp/wf-teleport-integration/wfsource/source/gfx/viewport.hpi:114:67: note: ‘#pragma message: KTS /tmp/wf-teleport-integration/wfsource/source/gfx/viewport.hpi: write viewport gl render code’
  114 | #pragma message ("KTS " __FILE__ ": write viewport gl render code")
      |                                                                   ^
In file included from /tmp/wf-teleport-integration/wfsource/source/gfx/rendmatt.hp:32,
                 from /tmp/wf-teleport-integration/wfsource/source/game/level.hp:58:
/tmp/wf-teleport-integration/wfsource/source/gfx/material.hp: At global scope:
/tmp/wf-teleport-integration/wfsource/source/gfx/material.hp:194:135: note: ‘#pragma message: /tmp/wf-teleport-integration/wfsource/source/gfx/material.hp KTS: MAX_RENDERERS hard coded to 8 to prevent cyclic dependencies, consider moving renderers into Material’
  194 | #pragma message(__FILE__ " KTS: MAX_RENDERERS hard coded to 8 to prevent cyclic dependencies, consider moving renderers into Material")
      |                                                                                                                                       ^
In file included from /tmp/wf-teleport-integration/wfsource/source/gfx/face.hp:67,
                 from /tmp/wf-teleport-integration/wfsource/source/gfx/rendobj3.hp:39,
                 from /tmp/wf-teleport-integration/wfsource/source/gfx/material.hpi:26,
                 from /tmp/wf-teleport-integration/wfsource/source/gfx/material.hp:201:
/tmp/wf-teleport-integration/wfsource/source/gfx/face.hpi:26:71: note: ‘#pragma message: KTS /tmp/wf-teleport-integration/wfsource/source/gfx/face.hpi: move this into the math directory’
   26 | #pragma message ("KTS " __FILE__ ": move this into the math directory")
      |                                                                       ^
In file included from /tmp/wf-teleport-integration/wfsource/source/gfx/rendobj3.hp:44:
/tmp/wf-teleport-integration/wfsource/source/gfx/handle.hp:12:73: note: ‘#pragma message: WBN: merge various ID/FOURCC classes into single one’
   12 | #pragma message( "WBN: merge various ID/FOURCC classes into single one" )
      |                                                                         ^
In file included from /tmp/wf-teleport-integration/wfsource/source/movement/movementobject.hpi:31,
                 from /tmp/wf-teleport-integration/wfsource/source/movement/movementobject.hp:117,
                 from /tmp/wf-teleport-integration/wfsource/source/game/actor.hp:37,
                 from /tmp/wf-teleport-integration/wfsource/source/game/level.hp:65:
/tmp/wf-teleport-integration/wfsource/source/oas/movement.h:31:74: note: ‘#pragma message: Is there an automatic way to create this enum from oas?’
   31 | #pragma message("Is there an automatic way to create this enum from oas?")
      |                                                                          ^
/tmp/wf-teleport-integration/wfsource/source/movement/movementobject.hpi: In constructor ‘MovementObject::MovementObject(const SObjectStartupData*, const void*, const CommonBlock&, const Clock&)’:
/tmp/wf-teleport-integration/wfsource/source/movement/movementobject.hpi:54:114: note: ‘#pragma message: kts fix: pathed objects get their position set in game/actor.cc since we cant do it here (yet)’
   54 | #pragma message ("kts fix: pathed objects get their position set in game/actor.cc since we cant do it here (yet)")
      |                                                                                                                  ^
[ 83%] Building CXX object CMakeFiles/wfengine.dir/wfsource/source/game/matte.cc.o
/tmp/wf-teleport-integration/wfsource/source/game/actor.hp: At global scope:
/tmp/wf-teleport-integration/wfsource/source/game/actor.hp:254:105: note: ‘#pragma message: /tmp/wf-teleport-integration/wfsource/source/game/actor.hp: I guess I should make protected accessor functions for these data members’
  254 | #pragma message( __FILE__ ": I guess I should make protected accessor functions for these data members" )
      |                                                                                                         ^
/tmp/wf-teleport-integration/wfsource/source/game/level.hp:247:58: note: ‘#pragma message: /tmp/wf-teleport-integration/wfsource/source/game/level.hp: remove _idealMainCharacter’
  247 | #pragma message( __FILE__ ": remove _idealMainCharacter" )
      |                                                          ^
In file included from /tmp/wf-teleport-integration/wfsource/source/gfx/viewport.hp:103,
                 from /tmp/wf-teleport-integration/wfsource/source/game/game.hp:41,
                 from /tmp/wf-teleport-integration/wfsource/source/game/main.cc:30:
/tmp/wf-teleport-integration/wfsource/source/gfx/viewport.hpi: In member function ‘void ViewPort::Render()’:
/tmp/wf-teleport-integration/wfsource/source/gfx/viewport.hpi:114:67: note: ‘#pragma message: KTS /tmp/wf-teleport-integration/wfsource/source/gfx/viewport.hpi: write viewport gl render code’
  114 | #pragma message ("KTS " __FILE__ ": write viewport gl render code")
      |                                                                   ^
In file included from /tmp/wf-teleport-integration/wfsource/source/movement/movementobject.hpi:31,
                 from /tmp/wf-teleport-integration/wfsource/source/movement/movementobject.hp:117,
                 from /tmp/wf-teleport-integration/wfsource/source/game/actor.hp:37,
                 from /tmp/wf-teleport-integration/wfsource/source/game/game.hp:42:
/tmp/wf-teleport-integration/wfsource/source/oas/movement.h: At global scope:
/tmp/wf-teleport-integration/wfsource/source/oas/movement.h:31:74: note: ‘#pragma message: Is there an automatic way to create this enum from oas?’
   31 | #pragma message("Is there an automatic way to create this enum from oas?")
      |                                                                          ^
/tmp/wf-teleport-integration/wfsource/source/movement/movementobject.hpi: In constructor ‘MovementObject::MovementObject(const SObjectStartupData*, const void*, const CommonBlock&, const Clock&)’:
/tmp/wf-teleport-integration/wfsource/source/movement/movementobject.hpi:54:114: note: ‘#pragma message: kts fix: pathed objects get their position set in game/actor.cc since we cant do it here (yet)’
   54 | #pragma message ("kts fix: pathed objects get their position set in game/actor.cc since we cant do it here (yet)")
      |                                                                                                                  ^
In file included from /tmp/wf-teleport-integration/wfsource/source/gfx/face.hp:67,
                 from /tmp/wf-teleport-integration/wfsource/source/gfx/rendobj3.hp:39,
                 from /tmp/wf-teleport-integration/wfsource/source/gfx/camera.hp:36,
                 from /tmp/wf-teleport-integration/wfsource/source/renderassets/rendacto.hp:47,
                 from /tmp/wf-teleport-integration/wfsource/source/game/actor.hp:51:
/tmp/wf-teleport-integration/wfsource/source/gfx/face.hpi: At global scope:
/tmp/wf-teleport-integration/wfsource/source/gfx/face.hpi:26:71: note: ‘#pragma message: KTS /tmp/wf-teleport-integration/wfsource/source/gfx/face.hpi: move this into the math directory’
   26 | #pragma message ("KTS " __FILE__ ": move this into the math directory")
      |                                                                       ^
In file included from /tmp/wf-teleport-integration/wfsource/source/gfx/rendobj3.hp:44:
/tmp/wf-teleport-integration/wfsource/source/gfx/handle.hp:12:73: note: ‘#pragma message: WBN: merge various ID/FOURCC classes into single one’
   12 | #pragma message( "WBN: merge various ID/FOURCC classes into single one" )
      |                                                                         ^
In file included from /tmp/wf-teleport-integration/wfsource/source/gfx/rendobj3.hp:45:
/tmp/wf-teleport-integration/wfsource/source/gfx/material.hp:194:135: note: ‘#pragma message: /tmp/wf-teleport-integration/wfsource/source/gfx/material.hp KTS: MAX_RENDERERS hard coded to 8 to prevent cyclic dependencies, consider moving renderers into Material’
  194 | #pragma message(__FILE__ " KTS: MAX_RENDERERS hard coded to 8 to prevent cyclic dependencies, consider moving renderers into Material")
      |                                                                                                                                       ^
[ 83%] Building CXX object CMakeFiles/wfengine.dir/wfsource/source/game/missile.cc.o
In file included from /tmp/wf-teleport-integration/wfsource/source/renderassets/rendacto.hp:54:
/tmp/wf-teleport-integration/wfsource/source/asset/assets.hp:130:94: note: ‘#pragma message: KTS /tmp/wf-teleport-integration/wfsource/source/asset/assets.hp: can only have 1024 assets until this kludge is removed ’
  130 |  #pragma message ("KTS " __FILE__ ": can only have 1024 assets until this kludge is removed ")
      |                                                                                              ^
/tmp/wf-teleport-integration/wfsource/source/game/actor.hp:254:105: note: ‘#pragma message: /tmp/wf-teleport-integration/wfsource/source/game/actor.hp: I guess I should make protected accessor functions for these data members’
  254 | #pragma message( __FILE__ ": I guess I should make protected accessor functions for these data members" )
      |                                                                                                         ^
In file included from /tmp/wf-teleport-integration/wfsource/source/game/main.cc:41:
/tmp/wf-teleport-integration/wfsource/source/game/level.hp:247:58: note: ‘#pragma message: /tmp/wf-teleport-integration/wfsource/source/game/level.hp: remove _idealMainCharacter’
  247 | #pragma message( __FILE__ ": remove _idealMainCharacter" )
      |                                                          ^
[ 84%] Building CXX object CMakeFiles/wfengine.dir/wfsource/source/game/movecam.cc.o
/tmp/wf-teleport-integration/wfsource/source/game/main.cc: In function ‘void PIGSMain(int, char**)’:
/tmp/wf-teleport-integration/wfsource/source/game/main.cc:528:97: note: ‘#pragma message: kts: should not read level from command line (leave until profiling is done!)’
  528 | #pragma message ("kts: should not read level from command line (leave until profiling is done!)")
      |                                                                                                 ^
/tmp/wf-teleport-integration/wfsource/source/game/main.cc:538:64: note: ‘#pragma message: System streams should be in HAL [framework]’
  538 | #pragma message( "System streams should be in HAL [framework]" )
      |                                                                ^
In file included from /tmp/wf-teleport-integration/wfsource/source/game/level.hp:52,
                 from /tmp/wf-teleport-integration/wfsource/source/game/matte.cc:25:
/tmp/wf-teleport-integration/wfsource/source/asset/assets.hp:130:94: note: ‘#pragma message: KTS /tmp/wf-teleport-integration/wfsource/source/asset/assets.hp: can only have 1024 assets until this kludge is removed ’
  130 |  #pragma message ("KTS " __FILE__ ": can only have 1024 assets until this kludge is removed ")
      |                                                                                              ^
In file included from /tmp/wf-teleport-integration/wfsource/source/gfx/viewport.hp:103,
                 from /tmp/wf-teleport-integration/wfsource/source/game/level.hp:57:
/tmp/wf-teleport-integration/wfsource/source/gfx/viewport.hpi: In member function ‘void ViewPort::Render()’:
/tmp/wf-teleport-integration/wfsource/source/gfx/viewport.hpi:114:67: note: ‘#pragma message: KTS /tmp/wf-teleport-integration/wfsource/source/gfx/viewport.hpi: write viewport gl render code’
  114 | #pragma message ("KTS " __FILE__ ": write viewport gl render code")
      |                                                                   ^
In file included from /tmp/wf-teleport-integration/wfsource/source/gfx/rendmatt.hp:32,
                 from /tmp/wf-teleport-integration/wfsource/source/game/level.hp:58:
/tmp/wf-teleport-integration/wfsource/source/gfx/material.hp: At global scope:
/tmp/wf-teleport-integration/wfsource/source/gfx/material.hp:194:135: note: ‘#pragma message: /tmp/wf-teleport-integration/wfsource/source/gfx/material.hp KTS: MAX_RENDERERS hard coded to 8 to prevent cyclic dependencies, consider moving renderers into Material’
  194 | #pragma message(__FILE__ " KTS: MAX_RENDERERS hard coded to 8 to prevent cyclic dependencies, consider moving renderers into Material")
      |                                                                                                                                       ^
In file included from /tmp/wf-teleport-integration/wfsource/source/gfx/face.hp:67,
                 from /tmp/wf-teleport-integration/wfsource/source/gfx/rendobj3.hp:39,
                 from /tmp/wf-teleport-integration/wfsource/source/gfx/material.hpi:26,
                 from /tmp/wf-teleport-integration/wfsource/source/gfx/material.hp:201:
/tmp/wf-teleport-integration/wfsource/source/gfx/face.hpi:26:71: note: ‘#pragma message: KTS /tmp/wf-teleport-integration/wfsource/source/gfx/face.hpi: move this into the math directory’
   26 | #pragma message ("KTS " __FILE__ ": move this into the math directory")
      |                                                                       ^
In file included from /tmp/wf-teleport-integration/wfsource/source/gfx/rendobj3.hp:44:
/tmp/wf-teleport-integration/wfsource/source/gfx/handle.hp:12:73: note: ‘#pragma message: WBN: merge various ID/FOURCC classes into single one’
   12 | #pragma message( "WBN: merge various ID/FOURCC classes into single one" )
      |                                                                         ^
In file included from /tmp/wf-teleport-integration/wfsource/source/movement/movementobject.hpi:31,
                 from /tmp/wf-teleport-integration/wfsource/source/movement/movementobject.hp:117,
                 from /tmp/wf-teleport-integration/wfsource/source/game/actor.hp:37,
                 from /tmp/wf-teleport-integration/wfsource/source/game/level.hp:65:
/tmp/wf-teleport-integration/wfsource/source/oas/movement.h:31:74: note: ‘#pragma message: Is there an automatic way to create this enum from oas?’
   31 | #pragma message("Is there an automatic way to create this enum from oas?")
      |                                                                          ^
/tmp/wf-teleport-integration/wfsource/source/movement/movementobject.hpi: In constructor ‘MovementObject::MovementObject(const SObjectStartupData*, const void*, const CommonBlock&, const Clock&)’:
/tmp/wf-teleport-integration/wfsource/source/movement/movementobject.hpi:54:114: note: ‘#pragma message: kts fix: pathed objects get their position set in game/actor.cc since we cant do it here (yet)’
   54 | #pragma message ("kts fix: pathed objects get their position set in game/actor.cc since we cant do it here (yet)")
      |                                                                                                                  ^
In file included from /tmp/wf-teleport-integration/wfsource/source/game/level.hp:52,
                 from /tmp/wf-teleport-integration/wfsource/source/game/missile.cc:32:
/tmp/wf-teleport-integration/wfsource/source/asset/assets.hp:130:94: note: ‘#pragma message: KTS /tmp/wf-teleport-integration/wfsource/source/asset/assets.hp: can only have 1024 assets until this kludge is removed ’
  130 |  #pragma message ("KTS " __FILE__ ": can only have 1024 assets until this kludge is removed ")
      |                                                                                              ^
In file included from /tmp/wf-teleport-integration/wfsource/source/gfx/viewport.hp:103,
                 from /tmp/wf-teleport-integration/wfsource/source/game/level.hp:57:
/tmp/wf-teleport-integration/wfsource/source/gfx/viewport.hpi: In member function ‘void ViewPort::Render()’:
/tmp/wf-teleport-integration/wfsource/source/gfx/viewport.hpi:114:67: note: ‘#pragma message: KTS /tmp/wf-teleport-integration/wfsource/source/gfx/viewport.hpi: write viewport gl render code’
  114 | #pragma message ("KTS " __FILE__ ": write viewport gl render code")
      |                                                                   ^
/tmp/wf-teleport-integration/wfsource/source/game/actor.hp: At global scope:
/tmp/wf-teleport-integration/wfsource/source/game/actor.hp:254:105: note: ‘#pragma message: /tmp/wf-teleport-integration/wfsource/source/game/actor.hp: I guess I should make protected accessor functions for these data members’
  254 | #pragma message( __FILE__ ": I guess I should make protected accessor functions for these data members" )
      |                                                                                                         ^
In file included from /tmp/wf-teleport-integration/wfsource/source/gfx/rendmatt.hp:32,
                 from /tmp/wf-teleport-integration/wfsource/source/game/level.hp:58:
/tmp/wf-teleport-integration/wfsource/source/gfx/material.hp: At global scope:
/tmp/wf-teleport-integration/wfsource/source/gfx/material.hp:194:135: note: ‘#pragma message: /tmp/wf-teleport-integration/wfsource/source/gfx/material.hp KTS: MAX_RENDERERS hard coded to 8 to prevent cyclic dependencies, consider moving renderers into Material’
  194 | #pragma message(__FILE__ " KTS: MAX_RENDERERS hard coded to 8 to prevent cyclic dependencies, consider moving renderers into Material")
      |                                                                                                                                       ^
In file included from /tmp/wf-teleport-integration/wfsource/source/gfx/face.hp:67,
                 from /tmp/wf-teleport-integration/wfsource/source/gfx/rendobj3.hp:39,
                 from /tmp/wf-teleport-integration/wfsource/source/gfx/material.hpi:26,
                 from /tmp/wf-teleport-integration/wfsource/source/gfx/material.hp:201:
/tmp/wf-teleport-integration/wfsource/source/gfx/face.hpi:26:71: note: ‘#pragma message: KTS /tmp/wf-teleport-integration/wfsource/source/gfx/face.hpi: move this into the math directory’
   26 | #pragma message ("KTS " __FILE__ ": move this into the math directory")
      |                                                                       ^
In file included from /tmp/wf-teleport-integration/wfsource/source/gfx/rendobj3.hp:44:
/tmp/wf-teleport-integration/wfsource/source/gfx/handle.hp:12:73: note: ‘#pragma message: WBN: merge various ID/FOURCC classes into single one’
   12 | #pragma message( "WBN: merge various ID/FOURCC classes into single one" )
      |                                                                         ^
In file included from /tmp/wf-teleport-integration/wfsource/source/movement/movementobject.hpi:31,
                 from /tmp/wf-teleport-integration/wfsource/source/movement/movementobject.hp:117,
                 from /tmp/wf-teleport-integration/wfsource/source/movement/movement.hp:37,
                 from /tmp/wf-teleport-integration/wfsource/source/game/movecam.cc:28:
/tmp/wf-teleport-integration/wfsource/source/oas/movement.h:31:74: note: ‘#pragma message: Is there an automatic way to create this enum from oas?’
   31 | #pragma message("Is there an automatic way to create this enum from oas?")
      |                                                                          ^
/tmp/wf-teleport-integration/wfsource/source/movement/movementobject.hpi: In constructor ‘MovementObject::MovementObject(const SObjectStartupData*, const void*, const CommonBlock&, const Clock&)’:
/tmp/wf-teleport-integration/wfsource/source/movement/movementobject.hpi:54:114: note: ‘#pragma message: kts fix: pathed objects get their position set in game/actor.cc since we cant do it here (yet)’
   54 | #pragma message ("kts fix: pathed objects get their position set in game/actor.cc since we cant do it here (yet)")
      |                                                                                                                  ^
In file included from /tmp/wf-teleport-integration/wfsource/source/movement/movementobject.hpi:31,
                 from /tmp/wf-teleport-integration/wfsource/source/movement/movementobject.hp:117,
                 from /tmp/wf-teleport-integration/wfsource/source/game/actor.hp:37,
                 from /tmp/wf-teleport-integration/wfsource/source/game/level.hp:65:
/tmp/wf-teleport-integration/wfsource/source/oas/movement.h:31:74: note: ‘#pragma message: Is there an automatic way to create this enum from oas?’
   31 | #pragma message("Is there an automatic way to create this enum from oas?")
      |                                                                          ^
/tmp/wf-teleport-integration/wfsource/source/movement/movementobject.hpi: In constructor ‘MovementObject::MovementObject(const SObjectStartupData*, const void*, const CommonBlock&, const Clock&)’:
/tmp/wf-teleport-integration/wfsource/source/movement/movementobject.hpi:54:114: note: ‘#pragma message: kts fix: pathed objects get their position set in game/actor.cc since we cant do it here (yet)’
   54 | #pragma message ("kts fix: pathed objects get their position set in game/actor.cc since we cant do it here (yet)")
      |                                                                                                                  ^
/tmp/wf-teleport-integration/wfsource/source/game/level.hp:247:58: note: ‘#pragma message: /tmp/wf-teleport-integration/wfsource/source/game/level.hp: remove _idealMainCharacter’
  247 | #pragma message( __FILE__ ": remove _idealMainCharacter" )
      |                                                          ^
/tmp/wf-teleport-integration/wfsource/source/game/actor.hp: At global scope:
/tmp/wf-teleport-integration/wfsource/source/game/actor.hp:254:105: note: ‘#pragma message: /tmp/wf-teleport-integration/wfsource/source/game/actor.hp: I guess I should make protected accessor functions for these data members’
  254 | #pragma message( __FILE__ ": I guess I should make protected accessor functions for these data members" )
      |                                                                                                         ^
In file included from /tmp/wf-teleport-integration/wfsource/source/game/level.hp:52,
                 from /tmp/wf-teleport-integration/wfsource/source/game/camshot.hp:44,
                 from /tmp/wf-teleport-integration/wfsource/source/game/movecam.cc:38:
/tmp/wf-teleport-integration/wfsource/source/asset/assets.hp: At global scope:
/tmp/wf-teleport-integration/wfsource/source/asset/assets.hp:130:94: note: ‘#pragma message: KTS /tmp/wf-teleport-integration/wfsource/source/asset/assets.hp: can only have 1024 assets until this kludge is removed ’
  130 |  #pragma message ("KTS " __FILE__ ": can only have 1024 assets until this kludge is removed ")
      |                                                                                              ^
In file included from /tmp/wf-teleport-integration/wfsource/source/gfx/viewport.hp:103,
                 from /tmp/wf-teleport-integration/wfsource/source/game/level.hp:57:
/tmp/wf-teleport-integration/wfsource/source/gfx/viewport.hpi: In member function ‘void ViewPort::Render()’:
/tmp/wf-teleport-integration/wfsource/source/gfx/viewport.hpi:114:67: note: ‘#pragma message: KTS /tmp/wf-teleport-integration/wfsource/source/gfx/viewport.hpi: write viewport gl render code’
  114 | #pragma message ("KTS " __FILE__ ": write viewport gl render code")
      |                                                                   ^
In file included from /tmp/wf-teleport-integration/wfsource/source/gfx/rendmatt.hp:32,
                 from /tmp/wf-teleport-integration/wfsource/source/game/level.hp:58:
/tmp/wf-teleport-integration/wfsource/source/gfx/material.hp: At global scope:
/tmp/wf-teleport-integration/wfsource/source/gfx/material.hp:194:135: note: ‘#pragma message: /tmp/wf-teleport-integration/wfsource/source/gfx/material.hp KTS: MAX_RENDERERS hard coded to 8 to prevent cyclic dependencies, consider moving renderers into Material’
  194 | #pragma message(__FILE__ " KTS: MAX_RENDERERS hard coded to 8 to prevent cyclic dependencies, consider moving renderers into Material")
      |                                                                                                                                       ^
In file included from /tmp/wf-teleport-integration/wfsource/source/gfx/face.hp:67,
                 from /tmp/wf-teleport-integration/wfsource/source/gfx/rendobj3.hp:39,
                 from /tmp/wf-teleport-integration/wfsource/source/gfx/material.hpi:26,
                 from /tmp/wf-teleport-integration/wfsource/source/gfx/material.hp:201:
/tmp/wf-teleport-integration/wfsource/source/gfx/face.hpi:26:71: note: ‘#pragma message: KTS /tmp/wf-teleport-integration/wfsource/source/gfx/face.hpi: move this into the math directory’
   26 | #pragma message ("KTS " __FILE__ ": move this into the math directory")
      |                                                                       ^
In file included from /tmp/wf-teleport-integration/wfsource/source/gfx/rendobj3.hp:44:
/tmp/wf-teleport-integration/wfsource/source/gfx/handle.hp:12:73: note: ‘#pragma message: WBN: merge various ID/FOURCC classes into single one’
   12 | #pragma message( "WBN: merge various ID/FOURCC classes into single one" )
      |                                                                         ^
/tmp/wf-teleport-integration/wfsource/source/game/level.hp:247:58: note: ‘#pragma message: /tmp/wf-teleport-integration/wfsource/source/game/level.hp: remove _idealMainCharacter’
  247 | #pragma message( __FILE__ ": remove _idealMainCharacter" )
      |                                                          ^
/tmp/wf-teleport-integration/wfsource/source/game/missile.cc: In member function ‘void Missile::explode()’:
/tmp/wf-teleport-integration/wfsource/source/game/missile.cc:78:79: note: ‘#pragma message: /tmp/wf-teleport-integration/wfsource/source/game/missile.cc: this is where a message would be sent to script’
   78 | #pragma message( __FILE__ ": this is where a message would be sent to script" )
      |                                                                               ^
/tmp/wf-teleport-integration/wfsource/source/game/missile.cc: In member function ‘virtual void Missile::update()’:
/tmp/wf-teleport-integration/wfsource/source/game/missile.cc:120:47: note: ‘#pragma message: KTS: stop using mainChacter’
  120 | #pragma message ("KTS: stop using mainChacter")
      |                                               ^
[ 84%] Building CXX object CMakeFiles/wfengine.dir/wfsource/source/game/plant_ui.cc.o
[ 84%] Building CXX object CMakeFiles/wfengine.dir/wfsource/source/game/platform.cc.o
In file included from /tmp/wf-teleport-integration/wfsource/source/game/level.hp:65:
/tmp/wf-teleport-integration/wfsource/source/game/actor.hp:254:105: note: ‘#pragma message: /tmp/wf-teleport-integration/wfsource/source/game/actor.hp: I guess I should make protected accessor functions for these data members’
  254 | #pragma message( __FILE__ ": I guess I should make protected accessor functions for these data members" )
      |                                                                                                         ^
/tmp/wf-teleport-integration/wfsource/source/game/level.hp:247:58: note: ‘#pragma message: /tmp/wf-teleport-integration/wfsource/source/game/level.hp: remove _idealMainCharacter’
  247 | #pragma message( __FILE__ ": remove _idealMainCharacter" )
      |                                                          ^
/tmp/wf-teleport-integration/wfsource/source/game/movecam.cc: In member function ‘void CameraHandler::SetCamera(PhysicalObject&, const cameraPosition&)’:
/tmp/wf-teleport-integration/wfsource/source/game/movecam.cc:192:65: note: ‘#pragma message: KTS: write field of view, hither and yon code’
  192 | #pragma message ("KTS: write field of view, hither and yon code")
      |                                                                 ^
/tmp/wf-teleport-integration/wfsource/source/game/movecam.cc: In function ‘int32 SetCameraParametersFromShot(const Actor*, cameraPosition&, const BaseObjectList&)’:
/tmp/wf-teleport-integration/wfsource/source/game/movecam.cc:332:82: note: ‘#pragma message: kts fix: put back when the euler/matrix34 problems are resolved’
  332 | #pragma message("kts fix: put back when the euler/matrix34 problems are resolved")
      |                                                                                  ^
[ 85%] Building CXX object CMakeFiles/wfengine.dir/wfsource/source/game/player.cc.o
[ 85%] Building CXX object CMakeFiles/wfengine.dir/wfsource/source/game/runtime_property_ui.cc.o
In file included from /tmp/wf-teleport-integration/wfsource/source/game/level.hp:52,
                 from /tmp/wf-teleport-integration/wfsource/source/game/platform.hp:43,
                 from /tmp/wf-teleport-integration/wfsource/source/game/platform.cc:37:
/tmp/wf-teleport-integration/wfsource/source/asset/assets.hp:130:94: note: ‘#pragma message: KTS /tmp/wf-teleport-integration/wfsource/source/asset/assets.hp: can only have 1024 assets until this kludge is removed ’
  130 |  #pragma message ("KTS " __FILE__ ": can only have 1024 assets until this kludge is removed ")
      |                                                                                              ^
In file included from /tmp/wf-teleport-integration/wfsource/source/gfx/viewport.hp:103,
                 from /tmp/wf-teleport-integration/wfsource/source/game/level.hp:57:
/tmp/wf-teleport-integration/wfsource/source/gfx/viewport.hpi: In member function ‘void ViewPort::Render()’:
/tmp/wf-teleport-integration/wfsource/source/gfx/viewport.hpi:114:67: note: ‘#pragma message: KTS /tmp/wf-teleport-integration/wfsource/source/gfx/viewport.hpi: write viewport gl render code’
  114 | #pragma message ("KTS " __FILE__ ": write viewport gl render code")
      |                                                                   ^
In file included from /tmp/wf-teleport-integration/wfsource/source/gfx/rendmatt.hp:32,
                 from /tmp/wf-teleport-integration/wfsource/source/game/level.hp:58:
/tmp/wf-teleport-integration/wfsource/source/gfx/material.hp: At global scope:
/tmp/wf-teleport-integration/wfsource/source/gfx/material.hp:194:135: note: ‘#pragma message: /tmp/wf-teleport-integration/wfsource/source/gfx/material.hp KTS: MAX_RENDERERS hard coded to 8 to prevent cyclic dependencies, consider moving renderers into Material’
  194 | #pragma message(__FILE__ " KTS: MAX_RENDERERS hard coded to 8 to prevent cyclic dependencies, consider moving renderers into Material")
      |                                                                                                                                       ^
In file included from /tmp/wf-teleport-integration/wfsource/source/gfx/face.hp:67,
                 from /tmp/wf-teleport-integration/wfsource/source/gfx/rendobj3.hp:39,
                 from /tmp/wf-teleport-integration/wfsource/source/gfx/material.hpi:26,
                 from /tmp/wf-teleport-integration/wfsource/source/gfx/material.hp:201:
/tmp/wf-teleport-integration/wfsource/source/gfx/face.hpi:26:71: note: ‘#pragma message: KTS /tmp/wf-teleport-integration/wfsource/source/gfx/face.hpi: move this into the math directory’
   26 | #pragma message ("KTS " __FILE__ ": move this into the math directory")
      |                                                                       ^
In file included from /tmp/wf-teleport-integration/wfsource/source/gfx/rendobj3.hp:44:
/tmp/wf-teleport-integration/wfsource/source/gfx/handle.hp:12:73: note: ‘#pragma message: WBN: merge various ID/FOURCC classes into single one’
   12 | #pragma message( "WBN: merge various ID/FOURCC classes into single one" )
      |                                                                         ^
In file included from /tmp/wf-teleport-integration/wfsource/source/game/player.cc:31:
/tmp/wf-teleport-integration/wfsource/source/oas/movement.h:31:74: note: ‘#pragma message: Is there an automatic way to create this enum from oas?’
   31 | #pragma message("Is there an automatic way to create this enum from oas?")
      |                                                                          ^
In file included from /tmp/wf-teleport-integration/wfsource/source/movement/movementobject.hpi:31,
                 from /tmp/wf-teleport-integration/wfsource/source/movement/movementobject.hp:117,
                 from /tmp/wf-teleport-integration/wfsource/source/game/actor.hp:37,
                 from /tmp/wf-teleport-integration/wfsource/source/game/level.hp:65:
/tmp/wf-teleport-integration/wfsource/source/oas/movement.h:31:74: note: ‘#pragma message: Is there an automatic way to create this enum from oas?’
   31 | #pragma message("Is there an automatic way to create this enum from oas?")
      |                                                                          ^
/tmp/wf-teleport-integration/wfsource/source/movement/movementobject.hpi: In constructor ‘MovementObject::MovementObject(const SObjectStartupData*, const void*, const CommonBlock&, const Clock&)’:
/tmp/wf-teleport-integration/wfsource/source/movement/movementobject.hpi:54:114: note: ‘#pragma message: kts fix: pathed objects get their position set in game/actor.cc since we cant do it here (yet)’
   54 | #pragma message ("kts fix: pathed objects get their position set in game/actor.cc since we cant do it here (yet)")
      |                                                                                                                  ^
[ 85%] Building CXX object CMakeFiles/wfengine.dir/wfsource/source/game/runtime_settings_ui.cc.o
/tmp/wf-teleport-integration/wfsource/source/game/actor.hp: At global scope:
/tmp/wf-teleport-integration/wfsource/source/game/actor.hp:254:105: note: ‘#pragma message: /tmp/wf-teleport-integration/wfsource/source/game/actor.hp: I guess I should make protected accessor functions for these data members’
  254 | #pragma message( __FILE__ ": I guess I should make protected accessor functions for these data members" )
      |                                                                                                         ^
[ 85%] Building CXX object CMakeFiles/wfengine.dir/wfsource/source/game/scripting_stub.cc.o
[ 86%] Building CXX object CMakeFiles/wfengine.dir/wfsource/source/game/shadow.cc.o
In file included from /tmp/wf-teleport-integration/wfsource/source/gfx/viewport.hp:103,
                 from /tmp/wf-teleport-integration/wfsource/source/gfx/camera.hp:35,
                 from /tmp/wf-teleport-integration/wfsource/source/renderassets/rendacto.hp:47,
                 from /tmp/wf-teleport-integration/wfsource/source/game/camera.hp:29,
                 from /tmp/wf-teleport-integration/wfsource/source/game/player.cc:35:
/tmp/wf-teleport-integration/wfsource/source/gfx/viewport.hpi: In member function ‘void ViewPort::Render()’:
/tmp/wf-teleport-integration/wfsource/source/gfx/viewport.hpi:114:67: note: ‘#pragma message: KTS /tmp/wf-teleport-integration/wfsource/source/gfx/viewport.hpi: write viewport gl render code’
  114 | #pragma message ("KTS " __FILE__ ": write viewport gl render code")
      |                                                                   ^
In file included from /tmp/wf-teleport-integration/wfsource/source/gfx/face.hp:67,
                 from /tmp/wf-teleport-integration/wfsource/source/gfx/rendobj3.hp:39,
                 from /tmp/wf-teleport-integration/wfsource/source/gfx/camera.hp:36:
/tmp/wf-teleport-integration/wfsource/source/gfx/face.hpi: At global scope:
/tmp/wf-teleport-integration/wfsource/source/gfx/face.hpi:26:71: note: ‘#pragma message: KTS /tmp/wf-teleport-integration/wfsource/source/gfx/face.hpi: move this into the math directory’
   26 | #pragma message ("KTS " __FILE__ ": move this into the math directory")
      |                                                                       ^
In file included from /tmp/wf-teleport-integration/wfsource/source/gfx/rendobj3.hp:44:
/tmp/wf-teleport-integration/wfsource/source/gfx/handle.hp:12:73: note: ‘#pragma message: WBN: merge various ID/FOURCC classes into single one’
   12 | #pragma message( "WBN: merge various ID/FOURCC classes into single one" )
      |                                                                         ^
/tmp/wf-teleport-integration/wfsource/source/game/level.hp:247:58: note: ‘#pragma message: /tmp/wf-teleport-integration/wfsource/source/game/level.hp: remove _idealMainCharacter’
  247 | #pragma message( __FILE__ ": remove _idealMainCharacter" )
      |                                                          ^
In file included from /tmp/wf-teleport-integration/wfsource/source/gfx/rendobj3.hp:45:
/tmp/wf-teleport-integration/wfsource/source/gfx/material.hp:194:135: note: ‘#pragma message: /tmp/wf-teleport-integration/wfsource/source/gfx/material.hp KTS: MAX_RENDERERS hard coded to 8 to prevent cyclic dependencies, consider moving renderers into Material’
  194 | #pragma message(__FILE__ " KTS: MAX_RENDERERS hard coded to 8 to prevent cyclic dependencies, consider moving renderers into Material")
      |                                                                                                                                       ^
[ 86%] Building CXX object CMakeFiles/wfengine.dir/wfsource/source/game/shield.cc.o
In file included from /tmp/wf-teleport-integration/wfsource/source/movement/movementobject.hp:117,
                 from /tmp/wf-teleport-integration/wfsource/source/anim/animmang.hp:37,
                 from /tmp/wf-teleport-integration/wfsource/source/anim/animcycl.hp:36,
                 from /tmp/wf-teleport-integration/wfsource/source/renderassets/rendacto.hp:51:
/tmp/wf-teleport-integration/wfsource/source/movement/movementobject.hpi: In constructor ‘MovementObject::MovementObject(const SObjectStartupData*, const void*, const CommonBlock&, const Clock&)’:
/tmp/wf-teleport-integration/wfsource/source/movement/movementobject.hpi:54:114: note: ‘#pragma message: kts fix: pathed objects get their position set in game/actor.cc since we cant do it here (yet)’
   54 | #pragma message ("kts fix: pathed objects get their position set in game/actor.cc since we cant do it here (yet)")
      |                                                                                                                  ^
In file included from /tmp/wf-teleport-integration/wfsource/source/renderassets/rendacto.hp:54:
/tmp/wf-teleport-integration/wfsource/source/asset/assets.hp: At global scope:
/tmp/wf-teleport-integration/wfsource/source/asset/assets.hp:130:94: note: ‘#pragma message: KTS /tmp/wf-teleport-integration/wfsource/source/asset/assets.hp: can only have 1024 assets until this kludge is removed ’
  130 |  #pragma message ("KTS " __FILE__ ": can only have 1024 assets until this kludge is removed ")
      |                                                                                              ^
In file included from /tmp/wf-teleport-integration/wfsource/source/game/camera.hp:32:
/tmp/wf-teleport-integration/wfsource/source/game/actor.hp:254:105: note: ‘#pragma message: /tmp/wf-teleport-integration/wfsource/source/game/actor.hp: I guess I should make protected accessor functions for these data members’
  254 | #pragma message( __FILE__ ": I guess I should make protected accessor functions for these data members" )
      |                                                                                                         ^
[ 86%] Building CXX object CMakeFiles/wfengine.dir/wfsource/source/game/spike.cc.o
In file included from /tmp/wf-teleport-integration/wfsource/source/game/player.hp:28,
                 from /tmp/wf-teleport-integration/wfsource/source/game/player.cc:36:
/tmp/wf-teleport-integration/wfsource/source/game/level.hp:247:58: note: ‘#pragma message: /tmp/wf-teleport-integration/wfsource/source/game/level.hp: remove _idealMainCharacter’
  247 | #pragma message( __FILE__ ": remove _idealMainCharacter" )
      |                                                          ^
/tmp/wf-teleport-integration/wfsource/source/game/player.cc: In member function ‘virtual void Player::die()’:
/tmp/wf-teleport-integration/wfsource/source/game/player.cc:83:94: note: ‘#pragma message: /tmp/wf-teleport-integration/wfsource/source/game/player.cc: use FindOADData to get starting position and other information’
   83 | #pragma message( __FILE__ ": use FindOADData to get starting position and other information" )
      |                                                                                              ^
[ 87%] Building CXX object CMakeFiles/wfengine.dir/wfsource/source/game/statplat.cc.o
In file included from /tmp/wf-teleport-integration/wfsource/source/room/room.hp:48,
                 from /tmp/wf-teleport-integration/wfsource/source/room/actroit.hp:30,
                 from /tmp/wf-teleport-integration/wfsource/source/game/shadow.cc:42:
/tmp/wf-teleport-integration/wfsource/source/asset/assets.hp:130:94: note: ‘#pragma message: KTS /tmp/wf-teleport-integration/wfsource/source/asset/assets.hp: can only have 1024 assets until this kludge is removed ’
  130 |  #pragma message ("KTS " __FILE__ ": can only have 1024 assets until this kludge is removed ")
      |                                                                                              ^
In file included from /tmp/wf-teleport-integration/wfsource/source/movement/movementobject.hpi:31,
                 from /tmp/wf-teleport-integration/wfsource/source/movement/movementobject.hp:117,
                 from /tmp/wf-teleport-integration/wfsource/source/game/shadow.cc:43:
/tmp/wf-teleport-integration/wfsource/source/oas/movement.h:31:74: note: ‘#pragma message: Is there an automatic way to create this enum from oas?’
   31 | #pragma message("Is there an automatic way to create this enum from oas?")
      |                                                                          ^
/tmp/wf-teleport-integration/wfsource/source/movement/movementobject.hpi: In constructor ‘MovementObject::MovementObject(const SObjectStartupData*, const void*, const CommonBlock&, const Clock&)’:
/tmp/wf-teleport-integration/wfsource/source/movement/movementobject.hpi:54:114: note: ‘#pragma message: kts fix: pathed objects get their position set in game/actor.cc since we cant do it here (yet)’
   54 | #pragma message ("kts fix: pathed objects get their position set in game/actor.cc since we cant do it here (yet)")
      |                                                                                                                  ^
In file included from /tmp/wf-teleport-integration/wfsource/source/gfx/viewport.hp:103,
                 from /tmp/wf-teleport-integration/wfsource/source/gfx/camera.hp:35,
                 from /tmp/wf-teleport-integration/wfsource/source/renderassets/rendacto.hp:47,
                 from /tmp/wf-teleport-integration/wfsource/source/game/actor.hp:51,
                 from /tmp/wf-teleport-integration/wfsource/source/game/shadow.hp:45,
                 from /tmp/wf-teleport-integration/wfsource/source/game/shadow.cc:44:
/tmp/wf-teleport-integration/wfsource/source/gfx/viewport.hpi: In member function ‘void ViewPort::Render()’:
/tmp/wf-teleport-integration/wfsource/source/gfx/viewport.hpi:114:67: note: ‘#pragma message: KTS /tmp/wf-teleport-integration/wfsource/source/gfx/viewport.hpi: write viewport gl render code’
  114 | #pragma message ("KTS " __FILE__ ": write viewport gl render code")
      |                                                                   ^
In file included from /tmp/wf-teleport-integration/wfsource/source/gfx/face.hp:67,
                 from /tmp/wf-teleport-integration/wfsource/source/gfx/rendobj3.hp:39,
                 from /tmp/wf-teleport-integration/wfsource/source/gfx/camera.hp:36:
/tmp/wf-teleport-integration/wfsource/source/gfx/face.hpi: At global scope:
/tmp/wf-teleport-integration/wfsource/source/gfx/face.hpi:26:71: note: ‘#pragma message: KTS /tmp/wf-teleport-integration/wfsource/source/gfx/face.hpi: move this into the math directory’
   26 | #pragma message ("KTS " __FILE__ ": move this into the math directory")
      |                                                                       ^
In file included from /tmp/wf-teleport-integration/wfsource/source/gfx/rendobj3.hp:44:
/tmp/wf-teleport-integration/wfsource/source/gfx/handle.hp:12:73: note: ‘#pragma message: WBN: merge various ID/FOURCC classes into single one’
   12 | #pragma message( "WBN: merge various ID/FOURCC classes into single one" )
      |                                                                         ^
In file included from /tmp/wf-teleport-integration/wfsource/source/gfx/rendobj3.hp:45:
/tmp/wf-teleport-integration/wfsource/source/gfx/material.hp:194:135: note: ‘#pragma message: /tmp/wf-teleport-integration/wfsource/source/gfx/material.hp KTS: MAX_RENDERERS hard coded to 8 to prevent cyclic dependencies, consider moving renderers into Material’
  194 | #pragma message(__FILE__ " KTS: MAX_RENDERERS hard coded to 8 to prevent cyclic dependencies, consider moving renderers into Material")
      |                                                                                                                                       ^
In file included from /tmp/wf-teleport-integration/wfsource/source/movement/movementobject.hpi:31,
                 from /tmp/wf-teleport-integration/wfsource/source/movement/movementobject.hp:117,
                 from /tmp/wf-teleport-integration/wfsource/source/movement/movement.hp:37,
                 from /tmp/wf-teleport-integration/wfsource/source/movement/movefoll.hp:8,
                 from /tmp/wf-teleport-integration/wfsource/source/game/shield.cc:46:
/tmp/wf-teleport-integration/wfsource/source/oas/movement.h:31:74: note: ‘#pragma message: Is there an automatic way to create this enum from oas?’
   31 | #pragma message("Is there an automatic way to create this enum from oas?")
      |                                                                          ^
/tmp/wf-teleport-integration/wfsource/source/movement/movementobject.hpi: In constructor ‘MovementObject::MovementObject(const SObjectStartupData*, const void*, const CommonBlock&, const Clock&)’:
/tmp/wf-teleport-integration/wfsource/source/movement/movementobject.hpi:54:114: note: ‘#pragma message: kts fix: pathed objects get their position set in game/actor.cc since we cant do it here (yet)’
   54 | #pragma message ("kts fix: pathed objects get their position set in game/actor.cc since we cant do it here (yet)")
      |                                                                                                                  ^
/tmp/wf-teleport-integration/wfsource/source/game/actor.hp:254:105: note: ‘#pragma message: /tmp/wf-teleport-integration/wfsource/source/game/actor.hp: I guess I should make protected accessor functions for these data members’
  254 | #pragma message( __FILE__ ": I guess I should make protected accessor functions for these data members" )
      |                                                                                                         ^
[ 87%] Building CXX object CMakeFiles/wfengine.dir/wfsource/source/game/target.cc.o
In file included from /tmp/wf-teleport-integration/wfsource/source/game/level.hp:52,
                 from /tmp/wf-teleport-integration/wfsource/source/game/shield.hp:42,
                 from /tmp/wf-teleport-integration/wfsource/source/game/shield.cc:47:
/tmp/wf-teleport-integration/wfsource/source/asset/assets.hp: At global scope:
/tmp/wf-teleport-integration/wfsource/source/asset/assets.hp:130:94: note: ‘#pragma message: KTS /tmp/wf-teleport-integration/wfsource/source/asset/assets.hp: can only have 1024 assets until this kludge is removed ’
  130 |  #pragma message ("KTS " __FILE__ ": can only have 1024 assets until this kludge is removed ")
      |                                                                                              ^
In file included from /tmp/wf-teleport-integration/wfsource/source/game/shadow.cc:45:
/tmp/wf-teleport-integration/wfsource/source/game/level.hp:247:58: note: ‘#pragma message: /tmp/wf-teleport-integration/wfsource/source/game/level.hp: remove _idealMainCharacter’
  247 | #pragma message( __FILE__ ": remove _idealMainCharacter" )
      |                                                          ^
In file included from /tmp/wf-teleport-integration/wfsource/source/gfx/viewport.hp:103,
                 from /tmp/wf-teleport-integration/wfsource/source/game/level.hp:57:
/tmp/wf-teleport-integration/wfsource/source/gfx/viewport.hpi: In member function ‘void ViewPort::Render()’:
/tmp/wf-teleport-integration/wfsource/source/gfx/viewport.hpi:114:67: note: ‘#pragma message: KTS /tmp/wf-teleport-integration/wfsource/source/gfx/viewport.hpi: write viewport gl render code’
  114 | #pragma message ("KTS " __FILE__ ": write viewport gl render code")
      |                                                                   ^
In file included from /tmp/wf-teleport-integration/wfsource/source/gfx/rendmatt.hp:32,
                 from /tmp/wf-teleport-integration/wfsource/source/game/level.hp:58:
/tmp/wf-teleport-integration/wfsource/source/gfx/material.hp: At global scope:
/tmp/wf-teleport-integration/wfsource/source/gfx/material.hp:194:135: note: ‘#pragma message: /tmp/wf-teleport-integration/wfsource/source/gfx/material.hp KTS: MAX_RENDERERS hard coded to 8 to prevent cyclic dependencies, consider moving renderers into Material’
  194 | #pragma message(__FILE__ " KTS: MAX_RENDERERS hard coded to 8 to prevent cyclic dependencies, consider moving renderers into Material")
      |                                                                                                                                       ^
In file included from /tmp/wf-teleport-integration/wfsource/source/gfx/face.hp:67,
                 from /tmp/wf-teleport-integration/wfsource/source/gfx/rendobj3.hp:39,
                 from /tmp/wf-teleport-integration/wfsource/source/gfx/material.hpi:26,
                 from /tmp/wf-teleport-integration/wfsource/source/gfx/material.hp:201:
/tmp/wf-teleport-integration/wfsource/source/gfx/face.hpi:26:71: note: ‘#pragma message: KTS /tmp/wf-teleport-integration/wfsource/source/gfx/face.hpi: move this into the math directory’
   26 | #pragma message ("KTS " __FILE__ ": move this into the math directory")
      |                                                                       ^
In file included from /tmp/wf-teleport-integration/wfsource/source/gfx/rendobj3.hp:44:
/tmp/wf-teleport-integration/wfsource/source/gfx/handle.hp:12:73: note: ‘#pragma message: WBN: merge various ID/FOURCC classes into single one’
   12 | #pragma message( "WBN: merge various ID/FOURCC classes into single one" )
      |                                                                         ^
In file included from /tmp/wf-teleport-integration/wfsource/source/game/level.hp:52,
                 from /tmp/wf-teleport-integration/wfsource/source/game/spike.hp:42,
                 from /tmp/wf-teleport-integration/wfsource/source/game/spike.cc:39:
/tmp/wf-teleport-integration/wfsource/source/asset/assets.hp:130:94: note: ‘#pragma message: KTS /tmp/wf-teleport-integration/wfsource/source/asset/assets.hp: can only have 1024 assets until this kludge is removed ’
  130 |  #pragma message ("KTS " __FILE__ ": can only have 1024 assets until this kludge is removed ")
      |                                                                                              ^
In file included from /tmp/wf-teleport-integration/wfsource/source/gfx/viewport.hp:103,
                 from /tmp/wf-teleport-integration/wfsource/source/game/level.hp:57:
/tmp/wf-teleport-integration/wfsource/source/gfx/viewport.hpi: In member function ‘void ViewPort::Render()’:
/tmp/wf-teleport-integration/wfsource/source/gfx/viewport.hpi:114:67: note: ‘#pragma message: KTS /tmp/wf-teleport-integration/wfsource/source/gfx/viewport.hpi: write viewport gl render code’
  114 | #pragma message ("KTS " __FILE__ ": write viewport gl render code")
      |                                                                   ^
In file included from /tmp/wf-teleport-integration/wfsource/source/gfx/rendmatt.hp:32,
                 from /tmp/wf-teleport-integration/wfsource/source/game/level.hp:58:
/tmp/wf-teleport-integration/wfsource/source/gfx/material.hp: At global scope:
/tmp/wf-teleport-integration/wfsource/source/gfx/material.hp:194:135: note: ‘#pragma message: /tmp/wf-teleport-integration/wfsource/source/gfx/material.hp KTS: MAX_RENDERERS hard coded to 8 to prevent cyclic dependencies, consider moving renderers into Material’
  194 | #pragma message(__FILE__ " KTS: MAX_RENDERERS hard coded to 8 to prevent cyclic dependencies, consider moving renderers into Material")
      |                                                                                                                                       ^
In file included from /tmp/wf-teleport-integration/wfsource/source/gfx/face.hp:67,
                 from /tmp/wf-teleport-integration/wfsource/source/gfx/rendobj3.hp:39,
                 from /tmp/wf-teleport-integration/wfsource/source/gfx/material.hpi:26,
                 from /tmp/wf-teleport-integration/wfsource/source/gfx/material.hp:201:
/tmp/wf-teleport-integration/wfsource/source/gfx/face.hpi:26:71: note: ‘#pragma message: KTS /tmp/wf-teleport-integration/wfsource/source/gfx/face.hpi: move this into the math directory’
   26 | #pragma message ("KTS " __FILE__ ": move this into the math directory")
      |                                                                       ^
In file included from /tmp/wf-teleport-integration/wfsource/source/gfx/rendobj3.hp:44:
/tmp/wf-teleport-integration/wfsource/source/gfx/handle.hp:12:73: note: ‘#pragma message: WBN: merge various ID/FOURCC classes into single one’
   12 | #pragma message( "WBN: merge various ID/FOURCC classes into single one" )
      |                                                                         ^
In file included from /tmp/wf-teleport-integration/wfsource/source/game/level.hp:65:
/tmp/wf-teleport-integration/wfsource/source/game/actor.hp:254:105: note: ‘#pragma message: /tmp/wf-teleport-integration/wfsource/source/game/actor.hp: I guess I should make protected accessor functions for these data members’
  254 | #pragma message( __FILE__ ": I guess I should make protected accessor functions for these data members" )
      |                                                                                                         ^
In file included from /tmp/wf-teleport-integration/wfsource/source/movement/movementobject.hpi:31,
                 from /tmp/wf-teleport-integration/wfsource/source/movement/movementobject.hp:117,
                 from /tmp/wf-teleport-integration/wfsource/source/game/actor.hp:37,
                 from /tmp/wf-teleport-integration/wfsource/source/game/statplat.hp:43,
                 from /tmp/wf-teleport-integration/wfsource/source/game/statplat.cc:38:
/tmp/wf-teleport-integration/wfsource/source/oas/movement.h:31:74: note: ‘#pragma message: Is there an automatic way to create this enum from oas?’
   31 | #pragma message("Is there an automatic way to create this enum from oas?")
      |                                                                          ^
/tmp/wf-teleport-integration/wfsource/source/movement/movementobject.hpi: In constructor ‘MovementObject::MovementObject(const SObjectStartupData*, const void*, const CommonBlock&, const Clock&)’:
/tmp/wf-teleport-integration/wfsource/source/movement/movementobject.hpi:54:114: note: ‘#pragma message: kts fix: pathed objects get their position set in game/actor.cc since we cant do it here (yet)’
   54 | #pragma message ("kts fix: pathed objects get their position set in game/actor.cc since we cant do it here (yet)")
      |                                                                                                                  ^
In file included from /tmp/wf-teleport-integration/wfsource/source/movement/movementobject.hpi:31,
                 from /tmp/wf-teleport-integration/wfsource/source/movement/movementobject.hp:117,
                 from /tmp/wf-teleport-integration/wfsource/source/game/actor.hp:37,
                 from /tmp/wf-teleport-integration/wfsource/source/game/level.hp:65:
/tmp/wf-teleport-integration/wfsource/source/oas/movement.h:31:74: note: ‘#pragma message: Is there an automatic way to create this enum from oas?’
   31 | #pragma message("Is there an automatic way to create this enum from oas?")
      |                                                                          ^
/tmp/wf-teleport-integration/wfsource/source/movement/movementobject.hpi: In constructor ‘MovementObject::MovementObject(const SObjectStartupData*, const void*, const CommonBlock&, const Clock&)’:
/tmp/wf-teleport-integration/wfsource/source/movement/movementobject.hpi:54:114: note: ‘#pragma message: kts fix: pathed objects get their position set in game/actor.cc since we cant do it here (yet)’
   54 | #pragma message ("kts fix: pathed objects get their position set in game/actor.cc since we cant do it here (yet)")
      |                                                                                                                  ^
/tmp/wf-teleport-integration/wfsource/source/game/level.hp:247:58: note: ‘#pragma message: /tmp/wf-teleport-integration/wfsource/source/game/level.hp: remove _idealMainCharacter’
  247 | #pragma message( __FILE__ ": remove _idealMainCharacter" )
      |                                                          ^
/tmp/wf-teleport-integration/wfsource/source/game/shield.cc: In constructor ‘Shield::Shield(const SObjectStartupData*)’:
/tmp/wf-teleport-integration/wfsource/source/game/shield.cc:63:105: note: ‘#pragma message: KTS: is there a better way to access a base class protected member through a pointer?’
   63 | #pragma message ("KTS: is there a better way to access a base class protected member through a pointer?")
      |                                                                                                         ^
/tmp/wf-teleport-integration/wfsource/source/game/actor.hp: At global scope:
/tmp/wf-teleport-integration/wfsource/source/game/actor.hp:254:105: note: ‘#pragma message: /tmp/wf-teleport-integration/wfsource/source/game/actor.hp: I guess I should make protected accessor functions for these data members’
  254 | #pragma message( __FILE__ ": I guess I should make protected accessor functions for these data members" )
      |                                                                                                         ^
In file included from /tmp/wf-teleport-integration/wfsource/source/gfx/viewport.hp:103,
                 from /tmp/wf-teleport-integration/wfsource/source/gfx/camera.hp:35,
                 from /tmp/wf-teleport-integration/wfsource/source/renderassets/rendacto.hp:47,
                 from /tmp/wf-teleport-integration/wfsource/source/game/actor.hp:51:
/tmp/wf-teleport-integration/wfsource/source/gfx/viewport.hpi: In member function ‘void ViewPort::Render()’:
/tmp/wf-teleport-integration/wfsource/source/gfx/viewport.hpi:114:67: note: ‘#pragma message: KTS /tmp/wf-teleport-integration/wfsource/source/gfx/viewport.hpi: write viewport gl render code’
  114 | #pragma message ("KTS " __FILE__ ": write viewport gl render code")
      |                                                                   ^
In file included from /tmp/wf-teleport-integration/wfsource/source/gfx/face.hp:67,
                 from /tmp/wf-teleport-integration/wfsource/source/gfx/rendobj3.hp:39,
                 from /tmp/wf-teleport-integration/wfsource/source/gfx/camera.hp:36:
/tmp/wf-teleport-integration/wfsource/source/gfx/face.hpi: At global scope:
/tmp/wf-teleport-integration/wfsource/source/gfx/face.hpi:26:71: note: ‘#pragma message: KTS /tmp/wf-teleport-integration/wfsource/source/gfx/face.hpi: move this into the math directory’
   26 | #pragma message ("KTS " __FILE__ ": move this into the math directory")
      |                                                                       ^
In file included from /tmp/wf-teleport-integration/wfsource/source/gfx/rendobj3.hp:44:
/tmp/wf-teleport-integration/wfsource/source/gfx/handle.hp:12:73: note: ‘#pragma message: WBN: merge various ID/FOURCC classes into single one’
   12 | #pragma message( "WBN: merge various ID/FOURCC classes into single one" )
      |                                                                         ^
In file included from /tmp/wf-teleport-integration/wfsource/source/gfx/rendobj3.hp:45:
/tmp/wf-teleport-integration/wfsource/source/gfx/material.hp:194:135: note: ‘#pragma message: /tmp/wf-teleport-integration/wfsource/source/gfx/material.hp KTS: MAX_RENDERERS hard coded to 8 to prevent cyclic dependencies, consider moving renderers into Material’
  194 | #pragma message(__FILE__ " KTS: MAX_RENDERERS hard coded to 8 to prevent cyclic dependencies, consider moving renderers into Material")
      |                                                                                                                                       ^
/tmp/wf-teleport-integration/wfsource/source/game/level.hp:247:58: note: ‘#pragma message: /tmp/wf-teleport-integration/wfsource/source/game/level.hp: remove _idealMainCharacter’
  247 | #pragma message( __FILE__ ": remove _idealMainCharacter" )
      |                                                          ^
/tmp/wf-teleport-integration/wfsource/source/game/spike.cc: In member function ‘virtual void Spike::update()’:
/tmp/wf-teleport-integration/wfsource/source/game/spike.cc:92:34: note: ‘#pragma message: BUBBA: kludge’
   92 | #pragma message( "BUBBA: kludge" )
      |                                  ^
In file included from /tmp/wf-teleport-integration/wfsource/source/renderassets/rendacto.hp:54:
/tmp/wf-teleport-integration/wfsource/source/asset/assets.hp:130:94: note: ‘#pragma message: KTS /tmp/wf-teleport-integration/wfsource/source/asset/assets.hp: can only have 1024 assets until this kludge is removed ’
  130 |  #pragma message ("KTS " __FILE__ ": can only have 1024 assets until this kludge is removed ")
      |                                                                                              ^
/tmp/wf-teleport-integration/wfsource/source/game/actor.hp:254:105: note: ‘#pragma message: /tmp/wf-teleport-integration/wfsource/source/game/actor.hp: I guess I should make protected accessor functions for these data members’
  254 | #pragma message( __FILE__ ": I guess I should make protected accessor functions for these data members" )
      |                                                                                                         ^
[ 87%] Building CXX object CMakeFiles/wfengine.dir/wfsource/source/game/tool.cc.o
[ 87%] Building CXX object CMakeFiles/wfengine.dir/wfsource/source/game/toolngun.cc.o
[ 88%] Building CXX object CMakeFiles/wfengine.dir/wfsource/source/game/toolshld.cc.o
[ 88%] Building CXX object CMakeFiles/wfengine.dir/wfsource/source/game/version.cc.o
[ 88%] Building CXX object CMakeFiles/wfengine.dir/wfsource/source/game/warp.cc.o
In file included from /tmp/wf-teleport-integration/wfsource/source/movement/movementobject.hpi:31,
                 from /tmp/wf-teleport-integration/wfsource/source/movement/movementobject.hp:117,
                 from /tmp/wf-teleport-integration/wfsource/source/game/actor.hp:37,
                 from /tmp/wf-teleport-integration/wfsource/source/game/target.hp:42,
                 from /tmp/wf-teleport-integration/wfsource/source/game/target.cc:38:
/tmp/wf-teleport-integration/wfsource/source/oas/movement.h:31:74: note: ‘#pragma message: Is there an automatic way to create this enum from oas?’
   31 | #pragma message("Is there an automatic way to create this enum from oas?")
      |                                                                          ^
/tmp/wf-teleport-integration/wfsource/source/movement/movementobject.hpi: In constructor ‘MovementObject::MovementObject(const SObjectStartupData*, const void*, const CommonBlock&, const Clock&)’:
/tmp/wf-teleport-integration/wfsource/source/movement/movementobject.hpi:54:114: note: ‘#pragma message: kts fix: pathed objects get their position set in game/actor.cc since we cant do it here (yet)’
   54 | #pragma message ("kts fix: pathed objects get their position set in game/actor.cc since we cant do it here (yet)")
      |                                                                                                                  ^
In file included from /tmp/wf-teleport-integration/wfsource/source/gfx/viewport.hp:103,
                 from /tmp/wf-teleport-integration/wfsource/source/gfx/camera.hp:35,
                 from /tmp/wf-teleport-integration/wfsource/source/renderassets/rendacto.hp:47,
                 from /tmp/wf-teleport-integration/wfsource/source/game/actor.hp:51:
/tmp/wf-teleport-integration/wfsource/source/gfx/viewport.hpi: In member function ‘void ViewPort::Render()’:
/tmp/wf-teleport-integration/wfsource/source/gfx/viewport.hpi:114:67: note: ‘#pragma message: KTS /tmp/wf-teleport-integration/wfsource/source/gfx/viewport.hpi: write viewport gl render code’
  114 | #pragma message ("KTS " __FILE__ ": write viewport gl render code")
      |                                                                   ^
In file included from /tmp/wf-teleport-integration/wfsource/source/gfx/face.hp:67,
                 from /tmp/wf-teleport-integration/wfsource/source/gfx/rendobj3.hp:39,
                 from /tmp/wf-teleport-integration/wfsource/source/gfx/camera.hp:36:
/tmp/wf-teleport-integration/wfsource/source/gfx/face.hpi: At global scope:
/tmp/wf-teleport-integration/wfsource/source/gfx/face.hpi:26:71: note: ‘#pragma message: KTS /tmp/wf-teleport-integration/wfsource/source/gfx/face.hpi: move this into the math directory’
   26 | #pragma message ("KTS " __FILE__ ": move this into the math directory")
      |                                                                       ^
In file included from /tmp/wf-teleport-integration/wfsource/source/gfx/rendobj3.hp:44:
/tmp/wf-teleport-integration/wfsource/source/gfx/handle.hp:12:73: note: ‘#pragma message: WBN: merge various ID/FOURCC classes into single one’
   12 | #pragma message( "WBN: merge various ID/FOURCC classes into single one" )
      |                                                                         ^
In file included from /tmp/wf-teleport-integration/wfsource/source/gfx/rendobj3.hp:45:
/tmp/wf-teleport-integration/wfsource/source/gfx/material.hp:194:135: note: ‘#pragma message: /tmp/wf-teleport-integration/wfsource/source/gfx/material.hp KTS: MAX_RENDERERS hard coded to 8 to prevent cyclic dependencies, consider moving renderers into Material’
  194 | #pragma message(__FILE__ " KTS: MAX_RENDERERS hard coded to 8 to prevent cyclic dependencies, consider moving renderers into Material")
      |                                                                                                                                       ^
In file included from /tmp/wf-teleport-integration/wfsource/source/renderassets/rendacto.hp:54:
/tmp/wf-teleport-integration/wfsource/source/asset/assets.hp:130:94: note: ‘#pragma message: KTS /tmp/wf-teleport-integration/wfsource/source/asset/assets.hp: can only have 1024 assets until this kludge is removed ’
  130 |  #pragma message ("KTS " __FILE__ ": can only have 1024 assets until this kludge is removed ")
      |                                                                                              ^
/tmp/wf-teleport-integration/wfsource/source/game/actor.hp:254:105: note: ‘#pragma message: /tmp/wf-teleport-integration/wfsource/source/game/actor.hp: I guess I should make protected accessor functions for these data members’
  254 | #pragma message( __FILE__ ": I guess I should make protected accessor functions for these data members" )
      |                                                                                                         ^
[ 88%] Building CXX object CMakeFiles/wfengine.dir/wfsource/source/renderassets/rendacto.cc.o
In file included from /tmp/wf-teleport-integration/wfsource/source/movement/movementobject.hpi:31,
                 from /tmp/wf-teleport-integration/wfsource/source/movement/movementobject.hp:117,
                 from /tmp/wf-teleport-integration/wfsource/source/game/actor.hp:37,
                 from /tmp/wf-teleport-integration/wfsource/source/game/tool.hp:44,
                 from /tmp/wf-teleport-integration/wfsource/source/game/toolshld.cc:27:
/tmp/wf-teleport-integration/wfsource/source/oas/movement.h:31:74: note: ‘#pragma message: Is there an automatic way to create this enum from oas?’
   31 | #pragma message("Is there an automatic way to create this enum from oas?")
      |                                                                          ^
/tmp/wf-teleport-integration/wfsource/source/movement/movementobject.hpi: In constructor ‘MovementObject::MovementObject(const SObjectStartupData*, const void*, const CommonBlock&, const Clock&)’:
/tmp/wf-teleport-integration/wfsource/source/movement/movementobject.hpi:54:114: note: ‘#pragma message: kts fix: pathed objects get their position set in game/actor.cc since we cant do it here (yet)’
   54 | #pragma message ("kts fix: pathed objects get their position set in game/actor.cc since we cant do it here (yet)")
      |                                                                                                                  ^
In file included from /tmp/wf-teleport-integration/wfsource/source/movement/movementobject.hpi:31,
                 from /tmp/wf-teleport-integration/wfsource/source/movement/movementobject.hp:117,
                 from /tmp/wf-teleport-integration/wfsource/source/game/actor.hp:37,
                 from /tmp/wf-teleport-integration/wfsource/source/game/tool.hp:44,
                 from /tmp/wf-teleport-integration/wfsource/source/game/toolngun.cc:39:
/tmp/wf-teleport-integration/wfsource/source/oas/movement.h:31:74: note: ‘#pragma message: Is there an automatic way to create this enum from oas?’
   31 | #pragma message("Is there an automatic way to create this enum from oas?")
      |                                                                          ^
/tmp/wf-teleport-integration/wfsource/source/movement/movementobject.hpi: In constructor ‘MovementObject::MovementObject(const SObjectStartupData*, const void*, const CommonBlock&, const Clock&)’:
/tmp/wf-teleport-integration/wfsource/source/movement/movementobject.hpi:54:114: note: ‘#pragma message: kts fix: pathed objects get their position set in game/actor.cc since we cant do it here (yet)’
   54 | #pragma message ("kts fix: pathed objects get their position set in game/actor.cc since we cant do it here (yet)")
      |                                                                                                                  ^
In file included from /tmp/wf-teleport-integration/wfsource/source/movement/movementobject.hpi:31,
                 from /tmp/wf-teleport-integration/wfsource/source/movement/movementobject.hp:117,
                 from /tmp/wf-teleport-integration/wfsource/source/game/actor.hp:37,
                 from /tmp/wf-teleport-integration/wfsource/source/game/tool.cc:39:
/tmp/wf-teleport-integration/wfsource/source/oas/movement.h:31:74: note: ‘#pragma message: Is there an automatic way to create this enum from oas?’
   31 | #pragma message("Is there an automatic way to create this enum from oas?")
      |                                                                          ^
/tmp/wf-teleport-integration/wfsource/source/movement/movementobject.hpi: In constructor ‘MovementObject::MovementObject(const SObjectStartupData*, const void*, const CommonBlock&, const Clock&)’:
/tmp/wf-teleport-integration/wfsource/source/movement/movementobject.hpi:54:114: note: ‘#pragma message: kts fix: pathed objects get their position set in game/actor.cc since we cant do it here (yet)’
   54 | #pragma message ("kts fix: pathed objects get their position set in game/actor.cc since we cant do it here (yet)")
      |                                                                                                                  ^
[ 89%] Building CXX object CMakeFiles/wfengine.dir/wfsource/source/renderassets/rendcrow.cc.o
In file included from /tmp/wf-teleport-integration/wfsource/source/gfx/viewport.hp:103,
                 from /tmp/wf-teleport-integration/wfsource/source/gfx/camera.hp:35,
                 from /tmp/wf-teleport-integration/wfsource/source/renderassets/rendacto.hp:47,
                 from /tmp/wf-teleport-integration/wfsource/source/game/actor.hp:51:
/tmp/wf-teleport-integration/wfsource/source/gfx/viewport.hpi: In member function ‘void ViewPort::Render()’:
/tmp/wf-teleport-integration/wfsource/source/gfx/viewport.hpi:114:67: note: ‘#pragma message: KTS /tmp/wf-teleport-integration/wfsource/source/gfx/viewport.hpi: write viewport gl render code’
  114 | #pragma message ("KTS " __FILE__ ": write viewport gl render code")
      |                                                                   ^
In file included from /tmp/wf-teleport-integration/wfsource/source/gfx/face.hp:67,
                 from /tmp/wf-teleport-integration/wfsource/source/gfx/rendobj3.hp:39,
                 from /tmp/wf-teleport-integration/wfsource/source/gfx/camera.hp:36:
/tmp/wf-teleport-integration/wfsource/source/gfx/face.hpi: At global scope:
/tmp/wf-teleport-integration/wfsource/source/gfx/face.hpi:26:71: note: ‘#pragma message: KTS /tmp/wf-teleport-integration/wfsource/source/gfx/face.hpi: move this into the math directory’
   26 | #pragma message ("KTS " __FILE__ ": move this into the math directory")
      |                                                                       ^
In file included from /tmp/wf-teleport-integration/wfsource/source/gfx/rendobj3.hp:44:
/tmp/wf-teleport-integration/wfsource/source/gfx/handle.hp:12:73: note: ‘#pragma message: WBN: merge various ID/FOURCC classes into single one’
   12 | #pragma message( "WBN: merge various ID/FOURCC classes into single one" )
      |                                                                         ^
In file included from /tmp/wf-teleport-integration/wfsource/source/gfx/viewport.hp:103,
                 from /tmp/wf-teleport-integration/wfsource/source/gfx/camera.hp:35,
                 from /tmp/wf-teleport-integration/wfsource/source/renderassets/rendacto.hp:47,
                 from /tmp/wf-teleport-integration/wfsource/source/game/actor.hp:51:
/tmp/wf-teleport-integration/wfsource/source/gfx/viewport.hpi: In member function ‘void ViewPort::Render()’:
/tmp/wf-teleport-integration/wfsource/source/gfx/viewport.hpi:114:67: note: ‘#pragma message: KTS /tmp/wf-teleport-integration/wfsource/source/gfx/viewport.hpi: write viewport gl render code’
  114 | #pragma message ("KTS " __FILE__ ": write viewport gl render code")
      |                                                                   ^
In file included from /tmp/wf-teleport-integration/wfsource/source/gfx/face.hp:67,
                 from /tmp/wf-teleport-integration/wfsource/source/gfx/rendobj3.hp:39,
                 from /tmp/wf-teleport-integration/wfsource/source/gfx/camera.hp:36:
/tmp/wf-teleport-integration/wfsource/source/gfx/face.hpi: At global scope:
/tmp/wf-teleport-integration/wfsource/source/gfx/face.hpi:26:71: note: ‘#pragma message: KTS /tmp/wf-teleport-integration/wfsource/source/gfx/face.hpi: move this into the math directory’
   26 | #pragma message ("KTS " __FILE__ ": move this into the math directory")
      |                                                                       ^
In file included from /tmp/wf-teleport-integration/wfsource/source/gfx/rendobj3.hp:44:
/tmp/wf-teleport-integration/wfsource/source/gfx/handle.hp:12:73: note: ‘#pragma message: WBN: merge various ID/FOURCC classes into single one’
   12 | #pragma message( "WBN: merge various ID/FOURCC classes into single one" )
      |                                                                         ^
In file included from /tmp/wf-teleport-integration/wfsource/source/gfx/rendobj3.hp:45:
/tmp/wf-teleport-integration/wfsource/source/gfx/material.hp:194:135: note: ‘#pragma message: /tmp/wf-teleport-integration/wfsource/source/gfx/material.hp KTS: MAX_RENDERERS hard coded to 8 to prevent cyclic dependencies, consider moving renderers into Material’
  194 | #pragma message(__FILE__ " KTS: MAX_RENDERERS hard coded to 8 to prevent cyclic dependencies, consider moving renderers into Material")
      |                                                                                                                                       ^
In file included from /tmp/wf-teleport-integration/wfsource/source/gfx/rendobj3.hp:45:
/tmp/wf-teleport-integration/wfsource/source/gfx/material.hp:194:135: note: ‘#pragma message: /tmp/wf-teleport-integration/wfsource/source/gfx/material.hp KTS: MAX_RENDERERS hard coded to 8 to prevent cyclic dependencies, consider moving renderers into Material’
  194 | #pragma message(__FILE__ " KTS: MAX_RENDERERS hard coded to 8 to prevent cyclic dependencies, consider moving renderers into Material")
      |                                                                                                                                       ^
In file included from /tmp/wf-teleport-integration/wfsource/source/movement/movementobject.hpi:31,
                 from /tmp/wf-teleport-integration/wfsource/source/movement/movementobject.hp:117,
                 from /tmp/wf-teleport-integration/wfsource/source/game/actor.hp:37,
                 from /tmp/wf-teleport-integration/wfsource/source/game/warp.hp:42,
                 from /tmp/wf-teleport-integration/wfsource/source/game/warp.cc:40:
/tmp/wf-teleport-integration/wfsource/source/oas/movement.h:31:74: note: ‘#pragma message: Is there an automatic way to create this enum from oas?’
   31 | #pragma message("Is there an automatic way to create this enum from oas?")
      |                                                                          ^
/tmp/wf-teleport-integration/wfsource/source/movement/movementobject.hpi: In constructor ‘MovementObject::MovementObject(const SObjectStartupData*, const void*, const CommonBlock&, const Clock&)’:
/tmp/wf-teleport-integration/wfsource/source/movement/movementobject.hpi:54:114: note: ‘#pragma message: kts fix: pathed objects get their position set in game/actor.cc since we cant do it here (yet)’
   54 | #pragma message ("kts fix: pathed objects get their position set in game/actor.cc since we cant do it here (yet)")
      |                                                                                                                  ^
In file included from /tmp/wf-teleport-integration/wfsource/source/gfx/viewport.hp:103,
                 from /tmp/wf-teleport-integration/wfsource/source/gfx/camera.hp:35,
                 from /tmp/wf-teleport-integration/wfsource/source/renderassets/rendacto.hp:47,
                 from /tmp/wf-teleport-integration/wfsource/source/game/actor.hp:51:
/tmp/wf-teleport-integration/wfsource/source/gfx/viewport.hpi: In member function ‘void ViewPort::Render()’:
/tmp/wf-teleport-integration/wfsource/source/gfx/viewport.hpi:114:67: note: ‘#pragma message: KTS /tmp/wf-teleport-integration/wfsource/source/gfx/viewport.hpi: write viewport gl render code’
  114 | #pragma message ("KTS " __FILE__ ": write viewport gl render code")
      |                                                                   ^
In file included from /tmp/wf-teleport-integration/wfsource/source/renderassets/rendacto.hp:54:
/tmp/wf-teleport-integration/wfsource/source/asset/assets.hp:130:94: note: ‘#pragma message: KTS /tmp/wf-teleport-integration/wfsource/source/asset/assets.hp: can only have 1024 assets until this kludge is removed ’
  130 |  #pragma message ("KTS " __FILE__ ": can only have 1024 assets until this kludge is removed ")
      |                                                                                              ^
In file included from /tmp/wf-teleport-integration/wfsource/source/gfx/face.hp:67,
                 from /tmp/wf-teleport-integration/wfsource/source/gfx/rendobj3.hp:39,
                 from /tmp/wf-teleport-integration/wfsource/source/gfx/camera.hp:36:
/tmp/wf-teleport-integration/wfsource/source/gfx/face.hpi: At global scope:
/tmp/wf-teleport-integration/wfsource/source/gfx/face.hpi:26:71: note: ‘#pragma message: KTS /tmp/wf-teleport-integration/wfsource/source/gfx/face.hpi: move this into the math directory’
   26 | #pragma message ("KTS " __FILE__ ": move this into the math directory")
      |                                                                       ^
In file included from /tmp/wf-teleport-integration/wfsource/source/gfx/rendobj3.hp:44:
/tmp/wf-teleport-integration/wfsource/source/gfx/handle.hp:12:73: note: ‘#pragma message: WBN: merge various ID/FOURCC classes into single one’
   12 | #pragma message( "WBN: merge various ID/FOURCC classes into single one" )
      |                                                                         ^
/tmp/wf-teleport-integration/wfsource/source/game/actor.hp:254:105: note: ‘#pragma message: /tmp/wf-teleport-integration/wfsource/source/game/actor.hp: I guess I should make protected accessor functions for these data members’
  254 | #pragma message( __FILE__ ": I guess I should make protected accessor functions for these data members" )
      |                                                                                                         ^
In file included from /tmp/wf-teleport-integration/wfsource/source/renderassets/rendacto.hp:54:
/tmp/wf-teleport-integration/wfsource/source/asset/assets.hp:130:94: note: ‘#pragma message: KTS /tmp/wf-teleport-integration/wfsource/source/asset/assets.hp: can only have 1024 assets until this kludge is removed ’
  130 |  #pragma message ("KTS " __FILE__ ": can only have 1024 assets until this kludge is removed ")
      |                                                                                              ^
In file included from /tmp/wf-teleport-integration/wfsource/source/gfx/rendobj3.hp:45:
/tmp/wf-teleport-integration/wfsource/source/gfx/material.hp:194:135: note: ‘#pragma message: /tmp/wf-teleport-integration/wfsource/source/gfx/material.hp KTS: MAX_RENDERERS hard coded to 8 to prevent cyclic dependencies, consider moving renderers into Material’
  194 | #pragma message(__FILE__ " KTS: MAX_RENDERERS hard coded to 8 to prevent cyclic dependencies, consider moving renderers into Material")
      |                                                                                                                                       ^
/tmp/wf-teleport-integration/wfsource/source/game/actor.hp:254:105: note: ‘#pragma message: /tmp/wf-teleport-integration/wfsource/source/game/actor.hp: I guess I should make protected accessor functions for these data members’
  254 | #pragma message( __FILE__ ": I guess I should make protected accessor functions for these data members" )
      |                                                                                                         ^
In file included from /tmp/wf-teleport-integration/wfsource/source/gfx/viewport.hp:103,
                 from /tmp/wf-teleport-integration/wfsource/source/gfx/camera.hp:35,
                 from /tmp/wf-teleport-integration/wfsource/source/renderassets/rendacto.hp:47,
                 from /tmp/wf-teleport-integration/wfsource/source/game/actor.hp:51:
/tmp/wf-teleport-integration/wfsource/source/gfx/viewport.hpi: In member function ‘void ViewPort::Render()’:
/tmp/wf-teleport-integration/wfsource/source/gfx/viewport.hpi:114:67: note: ‘#pragma message: KTS /tmp/wf-teleport-integration/wfsource/source/gfx/viewport.hpi: write viewport gl render code’
  114 | #pragma message ("KTS " __FILE__ ": write viewport gl render code")
      |                                                                   ^
In file included from /tmp/wf-teleport-integration/wfsource/source/renderassets/rendacto.hp:54:
/tmp/wf-teleport-integration/wfsource/source/asset/assets.hp:130:94: note: ‘#pragma message: KTS /tmp/wf-teleport-integration/wfsource/source/asset/assets.hp: can only have 1024 assets until this kludge is removed ’
  130 |  #pragma message ("KTS " __FILE__ ": can only have 1024 assets until this kludge is removed ")
      |                                                                                              ^
In file included from /tmp/wf-teleport-integration/wfsource/source/gfx/face.hp:67,
                 from /tmp/wf-teleport-integration/wfsource/source/gfx/rendobj3.hp:39,
                 from /tmp/wf-teleport-integration/wfsource/source/gfx/camera.hp:36:
/tmp/wf-teleport-integration/wfsource/source/gfx/face.hpi: At global scope:
/tmp/wf-teleport-integration/wfsource/source/gfx/face.hpi:26:71: note: ‘#pragma message: KTS /tmp/wf-teleport-integration/wfsource/source/gfx/face.hpi: move this into the math directory’
   26 | #pragma message ("KTS " __FILE__ ": move this into the math directory")
      |                                                                       ^
In file included from /tmp/wf-teleport-integration/wfsource/source/gfx/rendobj3.hp:44:
/tmp/wf-teleport-integration/wfsource/source/gfx/handle.hp:12:73: note: ‘#pragma message: WBN: merge various ID/FOURCC classes into single one’
   12 | #pragma message( "WBN: merge various ID/FOURCC classes into single one" )
      |                                                                         ^
In file included from /tmp/wf-teleport-integration/wfsource/source/game/tool.hpi:40,
                 from /tmp/wf-teleport-integration/wfsource/source/game/tool.hp:114:
/tmp/wf-teleport-integration/wfsource/source/game/level.hp:247:58: note: ‘#pragma message: /tmp/wf-teleport-integration/wfsource/source/game/level.hp: remove _idealMainCharacter’
  247 | #pragma message( __FILE__ ": remove _idealMainCharacter" )
      |                                                          ^
/tmp/wf-teleport-integration/wfsource/source/game/actor.hp:254:105: note: ‘#pragma message: /tmp/wf-teleport-integration/wfsource/source/game/actor.hp: I guess I should make protected accessor functions for these data members’
  254 | #pragma message( __FILE__ ": I guess I should make protected accessor functions for these data members" )
      |                                                                                                         ^
In file included from /tmp/wf-teleport-integration/wfsource/source/gfx/rendobj3.hp:45:
/tmp/wf-teleport-integration/wfsource/source/gfx/material.hp:194:135: note: ‘#pragma message: /tmp/wf-teleport-integration/wfsource/source/gfx/material.hp KTS: MAX_RENDERERS hard coded to 8 to prevent cyclic dependencies, consider moving renderers into Material’
  194 | #pragma message(__FILE__ " KTS: MAX_RENDERERS hard coded to 8 to prevent cyclic dependencies, consider moving renderers into Material")
      |                                                                                                                                       ^
In file included from /tmp/wf-teleport-integration/wfsource/source/game/tool.hpi:40,
                 from /tmp/wf-teleport-integration/wfsource/source/game/tool.hp:114:
/tmp/wf-teleport-integration/wfsource/source/game/level.hp:247:58: note: ‘#pragma message: /tmp/wf-teleport-integration/wfsource/source/game/level.hp: remove _idealMainCharacter’
  247 | #pragma message( __FILE__ ": remove _idealMainCharacter" )
      |                                                          ^
In file included from /tmp/wf-teleport-integration/wfsource/source/renderassets/rendacto.hp:54:
/tmp/wf-teleport-integration/wfsource/source/asset/assets.hp:130:94: note: ‘#pragma message: KTS /tmp/wf-teleport-integration/wfsource/source/asset/assets.hp: can only have 1024 assets until this kludge is removed ’
  130 |  #pragma message ("KTS " __FILE__ ": can only have 1024 assets until this kludge is removed ")
      |                                                                                              ^
/tmp/wf-teleport-integration/wfsource/source/game/toolshld.cc: In member function ‘virtual void ToolShield::activate()’:
/tmp/wf-teleport-integration/wfsource/source/game/toolshld.cc:57:77: note: ‘#pragma message: KTS: this sucks, is this a bug in watcom, or C++?’
   57 |         #pragma message ("KTS: this sucks, is this a bug in watcom, or C++?")
      |                                                                             ^
/tmp/wf-teleport-integration/wfsource/source/game/actor.hp:254:105: note: ‘#pragma message: /tmp/wf-teleport-integration/wfsource/source/game/actor.hp: I guess I should make protected accessor functions for these data members’
  254 | #pragma message( __FILE__ ": I guess I should make protected accessor functions for these data members" )
      |                                                                                                         ^
In file included from /tmp/wf-teleport-integration/wfsource/source/game/tool.hpi:40,
                 from /tmp/wf-teleport-integration/wfsource/source/game/tool.hp:114,
                 from /tmp/wf-teleport-integration/wfsource/source/game/tool.cc:40:
/tmp/wf-teleport-integration/wfsource/source/game/level.hp:247:58: note: ‘#pragma message: /tmp/wf-teleport-integration/wfsource/source/game/level.hp: remove _idealMainCharacter’
  247 | #pragma message( __FILE__ ": remove _idealMainCharacter" )
      |                                                          ^
/tmp/wf-teleport-integration/wfsource/source/game/tool.cc: In member function ‘virtual void Tool::activate()’:
/tmp/wf-teleport-integration/wfsource/source/game/tool.cc:225:56: note: ‘#pragma message: Tools now free because gold is gone’
  225 | #pragma message( "Tools now free because gold is gone" )
      |                                                        ^
In file included from /tmp/wf-teleport-integration/wfsource/source/game/warp.cc:42:
/tmp/wf-teleport-integration/wfsource/source/game/level.hp:247:58: note: ‘#pragma message: /tmp/wf-teleport-integration/wfsource/source/game/level.hp: remove _idealMainCharacter’
  247 | #pragma message( __FILE__ ": remove _idealMainCharacter" )
      |                                                          ^
In file included from /tmp/wf-teleport-integration/wfsource/source/renderassets/rendacto.cc:28:
/tmp/wf-teleport-integration/wfsource/source/gfx/material.hp:194:135: note: ‘#pragma message: /tmp/wf-teleport-integration/wfsource/source/gfx/material.hp KTS: MAX_RENDERERS hard coded to 8 to prevent cyclic dependencies, consider moving renderers into Material’
  194 | #pragma message(__FILE__ " KTS: MAX_RENDERERS hard coded to 8 to prevent cyclic dependencies, consider moving renderers into Material")
      |                                                                                                                                       ^
In file included from /tmp/wf-teleport-integration/wfsource/source/gfx/face.hp:67,
                 from /tmp/wf-teleport-integration/wfsource/source/gfx/rendobj3.hp:39,
                 from /tmp/wf-teleport-integration/wfsource/source/gfx/material.hpi:26,
                 from /tmp/wf-teleport-integration/wfsource/source/gfx/material.hp:201:
/tmp/wf-teleport-integration/wfsource/source/gfx/face.hpi:26:71: note: ‘#pragma message: KTS /tmp/wf-teleport-integration/wfsource/source/gfx/face.hpi: move this into the math directory’
   26 | #pragma message ("KTS " __FILE__ ": move this into the math directory")
      |                                                                       ^
In file included from /tmp/wf-teleport-integration/wfsource/source/gfx/viewport.hp:103,
                 from /tmp/wf-teleport-integration/wfsource/source/gfx/rendobj3.hp:41:
/tmp/wf-teleport-integration/wfsource/source/gfx/viewport.hpi: In member function ‘void ViewPort::Render()’:
/tmp/wf-teleport-integration/wfsource/source/gfx/viewport.hpi:114:67: note: ‘#pragma message: KTS /tmp/wf-teleport-integration/wfsource/source/gfx/viewport.hpi: write viewport gl render code’
  114 | #pragma message ("KTS " __FILE__ ": write viewport gl render code")
      |                                                                   ^
In file included from /tmp/wf-teleport-integration/wfsource/source/gfx/rendobj3.hp:44:
/tmp/wf-teleport-integration/wfsource/source/gfx/handle.hp: At global scope:
/tmp/wf-teleport-integration/wfsource/source/gfx/handle.hp:12:73: note: ‘#pragma message: WBN: merge various ID/FOURCC classes into single one’
   12 | #pragma message( "WBN: merge various ID/FOURCC classes into single one" )
      |                                                                         ^
[ 89%] Building CXX object CMakeFiles/wfengine.dir/wfsource/source/particle/emitter.cc.o
In file included from /tmp/wf-teleport-integration/wfsource/source/asset/assslot.hpi:25,
                 from /tmp/wf-teleport-integration/wfsource/source/asset/assslot.hp:104,
                 from /tmp/wf-teleport-integration/wfsource/source/renderassets/rendacto.cc:32:
/tmp/wf-teleport-integration/wfsource/source/asset/assets.hp:130:94: note: ‘#pragma message: KTS /tmp/wf-teleport-integration/wfsource/source/asset/assets.hp: can only have 1024 assets until this kludge is removed ’
  130 |  #pragma message ("KTS " __FILE__ ": can only have 1024 assets until this kludge is removed ")
      |                                                                                              ^
In file included from /tmp/wf-teleport-integration/wfsource/source/movement/movementobject.hpi:31,
                 from /tmp/wf-teleport-integration/wfsource/source/movement/movementobject.hp:117,
                 from /tmp/wf-teleport-integration/wfsource/source/anim/animmang.hp:37,
                 from /tmp/wf-teleport-integration/wfsource/source/anim/animcycl.hp:36,
                 from /tmp/wf-teleport-integration/wfsource/source/renderassets/rendacto.hp:51,
                 from /tmp/wf-teleport-integration/wfsource/source/renderassets/rendacto.cc:37:
/tmp/wf-teleport-integration/wfsource/source/oas/movement.h:31:74: note: ‘#pragma message: Is there an automatic way to create this enum from oas?’
   31 | #pragma message("Is there an automatic way to create this enum from oas?")
      |                                                                          ^
/tmp/wf-teleport-integration/wfsource/source/movement/movementobject.hpi: In constructor ‘MovementObject::MovementObject(const SObjectStartupData*, const void*, const CommonBlock&, const Clock&)’:
/tmp/wf-teleport-integration/wfsource/source/movement/movementobject.hpi:54:114: note: ‘#pragma message: kts fix: pathed objects get their position set in game/actor.cc since we cant do it here (yet)’
   54 | #pragma message ("kts fix: pathed objects get their position set in game/actor.cc since we cant do it here (yet)")
      |                                                                                                                  ^
/tmp/wf-teleport-integration/wfsource/source/renderassets/rendacto.cc: In function ‘Material* MakeBoxMaterialList(Memory&, int)’:
/tmp/wf-teleport-integration/wfsource/source/renderassets/rendacto.cc:353:89: note: ‘#pragma message: KTS: yet another memory leak brought to you by the cool guys at KevCo’
  353 | #pragma message ("KTS: yet another memory leak brought to you by the cool guys at KevCo")
      |                                                                                         ^
/tmp/wf-teleport-integration/wfsource/source/renderassets/rendacto.cc: In member function ‘virtual void RenderActor3DAnimates::Render(RenderCamera&, const PhysicalObject&, const Clock&)’:
/tmp/wf-teleport-integration/wfsource/source/renderassets/rendacto.cc:518:124: note: ‘#pragma message: KTS: find a way to construct a RenderActor3D instead of a RenderActor3DAnimates if there is no animation’
  518 | #pragma message ("KTS: find a way to construct a RenderActor3D instead of a RenderActor3DAnimates if there is no animation")
      |                                                                                                                            ^
/tmp/wf-teleport-integration/wfsource/source/renderassets/rendacto.cc: In member function ‘virtual void RenderActor3D::Render(RenderCamera&, const PhysicalObject&, const Clock&)’:
/tmp/wf-teleport-integration/wfsource/source/renderassets/rendacto.cc:575:82: note: ‘#pragma message: KTS: optimize: should cache the matrix34 of non-moving objects’
  575 | #pragma message ("KTS: optimize: should cache the matrix34 of non-moving objects")
      |                                                                                  ^
[ 89%] Building CXX object CMakeFiles/wfengine.dir/wfsource/source/particle/particle.cc.o
[ 90%] Building CXX object CMakeFiles/wfengine.dir/wfsource/source/audio/linux/buffer.cc.o
In file included from /tmp/wf-teleport-integration/wfsource/source/renderassets/rendcrow.cc:25:
/tmp/wf-teleport-integration/wfsource/source/gfx/material.hp:194:135: note: ‘#pragma message: /tmp/wf-teleport-integration/wfsource/source/gfx/material.hp KTS: MAX_RENDERERS hard coded to 8 to prevent cyclic dependencies, consider moving renderers into Material’
  194 | #pragma message(__FILE__ " KTS: MAX_RENDERERS hard coded to 8 to prevent cyclic dependencies, consider moving renderers into Material")
      |                                                                                                                                       ^
In file included from /tmp/wf-teleport-integration/wfsource/source/gfx/face.hp:67,
                 from /tmp/wf-teleport-integration/wfsource/source/gfx/rendobj3.hp:39,
                 from /tmp/wf-teleport-integration/wfsource/source/gfx/material.hpi:26,
                 from /tmp/wf-teleport-integration/wfsource/source/gfx/material.hp:201:
/tmp/wf-teleport-integration/wfsource/source/gfx/face.hpi:26:71: note: ‘#pragma message: KTS /tmp/wf-teleport-integration/wfsource/source/gfx/face.hpi: move this into the math directory’
   26 | #pragma message ("KTS " __FILE__ ": move this into the math directory")
      |                                                                       ^
In file included from /tmp/wf-teleport-integration/wfsource/source/gfx/viewport.hp:103,
                 from /tmp/wf-teleport-integration/wfsource/source/gfx/rendobj3.hp:41:
/tmp/wf-teleport-integration/wfsource/source/gfx/viewport.hpi: In member function ‘void ViewPort::Render()’:
/tmp/wf-teleport-integration/wfsource/source/gfx/viewport.hpi:114:67: note: ‘#pragma message: KTS /tmp/wf-teleport-integration/wfsource/source/gfx/viewport.hpi: write viewport gl render code’
  114 | #pragma message ("KTS " __FILE__ ": write viewport gl render code")
      |                                                                   ^
In file included from /tmp/wf-teleport-integration/wfsource/source/gfx/rendobj3.hp:44:
/tmp/wf-teleport-integration/wfsource/source/gfx/handle.hp: At global scope:
/tmp/wf-teleport-integration/wfsource/source/gfx/handle.hp:12:73: note: ‘#pragma message: WBN: merge various ID/FOURCC classes into single one’
   12 | #pragma message( "WBN: merge various ID/FOURCC classes into single one" )
      |                                                                         ^
[ 90%] Building CXX object CMakeFiles/wfengine.dir/wfsource/source/audio/linux/device.cc.o
In file included from /tmp/wf-teleport-integration/wfsource/source/movement/movementobject.hpi:31,
                 from /tmp/wf-teleport-integration/wfsource/source/movement/movementobject.hp:117,
                 from /tmp/wf-teleport-integration/wfsource/source/anim/animmang.hp:37,
                 from /tmp/wf-teleport-integration/wfsource/source/anim/animcycl.hp:36,
                 from /tmp/wf-teleport-integration/wfsource/source/renderassets/rendacto.hp:51,
                 from /tmp/wf-teleport-integration/wfsource/source/renderassets/rendcrow.cc:28:
/tmp/wf-teleport-integration/wfsource/source/oas/movement.h:31:74: note: ‘#pragma message: Is there an automatic way to create this enum from oas?’
   31 | #pragma message("Is there an automatic way to create this enum from oas?")
      |                                                                          ^
/tmp/wf-teleport-integration/wfsource/source/movement/movementobject.hpi: In constructor ‘MovementObject::MovementObject(const SObjectStartupData*, const void*, const CommonBlock&, const Clock&)’:
/tmp/wf-teleport-integration/wfsource/source/movement/movementobject.hpi:54:114: note: ‘#pragma message: kts fix: pathed objects get their position set in game/actor.cc since we cant do it here (yet)’
   54 | #pragma message ("kts fix: pathed objects get their position set in game/actor.cc since we cant do it here (yet)")
      |                                                                                                                  ^
In file included from /tmp/wf-teleport-integration/wfsource/source/renderassets/rendacto.hp:54:
/tmp/wf-teleport-integration/wfsource/source/asset/assets.hp: At global scope:
/tmp/wf-teleport-integration/wfsource/source/asset/assets.hp:130:94: note: ‘#pragma message: KTS /tmp/wf-teleport-integration/wfsource/source/asset/assets.hp: can only have 1024 assets until this kludge is removed ’
  130 |  #pragma message ("KTS " __FILE__ ": can only have 1024 assets until this kludge is removed ")
      |                                                                                              ^
[ 90%] Building CXX object CMakeFiles/wfengine.dir/wfsource/source/audio/linux/miniaudio_impl.cc.o
In file included from /tmp/wf-teleport-integration/wfsource/source/gfx/viewport.hp:103,
                 from /tmp/wf-teleport-integration/wfsource/source/gfx/camera.hp:35,
                 from /tmp/wf-teleport-integration/wfsource/source/particle/emitter.hp:60,
                 from /tmp/wf-teleport-integration/wfsource/source/particle/emitter.cc:26:
/tmp/wf-teleport-integration/wfsource/source/gfx/viewport.hpi: In member function ‘void ViewPort::Render()’:
/tmp/wf-teleport-integration/wfsource/source/gfx/viewport.hpi:114:67: note: ‘#pragma message: KTS /tmp/wf-teleport-integration/wfsource/source/gfx/viewport.hpi: write viewport gl render code’
  114 | #pragma message ("KTS " __FILE__ ": write viewport gl render code")
      |                                                                   ^
In file included from /tmp/wf-teleport-integration/wfsource/source/gfx/face.hp:67,
                 from /tmp/wf-teleport-integration/wfsource/source/gfx/rendobj3.hp:39,
                 from /tmp/wf-teleport-integration/wfsource/source/gfx/camera.hp:36:
/tmp/wf-teleport-integration/wfsource/source/gfx/face.hpi: At global scope:
/tmp/wf-teleport-integration/wfsource/source/gfx/face.hpi:26:71: note: ‘#pragma message: KTS /tmp/wf-teleport-integration/wfsource/source/gfx/face.hpi: move this into the math directory’
   26 | #pragma message ("KTS " __FILE__ ": move this into the math directory")
      |                                                                       ^
In file included from /tmp/wf-teleport-integration/wfsource/source/gfx/rendobj3.hp:44:
/tmp/wf-teleport-integration/wfsource/source/gfx/handle.hp:12:73: note: ‘#pragma message: WBN: merge various ID/FOURCC classes into single one’
   12 | #pragma message( "WBN: merge various ID/FOURCC classes into single one" )
      |                                                                         ^
In file included from /tmp/wf-teleport-integration/wfsource/source/gfx/rendobj3.hp:45:
/tmp/wf-teleport-integration/wfsource/source/gfx/material.hp:194:135: note: ‘#pragma message: /tmp/wf-teleport-integration/wfsource/source/gfx/material.hp KTS: MAX_RENDERERS hard coded to 8 to prevent cyclic dependencies, consider moving renderers into Material’
  194 | #pragma message(__FILE__ " KTS: MAX_RENDERERS hard coded to 8 to prevent cyclic dependencies, consider moving renderers into Material")
      |                                                                                                                                       ^
[ 90%] Building CXX object CMakeFiles/wfengine.dir/wfsource/source/audio/linux/music.cc.o
/tmp/wf-teleport-integration/wfsource/source/particle/particle.cc:30:77: note: ‘#pragma message: KTS /tmp/wf-teleport-integration/wfsource/source/particle/particle.cc: keep this in sync with whats in the oad’
   30 | #pragma message ("KTS " __FILE__ ": keep this in sync with whats in the oad")
      |                                                                             ^
/tmp/wf-teleport-integration/wfsource/source/particle/particle.cc:31:89: note: ‘#pragma message: KTS /tmp/wf-teleport-integration/wfsource/source/particle/particle.cc: figure out a way to nest structures in the .ht file’
   31 | #pragma message ("KTS " __FILE__ ": figure out a way to nest structures in the .ht file")
      |                                                                                         ^
/tmp/wf-teleport-integration/wfsource/source/particle/particle.cc: In member function ‘void Particle::Update(const Clock&, const _Mesh&)’:
/tmp/wf-teleport-integration/wfsource/source/particle/particle.cc:58:89: note: ‘#pragma message: KTS /tmp/wf-teleport-integration/wfsource/source/particle/particle.cc: figure out a way to do enumerations in the .ht file’
   58 | #pragma message ("KTS " __FILE__ ": figure out a way to do enumerations in the .ht file")
      |                                                                                         ^
/tmp/wf-teleport-integration/wfsource/source/particle/emitter.cc: In constructor ‘Emitter::Emitter(Memory&, const _Mesh&, const EmitterParameters&, const ParticleParameters&, const Clock&)’:
/tmp/wf-teleport-integration/wfsource/source/particle/emitter.cc:84:93: note: ‘#pragma message: /tmp/wf-teleport-integration/wfsource/source/particle/emitter.cc: could set time to generate to _timeStart & not construct here’
   84 | #pragma message( __FILE__ ": could set time to generate to _timeStart & not construct here" )
      |                                                                                             ^
/tmp/wf-teleport-integration/wfsource/source/particle/emitter.cc: In member function ‘void Emitter::GeneratePoints(const Clock&)’:
/tmp/wf-teleport-integration/wfsource/source/particle/emitter.cc:240:118: note: ‘#pragma message: KTS /tmp/wf-teleport-integration/wfsource/source/particle/emitter.cc: kts temp code, once well know, replace it with the new euler * vector code below’
  240 | #pragma message ("KTS " __FILE__ ": kts temp code, once well know, replace it with the new euler * vector code below")
      |                                                                                                                      ^
[ 91%] Building CXX object CMakeFiles/wfengine.dir/wfsource/source/audio/linux/sfx_library.cc.o
[ 91%] Building CXX object CMakeFiles/wfengine.dir/engine/stubs/scripting_stub.cc.o
[ 91%] Building CXX object CMakeFiles/wfengine.dir/engine/stubs/platform_stubs.cc.o
[ 91%] Building CXX object CMakeFiles/wfengine.dir/engine/stubs/stb_image_write_impl.cc.o
[ 92%] Building CXX object CMakeFiles/wfengine.dir/engine/stubs/scripting_lua.cc.o
[ 92%] Building CXX object CMakeFiles/wfengine.dir/engine/stubs/scripting_pilot.cc.o
[ 92%] Building CXX object CMakeFiles/wfengine.dir/engine/pilot/pilot_core.cc.o
[ 93%] Building CXX object CMakeFiles/wfengine.dir/engine/stubs/scripting_zforth.cc.o
[ 93%] Building C object CMakeFiles/wfengine.dir/engine/neural-forth/dictionary.c.o
[ 93%] Building C object CMakeFiles/wfengine.dir/engine/neural-forth/tensor.c.o
[ 93%] Building C object CMakeFiles/wfengine.dir/engine/neural-forth/autograd.c.o
[ 94%] Building C object CMakeFiles/wfengine.dir/engine/neural-forth/fuzzy.c.o
[ 94%] Building C object CMakeFiles/wfengine.dir/engine/neural-forth/nn.c.o
In file included from /tmp/wf-teleport-integration/wfsource/source/gfx/viewport.hp:103,
                 from /tmp/wf-teleport-integration/wfsource/source/gfx/camera.hp:35,
                 from /tmp/wf-teleport-integration/wfsource/source/renderassets/rendacto.hp:47,
                 from /tmp/wf-teleport-integration/engine/stubs/scripting_zforth.cc:61:
/tmp/wf-teleport-integration/wfsource/source/gfx/viewport.hpi: In member function ‘void ViewPort::Render()’:
/tmp/wf-teleport-integration/wfsource/source/gfx/viewport.hpi:114:67: note: ‘#pragma message: KTS /tmp/wf-teleport-integration/wfsource/source/gfx/viewport.hpi: write viewport gl render code’
  114 | #pragma message ("KTS " __FILE__ ": write viewport gl render code")
      |                                                                   ^
In file included from /tmp/wf-teleport-integration/wfsource/source/gfx/face.hp:67,
                 from /tmp/wf-teleport-integration/wfsource/source/gfx/rendobj3.hp:39,
                 from /tmp/wf-teleport-integration/wfsource/source/gfx/camera.hp:36:
/tmp/wf-teleport-integration/wfsource/source/gfx/face.hpi: At global scope:
/tmp/wf-teleport-integration/wfsource/source/gfx/face.hpi:26:71: note: ‘#pragma message: KTS /tmp/wf-teleport-integration/wfsource/source/gfx/face.hpi: move this into the math directory’
   26 | #pragma message ("KTS " __FILE__ ": move this into the math directory")
      |                                                                       ^
In file included from /tmp/wf-teleport-integration/wfsource/source/gfx/rendobj3.hp:44:
/tmp/wf-teleport-integration/wfsource/source/gfx/handle.hp:12:73: note: ‘#pragma message: WBN: merge various ID/FOURCC classes into single one’
   12 | #pragma message( "WBN: merge various ID/FOURCC classes into single one" )
      |                                                                         ^
In file included from /tmp/wf-teleport-integration/wfsource/source/gfx/rendobj3.hp:45:
/tmp/wf-teleport-integration/wfsource/source/gfx/material.hp:194:135: note: ‘#pragma message: /tmp/wf-teleport-integration/wfsource/source/gfx/material.hp KTS: MAX_RENDERERS hard coded to 8 to prevent cyclic dependencies, consider moving renderers into Material’
  194 | #pragma message(__FILE__ " KTS: MAX_RENDERERS hard coded to 8 to prevent cyclic dependencies, consider moving renderers into Material")
      |                                                                                                                                       ^
[ 94%] Building C object CMakeFiles/wfengine.dir/engine/neural-forth/slot.c.o
In file included from /tmp/wf-teleport-integration/wfsource/source/movement/movementobject.hpi:31,
                 from /tmp/wf-teleport-integration/wfsource/source/movement/movementobject.hp:117,
                 from /tmp/wf-teleport-integration/wfsource/source/anim/animmang.hp:37,
                 from /tmp/wf-teleport-integration/wfsource/source/anim/animcycl.hp:36,
                 from /tmp/wf-teleport-integration/wfsource/source/renderassets/rendacto.hp:51:
/tmp/wf-teleport-integration/wfsource/source/oas/movement.h:31:74: note: ‘#pragma message: Is there an automatic way to create this enum from oas?’
   31 | #pragma message("Is there an automatic way to create this enum from oas?")
      |                                                                          ^
/tmp/wf-teleport-integration/wfsource/source/movement/movementobject.hpi: In constructor ‘MovementObject::MovementObject(const SObjectStartupData*, const void*, const CommonBlock&, const Clock&)’:
/tmp/wf-teleport-integration/wfsource/source/movement/movementobject.hpi:54:114: note: ‘#pragma message: kts fix: pathed objects get their position set in game/actor.cc since we cant do it here (yet)’
   54 | #pragma message ("kts fix: pathed objects get their position set in game/actor.cc since we cant do it here (yet)")
      |                                                                                                                  ^
In file included from /tmp/wf-teleport-integration/wfsource/source/renderassets/rendacto.hp:54:
/tmp/wf-teleport-integration/wfsource/source/asset/assets.hp: At global scope:
/tmp/wf-teleport-integration/wfsource/source/asset/assets.hp:130:94: note: ‘#pragma message: KTS /tmp/wf-teleport-integration/wfsource/source/asset/assets.hp: can only have 1024 assets until this kludge is removed ’
  130 |  #pragma message ("KTS " __FILE__ ": can only have 1024 assets until this kludge is removed ")
      |                                                                                              ^
[ 94%] Building CXX object CMakeFiles/wfengine.dir/engine/stubs/physics_jolt.cc.o
[ 95%] Building CXX object CMakeFiles/wfengine.dir/wfsource/source/physics/jolt/jolt_backend.cc.o
In file included from /tmp/wf-teleport-integration/wfsource/source/game/level.hp:65,
                 from /tmp/wf-teleport-integration/engine/stubs/scripting_zforth.cc:62:
/tmp/wf-teleport-integration/wfsource/source/game/actor.hp:254:105: note: ‘#pragma message: /tmp/wf-teleport-integration/wfsource/source/game/actor.hp: I guess I should make protected accessor functions for these data members’
  254 | #pragma message( __FILE__ ": I guess I should make protected accessor functions for these data members" )
      |                                                                                                         ^
/tmp/wf-teleport-integration/wfsource/source/game/level.hp:247:58: note: ‘#pragma message: /tmp/wf-teleport-integration/wfsource/source/game/level.hp: remove _idealMainCharacter’
  247 | #pragma message( __FILE__ ": remove _idealMainCharacter" )
      |                                                          ^
[ 95%] Building CXX object CMakeFiles/wfengine.dir/engine/stubs/rest_api.cc.o
[ 95%] Building CXX object CMakeFiles/wfengine.dir/engine/stubs/debug_server.cc.o
In file included from /tmp/wf-teleport-integration/wfsource/source/game/level.hp:52,
                 from /tmp/wf-teleport-integration/engine/stubs/debug_server.cc:35:
/tmp/wf-teleport-integration/wfsource/source/asset/assets.hp:130:94: note: ‘#pragma message: KTS /tmp/wf-teleport-integration/wfsource/source/asset/assets.hp: can only have 1024 assets until this kludge is removed ’
  130 |  #pragma message ("KTS " __FILE__ ": can only have 1024 assets until this kludge is removed ")
      |                                                                                              ^
In file included from /tmp/wf-teleport-integration/wfsource/source/gfx/viewport.hp:103,
                 from /tmp/wf-teleport-integration/wfsource/source/game/level.hp:57:
/tmp/wf-teleport-integration/wfsource/source/gfx/viewport.hpi: In member function ‘void ViewPort::Render()’:
/tmp/wf-teleport-integration/wfsource/source/gfx/viewport.hpi:114:67: note: ‘#pragma message: KTS /tmp/wf-teleport-integration/wfsource/source/gfx/viewport.hpi: write viewport gl render code’
  114 | #pragma message ("KTS " __FILE__ ": write viewport gl render code")
      |                                                                   ^
In file included from /tmp/wf-teleport-integration/wfsource/source/gfx/rendmatt.hp:32,
                 from /tmp/wf-teleport-integration/wfsource/source/game/level.hp:58:
/tmp/wf-teleport-integration/wfsource/source/gfx/material.hp: At global scope:
/tmp/wf-teleport-integration/wfsource/source/gfx/material.hp:194:135: note: ‘#pragma message: /tmp/wf-teleport-integration/wfsource/source/gfx/material.hp KTS: MAX_RENDERERS hard coded to 8 to prevent cyclic dependencies, consider moving renderers into Material’
  194 | #pragma message(__FILE__ " KTS: MAX_RENDERERS hard coded to 8 to prevent cyclic dependencies, consider moving renderers into Material")
      |                                                                                                                                       ^
In file included from /tmp/wf-teleport-integration/wfsource/source/gfx/face.hp:67,
                 from /tmp/wf-teleport-integration/wfsource/source/gfx/rendobj3.hp:39,
                 from /tmp/wf-teleport-integration/wfsource/source/gfx/material.hpi:26,
                 from /tmp/wf-teleport-integration/wfsource/source/gfx/material.hp:201:
/tmp/wf-teleport-integration/wfsource/source/gfx/face.hpi:26:71: note: ‘#pragma message: KTS /tmp/wf-teleport-integration/wfsource/source/gfx/face.hpi: move this into the math directory’
   26 | #pragma message ("KTS " __FILE__ ": move this into the math directory")
      |                                                                       ^
In file included from /tmp/wf-teleport-integration/wfsource/source/gfx/rendobj3.hp:44:
/tmp/wf-teleport-integration/wfsource/source/gfx/handle.hp:12:73: note: ‘#pragma message: WBN: merge various ID/FOURCC classes into single one’
   12 | #pragma message( "WBN: merge various ID/FOURCC classes into single one" )
      |                                                                         ^
In file included from /tmp/wf-teleport-integration/wfsource/source/movement/movementobject.hpi:31,
                 from /tmp/wf-teleport-integration/wfsource/source/movement/movementobject.hp:117,
                 from /tmp/wf-teleport-integration/wfsource/source/game/actor.hp:37,
                 from /tmp/wf-teleport-integration/wfsource/source/game/level.hp:65:
/tmp/wf-teleport-integration/wfsource/source/oas/movement.h:31:74: note: ‘#pragma message: Is there an automatic way to create this enum from oas?’
   31 | #pragma message("Is there an automatic way to create this enum from oas?")
      |                                                                          ^
/tmp/wf-teleport-integration/wfsource/source/movement/movementobject.hpi: In constructor ‘MovementObject::MovementObject(const SObjectStartupData*, const void*, const CommonBlock&, const Clock&)’:
/tmp/wf-teleport-integration/wfsource/source/movement/movementobject.hpi:54:114: note: ‘#pragma message: kts fix: pathed objects get their position set in game/actor.cc since we cant do it here (yet)’
   54 | #pragma message ("kts fix: pathed objects get their position set in game/actor.cc since we cant do it here (yet)")
      |                                                                                                                  ^
/tmp/wf-teleport-integration/wfsource/source/game/actor.hp: At global scope:
/tmp/wf-teleport-integration/wfsource/source/game/actor.hp:254:105: note: ‘#pragma message: /tmp/wf-teleport-integration/wfsource/source/game/actor.hp: I guess I should make protected accessor functions for these data members’
  254 | #pragma message( __FILE__ ": I guess I should make protected accessor functions for these data members" )
      |                                                                                                         ^
/tmp/wf-teleport-integration/wfsource/source/game/level.hp:247:58: note: ‘#pragma message: /tmp/wf-teleport-integration/wfsource/source/game/level.hp: remove _idealMainCharacter’
  247 | #pragma message( __FILE__ ": remove _idealMainCharacter" )
      |                                                          ^
[ 96%] Building CXX object CMakeFiles/wfengine.dir/engine/mutation/wfmut.cpp.o
In file included from /tmp/wf-teleport-integration/wfsource/source/game/level.hp:52,
                 from /tmp/wf-teleport-integration/engine/mutation/wfmut.cpp:16:
/tmp/wf-teleport-integration/wfsource/source/asset/assets.hp:130:94: note: ‘#pragma message: KTS /tmp/wf-teleport-integration/wfsource/source/asset/assets.hp: can only have 1024 assets until this kludge is removed ’
  130 |  #pragma message ("KTS " __FILE__ ": can only have 1024 assets until this kludge is removed ")
      |                                                                                              ^
In file included from /tmp/wf-teleport-integration/wfsource/source/gfx/viewport.hp:103,
                 from /tmp/wf-teleport-integration/wfsource/source/game/level.hp:57:
/tmp/wf-teleport-integration/wfsource/source/gfx/viewport.hpi: In member function ‘void ViewPort::Render()’:
/tmp/wf-teleport-integration/wfsource/source/gfx/viewport.hpi:114:67: note: ‘#pragma message: KTS /tmp/wf-teleport-integration/wfsource/source/gfx/viewport.hpi: write viewport gl render code’
  114 | #pragma message ("KTS " __FILE__ ": write viewport gl render code")
      |                                                                   ^
In file included from /tmp/wf-teleport-integration/wfsource/source/gfx/rendmatt.hp:32,
                 from /tmp/wf-teleport-integration/wfsource/source/game/level.hp:58:
/tmp/wf-teleport-integration/wfsource/source/gfx/material.hp: At global scope:
/tmp/wf-teleport-integration/wfsource/source/gfx/material.hp:194:135: note: ‘#pragma message: /tmp/wf-teleport-integration/wfsource/source/gfx/material.hp KTS: MAX_RENDERERS hard coded to 8 to prevent cyclic dependencies, consider moving renderers into Material’
  194 | #pragma message(__FILE__ " KTS: MAX_RENDERERS hard coded to 8 to prevent cyclic dependencies, consider moving renderers into Material")
      |                                                                                                                                       ^
In file included from /tmp/wf-teleport-integration/wfsource/source/gfx/face.hp:67,
                 from /tmp/wf-teleport-integration/wfsource/source/gfx/rendobj3.hp:39,
                 from /tmp/wf-teleport-integration/wfsource/source/gfx/material.hpi:26,
                 from /tmp/wf-teleport-integration/wfsource/source/gfx/material.hp:201:
/tmp/wf-teleport-integration/wfsource/source/gfx/face.hpi:26:71: note: ‘#pragma message: KTS /tmp/wf-teleport-integration/wfsource/source/gfx/face.hpi: move this into the math directory’
   26 | #pragma message ("KTS " __FILE__ ": move this into the math directory")
      |                                                                       ^
In file included from /tmp/wf-teleport-integration/wfsource/source/gfx/rendobj3.hp:44:
/tmp/wf-teleport-integration/wfsource/source/gfx/handle.hp:12:73: note: ‘#pragma message: WBN: merge various ID/FOURCC classes into single one’
   12 | #pragma message( "WBN: merge various ID/FOURCC classes into single one" )
      |                                                                         ^
In file included from /tmp/wf-teleport-integration/wfsource/source/movement/movementobject.hpi:31,
                 from /tmp/wf-teleport-integration/wfsource/source/movement/movementobject.hp:117,
                 from /tmp/wf-teleport-integration/wfsource/source/game/actor.hp:37,
                 from /tmp/wf-teleport-integration/wfsource/source/game/level.hp:65:
/tmp/wf-teleport-integration/wfsource/source/oas/movement.h:31:74: note: ‘#pragma message: Is there an automatic way to create this enum from oas?’
   31 | #pragma message("Is there an automatic way to create this enum from oas?")
      |                                                                          ^
/tmp/wf-teleport-integration/wfsource/source/movement/movementobject.hpi: In constructor ‘MovementObject::MovementObject(const SObjectStartupData*, const void*, const CommonBlock&, const Clock&)’:
/tmp/wf-teleport-integration/wfsource/source/movement/movementobject.hpi:54:114: note: ‘#pragma message: kts fix: pathed objects get their position set in game/actor.cc since we cant do it here (yet)’
   54 | #pragma message ("kts fix: pathed objects get their position set in game/actor.cc since we cant do it here (yet)")
      |                                                                                                                  ^
/tmp/wf-teleport-integration/wfsource/source/game/actor.hp: At global scope:
/tmp/wf-teleport-integration/wfsource/source/game/actor.hp:254:105: note: ‘#pragma message: /tmp/wf-teleport-integration/wfsource/source/game/actor.hp: I guess I should make protected accessor functions for these data members’
  254 | #pragma message( __FILE__ ": I guess I should make protected accessor functions for these data members" )
      |                                                                                                         ^
/tmp/wf-teleport-integration/wfsource/source/game/level.hp:247:58: note: ‘#pragma message: /tmp/wf-teleport-integration/wfsource/source/game/level.hp: remove _idealMainCharacter’
  247 | #pragma message( __FILE__ ": remove _idealMainCharacter" )
      |                                                          ^
[ 96%] Building CXX object CMakeFiles/wfengine.dir/engine/mutation/wfmut_smoke.cpp.o
[ 96%] Building CXX object CMakeFiles/wfengine.dir/engine/runtime_properties.cpp.o
In file included from /tmp/wf-teleport-integration/wfsource/source/game/level.hp:52,
                 from /tmp/wf-teleport-integration/engine/mutation/wfmut_smoke.cpp:17:
/tmp/wf-teleport-integration/wfsource/source/asset/assets.hp:130:94: note: ‘#pragma message: KTS /tmp/wf-teleport-integration/wfsource/source/asset/assets.hp: can only have 1024 assets until this kludge is removed ’
  130 |  #pragma message ("KTS " __FILE__ ": can only have 1024 assets until this kludge is removed ")
      |                                                                                              ^
In file included from /tmp/wf-teleport-integration/wfsource/source/gfx/viewport.hp:103,
                 from /tmp/wf-teleport-integration/wfsource/source/game/level.hp:57:
/tmp/wf-teleport-integration/wfsource/source/gfx/viewport.hpi: In member function ‘void ViewPort::Render()’:
/tmp/wf-teleport-integration/wfsource/source/gfx/viewport.hpi:114:67: note: ‘#pragma message: KTS /tmp/wf-teleport-integration/wfsource/source/gfx/viewport.hpi: write viewport gl render code’
  114 | #pragma message ("KTS " __FILE__ ": write viewport gl render code")
      |                                                                   ^
In file included from /tmp/wf-teleport-integration/wfsource/source/gfx/rendmatt.hp:32,
                 from /tmp/wf-teleport-integration/wfsource/source/game/level.hp:58:
/tmp/wf-teleport-integration/wfsource/source/gfx/material.hp: At global scope:
/tmp/wf-teleport-integration/wfsource/source/gfx/material.hp:194:135: note: ‘#pragma message: /tmp/wf-teleport-integration/wfsource/source/gfx/material.hp KTS: MAX_RENDERERS hard coded to 8 to prevent cyclic dependencies, consider moving renderers into Material’
  194 | #pragma message(__FILE__ " KTS: MAX_RENDERERS hard coded to 8 to prevent cyclic dependencies, consider moving renderers into Material")
      |                                                                                                                                       ^
In file included from /tmp/wf-teleport-integration/wfsource/source/gfx/face.hp:67,
                 from /tmp/wf-teleport-integration/wfsource/source/gfx/rendobj3.hp:39,
                 from /tmp/wf-teleport-integration/wfsource/source/gfx/material.hpi:26,
                 from /tmp/wf-teleport-integration/wfsource/source/gfx/material.hp:201:
/tmp/wf-teleport-integration/wfsource/source/gfx/face.hpi:26:71: note: ‘#pragma message: KTS /tmp/wf-teleport-integration/wfsource/source/gfx/face.hpi: move this into the math directory’
   26 | #pragma message ("KTS " __FILE__ ": move this into the math directory")
      |                                                                       ^
In file included from /tmp/wf-teleport-integration/wfsource/source/gfx/rendobj3.hp:44:
/tmp/wf-teleport-integration/wfsource/source/gfx/handle.hp:12:73: note: ‘#pragma message: WBN: merge various ID/FOURCC classes into single one’
   12 | #pragma message( "WBN: merge various ID/FOURCC classes into single one" )
      |                                                                         ^
In file included from /tmp/wf-teleport-integration/wfsource/source/movement/movementobject.hpi:31,
                 from /tmp/wf-teleport-integration/wfsource/source/movement/movementobject.hp:117,
                 from /tmp/wf-teleport-integration/wfsource/source/game/actor.hp:37,
                 from /tmp/wf-teleport-integration/wfsource/source/game/level.hp:65:
/tmp/wf-teleport-integration/wfsource/source/oas/movement.h:31:74: note: ‘#pragma message: Is there an automatic way to create this enum from oas?’
   31 | #pragma message("Is there an automatic way to create this enum from oas?")
      |                                                                          ^
/tmp/wf-teleport-integration/wfsource/source/movement/movementobject.hpi: In constructor ‘MovementObject::MovementObject(const SObjectStartupData*, const void*, const CommonBlock&, const Clock&)’:
/tmp/wf-teleport-integration/wfsource/source/movement/movementobject.hpi:54:114: note: ‘#pragma message: kts fix: pathed objects get their position set in game/actor.cc since we cant do it here (yet)’
   54 | #pragma message ("kts fix: pathed objects get their position set in game/actor.cc since we cant do it here (yet)")
      |                                                                                                                  ^
/tmp/wf-teleport-integration/wfsource/source/game/actor.hp: At global scope:
/tmp/wf-teleport-integration/wfsource/source/game/actor.hp:254:105: note: ‘#pragma message: /tmp/wf-teleport-integration/wfsource/source/game/actor.hp: I guess I should make protected accessor functions for these data members’
  254 | #pragma message( __FILE__ ": I guess I should make protected accessor functions for these data members" )
      |                                                                                                         ^
/tmp/wf-teleport-integration/wfsource/source/game/level.hp:247:58: note: ‘#pragma message: /tmp/wf-teleport-integration/wfsource/source/game/level.hp: remove _idealMainCharacter’
  247 | #pragma message( __FILE__ ": remove _idealMainCharacter" )
      |                                                          ^
[ 96%] Building CXX object CMakeFiles/wfengine.dir/engine/runtime_property_form.cpp.o
[ 97%] Building CXX object CMakeFiles/wfengine.dir/engine/runtime_property_host.cpp.o
[ 97%] Linking CXX static library libwfengine.a
[ 97%] Built target wfengine
[ 97%] Building CXX object CMakeFiles/wf_game.dir/wfsource/source/hal/linux/platform_main.cc.o
[ 98%] Building CXX object CMakeFiles/wf_host_gl_e2e_test.dir/engine/wf_host_gl_test/host_gl_e2e_test.cc.o
[ 99%] Building CXX object CMakeFiles/debug_listener_reconnect_test.dir/tests/debug_listener_reconnect_test.cc.o
[ 99%] Building CXX object CMakeFiles/texture_atlas_address_test.dir/tests/texture_atlas_address_test.cc.o
[ 99%] Linking CXX executable debug_listener_reconnect_test
[ 99%] Linking CXX executable /tmp/wf-teleport-integration/engine/wf_game
In file included from /tmp/wf-teleport-integration/wfsource/source/gfx/color.hp:139,
                 from /tmp/wf-teleport-integration/tests/texture_atlas_address_test.cc:4:
/tmp/wf-teleport-integration/wfsource/source/gfx/color.hpi: In member function ‘Color Color::operator+(const Color&) const’:
/tmp/wf-teleport-integration/wfsource/source/gfx/color.hpi:141:22: warning: ISO C++17 does not allow ‘register’ storage class specifier [-Wregister]
  141 |         register int temp = int(Red())+int(other.Red());
      |                      ^~~~
/tmp/wf-teleport-integration/wfsource/source/gfx/color.hpi: In member function ‘Color Color::operator-(const Color&) const’:
/tmp/wf-teleport-integration/wfsource/source/gfx/color.hpi:163:22: warning: ISO C++17 does not allow ‘register’ storage class specifier [-Wregister]
  163 |         register int temp = int(Red())-int(other.Red());
      |                      ^~~~
/tmp/wf-teleport-integration/wfsource/source/gfx/color.hpi: In member function ‘Color Color::operator*(const Color&) const’:
/tmp/wf-teleport-integration/wfsource/source/gfx/color.hpi:196:22: warning: ISO C++17 does not allow ‘register’ storage class specifier [-Wregister]
  196 |         register int temp = (int(Red())*int(other.Red()))/128;
      |                      ^~~~
[ 99%] Linking CXX executable wf_host_gl_e2e_test
In file included from /tmp/wf-teleport-integration/tests/texture_atlas_address_test.cc:10:
/tmp/wf-teleport-integration/wfsource/source/gfx/material.hp: At global scope:
/tmp/wf-teleport-integration/wfsource/source/gfx/material.hp:194:135: note: ‘#pragma message: /tmp/wf-teleport-integration/wfsource/source/gfx/material.hp KTS: MAX_RENDERERS hard coded to 8 to prevent cyclic dependencies, consider moving renderers into Material’
  194 | #pragma message(__FILE__ " KTS: MAX_RENDERERS hard coded to 8 to prevent cyclic dependencies, consider moving renderers into Material")
      |                                                                                                                                       ^
In file included from /tmp/wf-teleport-integration/wfsource/source/gfx/face.hp:67,
                 from /tmp/wf-teleport-integration/wfsource/source/gfx/rendobj3.hp:39,
                 from /tmp/wf-teleport-integration/wfsource/source/gfx/material.hpi:26,
                 from /tmp/wf-teleport-integration/wfsource/source/gfx/material.hp:201:
/tmp/wf-teleport-integration/wfsource/source/gfx/face.hpi:26:71: note: ‘#pragma message: KTS /tmp/wf-teleport-integration/wfsource/source/gfx/face.hpi: move this into the math directory’
   26 | #pragma message ("KTS " __FILE__ ": move this into the math directory")
      |                                                                       ^
In file included from /tmp/wf-teleport-integration/wfsource/source/gfx/viewport.hp:103,
                 from /tmp/wf-teleport-integration/wfsource/source/gfx/rendobj3.hp:41:
/tmp/wf-teleport-integration/wfsource/source/gfx/viewport.hpi: In member function ‘void ViewPort::Render()’:
/tmp/wf-teleport-integration/wfsource/source/gfx/viewport.hpi:114:67: note: ‘#pragma message: KTS /tmp/wf-teleport-integration/wfsource/source/gfx/viewport.hpi: write viewport gl render code’
  114 | #pragma message ("KTS " __FILE__ ": write viewport gl render code")
      |                                                                   ^
In file included from /tmp/wf-teleport-integration/wfsource/source/gfx/rendobj3.hp:44:
/tmp/wf-teleport-integration/wfsource/source/gfx/handle.hp: At global scope:
/tmp/wf-teleport-integration/wfsource/source/gfx/handle.hp:12:73: note: ‘#pragma message: WBN: merge various ID/FOURCC classes into single one’
   12 | #pragma message( "WBN: merge various ID/FOURCC classes into single one" )
      |                                                                         ^
[ 99%] Built target debug_listener_reconnect_test
[ 99%] Built target wf_game
[100%] Linking CXX executable texture_atlas_address_test
[100%] Built target wf_host_gl_e2e_test
[100%] Built target texture_atlas_address_test
