 (log → /storage/emulated/0/Android/data/org.worldfoundry.wf_game.aquarium/files/wf.log) ===
[99984.010905] (f_game.aquarium) Successfully parsed 1 environment variable(s) from /vendor/etc/mali_platform.config.
Could not open module param file '/sys/module/mali_kbase/parameters/large_page_conf'
[99984.031078] (f_game.aquarium) Successfully parsed 1 environment variable(s) from /vendor/etc/mali_platform.config.
audio: miniaudio v0.11.25 ready
wf_game v0.4.1, Built:Oct  1 2026,02:27:16 by kts
--frame-profile
argc = 2, commandIndex = 2
Level=-1
cerror:
cwarn:
cstats:
wf_game Ver 0.4.1, Built:Oct  1 2026,02:27:16 by kts
DBSTREAMS jolt: RegisterDefaultAllocator
jolt: Factory
jolt: RegisterTypes
jolt: RunSelftest
jolt: selftest ok (sphere fell to z=5.098)
jolt: backend init
jolt: backend ready (gravity -Z)
jolt: init complete
LMalloc of 76 not 8-byte aligned, rounding up
Opening cd.iff
LMalloc of 114 not 8-byte aligned, rounding up
zforth: INDEXOF_CAMSHOT = 1921 (expect 1921)
zforth: INDEXOF_CAMSHOT = 1921 (expect 1921)
LMalloc of 412 not 8-byte aligned, rounding up
LMalloc of 7620 not 8-byte aligned, rounding up
LMalloc of 20 not 8-byte aligned, rounding up
LMalloc of 20 not 8-byte aligned, rounding up
LMalloc of 44 not 8-byte aligned, rounding up
LMalloc of 44 not 8-byte aligned, rounding up
LMalloc of 44 not 8-byte aligned, rounding up
LMalloc of 44 not 8-byte aligned, rounding up
LMalloc of 44 not 8-byte aligned, rounding up
LMalloc of 44 not 8-byte aligned, rounding up
LMalloc of 44 not 8-byte aligned, rounding up
LMalloc of 44 not 8-byte aligned, rounding up
LMalloc of 44 not 8-byte aligned, rounding up
LMalloc of 44 not 8-byte aligned, rounding up
LMalloc of 44 not 8-byte aligned, rounding up
LMalloc of 44 not 8-byte aligned, rounding up
LMalloc of 44 not 8-byte aligned, rounding up
LMalloc of 44 not 8-byte aligned, rounding up
LMalloc of 44 not 8-byte aligned, rounding up
LMalloc of 44 not 8-byte aligned, rounding up
LMalloc of 44 not 8-byte aligned, rounding up
LMalloc of 44 not 8-byte aligned, rounding up
LMalloc of 44 not 8-byte aligned, rounding up
LMalloc of 44 not 8-byte aligned, rounding up
LMalloc of 44 not 8-byte aligned, rounding up
LMalloc of 44 not 8-byte aligned, rounding up
Level::Level: leveldata= 0xe0a29b08, object count  = 62
ASS closed without all data read (bytesLeft = 4118)
ASS closed without all data read (bytesLeft = 150)
ASS closed without all data read (bytesLeft = 16)
ASS closed without all data read (bytesLeft = 16)
ASS closed without all data read (bytesLeft = 8732)
DMalloc of 84 not 8-byte aligned, rounding up
LMalloc of 76 not 8-byte aligned, rounding up
PixelMap::Load: this = 0xe0032780
PixelMap::Load: this = 0xe00327b0
LMalloc of 28 not 8-byte aligned, rounding up
LMalloc of 28 not 8-byte aligned, rounding up
LMalloc of 28 not 8-byte aligned, rounding up
LMalloc of 28 not 8-byte aligned, rounding up
[Actor] idx=1 class=13 commonOff=87960 NumberOfLocalMailboxes=0
DMalloc of 84 not 8-byte aligned, rounding up
this = 0xe0035a88,setting _memory to 0xe00357f8
DMalloc of 52 not 8-byte aligned, rounding up
DMalloc of 252 not 8-byte aligned, rounding up
[Actor] idx=2 class=20 commonOff=88276 NumberOfLocalMailboxes=0
DMalloc of 84 not 8-byte aligned, rounding up
DMalloc of 228 not 8-byte aligned, rounding up
[Actor] idx=4 class=11 commonOff=87960 NumberOfLocalMailboxes=0
DMalloc of 84 not 8-byte aligned, rounding up
[Actor] idx=5 class=16 commonOff=87960 NumberOfLocalMailboxes=0
DMalloc of 84 not 8-byte aligned, rounding up
[Actor] idx=6 class=3 commonOff=87960 NumberOfLocalMailboxes=0
DMalloc of 84 not 8-byte aligned, rounding up
[Actor] idx=8 class=22 commonOff=89172 NumberOfLocalMailboxes=6
DMalloc of 84 not 8-byte aligned, rounding up
jolt: character 0 created at (-1.60, 0.00, 2.40) ctr=(0.00,0.00,0.00)
DMalloc of 228 not 8-byte aligned, rounding up
[Actor] idx=9 class=23 commonOff=87960 NumberOfLocalMailboxes=0
DMalloc of 84 not 8-byte aligned, rounding up
[Actor] idx=10 class=7 commonOff=89744 NumberOfLocalMailboxes=0
DMalloc of 84 not 8-byte aligned, rounding up
[Actor] idx=11 class=7 commonOff=89944 NumberOfLocalMailboxes=0
DMalloc of 84 not 8-byte aligned, rounding up
[Actor] idx=12 class=7 commonOff=89988 NumberOfLocalMailboxes=0
DMalloc of 84 not 8-byte aligned, rounding up
[Actor] idx=13 class=7 commonOff=90032 NumberOfLocalMailboxes=0
DMalloc of 84 not 8-byte aligned, rounding up
[Actor] idx=14 class=7 commonOff=90032 NumberOfLocalMailboxes=0
DMalloc of 84 not 8-byte aligned, rounding up
[Actor] idx=15 class=7 commonOff=90076 NumberOfLocalMailboxes=0
DMalloc of 84 not 8-byte aligned, rounding up
[Actor] idx=16 class=7 commonOff=90076 NumberOfLocalMailboxes=0
DMalloc of 84 not 8-byte aligned, rounding up
[Actor] idx=17 class=7 commonOff=90076 NumberOfLocalMailboxes=0
DMalloc of 84 not 8-byte aligned, rounding up
[Actor] idx=18 class=7 commonOff=90076 NumberOfLocalMailboxes=0
DMalloc of 84 not 8-byte aligned, rounding up
[Actor] idx=19 class=7 commonOff=90076 NumberOfLocalMailboxes=0
DMalloc of 84 not 8-byte aligned, rounding up
[Actor] idx=20 class=7 commonOff=90076 NumberOfLocalMailboxes=0
DMalloc of 84 not 8-byte aligned, rounding up
[Actor] idx=21 class=7 commonOff=90076 NumberOfLocalMailboxes=0
DMalloc of 84 not 8-byte aligned, rounding up
[Actor] idx=22 class=7 commonOff=90076 NumberOfLocalMailboxes=0
DMalloc of 84 not 8-byte aligned, rounding up
[Actor] idx=23 class=7 commonOff=90076 NumberOfLocalMailboxes=0
DMalloc of 84 not 8-byte aligned, rounding up
[Actor] idx=24 class=7 commonOff=90076 NumberOfLocalMailboxes=0
DMalloc of 84 not 8-byte aligned, rounding up
[Actor] idx=25 class=7 commonOff=90076 NumberOfLocalMailboxes=0
DMalloc of 84 not 8-byte aligned, rounding up
[Actor] idx=26 class=7 commonOff=90076 NumberOfLocalMailboxes=0
DMalloc of 84 not 8-byte aligned, rounding up
[Actor] idx=27 class=7 commonOff=90076 NumberOfLocalMailboxes=0
DMalloc of 84 not 8-byte aligned, rounding up
[Actor] idx=28 class=7 commonOff=90076 NumberOfLocalMailboxes=0
DMalloc of 84 not 8-byte aligned, rounding up
[Actor] idx=29 class=7 commonOff=90076 NumberOfLocalMailboxes=0
DMalloc of 84 not 8-byte aligned, rounding up
[Actor] idx=30 class=7 commonOff=90076 NumberOfLocalMailboxes=0
DMalloc of 84 not 8-byte aligned, rounding up
[Actor] idx=31 class=7 commonOff=90076 NumberOfLocalMailboxes=0
DMalloc of 84 not 8-byte aligned, rounding up
[Actor] idx=32 class=7 commonOff=90076 NumberOfLocalMailboxes=0
DMalloc of 84 not 8-byte aligned, rounding up
[Actor] idx=33 class=7 commonOff=90076 NumberOfLocalMailboxes=0
DMalloc of 84 not 8-byte aligned, rounding up
[Actor] idx=34 class=7 commonOff=90076 NumberOfLocalMailboxes=0
DMalloc of 84 not 8-byte aligned, rounding up
[Actor] idx=35 class=7 commonOff=90076 NumberOfLocalMailboxes=0
DMalloc of 84 not 8-byte aligned, rounding up
[Actor] idx=36 class=7 commonOff=90076 NumberOfLocalMailboxes=0
DMalloc of 84 not 8-byte aligned, rounding up
[Actor] idx=37 class=7 commonOff=90076 NumberOfLocalMailboxes=0
DMalloc of 84 not 8-byte aligned, rounding up
[Actor] idx=38 class=7 commonOff=90076 NumberOfLocalMailboxes=0
DMalloc of 84 not 8-byte aligned, rounding up
[Actor] idx=39 class=7 commonOff=90076 NumberOfLocalMailboxes=0
DMalloc of 84 not 8-byte aligned, rounding up
[Actor] idx=40 class=7 commonOff=90076 NumberOfLocalMailboxes=0
DMalloc of 84 not 8-byte aligned, rounding up
[Actor] idx=41 class=7 commonOff=90076 NumberOfLocalMailboxes=0
DMalloc of 84 not 8-byte aligned, rounding up
[Actor] idx=42 class=7 commonOff=90076 NumberOfLocalMailboxes=0
DMalloc of 84 not 8-byte aligned, rounding up
[Actor] idx=43 class=7 commonOff=90076 NumberOfLocalMailboxes=0
DMalloc of 84 not 8-byte aligned, rounding up
[Actor] idx=44 class=5 commonOff=90228 NumberOfLocalMailboxes=0
jolt: body STATIC pos=(0.00,0.00,2.67) half=(6.10,1.65,2.67) id=8388608
[Actor] idx=45 class=5 commonOff=87960 NumberOfLocalMailboxes=0
jolt: body STATIC pos=(0.00,-1.65,2.73) half=(5.97,0.12,2.60) id=8388609
[Actor] idx=46 class=5 commonOff=90272 NumberOfLocalMailboxes=0
jolt: body STATIC pos=(0.00,0.00,5.27) half=(6.16,1.71,0.12) id=8388610
[Actor] idx=47 class=5 commonOff=90316 NumberOfLocalMailboxes=0
jolt: body STATIC pos=(0.00,0.00,0.38) half=(5.96,1.52,0.25) id=8388611
[Actor] idx=48 class=5 commonOff=90360 NumberOfLocalMailboxes=0
jolt: body STATIC pos=(2.48,-0.02,0.91) half=(0.76,0.56,0.27) id=8388612
[Actor] idx=49 class=5 commonOff=90404 NumberOfLocalMailboxes=0
jolt: body STATIC pos=(2.50,0.00,1.56) half=(0.50,0.50,0.38) id=8388613
[Actor] idx=50 class=7 commonOff=90448 NumberOfLocalMailboxes=0
DMalloc of 84 not 8-byte aligned, rounding up
[Actor] idx=51 class=7 commonOff=90448 NumberOfLocalMailboxes=0
DMalloc of 84 not 8-byte aligned, rounding up
[Actor] idx=52 class=7 commonOff=90448 NumberOfLocalMailboxes=0
DMalloc of 84 not 8-byte aligned, rounding up
[Actor] idx=53 class=7 commonOff=90492 NumberOfLocalMailboxes=0
DMalloc of 84 not 8-byte aligned, rounding up
[Actor] idx=54 class=7 commonOff=90492 NumberOfLocalMailboxes=0
DMalloc of 84 not 8-byte aligned, rounding up
[Actor] idx=55 class=7 commonOff=90492 NumberOfLocalMailboxes=0
DMalloc of 84 not 8-byte aligned, rounding up
[Actor] idx=56 class=3 commonOff=87960 NumberOfLocalMailboxes=0
DMalloc of 84 not 8-byte aligned, rounding up
[Actor] idx=57 class=5 commonOff=87960 NumberOfLocalMailboxes=0
jolt: body STATIC pos=(0.00,0.00,-4.50) half=(6.30,1.85,4.50) id=8388614
[Actor] idx=58 class=5 commonOff=90536 NumberOfLocalMailboxes=0
jolt: body STATIC pos=(0.00,3.88,3.50) half=(20.00,0.12,12.50) id=8388615
DMalloc of 228 not 8-byte aligned, rounding up
[Actor] idx=59 class=23 commonOff=87960 NumberOfLocalMailboxes=0
DMalloc of 84 not 8-byte aligned, rounding up
[Actor] idx=60 class=7 commonOff=87960 NumberOfLocalMailboxes=0
DMalloc of 84 not 8-byte aligned, rounding up
[Actor] idx=61 class=16 commonOff=87960 NumberOfLocalMailboxes=0
DMalloc of 84 not 8-byte aligned, rounding up
LMalloc of 20 not 8-byte aligned, rounding up
LMalloc of 212 not 8-byte aligned, rounding up
DMalloc of 122 not 8-byte aligned, rounding up
DMalloc of 404 not 8-byte aligned, rounding up
DMalloc of 502 not 8-byte aligned, rounding up
DMalloc of 404 not 8-byte aligned, rounding up
Walking from 0
0->0
0->0
LMalloc of 20 not 8-byte aligned, rounding up
LMalloc of 20 not 8-byte aligned, rounding up
ASS closed without all data read (bytesLeft = 4118)
ASS closed without all data read (bytesLeft = 65558)
ASS closed without all data read (bytesLeft = 64)
ASS closed without all data read (bytesLeft = 16)
ASS closed without all data read (bytesLeft = 8732)
ASS closed without all data read (bytesLeft = 1732)
ASS closed without all data read (bytesLeft = 1572)
ASS closed without all data read (bytesLeft = 1252)
ASS closed without all data read (bytesLeft = 1252)
ASS closed without all data read (bytesLeft = 412)
ASS closed without all data read (bytesLeft = 19380)
ASS closed without all data read (bytesLeft = 588)
ASS closed without all data read (bytesLeft = 1364)
ASS closed without all data read (bytesLeft = 10012)
ASS closed without all data read (bytesLeft = 1716)
ASS closed without all data read (bytesLeft = 4308)
ASS closed without all data read (bytesLeft = 4668)
ASS closed without all data read (bytesLeft = 5772)
ASS closed without all data read (bytesLeft = 4668)
ASS closed without all data read (bytesLeft = 4668)
ASS closed without all data read (bytesLeft = 3564)
ASS closed without all data read (bytesLeft = 4668)
ASS closed without all data read (bytesLeft = 852)
ASS closed without all data read (bytesLeft = 412)
DMalloc of 84 not 8-byte aligned, rounding up
PixelMap::Load: this = 0xe00327e0
PixelMap::Load: this = 0xe0032810
LMalloc of 76 not 8-byte aligned, rounding up
LMalloc of 28 not 8-byte aligned, rounding up
LMalloc of 76 not 8-byte aligned, rounding up
LMalloc of 28 not 8-byte aligned, rounding up
LMalloc of 244 not 8-byte aligned, rounding up
LMalloc of 44 not 8-byte aligned, rounding up
LMalloc of 44 not 8-byte aligned, rounding up
LMalloc of 44 not 8-byte aligned, rounding up
LMalloc of 6236 not 8-byte aligned, rounding up
RenderActor3DAnimates constructed with no animations!
LMalloc of 244 not 8-byte aligned, rounding up
LMalloc of 44 not 8-byte aligned, rounding up
LMalloc of 44 not 8-byte aligned, rounding up
LMalloc of 44 not 8-byte aligned, rounding up
LMalloc of 6236 not 8-byte aligned, rounding up
RenderActor3DAnimates constructed with no animations!
LMalloc of 244 not 8-byte aligned, rounding up
LMalloc of 44 not 8-byte aligned, rounding up
LMalloc of 44 not 8-byte aligned, rounding up
LMalloc of 44 not 8-byte aligned, rounding up
LMalloc of 1156 not 8-byte aligned, rounding up
RenderActor3DAnimates constructed with no animations!
LMalloc of 244 not 8-byte aligned, rounding up
LMalloc of 44 not 8-byte aligned, rounding up
LMalloc of 44 not 8-byte aligned, rounding up
LMalloc of 44 not 8-byte aligned, rounding up
LMalloc of 996 not 8-byte aligned, rounding up
RenderActor3DAnimates constructed with no animations!
LMalloc of 244 not 8-byte aligned, rounding up
LMalloc of 44 not 8-byte aligned, rounding up
LMalloc of 44 not 8-byte aligned, rounding up
LMalloc of 44 not 8-byte aligned, rounding up
LMalloc of 676 not 8-byte aligned, rounding up
RenderActor3DAnimates constructed with no animations!
LMalloc of 244 not 8-byte aligned, rounding up
LMalloc of 44 not 8-byte aligned, rounding up
LMalloc of 44 not 8-byte aligned, rounding up
LMalloc of 44 not 8-byte aligned, rounding up
LMalloc of 676 not 8-byte aligned, rounding up
RenderActor3DAnimates constructed with no animations!
LMalloc of 244 not 8-byte aligned, rounding up
LMalloc of 44 not 8-byte aligned, rounding up
LMalloc of 44 not 8-byte aligned, rounding up
material: texture="tiger_barb.tga"  bTranslucent=0  bitdepth=15  flags_in=0x1e
LMalloc of 44 not 8-byte aligned, rounding up
LMalloc of 76 not 8-byte aligned, rounding up
RenderActor3DAnimates constructed with no animations!
LMalloc of 244 not 8-byte aligned, rounding up
LMalloc of 44 not 8-byte aligned, rounding up
LMalloc of 44 not 8-byte aligned, rounding up
material: texture="tiger_barb.tga"  bTranslucent=0  bitdepth=15  flags_in=0x1e
LMalloc of 44 not 8-byte aligned, rounding up
LMalloc of 76 not 8-byte aligned, rounding up
RenderActor3DAnimates constructed with no animations!
LMalloc of 244 not 8-byte aligned, rounding up
LMalloc of 44 not 8-byte aligned, rounding up
LMalloc of 44 not 8-byte aligned, rounding up
material: texture="tiger_barb.tga"  bTranslucent=0  bitdepth=15  flags_in=0x1e
LMalloc of 44 not 8-byte aligned, rounding up
LMalloc of 76 not 8-byte aligned, rounding up
RenderActor3DAnimates constructed with no animations!
LMalloc of 244 not 8-byte aligned, rounding up
LMalloc of 44 not 8-byte aligned, rounding up
LMalloc of 44 not 8-byte aligned, rounding up
material: texture="tiger_barb.tga"  bTranslucent=0  bitdepth=15  flags_in=0x1e
LMalloc of 44 not 8-byte aligned, rounding up
LMalloc of 76 not 8-byte aligned, rounding up
RenderActor3DAnimates constructed with no animations!
LMalloc of 244 not 8-byte aligned, rounding up
LMalloc of 44 not 8-byte aligned, rounding up
LMalloc of 44 not 8-byte aligned, rounding up
material: texture="tiger_barb.tga"  bTranslucent=0  bitdepth=15  flags_in=0x1e
LMalloc of 44 not 8-byte aligned, rounding up
LMalloc of 76 not 8-byte aligned, rounding up
RenderActor3DAnimates constructed with no animations!
LMalloc of 244 not 8-byte aligned, rounding up
LMalloc of 44 not 8-byte aligned, rounding up
LMalloc of 44 not 8-byte aligned, rounding up
material: texture="tiger_barb.tga"  bTranslucent=0  bitdepth=15  flags_in=0x1e
LMalloc of 44 not 8-byte aligned, rounding up
LMalloc of 76 not 8-byte aligned, rounding up
RenderActor3DAnimates constructed with no animations!
LMalloc of 244 not 8-byte aligned, rounding up
LMalloc of 44 not 8-byte aligned, rounding up
LMalloc of 44 not 8-byte aligned, rounding up
material: texture="tiger_barb.tga"  bTranslucent=0  bitdepth=15  flags_in=0x1e
LMalloc of 44 not 8-byte aligned, rounding up
LMalloc of 76 not 8-byte aligned, rounding up
RenderActor3DAnimates constructed with no animations!
LMalloc of 244 not 8-byte aligned, rounding up
LMalloc of 44 not 8-byte aligned, rounding up
LMalloc of 44 not 8-byte aligned, rounding up
material: texture="tiger_barb.tga"  bTranslucent=0  bitdepth=15  flags_in=0x1e
LMalloc of 44 not 8-byte aligned, rounding up
LMalloc of 76 not 8-byte aligned, rounding up
RenderActor3DAnimates constructed with no animations!
LMalloc of 244 not 8-byte aligned, rounding up
LMalloc of 44 not 8-byte aligned, rounding up
LMalloc of 44 not 8-byte aligned, rounding up
material: texture="tiger_barb.tga"  bTranslucent=0  bitdepth=15  flags_in=0x1e
LMalloc of 44 not 8-byte aligned, rounding up
LMalloc of 76 not 8-byte aligned, rounding up
RenderActor3DAnimates constructed with no animations!
LMalloc of 244 not 8-byte aligned, rounding up
LMalloc of 44 not 8-byte aligned, rounding up
LMalloc of 44 not 8-byte aligned, rounding up
material: texture="tiger_barb.tga"  bTranslucent=0  bitdepth=15  flags_in=0x1e
LMalloc of 44 not 8-byte aligned, rounding up
LMalloc of 76 not 8-byte aligned, rounding up
RenderActor3DAnimates constructed with no animations!
LMalloc of 244 not 8-byte aligned, rounding up
LMalloc of 44 not 8-byte aligned, rounding up
LMalloc of 44 not 8-byte aligned, rounding up
material: texture="tiger_barb.tga"  bTranslucent=0  bitdepth=15  flags_in=0x1e
LMalloc of 44 not 8-byte aligned, rounding up
LMalloc of 76 not 8-byte aligned, rounding up
RenderActor3DAnimates constructed with no animations!
LMalloc of 244 not 8-byte aligned, rounding up
LMalloc of 44 not 8-byte aligned, rounding up
LMalloc of 44 not 8-byte aligned, rounding up
material: texture="tiger_barb.tga"  bTranslucent=0  bitdepth=15  flags_in=0x1e
LMalloc of 44 not 8-byte aligned, rounding up
LMalloc of 76 not 8-byte aligned, rounding up
RenderActor3DAnimates constructed with no animations!
LMalloc of 244 not 8-byte aligned, rounding up
LMalloc of 44 not 8-byte aligned, rounding up
LMalloc of 44 not 8-byte aligned, rounding up
material: texture="tiger_barb.tga"  bTranslucent=0  bitdepth=15  flags_in=0x1e
LMalloc of 44 not 8-byte aligned, rounding up
LMalloc of 76 not 8-byte aligned, rounding up
RenderActor3DAnimates constructed with no animations!
LMalloc of 244 not 8-byte aligned, rounding up
LMalloc of 44 not 8-byte aligned, rounding up
LMalloc of 44 not 8-byte aligned, rounding up
material: texture="tiger_barb.tga"  bTranslucent=0  bitdepth=15  flags_in=0x1e
LMalloc of 44 not 8-byte aligned, rounding up
LMalloc of 76 not 8-byte aligned, rounding up
RenderActor3DAnimates constructed with no animations!
LMalloc of 244 not 8-byte aligned, rounding up
LMalloc of 44 not 8-byte aligned, rounding up
LMalloc of 44 not 8-byte aligned, rounding up
material: texture="tiger_barb.tga"  bTranslucent=0  bitdepth=15  flags_in=0x1e
LMalloc of 44 not 8-byte aligned, rounding up
LMalloc of 76 not 8-byte aligned, rounding up
RenderActor3DAnimates constructed with no animations!
LMalloc of 244 not 8-byte aligned, rounding up
LMalloc of 44 not 8-byte aligned, rounding up
LMalloc of 44 not 8-byte aligned, rounding up
material: texture="tiger_barb.tga"  bTranslucent=0  bitdepth=15  flags_in=0x1e
LMalloc of 44 not 8-byte aligned, rounding up
LMalloc of 76 not 8-byte aligned, rounding up
RenderActor3DAnimates constructed with no animations!
LMalloc of 244 not 8-byte aligned, rounding up
LMalloc of 44 not 8-byte aligned, rounding up
LMalloc of 44 not 8-byte aligned, rounding up
material: texture="tiger_barb.tga"  bTranslucent=0  bitdepth=15  flags_in=0x1e
LMalloc of 44 not 8-byte aligned, rounding up
LMalloc of 76 not 8-byte aligned, rounding up
RenderActor3DAnimates constructed with no animations!
LMalloc of 244 not 8-byte aligned, rounding up
LMalloc of 44 not 8-byte aligned, rounding up
LMalloc of 44 not 8-byte aligned, rounding up
material: texture="tiger_barb.tga"  bTranslucent=0  bitdepth=15  flags_in=0x1e
LMalloc of 44 not 8-byte aligned, rounding up
LMalloc of 76 not 8-byte aligned, rounding up
RenderActor3DAnimates constructed with no animations!
LMalloc of 244 not 8-byte aligned, rounding up
LMalloc of 44 not 8-byte aligned, rounding up
LMalloc of 44 not 8-byte aligned, rounding up
material: texture="tiger_barb.tga"  bTranslucent=0  bitdepth=15  flags_in=0x1e
LMalloc of 44 not 8-byte aligned, rounding up
LMalloc of 76 not 8-byte aligned, rounding up
RenderActor3DAnimates constructed with no animations!
LMalloc of 244 not 8-byte aligned, rounding up
LMalloc of 44 not 8-byte aligned, rounding up
LMalloc of 44 not 8-byte aligned, rounding up
material: texture="tiger_barb.tga"  bTranslucent=0  bitdepth=15  flags_in=0x1e
LMalloc of 44 not 8-byte aligned, rounding up
LMalloc of 76 not 8-byte aligned, rounding up
RenderActor3DAnimates constructed with no animations!
LMalloc of 244 not 8-byte aligned, rounding up
LMalloc of 44 not 8-byte aligned, rounding up
LMalloc of 44 not 8-byte aligned, rounding up
material: texture="tiger_barb.tga"  bTranslucent=0  bitdepth=15  flags_in=0x1e
LMalloc of 44 not 8-byte aligned, rounding up
LMalloc of 76 not 8-byte aligned, rounding up
RenderActor3DAnimates constructed with no animations!
LMalloc of 244 not 8-byte aligned, rounding up
LMalloc of 44 not 8-byte aligned, rounding up
LMalloc of 44 not 8-byte aligned, rounding up
material: texture="tiger_barb.tga"  bTranslucent=0  bitdepth=15  flags_in=0x1e
LMalloc of 44 not 8-byte aligned, rounding up
LMalloc of 76 not 8-byte aligned, rounding up
RenderActor3DAnimates constructed with no animations!
LMalloc of 244 not 8-byte aligned, rounding up
LMalloc of 44 not 8-byte aligned, rounding up
LMalloc of 44 not 8-byte aligned, rounding up
material: texture="tiger_barb.tga"  bTranslucent=0  bitdepth=15  flags_in=0x1e
LMalloc of 44 not 8-byte aligned, rounding up
LMalloc of 76 not 8-byte aligned, rounding up
RenderActor3DAnimates constructed with no animations!
LMalloc of 244 not 8-byte aligned, rounding up
LMalloc of 44 not 8-byte aligned, rounding up
LMalloc of 44 not 8-byte aligned, rounding up
material: texture="tiger_barb.tga"  bTranslucent=0  bitdepth=15  flags_in=0x1e
LMalloc of 44 not 8-byte aligned, rounding up
LMalloc of 76 not 8-byte aligned, rounding up
RenderActor3DAnimates constructed with no animations!
LMalloc of 244 not 8-byte aligned, rounding up
LMalloc of 44 not 8-byte aligned, rounding up
LMalloc of 44 not 8-byte aligned, rounding up
material: texture="tiger_barb.tga"  bTranslucent=0  bitdepth=15  flags_in=0x1e
LMalloc of 44 not 8-byte aligned, rounding up
LMalloc of 76 not 8-byte aligned, rounding up
RenderActor3DAnimates constructed with no animations!
LMalloc of 244 not 8-byte aligned, rounding up
LMalloc of 44 not 8-byte aligned, rounding up
LMalloc of 44 not 8-byte aligned, rounding up
material: texture="tiger_barb.tga"  bTranslucent=0  bitdepth=15  flags_in=0x1e
LMalloc of 44 not 8-byte aligned, rounding up
LMalloc of 76 not 8-byte aligned, rounding up
RenderActor3DAnimates constructed with no animations!
LMalloc of 244 not 8-byte aligned, rounding up
LMalloc of 44 not 8-byte aligned, rounding up
LMalloc of 44 not 8-byte aligned, rounding up
material: texture="tiger_barb.tga"  bTranslucent=0  bitdepth=15  flags_in=0x1e
LMalloc of 44 not 8-byte aligned, rounding up
LMalloc of 76 not 8-byte aligned, rounding up
RenderActor3DAnimates constructed with no animations!
LMalloc of 244 not 8-byte aligned, rounding up
LMalloc of 44 not 8-byte aligned, rounding up
LMalloc of 44 not 8-byte aligned, rounding up
material: texture="tiger_barb.tga"  bTranslucent=0  bitdepth=15  flags_in=0x1e
LMalloc of 44 not 8-byte aligned, rounding up
LMalloc of 76 not 8-byte aligned, rounding up
RenderActor3DAnimates constructed with no animations!
LMalloc of 244 not 8-byte aligned, rounding up
LMalloc of 44 not 8-byte aligned, rounding up
LMalloc of 44 not 8-byte aligned, rounding up
material: texture="tiger_barb.tga"  bTranslucent=0  bitdepth=15  flags_in=0x1e
LMalloc of 44 not 8-byte aligned, rounding up
LMalloc of 76 not 8-byte aligned, rounding up
RenderActor3DAnimates constructed with no animations!
LMalloc of 244 not 8-byte aligned, rounding up
LMalloc of 44 not 8-byte aligned, rounding up
LMalloc of 44 not 8-byte aligned, rounding up
LMalloc of 44 not 8-byte aligned, rounding up
LMalloc of 12036 not 8-byte aligned, rounding up
RenderActor3DAnimates constructed with no animations!
LMalloc of 44 not 8-byte aligned, rounding up
LMalloc of 44 not 8-byte aligned, rounding up
MATL closed without all data read (bytesLeft = 9504)
LMalloc of 44 not 8-byte aligned, rounding up
jolt: mesh actor_pos=(0.000,0.000,0.000)
jolt: mesh v0 local=(-6.096,-1.651,0.000) world=(-6.096,-1.651,0.000)
jolt: mesh v1 local=(-6.096,-1.651,0.127) world=(-6.096,-1.651,0.127)
jolt: mesh v2 local=(-6.096,-1.651,0.635) world=(-6.096,-1.651,0.635)
jolt: mesh v3 local=(-6.096,-1.651,1.044) world=(-6.096,-1.651,1.044)
jolt: mesh v4 local=(-6.096,-1.651,1.453) world=(-6.096,-1.651,1.453)
jolt: mesh v5 local=(-6.096,-1.651,1.862) world=(-6.096,-1.651,1.862)
jolt: mesh v6 local=(-6.096,-1.651,2.271) world=(-6.096,-1.651,2.271)
jolt: mesh v7 local=(-6.096,-1.651,2.680) world=(-6.096,-1.651,2.680)
jolt: mesh v8 local=(-6.096,-1.651,3.089) world=(-6.096,-1.651,3.089)
jolt: mesh v9 local=(-6.096,-1.651,3.498) world=(-6.096,-1.651,3.498)
jolt: mesh v10 local=(-6.096,-1.651,3.907) world=(-6.096,-1.651,3.907)
jolt: mesh v11 local=(-6.096,-1.651,4.315) world=(-6.096,-1.651,4.315)
jolt: mesh v12 local=(-6.096,-1.651,4.724) world=(-6.096,-1.651,4.724)
jolt: mesh v13 local=(-6.096,-1.651,4.826) world=(-6.096,-1.651,4.826)
jolt: mesh v14 local=(-6.096,-1.651,5.334) world=(-6.096,-1.651,5.334)
jolt: mesh v15 local=(-6.096,1.524,0.127) world=(-6.096,1.524,0.127)
jolt: mesh v16 local=(-6.096,1.524,0.635) world=(-6.096,1.524,0.635)
jolt: mesh v17 local=(-6.096,1.524,1.044) world=(-6.096,1.524,1.044)
jolt: mesh v18 local=(-6.096,1.524,1.453) world=(-6.096,1.524,1.453)
jolt: mesh v19 local=(-6.096,1.524,1.862) world=(-6.096,1.524,1.862)
jolt: mesh v20 local=(-6.096,1.524,2.271) world=(-6.096,1.524,2.271)
jolt: mesh v21 local=(-6.096,1.524,2.680) world=(-6.096,1.524,2.680)
jolt: mesh v22 local=(-6.096,1.524,3.089) world=(-6.096,1.524,3.089)
jolt: mesh v23 local=(-6.096,1.524,3.498) world=(-6.096,1.524,3.498)
jolt: mesh v24 local=(-6.096,1.524,3.907) world=(-6.096,1.524,3.907)
jolt: mesh v25 local=(-6.096,1.524,4.315) world=(-6.096,1.524,4.315)
jolt: mesh v26 local=(-6.096,1.524,4.724) world=(-6.096,1.524,4.724)
jolt: mesh v27 local=(-6.096,1.524,4.826) world=(-6.096,1.524,4.826)
jolt: mesh v28 local=(-6.096,1.524,5.334) world=(-6.096,1.524,5.334)
jolt: mesh v29 local=(-6.096,1.651,0.000) world=(-6.096,1.651,0.000)
jolt: mesh v30 local=(-6.096,1.651,0.127) world=(-6.096,1.651,0.127)
jolt: mesh v31 local=(-6.096,1.651,0.635) world=(-6.096,1.651,0.635)
jolt: mesh v32 local=(-6.096,1.651,1.044) world=(-6.096,1.651,1.044)
jolt: mesh v33 local=(-6.096,1.651,1.453) world=(-6.096,1.651,1.453)
jolt: mesh v34 local=(-6.096,1.651,1.862) world=(-6.096,1.651,1.862)
jolt: mesh v35 local=(-6.096,1.651,2.271) world=(-6.096,1.651,2.271)
jolt: mesh v36 local=(-6.096,1.651,2.680) world=(-6.096,1.651,2.680)
jolt: mesh v37 local=(-6.096,1.651,3.089) world=(-6.096,1.651,3.089)
jolt: mesh v38 local=(-6.096,1.651,3.498) world=(-6.096,1.651,3.498)
jolt: mesh v39 local=(-6.096,1.651,3.907) world=(-6.096,1.651,3.907)
jolt: mesh v40 local=(-6.096,1.651,4.315) world=(-6.096,1.651,4.315)
jolt: mesh v41 local=(-6.096,1.651,4.724) world=(-6.096,1.651,4.724)
jolt: mesh v42 local=(-6.096,1.651,4.826) world=(-6.096,1.651,4.826)
jolt: mesh v43 local=(-6.096,1.651,5.334) world=(-6.096,1.651,5.334)
jolt: mesh v44 local=(-5.969,-1.651,0.127) world=(-5.969,-1.651,0.127)
jolt: mesh v45 local=(-5.969,-1.651,0.635) world=(-5.969,-1.651,0.635)
jolt: mesh v46 local=(-5.969,-1.651,1.044) world=(-5.969,-1.651,1.044)
jolt: mesh v47 local=(-5.969,-1.651,1.453) world=(-5.969,-1.651,1.453)
jolt: mesh v48 local=(-5.969,-1.651,1.862) world=(-5.969,-1.651,1.862)
jolt: mesh v49 local=(-5.969,-1.651,2.271) world=(-5.969,-1.651,2.271)
jolt: mesh v50 local=(-5.969,-1.651,2.680) world=(-5.969,-1.651,2.680)
jolt: mesh v51 local=(-5.969,-1.651,3.089) world=(-5.969,-1.651,3.089)
jolt: mesh v52 local=(-5.969,-1.651,3.498) world=(-5.969,-1.651,3.498)
jolt: mesh v53 local=(-5.969,-1.651,3.907) world=(-5.969,-1.651,3.907)
jolt: mesh v54 local=(-5.969,-1.651,4.315) world=(-5.969,-1.651,4.315)
jolt: mesh v55 local=(-5.969,-1.651,4.724) world=(-5.969,-1.651,4.724)
jolt: mesh v56 local=(-5.969,-1.651,4.826) world=(-5.969,-1.651,4.826)
jolt: mesh v57 local=(-5.969,-1.651,5.334) world=(-5.969,-1.651,5.334)
jolt: mesh v58 local=(-5.969,1.524,0.127) world=(-5.969,1.524,0.127)
jolt: mesh v59 local=(-5.969,1.524,0.635) world=(-5.969,1.524,0.635)
jolt: mesh v60 local=(-5.969,1.524,1.044) world=(-5.969,1.524,1.044)
jolt: mesh v61 local=(-5.969,1.524,1.453) world=(-5.969,1.524,1.453)
jolt: mesh v62 local=(-5.969,1.524,1.862) world=(-5.969,1.524,1.862)
jolt: mesh v63 local=(-5.969,1.524,2.271) world=(-5.969,1.524,2.271)
jolt: mesh v64 local=(-5.969,1.524,2.680) world=(-5.969,1.524,2.680)
jolt: mesh v65 local=(-5.969,1.524,3.089) world=(-5.969,1.524,3.089)
jolt: mesh v66 local=(-5.969,1.524,3.498) world=(-5.969,1.524,3.498)
jolt: mesh v67 local=(-5.969,1.524,3.907) world=(-5.969,1.524,3.907)
jolt: mesh v68 local=(-5.969,1.524,4.315) world=(-5.969,1.524,4.315)
jolt: mesh v69 local=(-5.969,1.524,4.724) world=(-5.969,1.524,4.724)
jolt: mesh v70 local=(-5.969,1.524,4.826) world=(-5.969,1.524,4.826)
jolt: mesh v71 local=(-5.969,1.524,5.334) world=(-5.969,1.524,5.334)
jolt: mesh v72 local=(-4.185,1.524,4.724) world=(-4.185,1.524,4.724)
jolt: mesh v73 local=(-4.127,1.524,4.315) world=(-4.127,1.524,4.315)
jolt: mesh v74 local=(-4.068,1.524,3.907) world=(-4.068,1.524,3.907)
jolt: mesh v75 local=(-4.010,1.524,3.498) world=(-4.010,1.524,3.498)
jolt: mesh v76 local=(-3.951,1.524,3.089) world=(-3.951,1.524,3.089)
jolt: mesh v77 local=(-3.893,1.524,2.680) world=(-3.893,1.524,2.680)
jolt: mesh v78 local=(-3.834,1.524,2.271) world=(-3.834,1.524,2.271)
jolt: mesh v79 local=(-3.776,1.524,1.862) world=(-3.776,1.524,1.862)
jolt: mesh v80 local=(-3.717,1.524,1.453) world=(-3.717,1.524,1.453)
jolt: mesh v81 local=(-3.659,1.524,1.044) world=(-3.659,1.524,1.044)
jolt: mesh v82 local=(-3.600,1.524,0.635) world=(-3.600,1.524,0.635)
jolt: mesh v83 local=(-3.254,1.524,4.724) world=(-3.254,1.524,4.724)
jolt: mesh v84 local=(-3.069,1.524,4.315) world=(-3.069,1.524,4.315)
jolt: mesh v85 local=(-2.883,1.524,3.907) world=(-2.883,1.524,3.907)
jolt: mesh v86 local=(-2.698,1.524,3.498) world=(-2.698,1.524,3.498)
jolt: mesh v87 local=(-2.512,1.524,3.089) world=(-2.512,1.524,3.089)
jolt: mesh v88 local=(-2.327,1.524,2.680) world=(-2.327,1.524,2.680)
jolt: mesh v89 local=(-2.142,1.524,2.271) world=(-2.142,1.524,2.271)
jolt: mesh v90 local=(-1.956,1.524,1.862) world=(-1.956,1.524,1.862)
jolt: mesh v91 local=(-1.771,1.524,1.453) world=(-1.771,1.524,1.453)
jolt: mesh v92 local=(-1.585,1.524,1.044) world=(-1.585,1.524,1.044)
jolt: mesh v93 local=(-1.400,1.524,0.635) world=(-1.400,1.524,0.635)
jolt: mesh v94 local=(-0.385,1.524,4.724) world=(-0.385,1.524,4.724)
jolt: mesh v95 local=(-0.327,1.524,4.315) world=(-0.327,1.524,4.315)
jolt: mesh v96 local=(-0.268,1.524,3.907) world=(-0.268,1.524,3.907)
jolt: mesh v97 local=(-0.210,1.524,3.498) world=(-0.210,1.524,3.498)
jolt: mesh v98 local=(-0.151,1.524,3.089) world=(-0.151,1.524,3.089)
jolt: mesh v99 local=(-0.093,1.524,2.680) world=(-0.093,1.524,2.680)
jolt: mesh v100 local=(-0.034,1.524,2.271) world=(-0.034,1.524,2.271)
jolt: mesh v101 local=(0.024,1.524,1.862) world=(0.024,1.524,1.862)
jolt: mesh v102 local=(0.083,1.524,1.453) world=(0.083,1.524,1.453)
jolt: mesh v103 local=(0.141,1.524,1.044) world=(0.141,1.524,1.044)
jolt: mesh v104 local=(0.200,1.524,0.635) world=(0.200,1.524,0.635)
jolt: mesh v105 local=(0.546,1.524,4.724) world=(0.546,1.524,4.724)
jolt: mesh v106 local=(0.731,1.524,4.315) world=(0.731,1.524,4.315)
jolt: mesh v107 local=(0.917,1.524,3.907) world=(0.917,1.524,3.907)
jolt: mesh v108 local=(1.102,1.524,3.498) world=(1.102,1.524,3.498)
jolt: mesh v109 local=(1.288,1.524,3.089) world=(1.288,1.524,3.089)
jolt: mesh v110 local=(1.473,1.524,2.680) world=(1.473,1.524,2.680)
jolt: mesh v111 local=(1.658,1.524,2.271) world=(1.658,1.524,2.271)
jolt: mesh v112 local=(1.844,1.524,1.862) world=(1.844,1.524,1.862)
jolt: mesh v113 local=(2.029,1.524,1.453) world=(2.029,1.524,1.453)
jolt: mesh v114 local=(2.215,1.524,1.044) world=(2.215,1.524,1.044)
jolt: mesh v115 local=(2.400,1.524,0.635) world=(2.400,1.524,0.635)
jolt: mesh v116 local=(3.612,1.524,4.724) world=(3.612,1.524,4.724)
jolt: mesh v117 local=(3.661,1.524,4.315) world=(3.661,1.524,4.315)
jolt: mesh v118 local=(3.710,1.524,3.907) world=(3.710,1.524,3.907)
jolt: mesh v119 local=(3.758,1.524,3.498) world=(3.758,1.524,3.498)
jolt: mesh v120 local=(3.807,1.524,3.089) world=(3.807,1.524,3.089)
jolt: mesh v121 local=(3.856,1.524,2.680) world=(3.856,1.524,2.680)
jolt: mesh v122 local=(3.905,1.524,2.271) world=(3.905,1.524,2.271)
jolt: mesh v123 local=(3.954,1.524,1.862) world=(3.954,1.524,1.862)
jolt: mesh v124 local=(4.002,1.524,1.453) world=(4.002,1.524,1.453)
jolt: mesh v125 local=(4.051,1.524,1.044) world=(4.051,1.524,1.044)
jolt: mesh v126 local=(4.100,1.524,0.635) world=(4.100,1.524,0.635)
jolt: mesh v127 local=(4.339,1.524,4.724) world=(4.339,1.524,4.724)
jolt: mesh v128 local=(4.495,1.524,4.315) world=(4.495,1.524,4.315)
jolt: mesh v129 local=(4.651,1.524,3.907) world=(4.651,1.524,3.907)
jolt: mesh v130 local=(4.807,1.524,3.498) world=(4.807,1.524,3.498)
jolt: mesh v131 local=(4.963,1.524,3.089) world=(4.963,1.524,3.089)
jolt: mesh v132 local=(5.119,1.524,2.680) world=(5.119,1.524,2.680)
jolt: mesh v133 local=(5.276,1.524,2.271) world=(5.276,1.524,2.271)
jolt: mesh v134 local=(5.432,1.524,1.862) world=(5.432,1.524,1.862)
jolt: mesh v135 local=(5.588,1.524,1.453) world=(5.588,1.524,1.453)
jolt: mesh v136 local=(5.744,1.524,1.044) world=(5.744,1.524,1.044)
jolt: mesh v137 local=(5.900,1.524,0.635) world=(5.900,1.524,0.635)
jolt: mesh v138 local=(5.969,-1.651,0.127) world=(5.969,-1.651,0.127)
jolt: mesh v139 local=(5.969,-1.651,0.635) world=(5.969,-1.651,0.635)
jolt: mesh v140 local=(5.969,-1.651,1.044) world=(5.969,-1.651,1.044)
jolt: mesh v141 local=(5.969,-1.651,1.453) world=(5.969,-1.651,1.453)
jolt: mesh v142 local=(5.969,-1.651,1.862) world=(5.969,-1.651,1.862)
jolt: mesh v143 local=(5.969,-1.651,2.271) world=(5.969,-1.651,2.271)
jolt: mesh v144 local=(5.969,-1.651,2.680) world=(5.969,-1.651,2.680)
jolt: mesh v145 local=(5.969,-1.651,3.089) world=(5.969,-1.651,3.089)
jolt: mesh v146 local=(5.969,-1.651,3.498) world=(5.969,-1.651,3.498)
jolt: mesh v147 local=(5.969,-1.651,3.907) world=(5.969,-1.651,3.907)
jolt: mesh v148 local=(5.969,-1.651,4.315) world=(5.969,-1.651,4.315)
jolt: mesh v149 local=(5.969,-1.651,4.724) world=(5.969,-1.651,4.724)
jolt: mesh v150 local=(5.969,-1.651,4.826) world=(5.969,-1.651,4.826)
jolt: mesh v151 local=(5.969,-1.651,5.334) world=(5.969,-1.651,5.334)
jolt: mesh v152 local=(5.969,1.524,0.127) world=(5.969,1.524,0.127)
jolt: mesh v153 local=(5.969,1.524,0.635) world=(5.969,1.524,0.635)
jolt: mesh v154 local=(5.969,1.524,1.044) world=(5.969,1.524,1.044)
jolt: mesh v155 local=(5.969,1.524,1.453) world=(5.969,1.524,1.453)
jolt: mesh v156 local=(5.969,1.524,1.862) world=(5.969,1.524,1.862)
jolt: mesh v157 local=(5.969,1.524,2.271) world=(5.969,1.524,2.271)
jolt: mesh v158 local=(5.969,1.524,2.680) world=(5.969,1.524,2.680)
jolt: mesh v159 local=(5.969,1.524,3.089) world=(5.969,1.524,3.089)
jolt: mesh v160 local=(5.969,1.524,3.498) world=(5.969,1.524,3.498)
jolt: mesh v161 local=(5.969,1.524,3.907) world=(5.969,1.524,3.907)
jolt: mesh v162 local=(5.969,1.524,4.315) world=(5.969,1.524,4.315)
jolt: mesh v163 local=(5.969,1.524,4.724) world=(5.969,1.524,4.724)
jolt: mesh v164 local=(5.969,1.524,4.826) world=(5.969,1.524,4.826)
jolt: mesh v165 local=(5.969,1.524,5.334) world=(5.969,1.524,5.334)
jolt: mesh v166 local=(6.096,-1.651,0.000) world=(6.096,-1.651,0.000)
jolt: mesh v167 local=(6.096,-1.651,0.127) world=(6.096,-1.651,0.127)
jolt: mesh v168 local=(6.096,-1.651,0.635) world=(6.096,-1.651,0.635)
jolt: mesh v169 local=(6.096,-1.651,1.044) world=(6.096,-1.651,1.044)
jolt: mesh v170 local=(6.096,-1.651,1.453) world=(6.096,-1.651,1.453)
jolt: mesh v171 local=(6.096,-1.651,1.862) world=(6.096,-1.651,1.862)
jolt: mesh v172 local=(6.096,-1.651,2.271) world=(6.096,-1.651,2.271)
jolt: mesh v173 local=(6.096,-1.651,2.680) world=(6.096,-1.651,2.680)
jolt: mesh v174 local=(6.096,-1.651,3.089) world=(6.096,-1.651,3.089)
jolt: mesh v175 local=(6.096,-1.651,3.498) world=(6.096,-1.651,3.498)
jolt: mesh v176 local=(6.096,-1.651,3.907) world=(6.096,-1.651,3.907)
jolt: mesh v177 local=(6.096,-1.651,4.315) world=(6.096,-1.651,4.315)
jolt: mesh v178 local=(6.096,-1.651,4.724) world=(6.096,-1.651,4.724)
jolt: mesh v179 local=(6.096,-1.651,4.826) world=(6.096,-1.651,4.826)
jolt: mesh v180 local=(6.096,-1.651,5.334) world=(6.096,-1.651,5.334)
jolt: mesh v181 local=(6.096,1.524,0.127) world=(6.096,1.524,0.127)
jolt: mesh v182 local=(6.096,1.524,0.635) world=(6.096,1.524,0.635)
jolt: mesh v183 local=(6.096,1.524,1.044) world=(6.096,1.524,1.044)
jolt: mesh v184 local=(6.096,1.524,1.453) world=(6.096,1.524,1.453)
jolt: mesh v185 local=(6.096,1.524,1.862) world=(6.096,1.524,1.862)
jolt: mesh v186 local=(6.096,1.524,2.271) world=(6.096,1.524,2.271)
jolt: mesh v187 local=(6.096,1.524,2.680) world=(6.096,1.524,2.680)
jolt: mesh v188 local=(6.096,1.524,3.089) world=(6.096,1.524,3.089)
jolt: mesh v189 local=(6.096,1.524,3.498) world=(6.096,1.524,3.498)
jolt: mesh v190 local=(6.096,1.524,3.907) world=(6.096,1.524,3.907)
jolt: mesh v191 local=(6.096,1.524,4.315) world=(6.096,1.524,4.315)
jolt: mesh v192 local=(6.096,1.524,4.724) world=(6.096,1.524,4.724)
jolt: mesh v193 local=(6.096,1.524,4.826) world=(6.096,1.524,4.826)
jolt: mesh v194 local=(6.096,1.524,5.334) world=(6.096,1.524,5.334)
jolt: mesh v195 local=(6.096,1.651,0.000) world=(6.096,1.651,0.000)
jolt: mesh v196 local=(6.096,1.651,0.127) world=(6.096,1.651,0.127)
jolt: mesh v197 local=(6.096,1.651,0.635) world=(6.096,1.651,0.635)
jolt: mesh v198 local=(6.096,1.651,1.044) world=(6.096,1.651,1.044)
jolt: mesh v199 local=(6.096,1.651,1.453) world=(6.096,1.651,1.453)
jolt: mesh v200 local=(6.096,1.651,1.862) world=(6.096,1.651,1.862)
jolt: mesh v201 local=(6.096,1.651,2.271) world=(6.096,1.651,2.271)
jolt: mesh v202 local=(6.096,1.651,2.680) world=(6.096,1.651,2.680)
jolt: mesh v203 local=(6.096,1.651,3.089) world=(6.096,1.651,3.089)
jolt: mesh v204 local=(6.096,1.651,3.498) world=(6.096,1.651,3.498)
jolt: mesh v205 local=(6.096,1.651,3.907) world=(6.096,1.651,3.907)
jolt: mesh v206 local=(6.096,1.651,4.315) world=(6.096,1.651,4.315)
jolt: mesh v207 local=(6.096,1.651,4.724) world=(6.096,1.651,4.724)
jolt: mesh v208 local=(6.096,1.651,4.826) world=(6.096,1.651,4.826)
jolt: mesh v209 local=(6.096,1.651,5.334) world=(6.096,1.651,5.334)
jolt: body MESH_STATIC verts=210 faces=600 id=16777216
LMalloc of 244 not 8-byte aligned, rounding up
LMalloc of 44 not 8-byte aligned, rounding up
LMalloc of 44 not 8-byte aligned, rounding up
LMalloc of 44 not 8-byte aligned, rounding up
LMalloc of 276 not 8-byte aligned, rounding up
RenderActor3DAnimates constructed with no animations!
LMalloc of 44 not 8-byte aligned, rounding up
LMalloc of 44 not 8-byte aligned, rounding up
MATL closed without all data read (bytesLeft = 264)
LMalloc of 44 not 8-byte aligned, rounding up
jolt: mesh actor_pos=(0.000,0.000,0.000)
jolt: mesh v0 local=(-5.969,-1.651,0.127) world=(-5.969,-1.651,0.127)
jolt: mesh v1 local=(-5.969,-1.651,5.334) world=(-5.969,-1.651,5.334)
jolt: mesh v2 local=(-5.969,-1.524,0.127) world=(-5.969,-1.524,0.127)
jolt: mesh v3 local=(-5.969,-1.524,5.334) world=(-5.969,-1.524,5.334)
jolt: mesh v4 local=(5.969,-1.651,0.127) world=(5.969,-1.651,0.127)
jolt: mesh v5 local=(5.969,-1.651,5.334) world=(5.969,-1.651,5.334)
jolt: mesh v6 local=(5.969,-1.524,0.127) world=(5.969,-1.524,0.127)
jolt: mesh v7 local=(5.969,-1.524,5.334) world=(5.969,-1.524,5.334)
jolt: body MESH_STATIC verts=8 faces=12 id=16777217
LMalloc of 244 not 8-byte aligned, rounding up
LMalloc of 44 not 8-byte aligned, rounding up
LMalloc of 44 not 8-byte aligned, rounding up
LMalloc of 44 not 8-byte aligned, rounding up
LMalloc of 836 not 8-byte aligned, rounding up
RenderActor3DAnimates constructed with no animations!
LMalloc of 44 not 8-byte aligned, rounding up
LMalloc of 44 not 8-byte aligned, rounding up
MATL closed without all data read (bytesLeft = 528)
LMalloc of 44 not 8-byte aligned, rounding up
jolt: mesh actor_pos=(0.000,0.000,0.000)
jolt: mesh v0 local=(-6.160,-1.714,5.207) world=(-6.160,-1.714,5.207)
jolt: mesh v1 local=(-6.160,-1.714,5.334) world=(-6.160,-1.714,5.334)
jolt: mesh v2 local=(-6.160,1.714,5.207) world=(-6.160,1.714,5.207)
jolt: mesh v3 local=(-6.160,1.714,5.334) world=(-6.160,1.714,5.334)
jolt: mesh v4 local=(-6.096,-1.651,5.397) world=(-6.096,-1.651,5.397)
jolt: mesh v5 local=(-6.096,1.651,5.397) world=(-6.096,1.651,5.397)
jolt: mesh v6 local=(-5.905,-1.460,5.207) world=(-5.905,-1.460,5.207)
jolt: mesh v7 local=(-5.905,-1.460,5.397) world=(-5.905,-1.460,5.397)
jolt: mesh v8 local=(-5.905,1.460,5.207) world=(-5.905,1.460,5.207)
jolt: mesh v9 local=(-5.905,1.460,5.397) world=(-5.905,1.460,5.397)
jolt: mesh v10 local=(5.905,-1.460,5.207) world=(5.905,-1.460,5.207)
jolt: mesh v11 local=(5.905,-1.460,5.397) world=(5.905,-1.460,5.397)
jolt: mesh v12 local=(5.905,1.460,5.207) world=(5.905,1.460,5.207)
jolt: mesh v13 local=(5.905,1.460,5.397) world=(5.905,1.460,5.397)
jolt: mesh v14 local=(6.096,-1.651,5.397) world=(6.096,-1.651,5.397)
jolt: mesh v15 local=(6.096,1.651,5.397) world=(6.096,1.651,5.397)
jolt: mesh v16 local=(6.160,-1.714,5.207) world=(6.160,-1.714,5.207)
jolt: mesh v17 local=(6.160,-1.714,5.334) world=(6.160,-1.714,5.334)
jolt: mesh v18 local=(6.160,1.714,5.207) world=(6.160,1.714,5.207)
jolt: mesh v19 local=(6.160,1.714,5.334) world=(6.160,1.714,5.334)
jolt: body MESH_STATIC verts=20 faces=40 id=16777218
LMalloc of 244 not 8-byte aligned, rounding up
LMalloc of 44 not 8-byte aligned, rounding up
LMalloc of 44 not 8-byte aligned, rounding up
LMalloc of 44 not 8-byte aligned, rounding up
LMalloc of 8236 not 8-byte aligned, rounding up
RenderActor3DAnimates constructed with no animations!
LMalloc of 44 not 8-byte aligned, rounding up
LMalloc of 44 not 8-byte aligned, rounding up
MATL closed without all data read (bytesLeft = 1056)
LMalloc of 44 not 8-byte aligned, rounding up
jolt: mesh actor_pos=(0.000,0.000,0.000)
jolt: mesh v0 local=(-5.964,-1.519,0.132) world=(-5.964,-1.519,0.132)
jolt: mesh v1 local=(-5.964,-1.519,0.635) world=(-5.964,-1.519,0.635)
jolt: mesh v2 local=(-5.964,-1.013,0.132) world=(-5.964,-1.013,0.132)
jolt: mesh v3 local=(-5.964,-1.013,0.635) world=(-5.964,-1.013,0.635)
jolt: mesh v4 local=(-5.964,-0.506,0.132) world=(-5.964,-0.506,0.132)
jolt: mesh v5 local=(-5.964,-0.506,0.635) world=(-5.964,-0.506,0.635)
jolt: mesh v6 local=(-5.964,0.000,0.132) world=(-5.964,0.000,0.132)
jolt: mesh v7 local=(-5.964,0.000,0.635) world=(-5.964,0.000,0.635)
jolt: mesh v8 local=(-5.964,0.506,0.132) world=(-5.964,0.506,0.132)
jolt: mesh v9 local=(-5.964,0.506,0.635) world=(-5.964,0.506,0.635)
jolt: mesh v10 local=(-5.964,1.013,0.132) world=(-5.964,1.013,0.132)
jolt: mesh v11 local=(-5.964,1.013,0.635) world=(-5.964,1.013,0.635)
jolt: mesh v12 local=(-5.964,1.519,0.132) world=(-5.964,1.519,0.132)
jolt: mesh v13 local=(-5.964,1.519,0.635) world=(-5.964,1.519,0.635)
jolt: mesh v14 local=(-5.467,-1.519,0.132) world=(-5.467,-1.519,0.132)
jolt: mesh v15 local=(-5.467,-1.519,0.635) world=(-5.467,-1.519,0.635)
jolt: mesh v16 local=(-5.467,-1.013,0.635) world=(-5.467,-1.013,0.635)
jolt: mesh v17 local=(-5.467,-0.506,0.635) world=(-5.467,-0.506,0.635)
jolt: mesh v18 local=(-5.467,0.000,0.635) world=(-5.467,0.000,0.635)
jolt: mesh v19 local=(-5.467,0.506,0.635) world=(-5.467,0.506,0.635)
jolt: mesh v20 local=(-5.467,1.013,0.635) world=(-5.467,1.013,0.635)
jolt: mesh v21 local=(-5.467,1.519,0.132) world=(-5.467,1.519,0.132)
jolt: mesh v22 local=(-5.467,1.519,0.635) world=(-5.467,1.519,0.635)
jolt: mesh v23 local=(-4.970,-1.519,0.132) world=(-4.970,-1.519,0.132)
jolt: mesh v24 local=(-4.970,-1.519,0.635) world=(-4.970,-1.519,0.635)
jolt: mesh v25 local=(-4.970,-1.013,0.635) world=(-4.970,-1.013,0.635)
jolt: mesh v26 local=(-4.970,-0.506,0.635) world=(-4.970,-0.506,0.635)
jolt: mesh v27 local=(-4.970,0.000,0.635) world=(-4.970,0.000,0.635)
jolt: mesh v28 local=(-4.970,0.506,0.635) world=(-4.970,0.506,0.635)
jolt: mesh v29 local=(-4.970,1.013,0.635) world=(-4.970,1.013,0.635)
jolt: mesh v30 local=(-4.970,1.519,0.132) world=(-4.970,1.519,0.132)
jolt: mesh v31 local=(-4.970,1.519,0.635) world=(-4.970,1.519,0.635)
jolt: mesh v32 local=(-4.473,-1.519,0.132) world=(-4.473,-1.519,0.132)
jolt: mesh v33 local=(-4.473,-1.519,0.635) world=(-4.473,-1.519,0.635)
jolt: mesh v34 local=(-4.473,-1.013,0.635) world=(-4.473,-1.013,0.635)
jolt: mesh v35 local=(-4.473,-0.506,0.635) world=(-4.473,-0.506,0.635)
jolt: mesh v36 local=(-4.473,0.000,0.635) world=(-4.473,0.000,0.635)
jolt: mesh v37 local=(-4.473,0.506,0.635) world=(-4.473,0.506,0.635)
jolt: mesh v38 local=(-4.473,1.013,0.635) world=(-4.473,1.013,0.635)
jolt: mesh v39 local=(-4.473,1.519,0.132) world=(-4.473,1.519,0.132)
jolt: mesh v40 local=(-4.473,1.519,0.635) world=(-4.473,1.519,0.635)
jolt: mesh v41 local=(-3.976,-1.519,0.132) world=(-3.976,-1.519,0.132)
jolt: mesh v42 local=(-3.976,-1.519,0.635) world=(-3.976,-1.519,0.635)
jolt: mesh v43 local=(-3.976,-1.013,0.635) world=(-3.976,-1.013,0.635)
jolt: mesh v44 local=(-3.976,-0.506,0.635) world=(-3.976,-0.506,0.635)
jolt: mesh v45 local=(-3.976,0.000,0.635) world=(-3.976,0.000,0.635)
jolt: mesh v46 local=(-3.976,0.506,0.635) world=(-3.976,0.506,0.635)
jolt: mesh v47 local=(-3.976,1.013,0.635) world=(-3.976,1.013,0.635)
jolt: mesh v48 local=(-3.976,1.519,0.132) world=(-3.976,1.519,0.132)
jolt: mesh v49 local=(-3.976,1.519,0.635) world=(-3.976,1.519,0.635)
jolt: mesh v50 local=(-3.479,-1.519,0.132) world=(-3.479,-1.519,0.132)
jolt: mesh v51 local=(-3.479,-1.519,0.635) world=(-3.479,-1.519,0.635)
jolt: mesh v52 local=(-3.479,-1.013,0.635) world=(-3.479,-1.013,0.635)
jolt: mesh v53 local=(-3.479,-0.506,0.635) world=(-3.479,-0.506,0.635)
jolt: mesh v54 local=(-3.479,0.000,0.635) world=(-3.479,0.000,0.635)
jolt: mesh v55 local=(-3.479,0.506,0.635) world=(-3.479,0.506,0.635)
jolt: mesh v56 local=(-3.479,1.013,0.635) world=(-3.479,1.013,0.635)
jolt: mesh v57 local=(-3.479,1.519,0.132) world=(-3.479,1.519,0.132)
jolt: mesh v58 local=(-3.479,1.519,0.635) world=(-3.479,1.519,0.635)
jolt: mesh v59 local=(-2.982,-1.519,0.132) world=(-2.982,-1.519,0.132)
jolt: mesh v60 local=(-2.982,-1.519,0.635) world=(-2.982,-1.519,0.635)
jolt: mesh v61 local=(-2.982,-1.013,0.635) world=(-2.982,-1.013,0.635)
jolt: mesh v62 local=(-2.982,-0.506,0.635) world=(-2.982,-0.506,0.635)
jolt: mesh v63 local=(-2.982,0.000,0.635) world=(-2.982,0.000,0.635)
jolt: mesh v64 local=(-2.982,0.506,0.635) world=(-2.982,0.506,0.635)
jolt: mesh v65 local=(-2.982,1.013,0.635) world=(-2.982,1.013,0.635)
jolt: mesh v66 local=(-2.982,1.519,0.132) world=(-2.982,1.519,0.132)
jolt: mesh v67 local=(-2.982,1.519,0.635) world=(-2.982,1.519,0.635)
jolt: mesh v68 local=(-2.485,-1.519,0.132) world=(-2.485,-1.519,0.132)
jolt: mesh v69 local=(-2.485,-1.519,0.635) world=(-2.485,-1.519,0.635)
jolt: mesh v70 local=(-2.485,-1.013,0.635) world=(-2.485,-1.013,0.635)
jolt: mesh v71 local=(-2.485,-0.506,0.635) world=(-2.485,-0.506,0.635)
jolt: mesh v72 local=(-2.485,0.000,0.635) world=(-2.485,0.000,0.635)
jolt: mesh v73 local=(-2.485,0.506,0.635) world=(-2.485,0.506,0.635)
jolt: mesh v74 local=(-2.485,1.013,0.635) world=(-2.485,1.013,0.635)
jolt: mesh v75 local=(-2.485,1.519,0.132) world=(-2.485,1.519,0.132)
jolt: mesh v76 local=(-2.485,1.519,0.635) world=(-2.485,1.519,0.635)
jolt: mesh v77 local=(-1.988,-1.519,0.132) world=(-1.988,-1.519,0.132)
jolt: mesh v78 local=(-1.988,-1.519,0.635) world=(-1.988,-1.519,0.635)
jolt: mesh v79 local=(-1.988,-1.013,0.635) world=(-1.988,-1.013,0.635)
jolt: mesh v80 local=(-1.988,-0.506,0.635) world=(-1.988,-0.506,0.635)
jolt: mesh v81 local=(-1.988,0.000,0.635) world=(-1.988,0.000,0.635)
jolt: mesh v82 local=(-1.988,0.506,0.635) world=(-1.988,0.506,0.635)
jolt: mesh v83 local=(-1.988,1.013,0.635) world=(-1.988,1.013,0.635)
jolt: mesh v84 local=(-1.988,1.519,0.132) world=(-1.988,1.519,0.132)
jolt: mesh v85 local=(-1.988,1.519,0.635) world=(-1.988,1.519,0.635)
jolt: mesh v86 local=(-1.491,-1.519,0.132) world=(-1.491,-1.519,0.132)
jolt: mesh v87 local=(-1.491,-1.519,0.635) world=(-1.491,-1.519,0.635)
jolt: mesh v88 local=(-1.491,-1.013,0.635) world=(-1.491,-1.013,0.635)
jolt: mesh v89 local=(-1.491,-0.506,0.635) world=(-1.491,-0.506,0.635)
jolt: mesh v90 local=(-1.491,0.000,0.635) world=(-1.491,0.000,0.635)
jolt: mesh v91 local=(-1.491,0.506,0.635) world=(-1.491,0.506,0.635)
jolt: mesh v92 local=(-1.491,1.013,0.635) world=(-1.491,1.013,0.635)
jolt: mesh v93 local=(-1.491,1.519,0.132) world=(-1.491,1.519,0.132)
jolt: mesh v94 local=(-1.491,1.519,0.635) world=(-1.491,1.519,0.635)
jolt: mesh v95 local=(-0.994,-1.519,0.132) world=(-0.994,-1.519,0.132)
jolt: mesh v96 local=(-0.994,-1.519,0.635) world=(-0.994,-1.519,0.635)
jolt: mesh v97 local=(-0.994,-1.013,0.635) world=(-0.994,-1.013,0.635)
jolt: mesh v98 local=(-0.994,-0.506,0.635) world=(-0.994,-0.506,0.635)
jolt: mesh v99 local=(-0.994,0.000,0.635) world=(-0.994,0.000,0.635)
jolt: mesh v100 local=(-0.994,0.506,0.635) world=(-0.994,0.506,0.635)
jolt: mesh v101 local=(-0.994,1.013,0.635) world=(-0.994,1.013,0.635)
jolt: mesh v102 local=(-0.994,1.519,0.132) world=(-0.994,1.519,0.132)
jolt: mesh v103 local=(-0.994,1.519,0.635) world=(-0.994,1.519,0.635)
jolt: mesh v104 local=(-0.497,-1.519,0.132) world=(-0.497,-1.519,0.132)
jolt: mesh v105 local=(-0.497,-1.519,0.635) world=(-0.497,-1.519,0.635)
jolt: mesh v106 local=(-0.497,-1.013,0.635) world=(-0.497,-1.013,0.635)
jolt: mesh v107 local=(-0.497,-0.506,0.635) world=(-0.497,-0.506,0.635)
jolt: mesh v108 local=(-0.497,0.000,0.635) world=(-0.497,0.000,0.635)
jolt: mesh v109 local=(-0.497,0.506,0.635) world=(-0.497,0.506,0.635)
jolt: mesh v110 local=(-0.497,1.013,0.635) world=(-0.497,1.013,0.635)
jolt: mesh v111 local=(-0.497,1.519,0.132) world=(-0.497,1.519,0.132)
jolt: mesh v112 local=(-0.497,1.519,0.635) world=(-0.497,1.519,0.635)
jolt: mesh v113 local=(0.000,-1.519,0.132) world=(0.000,-1.519,0.132)
jolt: mesh v114 local=(0.000,-1.519,0.635) world=(0.000,-1.519,0.635)
jolt: mesh v115 local=(0.000,-1.013,0.635) world=(0.000,-1.013,0.635)
jolt: mesh v116 local=(0.000,-0.506,0.635) world=(0.000,-0.506,0.635)
jolt: mesh v117 local=(0.000,0.000,0.635) world=(0.000,0.000,0.635)
jolt: mesh v118 local=(0.000,0.506,0.635) world=(0.000,0.506,0.635)
jolt: mesh v119 local=(0.000,1.013,0.635) world=(0.000,1.013,0.635)
jolt: mesh v120 local=(0.000,1.519,0.132) world=(0.000,1.519,0.132)
jolt: mesh v121 local=(0.000,1.519,0.635) world=(0.000,1.519,0.635)
jolt: mesh v122 local=(0.497,-1.519,0.132) world=(0.497,-1.519,0.132)
jolt: mesh v123 local=(0.497,-1.519,0.635) world=(0.497,-1.519,0.635)
jolt: mesh v124 local=(0.497,-1.013,0.635) world=(0.497,-1.013,0.635)
jolt: mesh v125 local=(0.497,-0.506,0.635) world=(0.497,-0.506,0.635)
jolt: mesh v126 local=(0.497,0.000,0.635) world=(0.497,0.000,0.635)
jolt: mesh v127 local=(0.497,0.506,0.635) world=(0.497,0.506,0.635)
jolt: mesh v128 local=(0.497,1.013,0.635) world=(0.497,1.013,0.635)
jolt: mesh v129 local=(0.497,1.519,0.132) world=(0.497,1.519,0.132)
jolt: mesh v130 local=(0.497,1.519,0.635) world=(0.497,1.519,0.635)
jolt: mesh v131 local=(0.994,-1.519,0.132) world=(0.994,-1.519,0.132)
jolt: mesh v132 local=(0.994,-1.519,0.635) world=(0.994,-1.519,0.635)
jolt: mesh v133 local=(0.994,-1.013,0.635) world=(0.994,-1.013,0.635)
jolt: mesh v134 local=(0.994,-0.506,0.635) world=(0.994,-0.506,0.635)
jolt: mesh v135 local=(0.994,0.000,0.635) world=(0.994,0.000,0.635)
jolt: mesh v136 local=(0.994,0.506,0.635) world=(0.994,0.506,0.635)
jolt: mesh v137 local=(0.994,1.013,0.635) world=(0.994,1.013,0.635)
jolt: mesh v138 local=(0.994,1.519,0.132) world=(0.994,1.519,0.132)
jolt: mesh v139 local=(0.994,1.519,0.635) world=(0.994,1.519,0.635)
jolt: mesh v140 local=(1.491,-1.519,0.132) world=(1.491,-1.519,0.132)
jolt: mesh v141 local=(1.491,-1.519,0.635) world=(1.491,-1.519,0.635)
jolt: mesh v142 local=(1.491,-1.013,0.635) world=(1.491,-1.013,0.635)
jolt: mesh v143 local=(1.491,-0.506,0.635) world=(1.491,-0.506,0.635)
jolt: mesh v144 local=(1.491,0.000,0.635) world=(1.491,0.000,0.635)
jolt: mesh v145 local=(1.491,0.506,0.635) world=(1.491,0.506,0.635)
jolt: mesh v146 local=(1.491,1.013,0.635) world=(1.491,1.013,0.635)
jolt: mesh v147 local=(1.491,1.519,0.132) world=(1.491,1.519,0.132)
jolt: mesh v148 local=(1.491,1.519,0.635) world=(1.491,1.519,0.635)
jolt: mesh v149 local=(1.988,-1.519,0.132) world=(1.988,-1.519,0.132)
jolt: mesh v150 local=(1.988,-1.519,0.635) world=(1.988,-1.519,0.635)
jolt: mesh v151 local=(1.988,-1.013,0.635) world=(1.988,-1.013,0.635)
jolt: mesh v152 local=(1.988,-0.506,0.635) world=(1.988,-0.506,0.635)
jolt: mesh v153 local=(1.988,0.000,0.635) world=(1.988,0.000,0.635)
jolt: mesh v154 local=(1.988,0.506,0.635) world=(1.988,0.506,0.635)
jolt: mesh v155 local=(1.988,1.013,0.635) world=(1.988,1.013,0.635)
jolt: mesh v156 local=(1.988,1.519,0.132) world=(1.988,1.519,0.132)
jolt: mesh v157 local=(1.988,1.519,0.635) world=(1.988,1.519,0.635)
jolt: mesh v158 local=(2.485,-1.519,0.132) world=(2.485,-1.519,0.132)
jolt: mesh v159 local=(2.485,-1.519,0.635) world=(2.485,-1.519,0.635)
jolt: mesh v160 local=(2.485,-1.013,0.635) world=(2.485,-1.013,0.635)
jolt: mesh v161 local=(2.485,-0.506,0.635) world=(2.485,-0.506,0.635)
jolt: mesh v162 local=(2.485,0.000,0.635) world=(2.485,0.000,0.635)
jolt: mesh v163 local=(2.485,0.506,0.635) world=(2.485,0.506,0.635)
jolt: mesh v164 local=(2.485,1.013,0.635) world=(2.485,1.013,0.635)
jolt: mesh v165 local=(2.485,1.519,0.132) world=(2.485,1.519,0.132)
jolt: mesh v166 local=(2.485,1.519,0.635) world=(2.485,1.519,0.635)
jolt: mesh v167 local=(2.982,-1.519,0.132) world=(2.982,-1.519,0.132)
jolt: mesh v168 local=(2.982,-1.519,0.635) world=(2.982,-1.519,0.635)
jolt: mesh v169 local=(2.982,-1.013,0.635) world=(2.982,-1.013,0.635)
jolt: mesh v170 local=(2.982,-0.506,0.635) world=(2.982,-0.506,0.635)
jolt: mesh v171 local=(2.982,0.000,0.635) world=(2.982,0.000,0.635)
jolt: mesh v172 local=(2.982,0.506,0.635) world=(2.982,0.506,0.635)
jolt: mesh v173 local=(2.982,1.013,0.635) world=(2.982,1.013,0.635)
jolt: mesh v174 local=(2.982,1.519,0.132) world=(2.982,1.519,0.132)
jolt: mesh v175 local=(2.982,1.519,0.635) world=(2.982,1.519,0.635)
jolt: mesh v176 local=(3.479,-1.519,0.132) world=(3.479,-1.519,0.132)
jolt: mesh v177 local=(3.479,-1.519,0.635) world=(3.479,-1.519,0.635)
jolt: mesh v178 local=(3.479,-1.013,0.635) world=(3.479,-1.013,0.635)
jolt: mesh v179 local=(3.479,-0.506,0.635) world=(3.479,-0.506,0.635)
jolt: mesh v180 local=(3.479,0.000,0.635) world=(3.479,0.000,0.635)
jolt: mesh v181 local=(3.479,0.506,0.635) world=(3.479,0.506,0.635)
jolt: mesh v182 local=(3.479,1.013,0.635) world=(3.479,1.013,0.635)
jolt: mesh v183 local=(3.479,1.519,0.132) world=(3.479,1.519,0.132)
jolt: mesh v184 local=(3.479,1.519,0.635) world=(3.479,1.519,0.635)
jolt: mesh v185 local=(3.976,-1.519,0.132) world=(3.976,-1.519,0.132)
jolt: mesh v186 local=(3.976,-1.519,0.635) world=(3.976,-1.519,0.635)
jolt: mesh v187 local=(3.976,-1.013,0.635) world=(3.976,-1.013,0.635)
jolt: mesh v188 local=(3.976,-0.506,0.635) world=(3.976,-0.506,0.635)
jolt: mesh v189 local=(3.976,0.000,0.635) world=(3.976,0.000,0.635)
jolt: mesh v190 local=(3.976,0.506,0.635) world=(3.976,0.506,0.635)
jolt: mesh v191 local=(3.976,1.013,0.635) world=(3.976,1.013,0.635)
jolt: mesh v192 local=(3.976,1.519,0.132) world=(3.976,1.519,0.132)
jolt: mesh v193 local=(3.976,1.519,0.635) world=(3.976,1.519,0.635)
jolt: mesh v194 local=(4.473,-1.519,0.132) world=(4.473,-1.519,0.132)
jolt: mesh v195 local=(4.473,-1.519,0.635) world=(4.473,-1.519,0.635)
jolt: mesh v196 local=(4.473,-1.013,0.635) world=(4.473,-1.013,0.635)
jolt: mesh v197 local=(4.473,-0.506,0.635) world=(4.473,-0.506,0.635)
jolt: mesh v198 local=(4.473,0.000,0.635) world=(4.473,0.000,0.635)
jolt: mesh v199 local=(4.473,0.506,0.635) world=(4.473,0.506,0.635)
jolt: mesh v200 local=(4.473,1.013,0.635) world=(4.473,1.013,0.635)
jolt: mesh v201 local=(4.473,1.519,0.132) world=(4.473,1.519,0.132)
jolt: mesh v202 local=(4.473,1.519,0.635) world=(4.473,1.519,0.635)
jolt: mesh v203 local=(4.970,-1.519,0.132) world=(4.970,-1.519,0.132)
jolt: mesh v204 local=(4.970,-1.519,0.635) world=(4.970,-1.519,0.635)
jolt: mesh v205 local=(4.970,-1.013,0.635) world=(4.970,-1.013,0.635)
jolt: mesh v206 local=(4.970,-0.506,0.635) world=(4.970,-0.506,0.635)
jolt: mesh v207 local=(4.970,0.000,0.635) world=(4.970,0.000,0.635)
jolt: mesh v208 local=(4.970,0.506,0.635) world=(4.970,0.506,0.635)
jolt: mesh v209 local=(4.970,1.013,0.635) world=(4.970,1.013,0.635)
jolt: mesh v210 local=(4.970,1.519,0.132) world=(4.970,1.519,0.132)
jolt: mesh v211 local=(4.970,1.519,0.635) world=(4.970,1.519,0.635)
jolt: mesh v212 local=(5.467,-1.519,0.132) world=(5.467,-1.519,0.132)
jolt: mesh v213 local=(5.467,-1.519,0.635) world=(5.467,-1.519,0.635)
jolt: mesh v214 local=(5.467,-1.013,0.635) world=(5.467,-1.013,0.635)
jolt: mesh v215 local=(5.467,-0.506,0.635) world=(5.467,-0.506,0.635)
jolt: mesh v216 local=(5.467,0.000,0.635) world=(5.467,0.000,0.635)
jolt: mesh v217 local=(5.467,0.506,0.635) world=(5.467,0.506,0.635)
jolt: mesh v218 local=(5.467,1.013,0.635) world=(5.467,1.013,0.635)
jolt: mesh v219 local=(5.467,1.519,0.132) world=(5.467,1.519,0.132)
jolt: mesh v220 local=(5.467,1.519,0.635) world=(5.467,1.519,0.635)
jolt: mesh v221 local=(5.964,-1.519,0.132) world=(5.964,-1.519,0.132)
jolt: mesh v222 local=(5.964,-1.519,0.635) world=(5.964,-1.519,0.635)
jolt: mesh v223 local=(5.964,-1.013,0.132) world=(5.964,-1.013,0.132)
jolt: mesh v224 local=(5.964,-1.013,0.635) world=(5.964,-1.013,0.635)
jolt: mesh v225 local=(5.964,-0.506,0.132) world=(5.964,-0.506,0.132)
jolt: mesh v226 local=(5.964,-0.506,0.635) world=(5.964,-0.506,0.635)
jolt: mesh v227 local=(5.964,0.000,0.132) world=(5.964,0.000,0.132)
jolt: mesh v228 local=(5.964,0.000,0.635) world=(5.964,0.000,0.635)
jolt: mesh v229 local=(5.964,0.506,0.132) world=(5.964,0.506,0.132)
jolt: mesh v230 local=(5.964,0.506,0.635) world=(5.964,0.506,0.635)
jolt: mesh v231 local=(5.964,1.013,0.132) world=(5.964,1.013,0.132)
jolt: mesh v232 local=(5.964,1.013,0.635) world=(5.964,1.013,0.635)
jolt: mesh v233 local=(5.964,1.519,0.132) world=(5.964,1.519,0.132)
jolt: mesh v234 local=(5.964,1.519,0.635) world=(5.964,1.519,0.635)
jolt: body MESH_STATIC verts=235 faces=410 id=16777219
LMalloc of 244 not 8-byte aligned, rounding up
LMalloc of 44 not 8-byte aligned, rounding up
LMalloc of 44 not 8-byte aligned, rounding up
LMalloc of 44 not 8-byte aligned, rounding up
LMalloc of 876 not 8-byte aligned, rounding up
RenderActor3DAnimates constructed with no animations!
LMalloc of 44 not 8-byte aligned, rounding up
LMalloc of 44 not 8-byte aligned, rounding up
MATL closed without all data read (bytesLeft = 792)
LMalloc of 44 not 8-byte aligned, rounding up
jolt: mesh actor_pos=(2.500,0.000,0.635)
jolt: mesh v0 local=(-0.773,-0.173,0.000) world=(1.727,-0.173,0.635)
jolt: mesh v1 local=(-0.772,0.204,0.000) world=(1.728,0.204,0.635)
jolt: mesh v2 local=(-0.650,-0.154,0.341) world=(1.850,-0.154,0.976)
jolt: mesh v3 local=(-0.587,0.263,0.256) world=(1.913,0.263,0.891)
jolt: mesh v4 local=(-0.435,-0.099,0.550) world=(2.065,-0.099,1.185)
jolt: mesh v5 local=(-0.372,-0.568,0.000) world=(2.128,-0.568,0.635)
jolt: mesh v6 local=(-0.354,0.491,0.000) world=(2.146,0.491,0.635)
jolt: mesh v7 local=(-0.318,0.270,0.550) world=(2.182,0.270,1.185)
jolt: mesh v8 local=(-0.274,-0.476,0.291) world=(2.226,-0.476,0.926)
jolt: mesh v9 local=(-0.235,0.488,0.323) world=(2.265,0.488,0.958)
jolt: mesh v10 local=(-0.116,-0.369,0.550) world=(2.384,-0.369,1.185)
jolt: mesh v11 local=(0.040,-0.580,0.000) world=(2.540,-0.580,0.635)
jolt: mesh v12 local=(0.116,0.369,0.550) world=(2.616,0.369,1.185)
jolt: mesh v13 local=(0.231,0.532,0.000) world=(2.731,0.532,0.635)
jolt: mesh v14 local=(0.244,0.485,0.335) world=(2.744,0.485,0.970)
jolt: mesh v15 local=(0.277,-0.475,0.310) world=(2.777,-0.475,0.945)
jolt: mesh v16 local=(0.318,-0.270,0.550) world=(2.818,-0.270,1.185)
jolt: mesh v17 local=(0.435,0.099,0.550) world=(2.935,0.099,1.185)
jolt: mesh v18 local=(0.515,-0.417,0.000) world=(3.015,-0.417,0.635)
jolt: mesh v19 local=(0.599,0.246,0.272) world=(3.099,0.246,0.907)
jolt: mesh v20 local=(0.611,-0.229,0.357) world=(3.111,-0.229,0.992)
jolt: mesh v21 local=(0.662,0.322,0.000) world=(3.162,0.322,0.635)
jolt: mesh v22 local=(0.741,-0.030,0.000) world=(3.241,-0.030,0.635)
jolt: body MESH_STATIC verts=23 faces=42 id=16777220
LMalloc of 244 not 8-byte aligned, rounding up
LMalloc of 44 not 8-byte aligned, rounding up
LMalloc of 44 not 8-byte aligned, rounding up
LMalloc of 44 not 8-byte aligned, rounding up
LMalloc of 3396 not 8-byte aligned, rounding up
RenderActor3DAnimates constructed with no animations!
LMalloc of 44 not 8-byte aligned, rounding up
LMalloc of 44 not 8-byte aligned, rounding up
MATL closed without all data read (bytesLeft = 1056)
LMalloc of 44 not 8-byte aligned, rounding up
jolt: mesh actor_pos=(2.500,0.000,1.185)
jolt: mesh v0 local=(-0.500,0.000,0.720) world=(2.000,0.000,1.905)
jolt: mesh v1 local=(-0.485,0.000,0.760) world=(2.015,0.000,1.945)
jolt: mesh v2 local=(-0.433,-0.250,0.720) world=(2.067,-0.250,1.905)
jolt: mesh v3 local=(-0.433,0.250,0.720) world=(2.067,0.250,1.905)
jolt: mesh v4 local=(-0.420,-0.242,0.760) world=(2.080,-0.242,1.945)
jolt: mesh v5 local=(-0.420,0.242,0.760) world=(2.080,0.242,1.945)
jolt: mesh v6 local=(-0.400,0.000,0.000) world=(2.100,0.000,1.185)
jolt: mesh v7 local=(-0.360,0.000,0.060) world=(2.140,0.000,1.245)
jolt: mesh v8 local=(-0.346,-0.200,0.000) world=(2.154,-0.200,1.185)
jolt: mesh v9 local=(-0.346,0.200,0.000) world=(2.154,0.200,1.185)
jolt: mesh v10 local=(-0.312,-0.180,0.060) world=(2.188,-0.180,1.245)
jolt: mesh v11 local=(-0.312,0.180,0.060) world=(2.188,0.180,1.245)
jolt: mesh v12 local=(-0.285,-0.093,0.060) world=(2.215,-0.093,1.245)
jolt: mesh v13 local=(-0.285,0.093,0.060) world=(2.215,0.093,1.245)
jolt: mesh v14 local=(-0.270,0.000,0.660) world=(2.230,0.000,1.845)
jolt: mesh v15 local=(-0.257,-0.083,0.660) world=(2.243,-0.083,1.845)
jolt: mesh v16 local=(-0.257,0.083,0.660) world=(2.243,0.083,1.845)
jolt: mesh v17 local=(-0.250,-0.433,0.720) world=(2.250,-0.433,1.905)
jolt: mesh v18 local=(-0.250,0.433,0.720) world=(2.250,0.433,1.905)
jolt: mesh v19 local=(-0.242,-0.420,0.760) world=(2.258,-0.420,1.945)
jolt: mesh v20 local=(-0.242,0.420,0.760) world=(2.258,0.420,1.945)
jolt: mesh v21 local=(-0.234,-0.135,0.660) world=(2.266,-0.135,1.845)
jolt: mesh v22 local=(-0.234,0.135,0.660) world=(2.266,0.135,1.845)
jolt: mesh v23 local=(-0.200,-0.346,0.000) world=(2.300,-0.346,1.185)
jolt: mesh v24 local=(-0.200,0.346,0.000) world=(2.300,0.346,1.185)
jolt: mesh v25 local=(-0.180,-0.312,0.060) world=(2.320,-0.312,1.245)
jolt: mesh v26 local=(-0.180,0.312,0.060) world=(2.320,0.312,1.245)
jolt: mesh v27 local=(-0.176,-0.243,0.060) world=(2.324,-0.243,1.245)
jolt: mesh v28 local=(-0.176,0.243,0.060) world=(2.324,0.243,1.245)
jolt: mesh v29 local=(-0.159,-0.218,0.660) world=(2.341,-0.218,1.845)
jolt: mesh v30 local=(-0.159,0.218,0.660) world=(2.341,0.218,1.845)
jolt: mesh v31 local=(-0.135,-0.234,0.660) world=(2.365,-0.234,1.845)
jolt: mesh v32 local=(-0.135,0.234,0.660) world=(2.365,0.234,1.845)
jolt: mesh v33 local=(0.000,-0.500,0.720) world=(2.500,-0.500,1.905)
jolt: mesh v34 local=(0.000,-0.485,0.760) world=(2.500,-0.485,1.945)
jolt: mesh v35 local=(0.000,-0.400,0.000) world=(2.500,-0.400,1.185)
jolt: mesh v36 local=(0.000,-0.360,0.060) world=(2.500,-0.360,1.245)
jolt: mesh v37 local=(0.000,-0.300,0.060) world=(2.500,-0.300,1.245)
jolt: mesh v38 local=(0.000,-0.270,0.660) world=(2.500,-0.270,1.845)
jolt: mesh v39 local=(0.000,0.270,0.660) world=(2.500,0.270,1.845)
jolt: mesh v40 local=(0.000,0.300,0.060) world=(2.500,0.300,1.245)
jolt: mesh v41 local=(0.000,0.360,0.060) world=(2.500,0.360,1.245)
jolt: mesh v42 local=(0.000,0.400,0.000) world=(2.500,0.400,1.185)
jolt: mesh v43 local=(0.000,0.485,0.760) world=(2.500,0.485,1.945)
jolt: mesh v44 local=(0.000,0.500,0.720) world=(2.500,0.500,1.905)
jolt: mesh v45 local=(0.135,-0.234,0.660) world=(2.635,-0.234,1.845)
jolt: mesh v46 local=(0.135,0.234,0.660) world=(2.635,0.234,1.845)
jolt: mesh v47 local=(0.159,-0.218,0.660) world=(2.659,-0.218,1.845)
jolt: mesh v48 local=(0.159,0.218,0.660) world=(2.659,0.218,1.845)
jolt: mesh v49 local=(0.176,-0.243,0.060) world=(2.676,-0.243,1.245)
jolt: mesh v50 local=(0.176,0.243,0.060) world=(2.676,0.243,1.245)
jolt: mesh v51 local=(0.180,-0.312,0.060) world=(2.680,-0.312,1.245)
jolt: mesh v52 local=(0.180,0.312,0.060) world=(2.680,0.312,1.245)
jolt: mesh v53 local=(0.200,-0.346,0.000) world=(2.700,-0.346,1.185)
jolt: mesh v54 local=(0.200,0.346,0.000) world=(2.700,0.346,1.185)
jolt: mesh v55 local=(0.234,-0.135,0.660) world=(2.734,-0.135,1.845)
jolt: mesh v56 local=(0.234,0.135,0.660) world=(2.734,0.135,1.845)
jolt: mesh v57 local=(0.242,-0.420,0.760) world=(2.742,-0.420,1.945)
jolt: mesh v58 local=(0.242,0.420,0.760) world=(2.742,0.420,1.945)
jolt: mesh v59 local=(0.250,-0.433,0.720) world=(2.750,-0.433,1.905)
jolt: mesh v60 local=(0.250,0.433,0.720) world=(2.750,0.433,1.905)
jolt: mesh v61 local=(0.257,-0.083,0.660) world=(2.757,-0.083,1.845)
jolt: mesh v62 local=(0.257,0.083,0.660) world=(2.757,0.083,1.845)
jolt: mesh v63 local=(0.270,0.000,0.660) world=(2.770,0.000,1.845)
jolt: mesh v64 local=(0.285,-0.093,0.060) world=(2.785,-0.093,1.245)
jolt: mesh v65 local=(0.285,0.093,0.060) world=(2.785,0.093,1.245)
jolt: mesh v66 local=(0.312,-0.180,0.060) world=(2.812,-0.180,1.245)
jolt: mesh v67 local=(0.312,0.180,0.060) world=(2.812,0.180,1.245)
jolt: mesh v68 local=(0.346,-0.200,0.000) world=(2.846,-0.200,1.185)
jolt: mesh v69 local=(0.346,0.200,0.000) world=(2.846,0.200,1.185)
jolt: mesh v70 local=(0.360,0.000,0.060) world=(2.860,0.000,1.245)
jolt: mesh v71 local=(0.400,0.000,0.000) world=(2.900,0.000,1.185)
jolt: mesh v72 local=(0.420,-0.242,0.760) world=(2.920,-0.242,1.945)
jolt: mesh v73 local=(0.420,0.242,0.760) world=(2.920,0.242,1.945)
jolt: mesh v74 local=(0.433,-0.250,0.720) world=(2.933,-0.250,1.905)
jolt: mesh v75 local=(0.433,0.250,0.720) world=(2.933,0.250,1.905)
jolt: mesh v76 local=(0.485,0.000,0.760) world=(2.985,0.000,1.945)
jolt: mesh v77 local=(0.500,0.000,0.720) world=(3.000,0.000,1.905)
jolt: body MESH_STATIC verts=78 faces=168 id=16777221
LMalloc of 244 not 8-byte aligned, rounding up
LMalloc of 44 not 8-byte aligned, rounding up
LMalloc of 44 not 8-byte aligned, rounding up
LMalloc of 44 not 8-byte aligned, rounding up
LMalloc of 2556 not 8-byte aligned, rounding up
RenderActor3DAnimates constructed with no animations!
LMalloc of 244 not 8-byte aligned, rounding up
LMalloc of 44 not 8-byte aligned, rounding up
LMalloc of 44 not 8-byte aligned, rounding up
LMalloc of 44 not 8-byte aligned, rounding up
LMalloc of 3396 not 8-byte aligned, rounding up
RenderActor3DAnimates constructed with no animations!
LMalloc of 244 not 8-byte aligned, rounding up
LMalloc of 44 not 8-byte aligned, rounding up
LMalloc of 44 not 8-byte aligned, rounding up
LMalloc of 44 not 8-byte aligned, rounding up
LMalloc of 2556 not 8-byte aligned, rounding up
RenderActor3DAnimates constructed with no animations!
LMalloc of 244 not 8-byte aligned, rounding up
LMalloc of 44 not 8-byte aligned, rounding up
LMalloc of 44 not 8-byte aligned, rounding up
LMalloc of 44 not 8-byte aligned, rounding up
LMalloc of 2556 not 8-byte aligned, rounding up
RenderActor3DAnimates constructed with no animations!
LMalloc of 244 not 8-byte aligned, rounding up
LMalloc of 44 not 8-byte aligned, rounding up
LMalloc of 44 not 8-byte aligned, rounding up
LMalloc of 44 not 8-byte aligned, rounding up
LMalloc of 1716 not 8-byte aligned, rounding up
RenderActor3DAnimates constructed with no animations!
LMalloc of 244 not 8-byte aligned, rounding up
LMalloc of 44 not 8-byte aligned, rounding up
LMalloc of 44 not 8-byte aligned, rounding up
LMalloc of 44 not 8-byte aligned, rounding up
LMalloc of 2556 not 8-byte aligned, rounding up
RenderActor3DAnimates constructed with no animations!
LMalloc of 244 not 8-byte aligned, rounding up
LMalloc of 44 not 8-byte aligned, rounding up
LMalloc of 44 not 8-byte aligned, rounding up
LMalloc of 44 not 8-byte aligned, rounding up
LMalloc of 276 not 8-byte aligned, rounding up
RenderActor3DAnimates constructed with no animations!
LMalloc of 44 not 8-byte aligned, rounding up
LMalloc of 44 not 8-byte aligned, rounding up
MATL closed without all data read (bytesLeft = 528)
LMalloc of 44 not 8-byte aligned, rounding up
jolt: mesh actor_pos=(0.000,0.000,0.000)
jolt: mesh v0 local=(-6.296,-1.851,-9.000) world=(-6.296,-1.851,-9.000)
jolt: mesh v1 local=(-6.296,-1.851,-0.010) world=(-6.296,-1.851,-0.010)
jolt: mesh v2 local=(-6.296,1.851,-9.000) world=(-6.296,1.851,-9.000)
jolt: mesh v3 local=(-6.296,1.851,-0.010) world=(-6.296,1.851,-0.010)
jolt: mesh v4 local=(6.296,-1.851,-9.000) world=(6.296,-1.851,-9.000)
jolt: mesh v5 local=(6.296,-1.851,-0.010) world=(6.296,-1.851,-0.010)
jolt: mesh v6 local=(6.296,1.851,-9.000) world=(6.296,1.851,-9.000)
jolt: mesh v7 local=(6.296,1.851,-0.010) world=(6.296,1.851,-0.010)
jolt: body MESH_STATIC verts=8 faces=12 id=16777222
LMalloc of 244 not 8-byte aligned, rounding up
LMalloc of 44 not 8-byte aligned, rounding up
LMalloc of 44 not 8-byte aligned, rounding up
LMalloc of 44 not 8-byte aligned, rounding up
LMalloc of 76 not 8-byte aligned, rounding up
RenderActor3DAnimates constructed with no animations!
LMalloc of 44 not 8-byte aligned, rounding up
LMalloc of 44 not 8-byte aligned, rounding up
MATL closed without all data read (bytesLeft = 264)
LMalloc of 44 not 8-byte aligned, rounding up
jolt: mesh actor_pos=(0.000,0.000,0.000)
jolt: mesh v0 local=(-20.000,4.000,-9.000) world=(-20.000,4.000,-9.000)
jolt: mesh v1 local=(-20.000,4.000,16.000) world=(-20.000,4.000,16.000)
jolt: mesh v2 local=(20.000,4.000,-9.000) world=(20.000,4.000,-9.000)
jolt: mesh v3 local=(20.000,4.000,16.000) world=(20.000,4.000,16.000)
jolt: body MESH_STATIC verts=4 faces=2 id=16777223
zforth: INDEXOF_CAMSHOT = 1921 (expect 1921)
zforth: INDEXOF_CAMSHOT = 1921 (expect 1921)
jolt: OptimizeBroadPhase done (8 static bodies)
audio: MusicPlayer — soundfont not found: florestan-subset.sf2
audio: sfx[0] not found: wflevels/qbert_practice/sfx/qbert_hop.wav
audio: sfx[1] not found: wflevels/qbert_practice/sfx/qbert_land.wav
audio: sfx[2] not found: wflevels/qbert_practice/sfx/qbert_fall.wav
audio: sfx[3] not found: wflevels/qbert_practice/sfx/qbert_swear.wav
audio: sfx[4] not found: wflevels/qbert_practice/sfx/qbert_round_clear.wav
audio: sfx[5] not found: wflevels/qbert_practice/sfx/qbert_kill.wav
audio: sfx[6] not found: wflevels/qbert_practice/sfx/qbert_disc.wav
DMalloc of 36 not 8-byte aligned, rounding up
delta too large: 0.3043212891
timeofday:1790996826:568016
lasttimeofday: 1790996826:263683
deltatime:0:304333
delta: 0.3043212891
ball pos: (-1.600, 0.000, 2.400)
ball pos: (-1.600, 0.000, 2.400)
ball pos: (-1.600, 0.000, 2.400)
ball pos: (-1.600, 0.000, 2.400)
frame-window: start-ns=99984103869091 end-ns=99989118455468
frame-profile: update frames=141 mean=15.3825 p50=15.1921 p95=17.1028 max=18.3068 cpu-ms
frame-profile: actors frames=141 mean=2.0793 p50=2.0272 p95=2.4182 max=2.5385 cpu-ms
frame-profile: director frames=141 mean=13.2343 p50=13.0344 p95=14.9220 max=16.2461 cpu-ms
frame-profile: render frames=141 mean=3.4452 p50=3.3831 p95=3.8910 max=6.9886 cpu-ms
frame-profile: school frames=141 mean=10.3530 p50=10.1744 p95=11.7017 max=12.9835 cpu-ms
frame-profile: pose frames=141 mean=2.2987 p50=2.2093 p95=2.6296 max=2.8241 cpu-ms
frame-profile: animation frames=141 mean=0.0000 p50=0.0000 p95=0.0000 max=0.0000 cpu-ms
frame-profile: total frames=141 mean=18.8276 p50=18.6390 p95=20.8805 max=21.9356 cpu-ms
frame-count: level-objects frames=141 mean=61.000
frame-count: render-actors frames=141 mean=47.000
frame-count: draws frames=141 mean=46.000
frame-count: triangles frames=141 mean=1494.879
frame-count: actor-mailbox-writes frames=141 mean=225.000
frame-count: fish-deformations frames=141 mean=0.000
ball pos: (-1.600, 0.000, 2.400)
ball pos: (-1.600, 0.000, 2.400)
ball pos: (-1.600, 0.000, 2.400)
ball pos: (-1.600, 0.000, 2.400)
ball pos: (-1.600, 0.000, 2.400)
ball pos: (-1.600, 0.000, 2.400)
frame-window: start-ns=99989118455468 end-ns=99994126933637
frame-profile: update frames=167 mean=15.3484 p50=15.0466 p95=16.8282 max=19.6813 cpu-ms
frame-profile: actors frames=167 mean=2.0329 p50=1.9771 p95=2.3297 max=2.9052 cpu-ms
frame-profile: director frames=167 mean=13.2469 p50=12.9575 p95=14.5895 max=16.6893 cpu-ms
frame-profile: render frames=167 mean=3.3497 p50=3.3075 p95=3.7142 max=4.2853 cpu-ms
frame-profile: school frames=167 mean=10.4019 p50=10.1736 p95=11.4199 max=13.3322 cpu-ms
frame-profile: pose frames=167 mean=2.2707 p50=2.2092 p95=2.6325 max=2.8347 cpu-ms
frame-profile: animation frames=167 mean=0.0000 p50=0.0000 p95=0.0000 max=0.0000 cpu-ms
frame-profile: total frames=167 mean=18.6982 p50=18.3925 p95=20.1958 max=23.0132 cpu-ms
frame-count: level-objects frames=167 mean=61.000
frame-count: render-actors frames=167 mean=47.000
frame-count: draws frames=167 mean=46.000
frame-count: triangles frames=167 mean=1494.808
frame-count: actor-mailbox-writes frames=167 mean=225.000
frame-count: fish-deformations frames=167 mean=0.000
ball pos: (-1.600, 0.000, 2.400)
ball pos: (-1.600, 0.000, 2.400)
ball pos: (-1.600, 0.000, 2.400)
ball pos: (-1.600, 0.000, 2.400)
ball pos: (-1.600, 0.000, 2.400)
ball pos: (-1.600, 0.000, 2.400)
ball pos: (-1.600, 0.000, 2.400)
frame-window: start-ns=99994126933637 end-ns=99999128718223
frame-profile: update frames=223 mean=14.9904 p50=14.8148 p95=16.6572 max=19.0104 cpu-ms
frame-profile: actors frames=223 mean=1.9788 p50=1.9181 p95=2.2657 max=3.3597 cpu-ms
frame-profile: director frames=223 mean=12.9460 p50=12.8443 p95=13.9888 max=16.0117 cpu-ms
frame-profile: render frames=223 mean=3.2761 p50=3.2141 p95=3.5524 max=5.4802 cpu-ms
frame-profile: school frames=223 mean=10.1469 p50=10.0735 p95=10.8633 max=12.4421 cpu-ms
frame-profile: pose frames=223 mean=2.2419 p50=2.2124 p95=2.2806 max=4.0065 cpu-ms
frame-profile: animation frames=223 mean=0.0000 p50=0.0000 p95=0.0000 max=0.0000 cpu-ms
frame-profile: total frames=223 mean=18.2664 p50=18.0390 p95=20.2430 max=22.1015 cpu-ms
frame-count: level-objects frames=223 mean=61.000
frame-count: render-actors frames=223 mean=47.000
frame-count: draws frames=223 mean=46.000
frame-count: triangles frames=223 mean=1494.587
frame-count: actor-mailbox-writes frames=223 mean=225.000
frame-count: fish-deformations frames=223 mean=0.000
ball pos: (-1.600, 0.000, 2.400)
ball pos: (-1.600, 0.000, 2.400)
ball pos: (-1.600, 0.000, 2.400)
ball pos: (-1.600, 0.000, 2.400)
ball pos: (-1.600, 0.000, 2.400)
ball pos: (-1.600, 0.000, 2.400)
ball pos: (-1.600, 0.000, 2.400)
ball pos: (-1.600, 0.000, 2.400)
frame-window: start-ns=99999128718223 end-ns=100004130364684
frame-profile: update frames=224 mean=15.1143 p50=14.8678 p95=17.0368 max=19.2979 cpu-ms
frame-profile: actors frames=224 mean=1.9808 p50=1.9304 p95=2.3568 max=2.9660 cpu-ms
frame-profile: director frames=224 mean=13.0679 p50=12.8686 p95=14.7065 max=17.3792 cpu-ms
frame-profile: render frames=224 mean=3.3088 p50=3.1988 p95=3.8648 max=7.9767 cpu-ms
frame-profile: school frames=224 mean=10.2610 p50=10.0922 p95=11.5118 max=14.2183 cpu-ms
frame-profile: pose frames=224 mean=2.2485 p50=2.2111 p95=2.2960 max=3.5856 cpu-ms
frame-profile: animation frames=224 mean=0.0000 p50=0.0000 p95=0.0000 max=0.0000 cpu-ms
frame-profile: total frames=224 mean=18.4231 p50=18.0981 p95=21.1559 max=22.7645 cpu-ms
frame-count: level-objects frames=224 mean=61.000
frame-count: render-actors frames=224 mean=47.000
frame-count: draws frames=224 mean=46.000
frame-count: triangles frames=224 mean=1495.134
frame-count: actor-mailbox-writes frames=224 mean=225.000
frame-count: fish-deformations frames=224 mean=0.000
ball pos: (-1.600, 0.000, 2.400)
ball pos: (-1.600, 0.000, 2.400)
ball pos: (-1.600, 0.000, 2.400)
ball pos: (-1.600, 0.000, 2.400)
ball pos: (-1.600, 0.000, 2.400)
ball pos: (-1.600, 0.000, 2.400)
ball pos: (-1.600, 0.000, 2.400)
frame-window: start-ns=100004130364684 end-ns=100009152961936
frame-profile: update frames=230 mean=14.9844 p50=14.7940 p95=15.8366 max=21.8729 cpu-ms
frame-profile: actors frames=230 mean=1.9577 p50=1.9219 p95=2.0790 max=3.7764 cpu-ms
frame-profile: director frames=230 mean=12.9613 p50=12.8095 p95=13.7143 max=19.8175 cpu-ms
frame-profile: render frames=230 mean=3.2460 p50=3.1893 p95=3.4537 max=5.7710 cpu-ms
frame-profile: school frames=230 mean=10.1874 p50=10.0593 p95=10.3381 max=17.0721 cpu-ms
frame-profile: pose frames=230 mean=2.2259 p50=2.2072 p95=2.2708 max=3.3967 cpu-ms
frame-profile: animation frames=230 mean=0.0000 p50=0.0000 p95=0.0000 max=0.0000 cpu-ms
frame-profile: total frames=230 mean=18.2304 p50=17.9963 p95=20.4250 max=25.1312 cpu-ms
frame-count: level-objects frames=230 mean=61.000
frame-count: render-actors frames=230 mean=47.000
frame-count: draws frames=230 mean=46.000
frame-count: triangles frames=230 mean=1494.613
frame-count: actor-mailbox-writes frames=230 mean=225.000
frame-count: fish-deformations frames=230 mean=0.000
ball pos: (-1.600, 0.000, 2.400)
ball pos: (-1.600, 0.000, 2.400)
ball pos: (-1.600, 0.000, 2.400)
ball pos: (-1.600, 0.000, 2.400)
ball pos: (-1.600, 0.000, 2.400)
ball pos: (-1.600, 0.000, 2.400)
ball pos: (-1.600, 0.000, 2.400)
ball pos: (-1.600, 0.000, 2.400)
frame-window: start-ns=100009152961936 end-ns=100014164678272
frame-profile: update frames=227 mean=15.0495 p50=14.8672 p95=16.6537 max=19.3298 cpu-ms
frame-profile: actors frames=227 mean=1.9894 p50=1.9367 p95=2.3113 max=3.3410 cpu-ms
frame-profile: director frames=227 mean=12.9929 p50=12.8567 p95=13.9400 max=17.2500 cpu-ms
frame-profile: render frames=227 mean=3.3392 p50=3.2331 p95=3.9556 max=5.1968 cpu-ms
frame-profile: school frames=227 mean=10.2033 p50=10.0917 p95=10.9759 max=14.0040 cpu-ms
frame-profile: pose frames=227 mean=2.2307 p50=2.2092 p95=2.2851 max=3.9778 cpu-ms
frame-profile: animation frames=227 mean=0.0000 p50=0.0000 p95=0.0000 max=0.0000 cpu-ms
frame-profile: total frames=227 mean=18.3887 p50=18.1485 p95=20.4954 max=22.4751 cpu-ms
frame-count: level-objects frames=227 mean=61.000
frame-count: render-actors frames=227 mean=47.000
frame-count: draws frames=227 mean=46.000
frame-count: triangles frames=227 mean=1495.009
frame-count: actor-mailbox-writes frames=227 mean=225.000
frame-count: fish-deformations frames=227 mean=0.000
ball pos: (-1.600, 0.000, 2.400)
ball pos: (-1.600, 0.000, 2.400)
ball pos: (-1.600, 0.000, 2.400)
ball pos: (-1.600, 0.000, 2.400)
ball pos: (-1.600, 0.000, 2.400)
ball pos: (-1.600, 0.000, 2.400)
ball pos: (-1.600, 0.000, 2.400)
ball pos: (-1.600, 0.000, 2.400)
frame-window: start-ns=100014164678272 end-ns=100019183720149
frame-profile: update frames=229 mean=15.0888 p50=14.8242 p95=17.2639 max=21.0580 cpu-ms
frame-profile: actors frames=229 mean=1.9714 p50=1.9211 p95=2.2898 max=4.7232 cpu-ms
frame-profile: director frames=229 mean=13.0521 p50=12.8407 p95=14.7118 max=18.9888 cpu-ms
frame-profile: render frames=229 mean=3.2736 p50=3.1858 p95=3.6207 max=5.8933 cpu-ms
frame-profile: school frames=229 mean=10.2534 p50=10.0919 p95=11.1019 max=16.2777 cpu-ms
frame-profile: pose frames=229 mean=2.2400 p50=2.2093 p95=2.2704 max=3.9092 cpu-ms
frame-profile: animation frames=229 mean=0.0000 p50=0.0000 p95=0.0000 max=0.0000 cpu-ms
frame-profile: total frames=229 mean=18.3624 p50=18.0436 p95=21.1228 max=24.1777 cpu-ms
frame-count: level-objects frames=229 mean=61.000
frame-count: render-actors frames=229 mean=47.000
frame-count: draws frames=229 mean=46.000
frame-count: triangles frames=229 mean=1494.847
frame-count: actor-mailbox-writes frames=229 mean=225.000
frame-count: fish-deformations frames=229 mean=0.000
ball pos: (-1.600, 0.000, 2.400)
ball pos: (-1.600, 0.000, 2.400)
ball pos: (-1.600, 0.000, 2.400)
ball pos: (-1.600, 0.000, 2.400)
ball pos: (-1.600, 0.000, 2.400)
ball pos: (-1.600, 0.000, 2.400)
ball pos: (-1.600, 0.000, 2.400)
frame-window: start-ns=100019183720149 end-ns=100024192601860
frame-profile: update frames=227 mean=15.0371 p50=14.7857 p95=17.4458 max=21.6326 cpu-ms
frame-profile: actors frames=227 mean=1.9788 p50=1.9196 p95=2.5384 max=3.8654 cpu-ms
frame-profile: director frames=227 mean=12.9923 p50=12.8049 p95=14.5814 max=19.7159 cpu-ms
frame-profile: render frames=227 mean=3.2994 p50=3.1971 p95=3.6988 max=6.0412 cpu-ms
frame-profile: school frames=227 mean=10.1976 p50=10.0515 p95=11.5565 max=16.4004 cpu-ms
frame-profile: pose frames=227 mean=2.2408 p50=2.2084 p95=2.2670 max=4.1045 cpu-ms
frame-profile: animation frames=227 mean=0.0000 p50=0.0000 p95=0.0000 max=0.0000 cpu-ms
frame-profile: total frames=227 mean=18.3364 p50=18.0255 p95=20.9673 max=24.8353 cpu-ms
frame-count: level-objects frames=227 mean=61.000
frame-count: render-actors frames=227 mean=47.000
frame-count: draws frames=227 mean=46.000
frame-count: triangles frames=227 mean=1494.621
frame-count: actor-mailbox-writes frames=227 mean=225.000
frame-count: fish-deformations frames=227 mean=0.000
ball pos: (-1.600, 0.000, 2.400)
ball pos: (-1.600, 0.000, 2.400)
ball pos: (-1.600, 0.000, 2.400)
ball pos: (-1.600, 0.000, 2.400)
ball pos: (-1.600, 0.000, 2.400)
ball pos: (-1.600, 0.000, 2.400)
ball pos: (-1.600, 0.000, 2.400)
ball pos: (-1.600, 0.000, 2.400)
frame-window: start-ns=100024192601860 end-ns=100029193202529
frame-profile: update frames=224 mean=15.1558 p50=14.8267 p95=18.1227 max=20.6121 cpu-ms
frame-profile: actors frames=224 mean=1.9902 p50=1.9209 p95=2.2793 max=4.6052 cpu-ms
frame-profile: director frames=224 mean=13.1001 p50=12.8382 p95=15.1739 max=18.7020 cpu-ms
frame-profile: render frames=224 mean=3.2985 p50=3.2100 p95=3.6643 max=5.7628 cpu-ms
frame-profile: school frames=224 mean=10.2814 p50=10.0662 p95=12.0785 max=15.9374 cpu-ms
frame-profile: pose frames=224 mean=2.2624 p50=2.2111 p95=2.2876 max=3.9766 cpu-ms
frame-profile: animation frames=224 mean=0.0000 p50=0.0000 p95=0.0000 max=0.0000 cpu-ms
frame-profile: total frames=224 mean=18.4542 p50=18.0524 p95=21.4065 max=23.8888 cpu-ms
frame-count: level-objects frames=224 mean=61.000
frame-count: render-actors frames=224 mean=47.000
frame-count: draws frames=224 mean=46.000
frame-count: triangles frames=224 mean=1495.085
frame-count: actor-mailbox-writes frames=224 mean=225.000
frame-count: fish-deformations frames=224 mean=0.000
ball pos: (-1.600, 0.000, 2.400)
ball pos: (-1.600, 0.000, 2.400)
ball pos: (-1.600, 0.000, 2.400)
ball pos: (-1.600, 0.000, 2.400)
ball pos: (-1.600, 0.000, 2.400)
ball pos: (-1.600, 0.000, 2.400)
ball pos: (-1.600, 0.000, 2.400)
frame-window: start-ns=100029193202529 end-ns=100034207577907
frame-profile: update frames=224 mean=15.2351 p50=14.8332 p95=18.5075 max=25.8388 cpu-ms
frame-profile: actors frames=224 mean=2.0125 p50=1.9204 p95=2.7410 max=5.2158 cpu-ms
frame-profile: director frames=224 mean=13.1565 p50=12.8469 p95=16.1426 max=20.5171 cpu-ms
frame-profile: render frames=224 mean=3.3114 p50=3.1740 p95=3.8175 max=6.9412 cpu-ms
frame-profile: school frames=224 mean=10.3404 p50=10.0903 p95=12.5318 max=16.6243 cpu-ms
frame-profile: pose frames=224 mean=2.2457 p50=2.2073 p95=2.2830 max=4.0100 cpu-ms
frame-profile: animation frames=224 mean=0.0000 p50=0.0000 p95=0.0000 max=0.0000 cpu-ms
frame-profile: total frames=224 mean=18.5466 p50=18.0627 p95=21.9995 max=28.9762 cpu-ms
frame-count: level-objects frames=224 mean=61.000
frame-count: render-actors frames=224 mean=47.000
frame-count: draws frames=224 mean=46.000
frame-count: triangles frames=224 mean=1494.804
frame-count: actor-mailbox-writes frames=224 mean=225.000
frame-count: fish-deformations frames=224 mean=0.000
ball pos: (-1.600, 0.000, 2.400)
ball pos: (-1.600, 0.000, 2.400)
ball pos: (-1.600, 0.000, 2.400)
ball pos: (-1.600, 0.000, 2.400)
ball pos: (-1.600, 0.000, 2.400)
ball pos: (-1.600, 0.000, 2.400)
ball pos: (-1.600, 0.000, 2.400)
frame-window: start-ns=100034207577907 end-ns=100039208253992
frame-profile: update frames=222 mean=15.1125 p50=14.8674 p95=17.2655 max=20.1971 cpu-ms
frame-profile: actors frames=222 mean=2.0100 p50=1.9278 p95=2.7237 max=4.8777 cpu-ms
frame-profile: director frames=222 mean=13.0352 p50=12.8553 p95=14.6172 max=18.2736 cpu-ms
frame-profile: render frames=222 mean=3.3206 p50=3.2244 p95=3.8315 max=5.5628 cpu-ms
frame-profile: school frames=222 mean=10.2123 p50=10.0899 p95=11.4335 max=15.1616 cpu-ms
frame-profile: pose frames=222 mean=2.2580 p50=2.2120 p95=2.3068 max=4.1125 cpu-ms
frame-profile: animation frames=222 mean=0.0000 p50=0.0000 p95=0.0000 max=0.0000 cpu-ms
frame-profile: total frames=222 mean=18.4331 p50=18.1150 p95=20.9686 max=23.5177 cpu-ms
frame-count: level-objects frames=222 mean=61.000
frame-count: render-actors frames=222 mean=47.000
frame-count: draws frames=222 mean=46.000
frame-count: triangles frames=222 mean=1494.874
frame-count: actor-mailbox-writes frames=222 mean=225.000
frame-count: fish-deformations frames=222 mean=0.000
ball pos: (-1.600, 0.000, 2.400)
ball pos: (-1.464, 0.000, 2.400)
ball pos: (0.175, 0.000, 2.400)
ball pos: (2.182, 0.000, 2.400)
ball pos: (5.053, 0.000, 2.400)
ball pos: (5.529, 0.000, 2.400)
ball pos: (5.543, 0.000, 2.400)
frame-window: start-ns=100039208253992 end-ns=100044230042828
frame-profile: update frames=190 mean=15.5689 p50=15.1750 p95=18.0238 max=21.6751 cpu-ms
frame-profile: actors frames=190 mean=2.0458 p50=1.9746 p95=2.4923 max=3.4725 cpu-ms
frame-profile: director frames=190 mean=13.4548 p50=13.1480 p95=15.3985 max=19.7337 cpu-ms
frame-profile: render frames=190 mean=3.3695 p50=3.2585 p95=3.9903 max=6.3865 cpu-ms
frame-profile: school frames=190 mean=10.6224 p50=10.3494 p95=12.2930 max=16.9398 cpu-ms
frame-profile: pose frames=190 mean=2.2498 p50=2.2095 p95=2.4399 max=4.0082 cpu-ms
frame-profile: animation frames=190 mean=0.0000 p50=0.0000 p95=0.0000 max=0.0000 cpu-ms
frame-profile: total frames=190 mean=18.9384 p50=18.5235 p95=21.4478 max=25.2959 cpu-ms
frame-count: level-objects frames=190 mean=61.000
frame-count: render-actors frames=190 mean=47.000
frame-count: draws frames=190 mean=46.000
frame-count: triangles frames=190 mean=1499.505
frame-count: actor-mailbox-writes frames=190 mean=225.000
frame-count: fish-deformations frames=190 mean=0.000
ball pos: (5.544, 0.000, 2.400)
ball pos: (5.544, 0.000, 2.400)
ball pos: (5.544, 0.000, 2.400)
ball pos: (5.544, 0.000, 2.400)
ball pos: (5.544, 0.000, 2.400)
ball pos: (5.544, 0.000, 2.400)
ball pos: (5.544, 0.000, 2.400)
frame-window: start-ns=100044230042828 end-ns=100049244797414
frame-profile: update frames=219 mean=15.1793 p50=14.8965 p95=18.0485 max=19.8830 cpu-ms
frame-profile: actors frames=219 mean=1.9908 p50=1.9461 p95=2.3270 max=3.2360 cpu-ms
frame-profile: director frames=219 mean=13.1219 p50=12.8699 p95=15.6922 max=17.8443 cpu-ms
frame-profile: render frames=219 mean=3.3325 p50=3.2257 p95=3.9744 max=5.4340 cpu-ms
frame-profile: school frames=219 mean=10.3082 p50=10.1111 p95=11.7583 max=15.1043 cpu-ms
frame-profile: pose frames=219 mean=2.2552 p50=2.2120 p95=2.3180 max=3.9865 cpu-ms
frame-profile: animation frames=219 mean=0.0000 p50=0.0000 p95=0.0000 max=0.0000 cpu-ms
frame-profile: total frames=219 mean=18.5117 p50=18.1482 p95=21.6003 max=23.5378 cpu-ms
frame-count: level-objects frames=219 mean=61.000
frame-count: render-actors frames=219 mean=47.000
frame-count: draws frames=219 mean=46.000
frame-count: triangles frames=219 mean=1504.068
frame-count: actor-mailbox-writes frames=219 mean=225.000
frame-count: fish-deformations frames=219 mean=0.000
ball pos: (5.544, 0.000, 2.400)
ball pos: (5.544, 0.000, 2.400)
ball pos: (5.544, 0.000, 2.400)
ball pos: (5.544, 0.000, 2.400)
ball pos: (5.544, 0.000, 2.400)
ball pos: (5.544, 0.000, 2.400)
ball pos: (5.544, 0.000, 2.400)
frame-window: start-ns=100049244797414 end-ns=100054251211874
frame-profile: update frames=218 mean=15.1559 p50=14.9217 p95=17.4512 max=20.1490 cpu-ms
frame-profile: actors frames=218 mean=2.0075 p50=1.9550 p95=2.2771 max=3.5944 cpu-ms
frame-profile: director frames=218 mean=13.0810 p50=12.8841 p95=14.5574 max=17.6989 cpu-ms
frame-profile: render frames=218 mean=3.3487 p50=3.2530 p95=3.7533 max=7.8572 cpu-ms
frame-profile: school frames=218 mean=10.2797 p50=10.1301 p95=11.4821 max=14.9724 cpu-ms
frame-profile: pose frames=218 mean=2.2367 p50=2.2126 p95=2.3318 max=3.0316 cpu-ms
frame-profile: animation frames=218 mean=0.0000 p50=0.0000 p95=0.0000 max=0.0000 cpu-ms
frame-profile: total frames=218 mean=18.5046 p50=18.1988 p95=20.6343 max=27.1170 cpu-ms
frame-count: level-objects frames=218 mean=61.000
frame-count: render-actors frames=218 mean=47.000
frame-count: draws frames=218 mean=46.000
frame-count: triangles frames=218 mean=1504.275
frame-count: actor-mailbox-writes frames=218 mean=225.000
frame-count: fish-deformations frames=218 mean=0.000
ball pos: (5.544, 0.000, 2.400)
ball pos: (5.544, 0.000, 2.400)
ball pos: (5.544, 0.000, 2.400)
ball pos: (5.544, 0.000, 2.400)
ball pos: (5.544, 0.000, 2.400)
ball pos: (5.544, 0.000, 2.400)
ball pos: (5.544, 0.000, 2.400)
ball pos: (5.544, 0.000, 2.400)
frame-window: start-ns=100054251211874 end-ns=100059263920835
frame-profile: update frames=224 mean=15.1961 p50=14.8467 p95=18.2374 max=20.3391 cpu-ms
frame-profile: actors frames=224 mean=2.0242 p50=1.9310 p95=2.5707 max=5.1218 cpu-ms
frame-profile: director frames=224 mean=13.1054 p50=12.8498 p95=15.1953 max=18.3033 cpu-ms
frame-profile: render frames=224 mean=3.3332 p50=3.2161 p95=3.7746 max=6.3812 cpu-ms
frame-profile: school frames=224 mean=10.2927 p50=10.1028 p95=11.8210 max=15.3478 cpu-ms
frame-profile: pose frames=224 mean=2.2477 p50=2.2101 p95=2.3060 max=3.9685 cpu-ms
frame-profile: animation frames=224 mean=0.0000 p50=0.0000 p95=0.0000 max=0.0000 cpu-ms
frame-profile: total frames=224 mean=18.5293 p50=18.0823 p95=21.7135 max=23.9101 cpu-ms
frame-count: level-objects frames=224 mean=61.000
frame-count: render-actors frames=224 mean=47.000
frame-count: draws frames=224 mean=46.000
frame-count: triangles frames=224 mean=1504.214
frame-count: actor-mailbox-writes frames=224 mean=225.000
frame-count: fish-deformations frames=224 mean=0.000
ball pos: (5.544, 0.000, 2.400)
ball pos: (5.544, 0.000, 2.400)
ball pos: (5.544, 0.000, 2.400)
ball pos: (5.544, 0.000, 2.400)
ball pos: (5.544, 0.000, 2.400)
ball pos: (5.544, 0.000, 2.400)
ball pos: (5.544, 0.000, 2.400)
frame-window: start-ns=100059263920835 end-ns=100064281073546
frame-profile: update frames=224 mean=15.1819 p50=14.8556 p95=17.7415 max=19.9117 cpu-ms
frame-profile: actors frames=224 mean=2.0418 p50=1.9413 p95=2.7846 max=5.0145 cpu-ms
frame-profile: director frames=224 mean=13.0732 p50=12.8413 p95=14.8740 max=17.9873 cpu-ms
frame-profile: render frames=224 mean=3.2933 p50=3.2081 p95=3.7606 max=5.7717 cpu-ms
frame-profile: school frames=224 mean=10.2631 p50=10.0840 p95=11.8394 max=14.4448 cpu-ms
frame-profile: pose frames=224 mean=2.2378 p50=2.2080 p95=2.2929 max=4.0472 cpu-ms
frame-profile: animation frames=224 mean=0.0000 p50=0.0000 p95=0.0000 max=0.0000 cpu-ms
frame-profile: total frames=224 mean=18.4752 p50=18.0945 p95=21.0445 max=23.3094 cpu-ms
frame-count: level-objects frames=224 mean=61.000
frame-count: render-actors frames=224 mean=47.000
frame-count: draws frames=224 mean=46.000
frame-count: triangles frames=224 mean=1504.406
frame-count: actor-mailbox-writes frames=224 mean=225.000
frame-count: fish-deformations frames=224 mean=0.000
ball pos: (5.544, 0.000, 2.400)
ball pos: (5.544, 0.000, 2.400)
ball pos: (5.544, 0.000, 2.400)
ball pos: (5.544, 0.000, 2.400)
ball pos: (5.428, -0.190, 2.400)
ball pos: (4.352, -0.367, 2.400)
ball pos: (2.143, -0.390, 2.400)
frame-window: start-ns=100064281073546 end-ns=100069281102757
frame-profile: update frames=201 mean=15.2490 p50=15.0051 p95=17.2571 max=21.4740 cpu-ms
frame-profile: actors frames=201 mean=2.0147 p50=1.9672 p95=2.3300 max=3.1507 cpu-ms
frame-profile: director frames=201 mean=13.1672 p50=12.9397 p95=14.5851 max=19.5055 cpu-ms
frame-profile: render frames=201 mean=3.3466 p50=3.2600 p95=3.7447 max=5.6952 cpu-ms
frame-profile: school frames=201 mean=10.3672 p50=10.1863 p95=11.6677 max=16.7316 cpu-ms
frame-profile: pose frames=201 mean=2.2299 p50=2.2120 p95=2.3300 max=2.5436 cpu-ms
frame-profile: animation frames=201 mean=0.0000 p50=0.0000 p95=0.0000 max=0.0000 cpu-ms
frame-profile: total frames=201 mean=18.5956 p50=18.3178 p95=20.5680 max=24.6995 cpu-ms
frame-count: level-objects frames=201 mean=61.000
frame-count: render-actors frames=201 mean=47.000
frame-count: draws frames=201 mean=46.000
frame-count: triangles frames=201 mean=1501.418
frame-count: actor-mailbox-writes frames=201 mean=225.000
frame-count: fish-deformations frames=201 mean=0.000
ball pos: (-0.113, -0.390, 2.400)
ball pos: (-1.889, -0.390, 2.400)
ball pos: (-3.597, -0.390, 2.400)
ball pos: (-5.259, -0.390, 2.400)
ball pos: (-5.529, -0.390, 2.400)
ball pos: (-5.543, -0.390, 2.400)
ball pos: (-5.544, -0.390, 2.400)
frame-window: start-ns=100069281102757 end-ns=100074286028509
frame-profile: update frames=210 mean=15.3682 p50=15.1089 p95=17.3342 max=20.4948 cpu-ms
frame-profile: actors frames=210 mean=2.0440 p50=1.9779 p95=2.4449 max=3.6012 cpu-ms
frame-profile: director frames=210 mean=13.2574 p50=13.0547 p95=15.1389 max=18.5813 cpu-ms
frame-profile: render frames=210 mean=3.3140 p50=3.2305 p95=3.7878 max=5.5259 cpu-ms
frame-profile: school frames=210 mean=10.4385 p50=10.2815 p95=11.6686 max=15.8194 cpu-ms
frame-profile: pose frames=210 mean=2.2437 p50=2.2135 p95=2.3149 max=3.4465 cpu-ms
frame-profile: animation frames=210 mean=0.0000 p50=0.0000 p95=0.0000 max=0.0000 cpu-ms
frame-profile: total frames=210 mean=18.6822 p50=18.4006 p95=20.6188 max=23.7891 cpu-ms
frame-count: level-objects frames=210 mean=61.000
frame-count: render-actors frames=210 mean=47.000
frame-count: draws frames=210 mean=46.000
frame-count: triangles frames=210 mean=1503.714
frame-count: actor-mailbox-writes frames=210 mean=225.000
frame-count: fish-deformations frames=210 mean=0.000
ball pos: (-5.544, -0.390, 2.400)
ball pos: (-5.544, -0.390, 2.400)
ball pos: (-5.544, -0.390, 2.400)
ball pos: (-5.544, -0.390, 2.400)
ball pos: (-5.544, -0.390, 2.400)
ball pos: (-5.544, -0.390, 2.400)
ball pos: (-5.544, -0.390, 2.400)
frame-window: start-ns=100074286028509 end-ns=100079295073136
frame-profile: update frames=222 mean=14.9226 p50=14.7799 p95=16.1614 max=18.4899 cpu-ms
frame-profile: actors frames=222 mean=1.9937 p50=1.9532 p95=2.1670 max=3.4387 cpu-ms
frame-profile: director frames=222 mean=12.8623 p50=12.7615 p95=13.7166 max=16.5154 cpu-ms
frame-profile: render frames=222 mean=3.3121 p50=3.2262 p95=3.7604 max=5.0146 cpu-ms
frame-profile: school frames=222 mean=10.0807 p50=10.0000 p95=10.8649 max=13.1637 cpu-ms
frame-profile: pose frames=222 mean=2.2285 p50=2.2115 p95=2.2716 max=3.0018 cpu-ms
frame-profile: animation frames=222 mean=0.0000 p50=0.0000 p95=0.0000 max=0.0000 cpu-ms
frame-profile: total frames=222 mean=18.2347 p50=18.0330 p95=19.7036 max=21.7823 cpu-ms
frame-count: level-objects frames=222 mean=61.000
frame-count: render-actors frames=222 mean=47.000
frame-count: draws frames=222 mean=46.000
frame-count: triangles frames=222 mean=1504.113
frame-count: actor-mailbox-writes frames=222 mean=225.000
frame-count: fish-deformations frames=222 mean=0.000
ball pos: (-5.544, -0.390, 2.400)
ball pos: (-5.544, -0.390, 2.400)
ball pos: (-5.350, -0.118, 2.400)
ball pos: (-3.922, 0.049, 2.400)
ball pos: (-2.251, 0.058, 2.400)
ball pos: (-0.552, 0.059, 2.400)
ball pos: (1.279, 0.059, 2.400)
frame-window: start-ns=100079295073136 end-ns=100084298831389
frame-profile: update frames=205 mean=15.2175 p50=15.0652 p95=16.3420 max=19.7537 cpu-ms
frame-profile: actors frames=205 mean=2.0136 p50=1.9637 p95=2.1950 max=3.4291 cpu-ms
frame-profile: director frames=205 mean=13.1367 p50=13.0230 p95=14.0932 max=16.3774 cpu-ms
frame-profile: render frames=205 mean=3.3056 p50=3.2322 p95=3.7048 max=5.3415 cpu-ms
frame-profile: school frames=205 mean=10.3247 p50=10.2258 p95=11.3531 max=13.1918 cpu-ms
frame-profile: pose frames=205 mean=2.2380 p50=2.2076 p95=2.3282 max=3.3904 cpu-ms
frame-profile: animation frames=205 mean=0.0000 p50=0.0000 p95=0.0000 max=0.0000 cpu-ms
frame-profile: total frames=205 mean=18.5231 p50=18.3066 p95=20.0926 max=22.9198 cpu-ms
frame-count: level-objects frames=205 mean=61.000
frame-count: render-actors frames=205 mean=47.000
frame-count: draws frames=205 mean=46.000
frame-count: triangles frames=205 mean=1497.215
frame-count: actor-mailbox-writes frames=205 mean=225.000
frame-count: fish-deformations frames=205 mean=0.000
ball pos: (3.632, 0.059, 2.400)
ball pos: (5.455, 0.059, 2.400)
ball pos: (5.539, 0.059, 2.400)
ball pos: (5.544, 0.059, 2.400)
ball pos: (5.544, 0.059, 2.400)
ball pos: (5.544, 0.059, 2.400)
ball pos: (5.544, 0.059, 2.400)
frame-window: start-ns=100084298831389 end-ns=100089306819266
frame-profile: update frames=204 mean=15.3324 p50=15.0462 p95=17.0668 max=20.1590 cpu-ms
frame-profile: actors frames=204 mean=2.0137 p50=1.9515 p95=2.2535 max=5.2697 cpu-ms
frame-profile: director frames=204 mean=13.2517 p50=12.9913 p95=15.0091 max=18.2329 cpu-ms
frame-profile: render frames=204 mean=3.3428 p50=3.2529 p95=3.7478 max=6.4546 cpu-ms
frame-profile: school frames=204 mean=10.4416 p50=10.2271 p95=11.8945 max=15.5070 cpu-ms
frame-profile: pose frames=204 mean=2.2499 p50=2.2114 p95=2.3486 max=3.9937 cpu-ms
frame-profile: animation frames=204 mean=0.0000 p50=0.0000 p95=0.0000 max=0.0000 cpu-ms
frame-profile: total frames=204 mean=18.6751 p50=18.3646 p95=21.1683 max=23.4154 cpu-ms
frame-count: level-objects frames=204 mean=61.000
frame-count: render-actors frames=204 mean=47.000
frame-count: draws frames=204 mean=46.000
frame-count: triangles frames=204 mean=1503.284
frame-count: actor-mailbox-writes frames=204 mean=225.000
frame-count: fish-deformations frames=204 mean=0.000
ball pos: (5.544, 0.059, 2.400)
ball pos: (5.544, 0.059, 2.400)
ball pos: (5.544, 0.059, 2.400)
ball pos: (5.544, 0.059, 2.400)
ball pos: (5.544, 0.059, 2.400)
ball pos: (5.544, 0.059, 2.400)
ball pos: (5.544, 0.059, 2.400)
frame-window: start-ns=100089306819266 end-ns=100094328093769
frame-profile: update frames=218 mean=15.1942 p50=14.9026 p95=17.6564 max=21.6207 cpu-ms
frame-profile: actors frames=218 mean=2.0495 p50=1.9702 p95=2.7185 max=4.1042 cpu-ms
frame-profile: director frames=218 mean=13.0760 p50=12.8675 p95=15.0920 max=19.6447 cpu-ms
frame-profile: render frames=218 mean=3.3696 p50=3.2557 p95=4.1780 max=5.9371 cpu-ms
frame-profile: school frames=218 mean=10.2722 p50=10.1118 p95=11.8789 max=16.8781 cpu-ms
frame-profile: pose frames=218 mean=2.2354 p50=2.2115 p95=2.2853 max=4.7964 cpu-ms
frame-profile: animation frames=218 mean=0.0000 p50=0.0000 p95=0.0000 max=0.0000 cpu-ms
frame-profile: total frames=218 mean=18.5638 p50=18.1811 p95=20.9107 max=25.1440 cpu-ms
frame-count: level-objects frames=218 mean=61.000
frame-count: render-actors frames=218 mean=47.000
frame-count: draws frames=218 mean=46.000
frame-count: triangles frames=218 mean=1503.674
frame-count: actor-mailbox-writes frames=218 mean=225.000
frame-count: fish-deformations frames=218 mean=0.000
ball pos: (5.544, 0.059, 2.400)
ball pos: (5.544, 0.059, 2.400)
ball pos: (5.544, 0.059, 2.400)
ball pos: (5.544, 0.059, 2.400)
