
=== wf_game android_main (log → /storage/emulated/0/Android/data/org.worldfoundry.wf_game.aquarium/files/wf.log) ===
audio: miniaudio v0.11.25 ready
wf_game v0.4.1, Built:Oct  1 2026,02:27:16 by kts
argc = 1, commandIndex = 1
Level=-1
cerror:
cwarn:
cstats:
wf_game Ver 0.4.1, Built:Oct  1 2026,02:27:16 by kts
DBSTREAMS jolt: RegisterDefaultAllocator
jolt: Factory
jolt: RegisterTypes
jolt: RunSelftest
jolt: selftest ok (sphere fell to z=5.098)
jolt: backend init
jolt: backend ready (gravity -Z)
jolt: init complete
LMalloc of 76 not 8-byte aligned, rounding up
Opening cd.iff
LMalloc of 447 not 8-byte aligned, rounding up
zforth: INDEXOF_CAMSHOT = 1921 (expect 1921)
zforth: INDEXOF_CAMSHOT = 1921 (expect 1921)
LMalloc of 20 not 8-byte aligned, rounding up
LMalloc of 412 not 8-byte aligned, rounding up
LMalloc of 7620 not 8-byte aligned, rounding up
LMalloc of 20 not 8-byte aligned, rounding up
LMalloc of 20 not 8-byte aligned, rounding up
LMalloc of 44 not 8-byte aligned, rounding up
LMalloc of 44 not 8-byte aligned, rounding up
LMalloc of 44 not 8-byte aligned, rounding up
LMalloc of 44 not 8-byte aligned, rounding up
LMalloc of 44 not 8-byte aligned, rounding up
LMalloc of 44 not 8-byte aligned, rounding up
LMalloc of 44 not 8-byte aligned, rounding up
LMalloc of 44 not 8-byte aligned, rounding up
LMalloc of 44 not 8-byte aligned, rounding up
LMalloc of 44 not 8-byte aligned, rounding up
LMalloc of 44 not 8-byte aligned, rounding up
LMalloc of 44 not 8-byte aligned, rounding up
LMalloc of 44 not 8-byte aligned, rounding up
LMalloc of 44 not 8-byte aligned, rounding up
LMalloc of 44 not 8-byte aligned, rounding up
LMalloc of 44 not 8-byte aligned, rounding up
LMalloc of 44 not 8-byte aligned, rounding up
LMalloc of 44 not 8-byte aligned, rounding up
LMalloc of 44 not 8-byte aligned, rounding up
LMalloc of 44 not 8-byte aligned, rounding up
LMalloc of 44 not 8-byte aligned, rounding up
Level::Level: leveldata= 0xc1240d28, object count  = 39
ASS closed without all data read (bytesLeft = 4118)
ASS closed without all data read (bytesLeft = 150)
ASS closed without all data read (bytesLeft = 16)
ASS closed without all data read (bytesLeft = 16)
ASS closed without all data read (bytesLeft = 13508)
DMalloc of 84 not 8-byte aligned, rounding up
LMalloc of 76 not 8-byte aligned, rounding up
PixelMap::Load: this = 0xbf968e98
PixelMap::Load: this = 0xbf968ec8
LMalloc of 28 not 8-byte aligned, rounding up
LMalloc of 28 not 8-byte aligned, rounding up
LMalloc of 28 not 8-byte aligned, rounding up
LMalloc of 28 not 8-byte aligned, rounding up
LMalloc of 972 not 8-byte aligned, rounding up
LMalloc of 172 not 8-byte aligned, rounding up
LMalloc of 68 not 8-byte aligned, rounding up
LMalloc of 100 not 8-byte aligned, rounding up
DMalloc of 228 not 8-byte aligned, rounding up
[Actor] idx=2 class=23 commonOff=9516 NumberOfLocalMailboxes=0
DMalloc of 84 not 8-byte aligned, rounding up
[Actor] idx=3 class=13 commonOff=9516 NumberOfLocalMailboxes=0
DMalloc of 84 not 8-byte aligned, rounding up
this = 0xbf96c478,setting _memory to 0xbf96c098
DMalloc of 52 not 8-byte aligned, rounding up
DMalloc of 252 not 8-byte aligned, rounding up
[Actor] idx=4 class=20 commonOff=10228 NumberOfLocalMailboxes=0
DMalloc of 84 not 8-byte aligned, rounding up
DMalloc of 228 not 8-byte aligned, rounding up
[Actor] idx=6 class=11 commonOff=9516 NumberOfLocalMailboxes=0
DMalloc of 84 not 8-byte aligned, rounding up
[Actor] idx=7 class=16 commonOff=9516 NumberOfLocalMailboxes=0
DMalloc of 84 not 8-byte aligned, rounding up
[Actor] idx=8 class=3 commonOff=9516 NumberOfLocalMailboxes=0
DMalloc of 84 not 8-byte aligned, rounding up
[Actor] idx=9 class=22 commonOff=10968 NumberOfLocalMailboxes=6
DMalloc of 84 not 8-byte aligned, rounding up
jolt: character 0 created at (0.00, -0.85, 0.86) ctr=(0.00,0.00,0.00)
[Actor] idx=10 class=7 commonOff=9516 NumberOfLocalMailboxes=0
DMalloc of 84 not 8-byte aligned, rounding up
[Actor] idx=11 class=7 commonOff=9516 NumberOfLocalMailboxes=0
DMalloc of 84 not 8-byte aligned, rounding up
[Actor] idx=12 class=7 commonOff=9516 NumberOfLocalMailboxes=0
DMalloc of 84 not 8-byte aligned, rounding up
[Actor] idx=13 class=7 commonOff=9516 NumberOfLocalMailboxes=0
DMalloc of 84 not 8-byte aligned, rounding up
[Actor] idx=14 class=7 commonOff=9516 NumberOfLocalMailboxes=0
DMalloc of 84 not 8-byte aligned, rounding up
[Actor] idx=15 class=7 commonOff=9516 NumberOfLocalMailboxes=0
DMalloc of 84 not 8-byte aligned, rounding up
[Actor] idx=16 class=7 commonOff=9516 NumberOfLocalMailboxes=0
DMalloc of 84 not 8-byte aligned, rounding up
[Actor] idx=17 class=7 commonOff=9516 NumberOfLocalMailboxes=0
DMalloc of 84 not 8-byte aligned, rounding up
[Actor] idx=18 class=5 commonOff=9516 NumberOfLocalMailboxes=0
jolt: body STATIC pos=(0.00,0.00,0.00) half=(6.10,1.65,0.12) id=8388608
[Actor] idx=19 class=5 commonOff=9516 NumberOfLocalMailboxes=0
jolt: body STATIC pos=(0.00,1.53,2.73) half=(5.97,0.12,2.10) id=8388609
[Actor] idx=20 class=5 commonOff=9516 NumberOfLocalMailboxes=0
jolt: body STATIC pos=(0.00,1.53,5.08) half=(6.10,0.12,0.25) id=8388610
[Actor] idx=21 class=5 commonOff=9516 NumberOfLocalMailboxes=0
jolt: body STATIC pos=(-6.09,0.00,2.67) half=(0.12,1.65,2.67) id=8388611
[Actor] idx=22 class=5 commonOff=9516 NumberOfLocalMailboxes=0
jolt: body STATIC pos=(5.97,0.00,2.67) half=(0.12,1.65,2.67) id=8388612
[Actor] idx=23 class=5 commonOff=9516 NumberOfLocalMailboxes=0
jolt: body STATIC pos=(0.00,-1.78,2.67) half=(6.10,0.12,2.67) id=8388613
[Actor] idx=24 class=7 commonOff=9516 NumberOfLocalMailboxes=0
DMalloc of 84 not 8-byte aligned, rounding up
[Actor] idx=25 class=5 commonOff=9516 NumberOfLocalMailboxes=0
jolt: body STATIC pos=(0.00,0.00,0.38) half=(5.97,1.52,0.25) id=8388614
[Actor] idx=26 class=7 commonOff=11540 NumberOfLocalMailboxes=0
DMalloc of 84 not 8-byte aligned, rounding up
[Actor] idx=27 class=7 commonOff=11584 NumberOfLocalMailboxes=0
DMalloc of 84 not 8-byte aligned, rounding up
[Actor] idx=28 class=7 commonOff=11628 NumberOfLocalMailboxes=0
DMalloc of 84 not 8-byte aligned, rounding up
[Actor] idx=29 class=7 commonOff=11672 NumberOfLocalMailboxes=0
DMalloc of 84 not 8-byte aligned, rounding up
[Actor] idx=30 class=7 commonOff=11716 NumberOfLocalMailboxes=0
DMalloc of 84 not 8-byte aligned, rounding up
[Actor] idx=31 class=7 commonOff=11760 NumberOfLocalMailboxes=0
DMalloc of 84 not 8-byte aligned, rounding up
[Actor] idx=32 class=7 commonOff=11804 NumberOfLocalMailboxes=0
DMalloc of 84 not 8-byte aligned, rounding up
[Actor] idx=33 class=7 commonOff=11848 NumberOfLocalMailboxes=0
DMalloc of 84 not 8-byte aligned, rounding up
[Actor] idx=34 class=5 commonOff=9516 NumberOfLocalMailboxes=0
jolt: body STATIC pos=(0.00,0.00,-1.26) half=(6.25,1.80,1.24) id=8388615
[Actor] idx=35 class=5 commonOff=9516 NumberOfLocalMailboxes=0
jolt: body STATIC pos=(0.00,2.97,7.50) half=(30.00,0.12,12.50) id=8388616
DMalloc of 228 not 8-byte aligned, rounding up
[Actor] idx=36 class=23 commonOff=9516 NumberOfLocalMailboxes=0
DMalloc of 84 not 8-byte aligned, rounding up
[Actor] idx=37 class=3 commonOff=9516 NumberOfLocalMailboxes=0
DMalloc of 84 not 8-byte aligned, rounding up
[Actor] idx=38 class=16 commonOff=9516 NumberOfLocalMailboxes=0
DMalloc of 84 not 8-byte aligned, rounding up
LMalloc of 20 not 8-byte aligned, rounding up
LMalloc of 212 not 8-byte aligned, rounding up
DMalloc of 76 not 8-byte aligned, rounding up
DMalloc of 404 not 8-byte aligned, rounding up
DMalloc of 458 not 8-byte aligned, rounding up
DMalloc of 466 not 8-byte aligned, rounding up
DMalloc of 404 not 8-byte aligned, rounding up
Walking from 0
0->0
0->0
LMalloc of 20 not 8-byte aligned, rounding up
LMalloc of 20 not 8-byte aligned, rounding up
ASS closed without all data read (bytesLeft = 4118)
ASS closed without all data read (bytesLeft = 150)
ASS closed without all data read (bytesLeft = 16)
ASS closed without all data read (bytesLeft = 16)
ASS closed without all data read (bytesLeft = 1516)
ASS closed without all data read (bytesLeft = 588)
ASS closed without all data read (bytesLeft = 4692)
ASS closed without all data read (bytesLeft = 588)
ASS closed without all data read (bytesLeft = 588)
ASS closed without all data read (bytesLeft = 588)
ASS closed without all data read (bytesLeft = 588)
ASS closed without all data read (bytesLeft = 1260)
ASS closed without all data read (bytesLeft = 588)
ASS closed without all data read (bytesLeft = 110476)
ASS closed without all data read (bytesLeft = 117516)
ASS closed without all data read (bytesLeft = 128076)
ASS closed without all data read (bytesLeft = 99916)
ASS closed without all data read (bytesLeft = 250564)
ASS closed without all data read (bytesLeft = 250564)
ASS closed without all data read (bytesLeft = 251508)
ASS closed without all data read (bytesLeft = 249596)
ASS closed without all data read (bytesLeft = 588)
ASS closed without all data read (bytesLeft = 588)
DMalloc of 84 not 8-byte aligned, rounding up
LMalloc of 292 not 8-byte aligned, rounding up
PixelMap::Load: this = 0xbf968ef8
PixelMap::Load: this = 0xbf968f28
LMalloc of 28 not 8-byte aligned, rounding up
LMalloc of 28 not 8-byte aligned, rounding up
LMalloc of 28 not 8-byte aligned, rounding up
LMalloc of 28 not 8-byte aligned, rounding up
LMalloc of 44 not 8-byte aligned, rounding up
LMalloc of 44 not 8-byte aligned, rounding up
LMalloc of 268 not 8-byte aligned, rounding up
LMalloc of 44 not 8-byte aligned, rounding up
LMalloc of 8276 not 8-byte aligned, rounding up
RenderActor3DAnimates constructed with no animations!
LMalloc of 44 not 8-byte aligned, rounding up
LMalloc of 44 not 8-byte aligned, rounding up
LMalloc of 100 not 8-byte aligned, rounding up
LMalloc of 44 not 8-byte aligned, rounding up
LMalloc of 1156 not 8-byte aligned, rounding up
RenderActor3DAnimates constructed with no animations!
LMalloc of 44 not 8-byte aligned, rounding up
LMalloc of 44 not 8-byte aligned, rounding up
LMalloc of 100 not 8-byte aligned, rounding up
LMalloc of 44 not 8-byte aligned, rounding up
LMalloc of 1156 not 8-byte aligned, rounding up
RenderActor3DAnimates constructed with no animations!
LMalloc of 44 not 8-byte aligned, rounding up
LMalloc of 44 not 8-byte aligned, rounding up
LMalloc of 100 not 8-byte aligned, rounding up
LMalloc of 44 not 8-byte aligned, rounding up
LMalloc of 1156 not 8-byte aligned, rounding up
RenderActor3DAnimates constructed with no animations!
LMalloc of 44 not 8-byte aligned, rounding up
LMalloc of 44 not 8-byte aligned, rounding up
LMalloc of 100 not 8-byte aligned, rounding up
LMalloc of 44 not 8-byte aligned, rounding up
LMalloc of 1156 not 8-byte aligned, rounding up
RenderActor3DAnimates constructed with no animations!
LMalloc of 44 not 8-byte aligned, rounding up
LMalloc of 44 not 8-byte aligned, rounding up
LMalloc of 100 not 8-byte aligned, rounding up
LMalloc of 44 not 8-byte aligned, rounding up
LMalloc of 1156 not 8-byte aligned, rounding up
RenderActor3DAnimates constructed with no animations!
LMalloc of 44 not 8-byte aligned, rounding up
LMalloc of 44 not 8-byte aligned, rounding up
LMalloc of 100 not 8-byte aligned, rounding up
LMalloc of 44 not 8-byte aligned, rounding up
LMalloc of 1156 not 8-byte aligned, rounding up
RenderActor3DAnimates constructed with no animations!
LMalloc of 44 not 8-byte aligned, rounding up
LMalloc of 44 not 8-byte aligned, rounding up
LMalloc of 100 not 8-byte aligned, rounding up
LMalloc of 44 not 8-byte aligned, rounding up
LMalloc of 1156 not 8-byte aligned, rounding up
RenderActor3DAnimates constructed with no animations!
LMalloc of 44 not 8-byte aligned, rounding up
LMalloc of 44 not 8-byte aligned, rounding up
LMalloc of 100 not 8-byte aligned, rounding up
LMalloc of 44 not 8-byte aligned, rounding up
LMalloc of 1156 not 8-byte aligned, rounding up
RenderActor3DAnimates constructed with no animations!
LMalloc of 44 not 8-byte aligned, rounding up
LMalloc of 44 not 8-byte aligned, rounding up
LMalloc of 100 not 8-byte aligned, rounding up
LMalloc of 44 not 8-byte aligned, rounding up
LMalloc of 276 not 8-byte aligned, rounding up
RenderActor3DAnimates constructed with no animations!
LMalloc of 44 not 8-byte aligned, rounding up
LMalloc of 44 not 8-byte aligned, rounding up
MATL closed without all data read (bytesLeft = 264)
LMalloc of 44 not 8-byte aligned, rounding up
jolt: mesh actor_pos=(0.000,0.000,0.000)
jolt: mesh v0 local=(-6.096,-1.651,0.000) world=(-6.096,-1.651,0.000)
jolt: mesh v1 local=(-6.096,-1.651,0.127) world=(-6.096,-1.651,0.127)
jolt: mesh v2 local=(-6.096,1.651,0.000) world=(-6.096,1.651,0.000)
jolt: mesh v3 local=(-6.096,1.651,0.127) world=(-6.096,1.651,0.127)
jolt: mesh v4 local=(6.096,-1.651,0.000) world=(6.096,-1.651,0.000)
jolt: mesh v5 local=(6.096,-1.651,0.127) world=(6.096,-1.651,0.127)
jolt: mesh v6 local=(6.096,1.651,0.000) world=(6.096,1.651,0.000)
jolt: mesh v7 local=(6.096,1.651,0.127) world=(6.096,1.651,0.127)
jolt: body MESH_STATIC verts=8 faces=12 id=16777216
LMalloc of 44 not 8-byte aligned, rounding up
LMalloc of 44 not 8-byte aligned, rounding up
LMalloc of 44 not 8-byte aligned, rounding up
LMalloc of 2436 not 8-byte aligned, rounding up
RenderActor3DAnimates constructed with no animations!
LMalloc of 44 not 8-byte aligned, rounding up
LMalloc of 44 not 8-byte aligned, rounding up
MATL closed without all data read (bytesLeft = 2640)
LMalloc of 44 not 8-byte aligned, rounding up
jolt: mesh actor_pos=(0.000,0.000,0.000)
jolt: mesh v0 local=(-5.969,1.524,0.635) world=(-5.969,1.524,0.635)
jolt: mesh v1 local=(-5.969,1.524,1.054) world=(-5.969,1.524,1.054)
jolt: mesh v2 local=(-5.969,1.524,1.473) world=(-5.969,1.524,1.473)
jolt: mesh v3 local=(-5.969,1.524,1.892) world=(-5.969,1.524,1.892)
jolt: mesh v4 local=(-5.969,1.524,2.311) world=(-5.969,1.524,2.311)
jolt: mesh v5 local=(-5.969,1.524,2.730) world=(-5.969,1.524,2.730)
jolt: mesh v6 local=(-5.969,1.524,3.150) world=(-5.969,1.524,3.150)
jolt: mesh v7 local=(-5.969,1.524,3.569) world=(-5.969,1.524,3.569)
jolt: mesh v8 local=(-5.969,1.524,3.988) world=(-5.969,1.524,3.988)
jolt: mesh v9 local=(-5.969,1.524,4.407) world=(-5.969,1.524,4.407)
jolt: mesh v10 local=(-5.969,1.524,4.826) world=(-5.969,1.524,4.826)
jolt: mesh v11 local=(-5.969,1.651,0.635) world=(-5.969,1.651,0.635)
jolt: mesh v12 local=(-5.969,1.651,1.054) world=(-5.969,1.651,1.054)
jolt: mesh v13 local=(-5.969,1.651,1.473) world=(-5.969,1.651,1.473)
jolt: mesh v14 local=(-5.969,1.651,1.892) world=(-5.969,1.651,1.892)
jolt: mesh v15 local=(-5.969,1.651,2.311) world=(-5.969,1.651,2.311)
jolt: mesh v16 local=(-5.969,1.651,2.730) world=(-5.969,1.651,2.730)
jolt: mesh v17 local=(-5.969,1.651,3.150) world=(-5.969,1.651,3.150)
jolt: mesh v18 local=(-5.969,1.651,3.569) world=(-5.969,1.651,3.569)
jolt: mesh v19 local=(-5.969,1.651,3.988) world=(-5.969,1.651,3.988)
jolt: mesh v20 local=(-5.969,1.651,4.407) world=(-5.969,1.651,4.407)
jolt: mesh v21 local=(-5.969,1.651,4.826) world=(-5.969,1.651,4.826)
jolt: mesh v22 local=(5.969,1.524,0.635) world=(5.969,1.524,0.635)
jolt: mesh v23 local=(5.969,1.524,1.054) world=(5.969,1.524,1.054)
jolt: mesh v24 local=(5.969,1.524,1.473) world=(5.969,1.524,1.473)
jolt: mesh v25 local=(5.969,1.524,1.892) world=(5.969,1.524,1.892)
jolt: mesh v26 local=(5.969,1.524,2.311) world=(5.969,1.524,2.311)
jolt: mesh v27 local=(5.969,1.524,2.730) world=(5.969,1.524,2.730)
jolt: mesh v28 local=(5.969,1.524,3.150) world=(5.969,1.524,3.150)
jolt: mesh v29 local=(5.969,1.524,3.569) world=(5.969,1.524,3.569)
jolt: mesh v30 local=(5.969,1.524,3.988) world=(5.969,1.524,3.988)
jolt: mesh v31 local=(5.969,1.524,4.407) world=(5.969,1.524,4.407)
jolt: mesh v32 local=(5.969,1.524,4.826) world=(5.969,1.524,4.826)
jolt: mesh v33 local=(5.969,1.651,0.635) world=(5.969,1.651,0.635)
jolt: mesh v34 local=(5.969,1.651,1.054) world=(5.969,1.651,1.054)
jolt: mesh v35 local=(5.969,1.651,1.473) world=(5.969,1.651,1.473)
jolt: mesh v36 local=(5.969,1.651,1.892) world=(5.969,1.651,1.892)
jolt: mesh v37 local=(5.969,1.651,2.311) world=(5.969,1.651,2.311)
jolt: mesh v38 local=(5.969,1.651,2.730) world=(5.969,1.651,2.730)
jolt: mesh v39 local=(5.969,1.651,3.150) world=(5.969,1.651,3.150)
jolt: mesh v40 local=(5.969,1.651,3.569) world=(5.969,1.651,3.569)
jolt: mesh v41 local=(5.969,1.651,3.988) world=(5.969,1.651,3.988)
jolt: mesh v42 local=(5.969,1.651,4.407) world=(5.969,1.651,4.407)
jolt: mesh v43 local=(5.969,1.651,4.826) world=(5.969,1.651,4.826)
jolt: body MESH_STATIC verts=44 faces=120 id=16777217
LMalloc of 44 not 8-byte aligned, rounding up
LMalloc of 44 not 8-byte aligned, rounding up
LMalloc of 100 not 8-byte aligned, rounding up
LMalloc of 44 not 8-byte aligned, rounding up
LMalloc of 276 not 8-byte aligned, rounding up
RenderActor3DAnimates constructed with no animations!
LMalloc of 44 not 8-byte aligned, rounding up
LMalloc of 44 not 8-byte aligned, rounding up
MATL closed without all data read (bytesLeft = 264)
LMalloc of 44 not 8-byte aligned, rounding up
jolt: mesh actor_pos=(0.000,0.000,0.000)
jolt: mesh v0 local=(-6.096,1.524,4.826) world=(-6.096,1.524,4.826)
jolt: mesh v1 local=(-6.096,1.524,5.334) world=(-6.096,1.524,5.334)
jolt: mesh v2 local=(-6.096,1.651,4.826) world=(-6.096,1.651,4.826)
jolt: mesh v3 local=(-6.096,1.651,5.334) world=(-6.096,1.651,5.334)
jolt: mesh v4 local=(6.096,1.524,4.826) world=(6.096,1.524,4.826)
jolt: mesh v5 local=(6.096,1.524,5.334) world=(6.096,1.524,5.334)
jolt: mesh v6 local=(6.096,1.651,4.826) world=(6.096,1.651,4.826)
jolt: mesh v7 local=(6.096,1.651,5.334) world=(6.096,1.651,5.334)
jolt: body MESH_STATIC verts=8 faces=12 id=16777218
LMalloc of 44 not 8-byte aligned, rounding up
LMalloc of 44 not 8-byte aligned, rounding up
LMalloc of 100 not 8-byte aligned, rounding up
LMalloc of 44 not 8-byte aligned, rounding up
LMalloc of 276 not 8-byte aligned, rounding up
RenderActor3DAnimates constructed with no animations!
LMalloc of 44 not 8-byte aligned, rounding up
LMalloc of 44 not 8-byte aligned, rounding up
MATL closed without all data read (bytesLeft = 264)
LMalloc of 44 not 8-byte aligned, rounding up
jolt: mesh actor_pos=(0.000,0.000,0.000)
jolt: mesh v0 local=(-6.096,-1.651,0.000) world=(-6.096,-1.651,0.000)
jolt: mesh v1 local=(-6.096,-1.651,5.334) world=(-6.096,-1.651,5.334)
jolt: mesh v2 local=(-6.096,1.651,0.000) world=(-6.096,1.651,0.000)
jolt: mesh v3 local=(-6.096,1.651,5.334) world=(-6.096,1.651,5.334)
jolt: mesh v4 local=(-5.969,-1.651,0.000) world=(-5.969,-1.651,0.000)
jolt: mesh v5 local=(-5.969,-1.651,5.334) world=(-5.969,-1.651,5.334)
jolt: mesh v6 local=(-5.969,1.651,0.000) world=(-5.969,1.651,0.000)
jolt: mesh v7 local=(-5.969,1.651,5.334) world=(-5.969,1.651,5.334)
jolt: body MESH_STATIC verts=8 faces=12 id=16777219
LMalloc of 44 not 8-byte aligned, rounding up
LMalloc of 44 not 8-byte aligned, rounding up
LMalloc of 100 not 8-byte aligned, rounding up
LMalloc of 44 not 8-byte aligned, rounding up
LMalloc of 276 not 8-byte aligned, rounding up
RenderActor3DAnimates constructed with no animations!
LMalloc of 44 not 8-byte aligned, rounding up
LMalloc of 44 not 8-byte aligned, rounding up
MATL closed without all data read (bytesLeft = 264)
LMalloc of 44 not 8-byte aligned, rounding up
jolt: mesh actor_pos=(0.000,0.000,0.000)
jolt: mesh v0 local=(5.969,-1.651,0.000) world=(5.969,-1.651,0.000)
jolt: mesh v1 local=(5.969,-1.651,5.334) world=(5.969,-1.651,5.334)
jolt: mesh v2 local=(5.969,1.651,0.000) world=(5.969,1.651,0.000)
jolt: mesh v3 local=(5.969,1.651,5.334) world=(5.969,1.651,5.334)
jolt: mesh v4 local=(6.096,-1.651,0.000) world=(6.096,-1.651,0.000)
jolt: mesh v5 local=(6.096,-1.651,5.334) world=(6.096,-1.651,5.334)
jolt: mesh v6 local=(6.096,1.651,0.000) world=(6.096,1.651,0.000)
jolt: mesh v7 local=(6.096,1.651,5.334) world=(6.096,1.651,5.334)
jolt: body MESH_STATIC verts=8 faces=12 id=16777220
LMalloc of 44 not 8-byte aligned, rounding up
LMalloc of 44 not 8-byte aligned, rounding up
LMalloc of 100 not 8-byte aligned, rounding up
LMalloc of 44 not 8-byte aligned, rounding up
LMalloc of 276 not 8-byte aligned, rounding up
RenderActor3DAnimates constructed with no animations!
LMalloc of 44 not 8-byte aligned, rounding up
LMalloc of 44 not 8-byte aligned, rounding up
MATL closed without all data read (bytesLeft = 264)
LMalloc of 44 not 8-byte aligned, rounding up
jolt: mesh actor_pos=(0.000,0.000,0.000)
jolt: mesh v0 local=(-6.096,-1.778,0.000) world=(-6.096,-1.778,0.000)
jolt: mesh v1 local=(-6.096,-1.778,5.334) world=(-6.096,-1.778,5.334)
jolt: mesh v2 local=(-6.096,-1.651,0.000) world=(-6.096,-1.651,0.000)
jolt: mesh v3 local=(-6.096,-1.651,5.334) world=(-6.096,-1.651,5.334)
jolt: mesh v4 local=(6.096,-1.778,0.000) world=(6.096,-1.778,0.000)
jolt: mesh v5 local=(6.096,-1.778,5.334) world=(6.096,-1.778,5.334)
jolt: mesh v6 local=(6.096,-1.651,0.000) world=(6.096,-1.651,0.000)
jolt: mesh v7 local=(6.096,-1.651,5.334) world=(6.096,-1.651,5.334)
jolt: body MESH_STATIC verts=8 faces=12 id=16777221
LMalloc of 44 not 8-byte aligned, rounding up
LMalloc of 44 not 8-byte aligned, rounding up
LMalloc of 100 not 8-byte aligned, rounding up
LMalloc of 44 not 8-byte aligned, rounding up
LMalloc of 996 not 8-byte aligned, rounding up
RenderActor3DAnimates constructed with no animations!
LMalloc of 44 not 8-byte aligned, rounding up
LMalloc of 44 not 8-byte aligned, rounding up
LMalloc of 100 not 8-byte aligned, rounding up
LMalloc of 44 not 8-byte aligned, rounding up
LMalloc of 276 not 8-byte aligned, rounding up
RenderActor3DAnimates constructed with no animations!
LMalloc of 44 not 8-byte aligned, rounding up
LMalloc of 44 not 8-byte aligned, rounding up
MATL closed without all data read (bytesLeft = 264)
LMalloc of 44 not 8-byte aligned, rounding up
jolt: mesh actor_pos=(0.000,0.000,0.000)
jolt: mesh v0 local=(-5.969,-1.524,0.127) world=(-5.969,-1.524,0.127)
jolt: mesh v1 local=(-5.969,-1.524,0.635) world=(-5.969,-1.524,0.635)
jolt: mesh v2 local=(-5.969,1.524,0.127) world=(-5.969,1.524,0.127)
jolt: mesh v3 local=(-5.969,1.524,0.635) world=(-5.969,1.524,0.635)
jolt: mesh v4 local=(5.969,-1.524,0.127) world=(5.969,-1.524,0.127)
jolt: mesh v5 local=(5.969,-1.524,0.635) world=(5.969,-1.524,0.635)
jolt: mesh v6 local=(5.969,1.524,0.127) world=(5.969,1.524,0.127)
jolt: mesh v7 local=(5.969,1.524,0.635) world=(5.969,1.524,0.635)
jolt: body MESH_STATIC verts=8 faces=12 id=16777222
LMalloc of 44 not 8-byte aligned, rounding up
LMalloc of 44 not 8-byte aligned, rounding up
LMalloc of 436 not 8-byte aligned, rounding up
LMalloc of 44 not 8-byte aligned, rounding up
LMalloc of 94276 not 8-byte aligned, rounding up
RenderActor3DAnimates constructed with no animations!
LMalloc of 44 not 8-byte aligned, rounding up
LMalloc of 44 not 8-byte aligned, rounding up
LMalloc of 436 not 8-byte aligned, rounding up
LMalloc of 44 not 8-byte aligned, rounding up
LMalloc of 100356 not 8-byte aligned, rounding up
RenderActor3DAnimates constructed with no animations!
LMalloc of 44 not 8-byte aligned, rounding up
LMalloc of 44 not 8-byte aligned, rounding up
LMalloc of 436 not 8-byte aligned, rounding up
LMalloc of 44 not 8-byte aligned, rounding up
LMalloc of 109476 not 8-byte aligned, rounding up
RenderActor3DAnimates constructed with no animations!
LMalloc of 44 not 8-byte aligned, rounding up
LMalloc of 44 not 8-byte aligned, rounding up
LMalloc of 436 not 8-byte aligned, rounding up
LMalloc of 44 not 8-byte aligned, rounding up
LMalloc of 85156 not 8-byte aligned, rounding up
RenderActor3DAnimates constructed with no animations!
LMalloc of 44 not 8-byte aligned, rounding up
LMalloc of 44 not 8-byte aligned, rounding up
LMalloc of 44 not 8-byte aligned, rounding up
LMalloc of 232996 not 8-byte aligned, rounding up
RenderActor3DAnimates constructed with no animations!
LMalloc of 44 not 8-byte aligned, rounding up
LMalloc of 44 not 8-byte aligned, rounding up
LMalloc of 44 not 8-byte aligned, rounding up
LMalloc of 232996 not 8-byte aligned, rounding up
RenderActor3DAnimates constructed with no animations!
LMalloc of 44 not 8-byte aligned, rounding up
LMalloc of 44 not 8-byte aligned, rounding up
LMalloc of 44 not 8-byte aligned, rounding up
LMalloc of 233796 not 8-byte aligned, rounding up
RenderActor3DAnimates constructed with no animations!
LMalloc of 44 not 8-byte aligned, rounding up
LMalloc of 44 not 8-byte aligned, rounding up
LMalloc of 44 not 8-byte aligned, rounding up
LMalloc of 232196 not 8-byte aligned, rounding up
RenderActor3DAnimates constructed with no animations!
LMalloc of 44 not 8-byte aligned, rounding up
LMalloc of 44 not 8-byte aligned, rounding up
LMalloc of 100 not 8-byte aligned, rounding up
LMalloc of 44 not 8-byte aligned, rounding up
LMalloc of 276 not 8-byte aligned, rounding up
RenderActor3DAnimates constructed with no animations!
LMalloc of 44 not 8-byte aligned, rounding up
LMalloc of 44 not 8-byte aligned, rounding up
MATL closed without all data read (bytesLeft = 264)
LMalloc of 44 not 8-byte aligned, rounding up
jolt: mesh actor_pos=(0.000,0.000,0.000)
jolt: mesh v0 local=(-6.246,-1.801,-2.500) world=(-6.246,-1.801,-2.500)
jolt: mesh v1 local=(-6.246,-1.801,-0.025) world=(-6.246,-1.801,-0.025)
jolt: mesh v2 local=(-6.246,1.801,-2.500) world=(-6.246,1.801,-2.500)
jolt: mesh v3 local=(-6.246,1.801,-0.025) world=(-6.246,1.801,-0.025)
jolt: mesh v4 local=(6.246,-1.801,-2.500) world=(6.246,-1.801,-2.500)
jolt: mesh v5 local=(6.246,-1.801,-0.025) world=(6.246,-1.801,-0.025)
jolt: mesh v6 local=(6.246,1.801,-2.500) world=(6.246,1.801,-2.500)
jolt: mesh v7 local=(6.246,1.801,-0.025) world=(6.246,1.801,-0.025)
jolt: body MESH_STATIC verts=8 faces=12 id=16777223
LMalloc of 44 not 8-byte aligned, rounding up
LMalloc of 44 not 8-byte aligned, rounding up
LMalloc of 100 not 8-byte aligned, rounding up
LMalloc of 44 not 8-byte aligned, rounding up
LMalloc of 276 not 8-byte aligned, rounding up
RenderActor3DAnimates constructed with no animations!
LMalloc of 44 not 8-byte aligned, rounding up
LMalloc of 44 not 8-byte aligned, rounding up
MATL closed without all data read (bytesLeft = 264)
LMalloc of 44 not 8-byte aligned, rounding up
jolt: mesh actor_pos=(0.000,0.000,0.000)
jolt: mesh v0 local=(-30.000,3.000,-5.000) world=(-30.000,3.000,-5.000)
jolt: mesh v1 local=(-30.000,3.000,20.000) world=(-30.000,3.000,20.000)
jolt: mesh v2 local=(-30.000,3.100,-5.000) world=(-30.000,3.100,-5.000)
jolt: mesh v3 local=(-30.000,3.100,20.000) world=(-30.000,3.100,20.000)
jolt: mesh v4 local=(30.000,3.000,-5.000) world=(30.000,3.000,-5.000)
jolt: mesh v5 local=(30.000,3.000,20.000) world=(30.000,3.000,20.000)
jolt: mesh v6 local=(30.000,3.100,-5.000) world=(30.000,3.100,-5.000)
jolt: mesh v7 local=(30.000,3.100,20.000) world=(30.000,3.100,20.000)
jolt: body MESH_STATIC verts=8 faces=12 id=16777224
zforth: INDEXOF_CAMSHOT = 1921 (expect 1921)
zforth: INDEXOF_CAMSHOT = 1921 (expect 1921)
jolt: OptimizeBroadPhase done (9 static bodies)
audio: MusicPlayer — soundfont not found: florestan-subset.sf2
audio: sfx[0] not found: wflevels/qbert_practice/sfx/qbert_hop.wav
audio: sfx[1] not found: wflevels/qbert_practice/sfx/qbert_land.wav
audio: sfx[2] not found: wflevels/qbert_practice/sfx/qbert_fall.wav
audio: sfx[3] not found: wflevels/qbert_practice/sfx/qbert_swear.wav
audio: sfx[4] not found: wflevels/qbert_practice/sfx/qbert_round_clear.wav
audio: sfx[5] not found: wflevels/qbert_practice/sfx/qbert_kill.wav
audio: sfx[6] not found: wflevels/qbert_practice/sfx/qbert_disc.wav
DMalloc of 36 not 8-byte aligned, rounding up
delta too large: 0.2482299805
timeofday:1791035439:505998
lasttimeofday: 1791035439:257763
deltatime:0:248235
delta: 0.2482299805
ball pos: (0.000, -0.850, 0.865)
ball pos: (0.000, -0.850, 0.865)
ball pos: (0.000, -0.850, 0.865)
, _bContinue = 0, _curLevel->done() = 0
zforth: INDEXOF_CAMSHOT = 1921 (expect 1921)
zforth: INDEXOF_CAMSHOT = 1921 (expect 1921)
LMalloc of 20 not 8-byte aligned, rounding up
LMalloc of 412 not 8-byte aligned, rounding up
LMalloc of 7620 not 8-byte aligned, rounding up
LMalloc of 20 not 8-byte aligned, rounding up
LMalloc of 20 not 8-byte aligned, rounding up
LMalloc of 44 not 8-byte aligned, rounding up
LMalloc of 44 not 8-byte aligned, rounding up
LMalloc of 44 not 8-byte aligned, rounding up
LMalloc of 44 not 8-byte aligned, rounding up
LMalloc of 44 not 8-byte aligned, rounding up
LMalloc of 44 not 8-byte aligned, rounding up
LMalloc of 44 not 8-byte aligned, rounding up
LMalloc of 44 not 8-byte aligned, rounding up
LMalloc of 44 not 8-byte aligned, rounding up
LMalloc of 44 not 8-byte aligned, rounding up
LMalloc of 44 not 8-byte aligned, rounding up
LMalloc of 44 not 8-byte aligned, rounding up
LMalloc of 44 not 8-byte aligned, rounding up
LMalloc of 44 not 8-byte aligned, rounding up
LMalloc of 44 not 8-byte aligned, rounding up
LMalloc of 44 not 8-byte aligned, rounding up
LMalloc of 44 not 8-byte aligned, rounding up
LMalloc of 44 not 8-byte aligned, rounding up
LMalloc of 44 not 8-byte aligned, rounding up
LMalloc of 44 not 8-byte aligned, rounding up
LMalloc of 44 not 8-byte aligned, rounding up
LMalloc of 44 not 8-byte aligned, rounding up
Level::Level: leveldata= 0xc0c87fa8, object count  = 33
ASS closed without all data read (bytesLeft = 4118)
ASS closed without all data read (bytesLeft = 150)
ASS closed without all data read (bytesLeft = 16)
ASS closed without all data read (bytesLeft = 16)
ASS closed without all data read (bytesLeft = 8028)
DMalloc of 84 not 8-byte aligned, rounding up
LMalloc of 76 not 8-byte aligned, rounding up
PixelMap::Load: this = 0xbf968e98
PixelMap::Load: this = 0xbf968ec8
LMalloc of 28 not 8-byte aligned, rounding up
LMalloc of 28 not 8-byte aligned, rounding up
LMalloc of 28 not 8-byte aligned, rounding up
LMalloc of 28 not 8-byte aligned, rounding up
LMalloc of 948 not 8-byte aligned, rounding up
LMalloc of 148 not 8-byte aligned, rounding up
LMalloc of 68 not 8-byte aligned, rounding up
LMalloc of 100 not 8-byte aligned, rounding up
DMalloc of 228 not 8-byte aligned, rounding up
[Actor] idx=2 class=23 commonOff=19408 NumberOfLocalMailboxes=0
DMalloc of 84 not 8-byte aligned, rounding up
[Actor] idx=3 class=13 commonOff=19408 NumberOfLocalMailboxes=0
DMalloc of 84 not 8-byte aligned, rounding up
DMalloc of 52 not 8-byte aligned, rounding up
DMalloc of 252 not 8-byte aligned, rounding up
[Actor] idx=4 class=20 commonOff=20120 NumberOfLocalMailboxes=0
DMalloc of 84 not 8-byte aligned, rounding up
DMalloc of 228 not 8-byte aligned, rounding up
[Actor] idx=6 class=11 commonOff=19408 NumberOfLocalMailboxes=0
DMalloc of 84 not 8-byte aligned, rounding up
[Actor] idx=7 class=16 commonOff=19408 NumberOfLocalMailboxes=0
DMalloc of 84 not 8-byte aligned, rounding up
[Actor] idx=8 class=3 commonOff=19408 NumberOfLocalMailboxes=0
DMalloc of 84 not 8-byte aligned, rounding up
[Actor] idx=9 class=22 commonOff=20860 NumberOfLocalMailboxes=6
DMalloc of 84 not 8-byte aligned, rounding up
jolt: character 0 created at (0.00, -0.20, 2.50) ctr=(0.00,0.00,0.00)
[Actor] idx=10 class=7 commonOff=21168 NumberOfLocalMailboxes=0
DMalloc of 84 not 8-byte aligned, rounding up
[Actor] idx=11 class=7 commonOff=21368 NumberOfLocalMailboxes=0
DMalloc of 84 not 8-byte aligned, rounding up
[Actor] idx=12 class=7 commonOff=21412 NumberOfLocalMailboxes=0
DMalloc of 84 not 8-byte aligned, rounding up
[Actor] idx=13 class=7 commonOff=21456 NumberOfLocalMailboxes=0
DMalloc of 84 not 8-byte aligned, rounding up
[Actor] idx=14 class=7 commonOff=21500 NumberOfLocalMailboxes=0
DMalloc of 84 not 8-byte aligned, rounding up
[Actor] idx=15 class=7 commonOff=21544 NumberOfLocalMailboxes=0
DMalloc of 84 not 8-byte aligned, rounding up
[Actor] idx=16 class=7 commonOff=21588 NumberOfLocalMailboxes=0
DMalloc of 84 not 8-byte aligned, rounding up
[Actor] idx=17 class=7 commonOff=21632 NumberOfLocalMailboxes=0
DMalloc of 84 not 8-byte aligned, rounding up
[Actor] idx=18 class=5 commonOff=19408 NumberOfLocalMailboxes=0
jolt: body STATIC pos=(0.00,0.00,0.00) half=(6.10,1.65,0.12) id=25165832
[Actor] idx=19 class=5 commonOff=19408 NumberOfLocalMailboxes=0
jolt: body STATIC pos=(0.00,1.53,2.73) half=(5.97,0.12,2.10) id=25165831
[Actor] idx=20 class=5 commonOff=19408 NumberOfLocalMailboxes=0
jolt: body STATIC pos=(0.00,1.53,5.08) half=(6.10,0.12,0.25) id=25165830
[Actor] idx=21 class=5 commonOff=19408 NumberOfLocalMailboxes=0
jolt: body STATIC pos=(-6.09,0.00,2.67) half=(0.12,1.65,2.67) id=25165829
[Actor] idx=22 class=5 commonOff=19408 NumberOfLocalMailboxes=0
jolt: body STATIC pos=(5.97,0.00,2.67) half=(0.12,1.65,2.67) id=25165828
[Actor] idx=23 class=5 commonOff=19408 NumberOfLocalMailboxes=0
jolt: body STATIC pos=(0.00,-1.78,2.67) half=(6.10,0.12,2.67) id=25165827
[Actor] idx=24 class=7 commonOff=19408 NumberOfLocalMailboxes=0
DMalloc of 84 not 8-byte aligned, rounding up
[Actor] idx=25 class=5 commonOff=19408 NumberOfLocalMailboxes=0
jolt: body STATIC pos=(0.00,0.00,0.38) half=(5.97,1.52,0.25) id=25165826
[Actor] idx=26 class=7 commonOff=19408 NumberOfLocalMailboxes=0
DMalloc of 84 not 8-byte aligned, rounding up
[Actor] idx=27 class=7 commonOff=19408 NumberOfLocalMailboxes=0
DMalloc of 84 not 8-byte aligned, rounding up
[Actor] idx=28 class=5 commonOff=19408 NumberOfLocalMailboxes=0
jolt: body STATIC pos=(0.00,0.00,-1.26) half=(6.25,1.80,1.24) id=25165825
[Actor] idx=29 class=5 commonOff=19408 NumberOfLocalMailboxes=0
jolt: body STATIC pos=(0.00,2.97,7.50) half=(30.00,0.12,12.50) id=25165824
DMalloc of 228 not 8-byte aligned, rounding up
[Actor] idx=30 class=23 commonOff=19408 NumberOfLocalMailboxes=0
DMalloc of 84 not 8-byte aligned, rounding up
[Actor] idx=31 class=3 commonOff=19408 NumberOfLocalMailboxes=0
DMalloc of 84 not 8-byte aligned, rounding up
[Actor] idx=32 class=16 commonOff=19408 NumberOfLocalMailboxes=0
DMalloc of 84 not 8-byte aligned, rounding up
LMalloc of 20 not 8-byte aligned, rounding up
LMalloc of 212 not 8-byte aligned, rounding up
DMalloc of 404 not 8-byte aligned, rounding up
DMalloc of 446 not 8-byte aligned, rounding up
DMalloc of 454 not 8-byte aligned, rounding up
DMalloc of 404 not 8-byte aligned, rounding up
Walking from 0
0->0
0->0
LMalloc of 20 not 8-byte aligned, rounding up
LMalloc of 20 not 8-byte aligned, rounding up
ASS closed without all data read (bytesLeft = 4118)
ASS closed without all data read (bytesLeft = 150)
ASS closed without all data read (bytesLeft = 16)
ASS closed without all data read (bytesLeft = 16)
ASS closed without all data read (bytesLeft = 31244)
ASS closed without all data read (bytesLeft = 21964)
ASS closed without all data read (bytesLeft = 14316)
ASS closed without all data read (bytesLeft = 15596)
ASS closed without all data read (bytesLeft = 6700)
ASS closed without all data read (bytesLeft = 6700)
ASS closed without all data read (bytesLeft = 8364)
ASS closed without all data read (bytesLeft = 8364)
ASS closed without all data read (bytesLeft = 588)
ASS closed without all data read (bytesLeft = 4692)
ASS closed without all data read (bytesLeft = 588)
ASS closed without all data read (bytesLeft = 588)
ASS closed without all data read (bytesLeft = 588)
ASS closed without all data read (bytesLeft = 588)
ASS closed without all data read (bytesLeft = 1260)
ASS closed without all data read (bytesLeft = 588)
ASS closed without all data read (bytesLeft = 18828)
ASS closed without all data read (bytesLeft = 23940)
ASS closed without all data read (bytesLeft = 588)
ASS closed without all data read (bytesLeft = 588)
DMalloc of 84 not 8-byte aligned, rounding up
PixelMap::Load: this = 0xbf968ef8
PixelMap::Load: this = 0xbf968f28
LMalloc of 28 not 8-byte aligned, rounding up
LMalloc of 28 not 8-byte aligned, rounding up
LMalloc of 28 not 8-byte aligned, rounding up
LMalloc of 28 not 8-byte aligned, rounding up
LMalloc of 44 not 8-byte aligned, rounding up
LMalloc of 44 not 8-byte aligned, rounding up
LMalloc of 436 not 8-byte aligned, rounding up
LMalloc of 44 not 8-byte aligned, rounding up
LMalloc of 6276 not 8-byte aligned, rounding up
RenderActor3DAnimates constructed with no animations!
LMalloc of 44 not 8-byte aligned, rounding up
LMalloc of 44 not 8-byte aligned, rounding up
LMalloc of 436 not 8-byte aligned, rounding up
LMalloc of 44 not 8-byte aligned, rounding up
LMalloc of 23636 not 8-byte aligned, rounding up
RenderActor3DAnimates constructed with no animations!
LMalloc of 44 not 8-byte aligned, rounding up
LMalloc of 44 not 8-byte aligned, rounding up
LMalloc of 1276 not 8-byte aligned, rounding up
LMalloc of 44 not 8-byte aligned, rounding up
LMalloc of 17956 not 8-byte aligned, rounding up
RenderActor3DAnimates constructed with no animations!
LMalloc of 44 not 8-byte aligned, rounding up
LMalloc of 44 not 8-byte aligned, rounding up
LMalloc of 1108 not 8-byte aligned, rounding up
LMalloc of 44 not 8-byte aligned, rounding up
LMalloc of 10836 not 8-byte aligned, rounding up
RenderActor3DAnimates constructed with no animations!
LMalloc of 44 not 8-byte aligned, rounding up
LMalloc of 44 not 8-byte aligned, rounding up
LMalloc of 1108 not 8-byte aligned, rounding up
LMalloc of 44 not 8-byte aligned, rounding up
LMalloc of 12116 not 8-byte aligned, rounding up
RenderActor3DAnimates constructed with no animations!
LMalloc of 44 not 8-byte aligned, rounding up
LMalloc of 44 not 8-byte aligned, rounding up
LMalloc of 772 not 8-byte aligned, rounding up
LMalloc of 44 not 8-byte aligned, rounding up
LMalloc of 4276 not 8-byte aligned, rounding up
RenderActor3DAnimates constructed with no animations!
LMalloc of 44 not 8-byte aligned, rounding up
LMalloc of 44 not 8-byte aligned, rounding up
LMalloc of 772 not 8-byte aligned, rounding up
LMalloc of 44 not 8-byte aligned, rounding up
LMalloc of 4276 not 8-byte aligned, rounding up
RenderActor3DAnimates constructed with no animations!
LMalloc of 44 not 8-byte aligned, rounding up
LMalloc of 44 not 8-byte aligned, rounding up
LMalloc of 1276 not 8-byte aligned, rounding up
LMalloc of 44 not 8-byte aligned, rounding up
LMalloc of 4356 not 8-byte aligned, rounding up
RenderActor3DAnimates constructed with no animations!
LMalloc of 44 not 8-byte aligned, rounding up
LMalloc of 44 not 8-byte aligned, rounding up
LMalloc of 1276 not 8-byte aligned, rounding up
LMalloc of 44 not 8-byte aligned, rounding up
LMalloc of 4356 not 8-byte aligned, rounding up
RenderActor3DAnimates constructed with no animations!
LMalloc of 44 not 8-byte aligned, rounding up
LMalloc of 44 not 8-byte aligned, rounding up
LMalloc of 100 not 8-byte aligned, rounding up
LMalloc of 44 not 8-byte aligned, rounding up
LMalloc of 276 not 8-byte aligned, rounding up
RenderActor3DAnimates constructed with no animations!
LMalloc of 44 not 8-byte aligned, rounding up
LMalloc of 44 not 8-byte aligned, rounding up
MATL closed without all data read (bytesLeft = 264)
LMalloc of 44 not 8-byte aligned, rounding up
jolt: mesh actor_pos=(0.000,0.000,0.000)
jolt: mesh v0 local=(-6.096,-1.651,0.000) world=(-6.096,-1.651,0.000)
jolt: mesh v1 local=(-6.096,-1.651,0.127) world=(-6.096,-1.651,0.127)
jolt: mesh v2 local=(-6.096,1.651,0.000) world=(-6.096,1.651,0.000)
jolt: mesh v3 local=(-6.096,1.651,0.127) world=(-6.096,1.651,0.127)
jolt: mesh v4 local=(6.096,-1.651,0.000) world=(6.096,-1.651,0.000)
jolt: mesh v5 local=(6.096,-1.651,0.127) world=(6.096,-1.651,0.127)
jolt: mesh v6 local=(6.096,1.651,0.000) world=(6.096,1.651,0.000)
jolt: mesh v7 local=(6.096,1.651,0.127) world=(6.096,1.651,0.127)
jolt: body MESH_STATIC verts=8 faces=12 id=33554440
LMalloc of 44 not 8-byte aligned, rounding up
LMalloc of 44 not 8-byte aligned, rounding up
LMalloc of 44 not 8-byte aligned, rounding up
LMalloc of 2436 not 8-byte aligned, rounding up
RenderActor3DAnimates constructed with no animations!
LMalloc of 44 not 8-byte aligned, rounding up
LMalloc of 44 not 8-byte aligned, rounding up
MATL closed without all data read (bytesLeft = 2640)
LMalloc of 44 not 8-byte aligned, rounding up
jolt: mesh actor_pos=(0.000,0.000,0.000)
jolt: mesh v0 local=(-5.969,1.524,0.635) world=(-5.969,1.524,0.635)
jolt: mesh v1 local=(-5.969,1.524,1.054) world=(-5.969,1.524,1.054)
jolt: mesh v2 local=(-5.969,1.524,1.473) world=(-5.969,1.524,1.473)
jolt: mesh v3 local=(-5.969,1.524,1.892) world=(-5.969,1.524,1.892)
jolt: mesh v4 local=(-5.969,1.524,2.311) world=(-5.969,1.524,2.311)
jolt: mesh v5 local=(-5.969,1.524,2.730) world=(-5.969,1.524,2.730)
jolt: mesh v6 local=(-5.969,1.524,3.150) world=(-5.969,1.524,3.150)
jolt: mesh v7 local=(-5.969,1.524,3.569) world=(-5.969,1.524,3.569)
jolt: mesh v8 local=(-5.969,1.524,3.988) world=(-5.969,1.524,3.988)
jolt: mesh v9 local=(-5.969,1.524,4.407) world=(-5.969,1.524,4.407)
jolt: mesh v10 local=(-5.969,1.524,4.826) world=(-5.969,1.524,4.826)
jolt: mesh v11 local=(-5.969,1.651,0.635) world=(-5.969,1.651,0.635)
jolt: mesh v12 local=(-5.969,1.651,1.054) world=(-5.969,1.651,1.054)
jolt: mesh v13 local=(-5.969,1.651,1.473) world=(-5.969,1.651,1.473)
jolt: mesh v14 local=(-5.969,1.651,1.892) world=(-5.969,1.651,1.892)
jolt: mesh v15 local=(-5.969,1.651,2.311) world=(-5.969,1.651,2.311)
jolt: mesh v16 local=(-5.969,1.651,2.730) world=(-5.969,1.651,2.730)
jolt: mesh v17 local=(-5.969,1.651,3.150) world=(-5.969,1.651,3.150)
jolt: mesh v18 local=(-5.969,1.651,3.569) world=(-5.969,1.651,3.569)
jolt: mesh v19 local=(-5.969,1.651,3.988) world=(-5.969,1.651,3.988)
jolt: mesh v20 local=(-5.969,1.651,4.407) world=(-5.969,1.651,4.407)
jolt: mesh v21 local=(-5.969,1.651,4.826) world=(-5.969,1.651,4.826)
jolt: mesh v22 local=(5.969,1.524,0.635) world=(5.969,1.524,0.635)
jolt: mesh v23 local=(5.969,1.524,1.054) world=(5.969,1.524,1.054)
jolt: mesh v24 local=(5.969,1.524,1.473) world=(5.969,1.524,1.473)
jolt: mesh v25 local=(5.969,1.524,1.892) world=(5.969,1.524,1.892)
jolt: mesh v26 local=(5.969,1.524,2.311) world=(5.969,1.524,2.311)
jolt: mesh v27 local=(5.969,1.524,2.730) world=(5.969,1.524,2.730)
jolt: mesh v28 local=(5.969,1.524,3.150) world=(5.969,1.524,3.150)
jolt: mesh v29 local=(5.969,1.524,3.569) world=(5.969,1.524,3.569)
jolt: mesh v30 local=(5.969,1.524,3.988) world=(5.969,1.524,3.988)
jolt: mesh v31 local=(5.969,1.524,4.407) world=(5.969,1.524,4.407)
jolt: mesh v32 local=(5.969,1.524,4.826) world=(5.969,1.524,4.826)
jolt: mesh v33 local=(5.969,1.651,0.635) world=(5.969,1.651,0.635)
jolt: mesh v34 local=(5.969,1.651,1.054) world=(5.969,1.651,1.054)
jolt: mesh v35 local=(5.969,1.651,1.473) world=(5.969,1.651,1.473)
jolt: mesh v36 local=(5.969,1.651,1.892) world=(5.969,1.651,1.892)
jolt: mesh v37 local=(5.969,1.651,2.311) world=(5.969,1.651,2.311)
jolt: mesh v38 local=(5.969,1.651,2.730) world=(5.969,1.651,2.730)
jolt: mesh v39 local=(5.969,1.651,3.150) world=(5.969,1.651,3.150)
jolt: mesh v40 local=(5.969,1.651,3.569) world=(5.969,1.651,3.569)
jolt: mesh v41 local=(5.969,1.651,3.988) world=(5.969,1.651,3.988)
jolt: mesh v42 local=(5.969,1.651,4.407) world=(5.969,1.651,4.407)
jolt: mesh v43 local=(5.969,1.651,4.826) world=(5.969,1.651,4.826)
jolt: body MESH_STATIC verts=44 faces=120 id=33554439
LMalloc of 44 not 8-byte aligned, rounding up
LMalloc of 44 not 8-byte aligned, rounding up
LMalloc of 100 not 8-byte aligned, rounding up
LMalloc of 44 not 8-byte aligned, rounding up
LMalloc of 276 not 8-byte aligned, rounding up
RenderActor3DAnimates constructed with no animations!
LMalloc of 44 not 8-byte aligned, rounding up
LMalloc of 44 not 8-byte aligned, rounding up
MATL closed without all data read (bytesLeft = 264)
LMalloc of 44 not 8-byte aligned, rounding up
jolt: mesh actor_pos=(0.000,0.000,0.000)
jolt: mesh v0 local=(-6.096,1.524,4.826) world=(-6.096,1.524,4.826)
jolt: mesh v1 local=(-6.096,1.524,5.334) world=(-6.096,1.524,5.334)
jolt: mesh v2 local=(-6.096,1.651,4.826) world=(-6.096,1.651,4.826)
jolt: mesh v3 local=(-6.096,1.651,5.334) world=(-6.096,1.651,5.334)
jolt: mesh v4 local=(6.096,1.524,4.826) world=(6.096,1.524,4.826)
jolt: mesh v5 local=(6.096,1.524,5.334) world=(6.096,1.524,5.334)
jolt: mesh v6 local=(6.096,1.651,4.826) world=(6.096,1.651,4.826)
jolt: mesh v7 local=(6.096,1.651,5.334) world=(6.096,1.651,5.334)
jolt: body MESH_STATIC verts=8 faces=12 id=33554438
LMalloc of 44 not 8-byte aligned, rounding up
LMalloc of 44 not 8-byte aligned, rounding up
LMalloc of 100 not 8-byte aligned, rounding up
LMalloc of 44 not 8-byte aligned, rounding up
LMalloc of 276 not 8-byte aligned, rounding up
RenderActor3DAnimates constructed with no animations!
LMalloc of 44 not 8-byte aligned, rounding up
LMalloc of 44 not 8-byte aligned, rounding up
MATL closed without all data read (bytesLeft = 264)
LMalloc of 44 not 8-byte aligned, rounding up
jolt: mesh actor_pos=(0.000,0.000,0.000)
jolt: mesh v0 local=(-6.096,-1.651,0.000) world=(-6.096,-1.651,0.000)
jolt: mesh v1 local=(-6.096,-1.651,5.334) world=(-6.096,-1.651,5.334)
jolt: mesh v2 local=(-6.096,1.651,0.000) world=(-6.096,1.651,0.000)
jolt: mesh v3 local=(-6.096,1.651,5.334) world=(-6.096,1.651,5.334)
jolt: mesh v4 local=(-5.969,-1.651,0.000) world=(-5.969,-1.651,0.000)
jolt: mesh v5 local=(-5.969,-1.651,5.334) world=(-5.969,-1.651,5.334)
jolt: mesh v6 local=(-5.969,1.651,0.000) world=(-5.969,1.651,0.000)
jolt: mesh v7 local=(-5.969,1.651,5.334) world=(-5.969,1.651,5.334)
jolt: body MESH_STATIC verts=8 faces=12 id=33554437
LMalloc of 44 not 8-byte aligned, rounding up
LMalloc of 44 not 8-byte aligned, rounding up
LMalloc of 100 not 8-byte aligned, rounding up
LMalloc of 44 not 8-byte aligned, rounding up
LMalloc of 276 not 8-byte aligned, rounding up
RenderActor3DAnimates constructed with no animations!
LMalloc of 44 not 8-byte aligned, rounding up
LMalloc of 44 not 8-byte aligned, rounding up
MATL closed without all data read (bytesLeft = 264)
LMalloc of 44 not 8-byte aligned, rounding up
jolt: mesh actor_pos=(0.000,0.000,0.000)
jolt: mesh v0 local=(5.969,-1.651,0.000) world=(5.969,-1.651,0.000)
jolt: mesh v1 local=(5.969,-1.651,5.334) world=(5.969,-1.651,5.334)
jolt: mesh v2 local=(5.969,1.651,0.000) world=(5.969,1.651,0.000)
jolt: mesh v3 local=(5.969,1.651,5.334) world=(5.969,1.651,5.334)
jolt: mesh v4 local=(6.096,-1.651,0.000) world=(6.096,-1.651,0.000)
jolt: mesh v5 local=(6.096,-1.651,5.334) world=(6.096,-1.651,5.334)
jolt: mesh v6 local=(6.096,1.651,0.000) world=(6.096,1.651,0.000)
jolt: mesh v7 local=(6.096,1.651,5.334) world=(6.096,1.651,5.334)
jolt: body MESH_STATIC verts=8 faces=12 id=33554436
LMalloc of 44 not 8-byte aligned, rounding up
LMalloc of 44 not 8-byte aligned, rounding up
LMalloc of 100 not 8-byte aligned, rounding up
LMalloc of 44 not 8-byte aligned, rounding up
LMalloc of 276 not 8-byte aligned, rounding up
RenderActor3DAnimates constructed with no animations!
LMalloc of 44 not 8-byte aligned, rounding up
LMalloc of 44 not 8-byte aligned, rounding up
MATL closed without all data read (bytesLeft = 264)
LMalloc of 44 not 8-byte aligned, rounding up
jolt: mesh actor_pos=(0.000,0.000,0.000)
jolt: mesh v0 local=(-6.096,-1.778,0.000) world=(-6.096,-1.778,0.000)
jolt: mesh v1 local=(-6.096,-1.778,5.334) world=(-6.096,-1.778,5.334)
jolt: mesh v2 local=(-6.096,-1.651,0.000) world=(-6.096,-1.651,0.000)
jolt: mesh v3 local=(-6.096,-1.651,5.334) world=(-6.096,-1.651,5.334)
jolt: mesh v4 local=(6.096,-1.778,0.000) world=(6.096,-1.778,0.000)
jolt: mesh v5 local=(6.096,-1.778,5.334) world=(6.096,-1.778,5.334)
jolt: mesh v6 local=(6.096,-1.651,0.000) world=(6.096,-1.651,0.000)
jolt: mesh v7 local=(6.096,-1.651,5.334) world=(6.096,-1.651,5.334)
jolt: body MESH_STATIC verts=8 faces=12 id=33554435
LMalloc of 44 not 8-byte aligned, rounding up
LMalloc of 44 not 8-byte aligned, rounding up
LMalloc of 100 not 8-byte aligned, rounding up
LMalloc of 44 not 8-byte aligned, rounding up
LMalloc of 996 not 8-byte aligned, rounding up
RenderActor3DAnimates constructed with no animations!
LMalloc of 44 not 8-byte aligned, rounding up
LMalloc of 44 not 8-byte aligned, rounding up
LMalloc of 100 not 8-byte aligned, rounding up
LMalloc of 44 not 8-byte aligned, rounding up
LMalloc of 276 not 8-byte aligned, rounding up
RenderActor3DAnimates constructed with no animations!
LMalloc of 44 not 8-byte aligned, rounding up
LMalloc of 44 not 8-byte aligned, rounding up
MATL closed without all data read (bytesLeft = 264)
LMalloc of 44 not 8-byte aligned, rounding up
jolt: mesh actor_pos=(0.000,0.000,0.000)
jolt: mesh v0 local=(-5.969,-1.524,0.127) world=(-5.969,-1.524,0.127)
jolt: mesh v1 local=(-5.969,-1.524,0.635) world=(-5.969,-1.524,0.635)
jolt: mesh v2 local=(-5.969,1.524,0.127) world=(-5.969,1.524,0.127)
jolt: mesh v3 local=(-5.969,1.524,0.635) world=(-5.969,1.524,0.635)
jolt: mesh v4 local=(5.969,-1.524,0.127) world=(5.969,-1.524,0.127)
jolt: mesh v5 local=(5.969,-1.524,0.635) world=(5.969,-1.524,0.635)
jolt: mesh v6 local=(5.969,1.524,0.127) world=(5.969,1.524,0.127)
jolt: mesh v7 local=(5.969,1.524,0.635) world=(5.969,1.524,0.635)
jolt: body MESH_STATIC verts=8 faces=12 id=33554434
LMalloc of 44 not 8-byte aligned, rounding up
LMalloc of 44 not 8-byte aligned, rounding up
LMalloc of 268 not 8-byte aligned, rounding up
LMalloc of 44 not 8-byte aligned, rounding up
LMalloc of 14436 not 8-byte aligned, rounding up
RenderActor3DAnimates constructed with no animations!
LMalloc of 44 not 8-byte aligned, rounding up
LMalloc of 44 not 8-byte aligned, rounding up
LMalloc of 44 not 8-byte aligned, rounding up
LMalloc of 19356 not 8-byte aligned, rounding up
RenderActor3DAnimates constructed with no animations!
LMalloc of 44 not 8-byte aligned, rounding up
LMalloc of 44 not 8-byte aligned, rounding up
LMalloc of 100 not 8-byte aligned, rounding up
LMalloc of 44 not 8-byte aligned, rounding up
LMalloc of 276 not 8-byte aligned, rounding up
RenderActor3DAnimates constructed with no animations!
LMalloc of 44 not 8-byte aligned, rounding up
LMalloc of 44 not 8-byte aligned, rounding up
MATL closed without all data read (bytesLeft = 264)
LMalloc of 44 not 8-byte aligned, rounding up
jolt: mesh actor_pos=(0.000,0.000,0.000)
jolt: mesh v0 local=(-6.246,-1.801,-2.500) world=(-6.246,-1.801,-2.500)
jolt: mesh v1 local=(-6.246,-1.801,-0.025) world=(-6.246,-1.801,-0.025)
jolt: mesh v2 local=(-6.246,1.801,-2.500) world=(-6.246,1.801,-2.500)
jolt: mesh v3 local=(-6.246,1.801,-0.025) world=(-6.246,1.801,-0.025)
jolt: mesh v4 local=(6.246,-1.801,-2.500) world=(6.246,-1.801,-2.500)
jolt: mesh v5 local=(6.246,-1.801,-0.025) world=(6.246,-1.801,-0.025)
jolt: mesh v6 local=(6.246,1.801,-2.500) world=(6.246,1.801,-2.500)
jolt: mesh v7 local=(6.246,1.801,-0.025) world=(6.246,1.801,-0.025)
jolt: body MESH_STATIC verts=8 faces=12 id=33554433
LMalloc of 44 not 8-byte aligned, rounding up
LMalloc of 44 not 8-byte aligned, rounding up
LMalloc of 100 not 8-byte aligned, rounding up
LMalloc of 44 not 8-byte aligned, rounding up
LMalloc of 276 not 8-byte aligned, rounding up
RenderActor3DAnimates constructed with no animations!
LMalloc of 44 not 8-byte aligned, rounding up
LMalloc of 44 not 8-byte aligned, rounding up
MATL closed without all data read (bytesLeft = 264)
LMalloc of 44 not 8-byte aligned, rounding up
jolt: mesh actor_pos=(0.000,0.000,0.000)
jolt: mesh v0 local=(-30.000,3.000,-5.000) world=(-30.000,3.000,-5.000)
jolt: mesh v1 local=(-30.000,3.000,20.000) world=(-30.000,3.000,20.000)
jolt: mesh v2 local=(-30.000,3.100,-5.000) world=(-30.000,3.100,-5.000)
jolt: mesh v3 local=(-30.000,3.100,20.000) world=(-30.000,3.100,20.000)
jolt: mesh v4 local=(30.000,3.000,-5.000) world=(30.000,3.000,-5.000)
jolt: mesh v5 local=(30.000,3.000,20.000) world=(30.000,3.000,20.000)
jolt: mesh v6 local=(30.000,3.100,-5.000) world=(30.000,3.100,-5.000)
jolt: mesh v7 local=(30.000,3.100,20.000) world=(30.000,3.100,20.000)
jolt: body MESH_STATIC verts=8 faces=12 id=33554432
zforth: INDEXOF_CAMSHOT = 1921 (expect 1921)
zforth: INDEXOF_CAMSHOT = 1921 (expect 1921)
jolt: OptimizeBroadPhase done (9 static bodies)
audio: MusicPlayer — soundfont not found: florestan-subset.sf2
audio: sfx[0] not found: wflevels/qbert_practice/sfx/qbert_hop.wav
audio: sfx[1] not found: wflevels/qbert_practice/sfx/qbert_land.wav
audio: sfx[2] not found: wflevels/qbert_practice/sfx/qbert_fall.wav
audio: sfx[3] not found: wflevels/qbert_practice/sfx/qbert_swear.wav
audio: sfx[4] not found: wflevels/qbert_practice/sfx/qbert_round_clear.wav
audio: sfx[5] not found: wflevels/qbert_practice/sfx/qbert_kill.wav
audio: sfx[6] not found: wflevels/qbert_practice/sfx/qbert_disc.wav
DMalloc of 36 not 8-byte aligned, rounding up
ball pos: (0.000, -0.200, 2.500)
ball pos: (0.000, -0.200, 2.500)
ball pos: (0.168, -0.200, 2.500)
ball pos: (0.459, -0.200, 2.500)
ball pos: (0.512, -0.166, 2.500)
ball pos: (0.450, -0.105, 2.500)
ball pos: (0.423, -0.105, 2.500)
ball pos: (0.400, -0.134, 2.500)
ball pos: (0.447, -0.140, 2.500)
ball pos: (0.565, -0.140, 2.500)
ball pos: (0.789, -0.140, 2.500)
ball pos: (1.013, -0.146, 2.500)
ball pos: (1.032, -0.176, 2.500)
ball pos: (1.029, -0.177, 2.500)
ball pos: (1.029, -0.177, 2.500)
ball pos: (1.029, -0.177, 2.500)
ball pos: (1.025, -0.176, 2.500)
ball pos: (1.013, -0.158, 2.500)
ball pos: (1.014, -0.157, 2.500)
ball pos: (1.014, -0.157, 2.500)
ball pos: (1.029, -0.171, 2.500)
ball pos: (1.028, -0.173, 2.500)
ball pos: (1.028, -0.173, 2.500)
ball pos: (0.896, -0.173, 2.500)
ball pos: (0.846, -0.173, 2.500)
ball pos: (0.556, -0.173, 2.500)
ball pos: (0.517, -0.173, 2.500)
ball pos: (0.236, -0.173, 2.500)
ball pos: (0.156, -0.173, 2.502)
ball pos: (-0.090, -0.173, 2.576)
ball pos: (-0.186, -0.173, 2.578)
ball pos: (-0.559, -0.173, 2.578)
ball pos: (-0.979, -0.173, 2.578)
ball pos: (-1.403, -0.173, 2.578)
ball pos: (-1.830, -0.173, 2.578)
ball pos: (-2.222, -0.173, 2.636)
ball pos: (-2.431, -0.173, 2.726)
ball pos: (-2.467, -0.157, 2.727)
ball pos: (-2.424, -0.087, 2.727)
ball pos: (-2.276, -0.078, 2.727)
ball pos: (-1.939, -0.078, 2.727)
ball pos: (-1.667, -0.078, 2.727)
ball pos: (-1.644, -0.078, 2.727)
ball pos: (-1.643, -0.078, 2.727)
, _bContinue = 0, _curLevel->done() = 0
zforth: INDEXOF_CAMSHOT = 1921 (expect 1921)
zforth: INDEXOF_CAMSHOT = 1921 (expect 1921)
LMalloc of 20 not 8-byte aligned, rounding up
LMalloc of 412 not 8-byte aligned, rounding up
LMalloc of 7620 not 8-byte aligned, rounding up
LMalloc of 20 not 8-byte aligned, rounding up
LMalloc of 20 not 8-byte aligned, rounding up
LMalloc of 44 not 8-byte aligned, rounding up
LMalloc of 44 not 8-byte aligned, rounding up
LMalloc of 44 not 8-byte aligned, rounding up
LMalloc of 44 not 8-byte aligned, rounding up
LMalloc of 44 not 8-byte aligned, rounding up
LMalloc of 44 not 8-byte aligned, rounding up
LMalloc of 44 not 8-byte aligned, rounding up
LMalloc of 44 not 8-byte aligned, rounding up
LMalloc of 44 not 8-byte aligned, rounding up
LMalloc of 44 not 8-byte aligned, rounding up
LMalloc of 44 not 8-byte aligned, rounding up
LMalloc of 44 not 8-byte aligned, rounding up
LMalloc of 44 not 8-byte aligned, rounding up
LMalloc of 44 not 8-byte aligned, rounding up
LMalloc of 44 not 8-byte aligned, rounding up
Level::Level: leveldata= 0xc0c87fa8, object count  = 36
ASS closed without all data read (bytesLeft = 4118)
ASS closed without all data read (bytesLeft = 150)
ASS closed without all data read (bytesLeft = 16)
ASS closed without all data read (bytesLeft = 16)
ASS closed without all data read (bytesLeft = 9708)
DMalloc of 84 not 8-byte aligned, rounding up
LMalloc of 76 not 8-byte aligned, rounding up
PixelMap::Load: this = 0xbf968e98
PixelMap::Load: this = 0xbf968ec8
LMalloc of 28 not 8-byte aligned, rounding up
LMalloc of 28 not 8-byte aligned, rounding up
LMalloc of 28 not 8-byte aligned, rounding up
LMalloc of 28 not 8-byte aligned, rounding up
LMalloc of 68 not 8-byte aligned, rounding up
LMalloc of 100 not 8-byte aligned, rounding up
DMalloc of 228 not 8-byte aligned, rounding up
[Actor] idx=2 class=23 commonOff=23028 NumberOfLocalMailboxes=0
DMalloc of 84 not 8-byte aligned, rounding up
[Actor] idx=3 class=13 commonOff=23028 NumberOfLocalMailboxes=0
DMalloc of 84 not 8-byte aligned, rounding up
DMalloc of 52 not 8-byte aligned, rounding up
DMalloc of 252 not 8-byte aligned, rounding up
[Actor] idx=4 class=20 commonOff=23740 NumberOfLocalMailboxes=0
DMalloc of 84 not 8-byte aligned, rounding up
DMalloc of 228 not 8-byte aligned, rounding up
[Actor] idx=6 class=11 commonOff=23028 NumberOfLocalMailboxes=0
DMalloc of 84 not 8-byte aligned, rounding up
[Actor] idx=7 class=16 commonOff=23028 NumberOfLocalMailboxes=0
DMalloc of 84 not 8-byte aligned, rounding up
[Actor] idx=8 class=3 commonOff=23028 NumberOfLocalMailboxes=0
DMalloc of 84 not 8-byte aligned, rounding up
[Actor] idx=9 class=22 commonOff=24480 NumberOfLocalMailboxes=6
DMalloc of 84 not 8-byte aligned, rounding up
jolt: character 0 created at (0.00, -0.25, 2.60) ctr=(0.00,0.00,0.00)
[Actor] idx=10 class=7 commonOff=24788 NumberOfLocalMailboxes=0
DMalloc of 84 not 8-byte aligned, rounding up
[Actor] idx=11 class=7 commonOff=24988 NumberOfLocalMailboxes=0
DMalloc of 84 not 8-byte aligned, rounding up
[Actor] idx=12 class=7 commonOff=25032 NumberOfLocalMailboxes=0
DMalloc of 84 not 8-byte aligned, rounding up
[Actor] idx=13 class=7 commonOff=25076 NumberOfLocalMailboxes=0
DMalloc of 84 not 8-byte aligned, rounding up
[Actor] idx=14 class=7 commonOff=25120 NumberOfLocalMailboxes=0
DMalloc of 84 not 8-byte aligned, rounding up
[Actor] idx=15 class=7 commonOff=25164 NumberOfLocalMailboxes=0
DMalloc of 84 not 8-byte aligned, rounding up
[Actor] idx=16 class=7 commonOff=25208 NumberOfLocalMailboxes=0
DMalloc of 84 not 8-byte aligned, rounding up
[Actor] idx=17 class=7 commonOff=25252 NumberOfLocalMailboxes=0
DMalloc of 84 not 8-byte aligned, rounding up
[Actor] idx=18 class=7 commonOff=25296 NumberOfLocalMailboxes=0
DMalloc of 84 not 8-byte aligned, rounding up
[Actor] idx=19 class=7 commonOff=25340 NumberOfLocalMailboxes=0
DMalloc of 84 not 8-byte aligned, rounding up
[Actor] idx=20 class=7 commonOff=25384 NumberOfLocalMailboxes=0
DMalloc of 84 not 8-byte aligned, rounding up
[Actor] idx=21 class=7 commonOff=25428 NumberOfLocalMailboxes=0
DMalloc of 84 not 8-byte aligned, rounding up
[Actor] idx=22 class=5 commonOff=23028 NumberOfLocalMailboxes=0
jolt: body STATIC pos=(0.00,0.00,0.00) half=(6.10,1.65,0.12) id=41943040
[Actor] idx=23 class=5 commonOff=23028 NumberOfLocalMailboxes=0
jolt: body STATIC pos=(0.00,1.53,2.73) half=(5.97,0.12,2.10) id=41943041
[Actor] idx=24 class=5 commonOff=23028 NumberOfLocalMailboxes=0
jolt: body STATIC pos=(0.00,1.53,5.08) half=(6.10,0.12,0.25) id=41943042
[Actor] idx=25 class=5 commonOff=23028 NumberOfLocalMailboxes=0
jolt: body STATIC pos=(-6.09,0.00,2.67) half=(0.12,1.65,2.67) id=41943043
[Actor] idx=26 class=5 commonOff=23028 NumberOfLocalMailboxes=0
jolt: body STATIC pos=(5.97,0.00,2.67) half=(0.12,1.65,2.67) id=41943044
[Actor] idx=27 class=5 commonOff=23028 NumberOfLocalMailboxes=0
jolt: body STATIC pos=(0.00,-1.78,2.67) half=(6.10,0.12,2.67) id=41943045
[Actor] idx=28 class=7 commonOff=23028 NumberOfLocalMailboxes=0
DMalloc of 84 not 8-byte aligned, rounding up
[Actor] idx=29 class=5 commonOff=23028 NumberOfLocalMailboxes=0
jolt: body STATIC pos=(0.00,0.00,0.38) half=(5.97,1.52,0.25) id=41943046
[Actor] idx=30 class=7 commonOff=23028 NumberOfLocalMailboxes=0
DMalloc of 84 not 8-byte aligned, rounding up
[Actor] idx=31 class=5 commonOff=23028 NumberOfLocalMailboxes=0
jolt: body STATIC pos=(0.00,0.00,-1.26) half=(6.25,1.80,1.24) id=41943047
[Actor] idx=32 class=5 commonOff=23028 NumberOfLocalMailboxes=0
jolt: body STATIC pos=(0.00,2.97,7.50) half=(30.00,0.12,12.50) id=41943048
DMalloc of 228 not 8-byte aligned, rounding up
[Actor] idx=33 class=23 commonOff=23028 NumberOfLocalMailboxes=0
DMalloc of 84 not 8-byte aligned, rounding up
[Actor] idx=34 class=3 commonOff=23028 NumberOfLocalMailboxes=0
DMalloc of 84 not 8-byte aligned, rounding up
[Actor] idx=35 class=16 commonOff=23028 NumberOfLocalMailboxes=0
DMalloc of 84 not 8-byte aligned, rounding up
LMalloc of 20 not 8-byte aligned, rounding up
LMalloc of 212 not 8-byte aligned, rounding up
DMalloc of 70 not 8-byte aligned, rounding up
DMalloc of 404 not 8-byte aligned, rounding up
DMalloc of 452 not 8-byte aligned, rounding up
DMalloc of 460 not 8-byte aligned, rounding up
DMalloc of 404 not 8-byte aligned, rounding up
Walking from 0
0->0
0->0
LMalloc of 20 not 8-byte aligned, rounding up
LMalloc of 20 not 8-byte aligned, rounding up
ASS closed without all data read (bytesLeft = 4118)
ASS closed without all data read (bytesLeft = 150)
ASS closed without all data read (bytesLeft = 16)
ASS closed without all data read (bytesLeft = 16)
ASS closed without all data read (bytesLeft = 9708)
ASS closed without all data read (bytesLeft = 4972)
ASS closed without all data read (bytesLeft = 588)
ASS closed without all data read (bytesLeft = 4692)
ASS closed without all data read (bytesLeft = 588)
ASS closed without all data read (bytesLeft = 588)
ASS closed without all data read (bytesLeft = 588)
ASS closed without all data read (bytesLeft = 588)
ASS closed without all data read (bytesLeft = 1260)
ASS closed without all data read (bytesLeft = 588)
ASS closed without all data read (bytesLeft = 10860)
ASS closed without all data read (bytesLeft = 588)
ASS closed without all data read (bytesLeft = 588)
DMalloc of 84 not 8-byte aligned, rounding up
LMalloc of 220 not 8-byte aligned, rounding up
PixelMap::Load: this = 0xbf968ef8
PixelMap::Load: this = 0xbf968f28
LMalloc of 28 not 8-byte aligned, rounding up
LMalloc of 28 not 8-byte aligned, rounding up
LMalloc of 28 not 8-byte aligned, rounding up
LMalloc of 28 not 8-byte aligned, rounding up
LMalloc of 44 not 8-byte aligned, rounding up
LMalloc of 44 not 8-byte aligned, rounding up
LMalloc of 44 not 8-byte aligned, rounding up
LMalloc of 7836 not 8-byte aligned, rounding up
RenderActor3DAnimates constructed with no animations!
LMalloc of 44 not 8-byte aligned, rounding up
LMalloc of 44 not 8-byte aligned, rounding up
LMalloc of 44 not 8-byte aligned, rounding up
LMalloc of 7836 not 8-byte aligned, rounding up
RenderActor3DAnimates constructed with no animations!
LMalloc of 44 not 8-byte aligned, rounding up
LMalloc of 44 not 8-byte aligned, rounding up
LMalloc of 100 not 8-byte aligned, rounding up
LMalloc of 44 not 8-byte aligned, rounding up
LMalloc of 4516 not 8-byte aligned, rounding up
RenderActor3DAnimates constructed with no animations!
LMalloc of 44 not 8-byte aligned, rounding up
LMalloc of 44 not 8-byte aligned, rounding up
LMalloc of 44 not 8-byte aligned, rounding up
LMalloc of 7836 not 8-byte aligned, rounding up
RenderActor3DAnimates constructed with no animations!
LMalloc of 44 not 8-byte aligned, rounding up
LMalloc of 44 not 8-byte aligned, rounding up
LMalloc of 100 not 8-byte aligned, rounding up
LMalloc of 44 not 8-byte aligned, rounding up
LMalloc of 4516 not 8-byte aligned, rounding up
RenderActor3DAnimates constructed with no animations!
LMalloc of 44 not 8-byte aligned, rounding up
LMalloc of 44 not 8-byte aligned, rounding up
LMalloc of 44 not 8-byte aligned, rounding up
LMalloc of 7836 not 8-byte aligned, rounding up
RenderActor3DAnimates constructed with no animations!
LMalloc of 44 not 8-byte aligned, rounding up
LMalloc of 44 not 8-byte aligned, rounding up
LMalloc of 100 not 8-byte aligned, rounding up
LMalloc of 44 not 8-byte aligned, rounding up
LMalloc of 4516 not 8-byte aligned, rounding up
RenderActor3DAnimates constructed with no animations!
LMalloc of 44 not 8-byte aligned, rounding up
LMalloc of 44 not 8-byte aligned, rounding up
LMalloc of 44 not 8-byte aligned, rounding up
LMalloc of 7836 not 8-byte aligned, rounding up
RenderActor3DAnimates constructed with no animations!
LMalloc of 44 not 8-byte aligned, rounding up
LMalloc of 44 not 8-byte aligned, rounding up
LMalloc of 100 not 8-byte aligned, rounding up
LMalloc of 44 not 8-byte aligned, rounding up
LMalloc of 4516 not 8-byte aligned, rounding up
RenderActor3DAnimates constructed with no animations!
LMalloc of 44 not 8-byte aligned, rounding up
LMalloc of 44 not 8-byte aligned, rounding up
LMalloc of 44 not 8-byte aligned, rounding up
LMalloc of 7836 not 8-byte aligned, rounding up
RenderActor3DAnimates constructed with no animations!
LMalloc of 44 not 8-byte aligned, rounding up
LMalloc of 44 not 8-byte aligned, rounding up
LMalloc of 100 not 8-byte aligned, rounding up
LMalloc of 44 not 8-byte aligned, rounding up
LMalloc of 4516 not 8-byte aligned, rounding up
RenderActor3DAnimates constructed with no animations!
LMalloc of 44 not 8-byte aligned, rounding up
LMalloc of 44 not 8-byte aligned, rounding up
LMalloc of 44 not 8-byte aligned, rounding up
LMalloc of 7836 not 8-byte aligned, rounding up
RenderActor3DAnimates constructed with no animations!
LMalloc of 44 not 8-byte aligned, rounding up
LMalloc of 44 not 8-byte aligned, rounding up
LMalloc of 100 not 8-byte aligned, rounding up
LMalloc of 44 not 8-byte aligned, rounding up
LMalloc of 4516 not 8-byte aligned, rounding up
RenderActor3DAnimates constructed with no animations!
LMalloc of 44 not 8-byte aligned, rounding up
LMalloc of 44 not 8-byte aligned, rounding up
LMalloc of 100 not 8-byte aligned, rounding up
LMalloc of 44 not 8-byte aligned, rounding up
LMalloc of 276 not 8-byte aligned, rounding up
RenderActor3DAnimates constructed with no animations!
LMalloc of 44 not 8-byte aligned, rounding up
LMalloc of 44 not 8-byte aligned, rounding up
MATL closed without all data read (bytesLeft = 264)
LMalloc of 44 not 8-byte aligned, rounding up
jolt: mesh actor_pos=(0.000,0.000,0.000)
jolt: mesh v0 local=(-6.096,-1.651,0.000) world=(-6.096,-1.651,0.000)
jolt: mesh v1 local=(-6.096,-1.651,0.127) world=(-6.096,-1.651,0.127)
jolt: mesh v2 local=(-6.096,1.651,0.000) world=(-6.096,1.651,0.000)
jolt: mesh v3 local=(-6.096,1.651,0.127) world=(-6.096,1.651,0.127)
jolt: mesh v4 local=(6.096,-1.651,0.000) world=(6.096,-1.651,0.000)
jolt: mesh v5 local=(6.096,-1.651,0.127) world=(6.096,-1.651,0.127)
jolt: mesh v6 local=(6.096,1.651,0.000) world=(6.096,1.651,0.000)
jolt: mesh v7 local=(6.096,1.651,0.127) world=(6.096,1.651,0.127)
jolt: body MESH_STATIC verts=8 faces=12 id=50331648
LMalloc of 44 not 8-byte aligned, rounding up
LMalloc of 44 not 8-byte aligned, rounding up
LMalloc of 44 not 8-byte aligned, rounding up
LMalloc of 2436 not 8-byte aligned, rounding up
RenderActor3DAnimates constructed with no animations!
LMalloc of 44 not 8-byte aligned, rounding up
LMalloc of 44 not 8-byte aligned, rounding up
MATL closed without all data read (bytesLeft = 2640)
LMalloc of 44 not 8-byte aligned, rounding up
jolt: mesh actor_pos=(0.000,0.000,0.000)
jolt: mesh v0 local=(-5.969,1.524,0.635) world=(-5.969,1.524,0.635)
jolt: mesh v1 local=(-5.969,1.524,1.054) world=(-5.969,1.524,1.054)
jolt: mesh v2 local=(-5.969,1.524,1.473) world=(-5.969,1.524,1.473)
jolt: mesh v3 local=(-5.969,1.524,1.892) world=(-5.969,1.524,1.892)
jolt: mesh v4 local=(-5.969,1.524,2.311) world=(-5.969,1.524,2.311)
jolt: mesh v5 local=(-5.969,1.524,2.730) world=(-5.969,1.524,2.730)
jolt: mesh v6 local=(-5.969,1.524,3.150) world=(-5.969,1.524,3.150)
jolt: mesh v7 local=(-5.969,1.524,3.569) world=(-5.969,1.524,3.569)
jolt: mesh v8 local=(-5.969,1.524,3.988) world=(-5.969,1.524,3.988)
jolt: mesh v9 local=(-5.969,1.524,4.407) world=(-5.969,1.524,4.407)
jolt: mesh v10 local=(-5.969,1.524,4.826) world=(-5.969,1.524,4.826)
jolt: mesh v11 local=(-5.969,1.651,0.635) world=(-5.969,1.651,0.635)
jolt: mesh v12 local=(-5.969,1.651,1.054) world=(-5.969,1.651,1.054)
jolt: mesh v13 local=(-5.969,1.651,1.473) world=(-5.969,1.651,1.473)
jolt: mesh v14 local=(-5.969,1.651,1.892) world=(-5.969,1.651,1.892)
jolt: mesh v15 local=(-5.969,1.651,2.311) world=(-5.969,1.651,2.311)
jolt: mesh v16 local=(-5.969,1.651,2.730) world=(-5.969,1.651,2.730)
jolt: mesh v17 local=(-5.969,1.651,3.150) world=(-5.969,1.651,3.150)
jolt: mesh v18 local=(-5.969,1.651,3.569) world=(-5.969,1.651,3.569)
jolt: mesh v19 local=(-5.969,1.651,3.988) world=(-5.969,1.651,3.988)
jolt: mesh v20 local=(-5.969,1.651,4.407) world=(-5.969,1.651,4.407)
jolt: mesh v21 local=(-5.969,1.651,4.826) world=(-5.969,1.651,4.826)
jolt: mesh v22 local=(5.969,1.524,0.635) world=(5.969,1.524,0.635)
jolt: mesh v23 local=(5.969,1.524,1.054) world=(5.969,1.524,1.054)
jolt: mesh v24 local=(5.969,1.524,1.473) world=(5.969,1.524,1.473)
jolt: mesh v25 local=(5.969,1.524,1.892) world=(5.969,1.524,1.892)
jolt: mesh v26 local=(5.969,1.524,2.311) world=(5.969,1.524,2.311)
jolt: mesh v27 local=(5.969,1.524,2.730) world=(5.969,1.524,2.730)
jolt: mesh v28 local=(5.969,1.524,3.150) world=(5.969,1.524,3.150)
jolt: mesh v29 local=(5.969,1.524,3.569) world=(5.969,1.524,3.569)
jolt: mesh v30 local=(5.969,1.524,3.988) world=(5.969,1.524,3.988)
jolt: mesh v31 local=(5.969,1.524,4.407) world=(5.969,1.524,4.407)
jolt: mesh v32 local=(5.969,1.524,4.826) world=(5.969,1.524,4.826)
jolt: mesh v33 local=(5.969,1.651,0.635) world=(5.969,1.651,0.635)
jolt: mesh v34 local=(5.969,1.651,1.054) world=(5.969,1.651,1.054)
jolt: mesh v35 local=(5.969,1.651,1.473) world=(5.969,1.651,1.473)
jolt: mesh v36 local=(5.969,1.651,1.892) world=(5.969,1.651,1.892)
jolt: mesh v37 local=(5.969,1.651,2.311) world=(5.969,1.651,2.311)
jolt: mesh v38 local=(5.969,1.651,2.730) world=(5.969,1.651,2.730)
jolt: mesh v39 local=(5.969,1.651,3.150) world=(5.969,1.651,3.150)
jolt: mesh v40 local=(5.969,1.651,3.569) world=(5.969,1.651,3.569)
jolt: mesh v41 local=(5.969,1.651,3.988) world=(5.969,1.651,3.988)
jolt: mesh v42 local=(5.969,1.651,4.407) world=(5.969,1.651,4.407)
jolt: mesh v43 local=(5.969,1.651,4.826) world=(5.969,1.651,4.826)
jolt: body MESH_STATIC verts=44 faces=120 id=50331649
LMalloc of 44 not 8-byte aligned, rounding up
LMalloc of 44 not 8-byte aligned, rounding up
LMalloc of 100 not 8-byte aligned, rounding up
LMalloc of 44 not 8-byte aligned, rounding up
LMalloc of 276 not 8-byte aligned, rounding up
RenderActor3DAnimates constructed with no animations!
LMalloc of 44 not 8-byte aligned, rounding up
LMalloc of 44 not 8-byte aligned, rounding up
MATL closed without all data read (bytesLeft = 264)
LMalloc of 44 not 8-byte aligned, rounding up
jolt: mesh actor_pos=(0.000,0.000,0.000)
jolt: mesh v0 local=(-6.096,1.524,4.826) world=(-6.096,1.524,4.826)
jolt: mesh v1 local=(-6.096,1.524,5.334) world=(-6.096,1.524,5.334)
jolt: mesh v2 local=(-6.096,1.651,4.826) world=(-6.096,1.651,4.826)
jolt: mesh v3 local=(-6.096,1.651,5.334) world=(-6.096,1.651,5.334)
jolt: mesh v4 local=(6.096,1.524,4.826) world=(6.096,1.524,4.826)
jolt: mesh v5 local=(6.096,1.524,5.334) world=(6.096,1.524,5.334)
jolt: mesh v6 local=(6.096,1.651,4.826) world=(6.096,1.651,4.826)
jolt: mesh v7 local=(6.096,1.651,5.334) world=(6.096,1.651,5.334)
jolt: body MESH_STATIC verts=8 faces=12 id=50331650
LMalloc of 44 not 8-byte aligned, rounding up
LMalloc of 44 not 8-byte aligned, rounding up
LMalloc of 100 not 8-byte aligned, rounding up
LMalloc of 44 not 8-byte aligned, rounding up
LMalloc of 276 not 8-byte aligned, rounding up
RenderActor3DAnimates constructed with no animations!
LMalloc of 44 not 8-byte aligned, rounding up
LMalloc of 44 not 8-byte aligned, rounding up
MATL closed without all data read (bytesLeft = 264)
LMalloc of 44 not 8-byte aligned, rounding up
jolt: mesh actor_pos=(0.000,0.000,0.000)
jolt: mesh v0 local=(-6.096,-1.651,0.000) world=(-6.096,-1.651,0.000)
jolt: mesh v1 local=(-6.096,-1.651,5.334) world=(-6.096,-1.651,5.334)
jolt: mesh v2 local=(-6.096,1.651,0.000) world=(-6.096,1.651,0.000)
jolt: mesh v3 local=(-6.096,1.651,5.334) world=(-6.096,1.651,5.334)
jolt: mesh v4 local=(-5.969,-1.651,0.000) world=(-5.969,-1.651,0.000)
jolt: mesh v5 local=(-5.969,-1.651,5.334) world=(-5.969,-1.651,5.334)
jolt: mesh v6 local=(-5.969,1.651,0.000) world=(-5.969,1.651,0.000)
jolt: mesh v7 local=(-5.969,1.651,5.334) world=(-5.969,1.651,5.334)
jolt: body MESH_STATIC verts=8 faces=12 id=50331651
LMalloc of 44 not 8-byte aligned, rounding up
LMalloc of 44 not 8-byte aligned, rounding up
LMalloc of 100 not 8-byte aligned, rounding up
LMalloc of 44 not 8-byte aligned, rounding up
LMalloc of 276 not 8-byte aligned, rounding up
RenderActor3DAnimates constructed with no animations!
LMalloc of 44 not 8-byte aligned, rounding up
LMalloc of 44 not 8-byte aligned, rounding up
MATL closed without all data read (bytesLeft = 264)
LMalloc of 44 not 8-byte aligned, rounding up
jolt: mesh actor_pos=(0.000,0.000,0.000)
jolt: mesh v0 local=(5.969,-1.651,0.000) world=(5.969,-1.651,0.000)
jolt: mesh v1 local=(5.969,-1.651,5.334) world=(5.969,-1.651,5.334)
jolt: mesh v2 local=(5.969,1.651,0.000) world=(5.969,1.651,0.000)
jolt: mesh v3 local=(5.969,1.651,5.334) world=(5.969,1.651,5.334)
jolt: mesh v4 local=(6.096,-1.651,0.000) world=(6.096,-1.651,0.000)
jolt: mesh v5 local=(6.096,-1.651,5.334) world=(6.096,-1.651,5.334)
jolt: mesh v6 local=(6.096,1.651,0.000) world=(6.096,1.651,0.000)
jolt: mesh v7 local=(6.096,1.651,5.334) world=(6.096,1.651,5.334)
jolt: body MESH_STATIC verts=8 faces=12 id=50331652
LMalloc of 44 not 8-byte aligned, rounding up
LMalloc of 44 not 8-byte aligned, rounding up
LMalloc of 100 not 8-byte aligned, rounding up
LMalloc of 44 not 8-byte aligned, rounding up
LMalloc of 276 not 8-byte aligned, rounding up
RenderActor3DAnimates constructed with no animations!
LMalloc of 44 not 8-byte aligned, rounding up
LMalloc of 44 not 8-byte aligned, rounding up
MATL closed without all data read (bytesLeft = 264)
LMalloc of 44 not 8-byte aligned, rounding up
jolt: mesh actor_pos=(0.000,0.000,0.000)
jolt: mesh v0 local=(-6.096,-1.778,0.000) world=(-6.096,-1.778,0.000)
jolt: mesh v1 local=(-6.096,-1.778,5.334) world=(-6.096,-1.778,5.334)
jolt: mesh v2 local=(-6.096,-1.651,0.000) world=(-6.096,-1.651,0.000)
jolt: mesh v3 local=(-6.096,-1.651,5.334) world=(-6.096,-1.651,5.334)
jolt: mesh v4 local=(6.096,-1.778,0.000) world=(6.096,-1.778,0.000)
jolt: mesh v5 local=(6.096,-1.778,5.334) world=(6.096,-1.778,5.334)
jolt: mesh v6 local=(6.096,-1.651,0.000) world=(6.096,-1.651,0.000)
jolt: mesh v7 local=(6.096,-1.651,5.334) world=(6.096,-1.651,5.334)
jolt: body MESH_STATIC verts=8 faces=12 id=50331653
LMalloc of 44 not 8-byte aligned, rounding up
LMalloc of 44 not 8-byte aligned, rounding up
LMalloc of 100 not 8-byte aligned, rounding up
LMalloc of 44 not 8-byte aligned, rounding up
LMalloc of 996 not 8-byte aligned, rounding up
RenderActor3DAnimates constructed with no animations!
LMalloc of 44 not 8-byte aligned, rounding up
LMalloc of 44 not 8-byte aligned, rounding up
LMalloc of 100 not 8-byte aligned, rounding up
LMalloc of 44 not 8-byte aligned, rounding up
LMalloc of 276 not 8-byte aligned, rounding up
RenderActor3DAnimates constructed with no animations!
LMalloc of 44 not 8-byte aligned, rounding up
LMalloc of 44 not 8-byte aligned, rounding up
MATL closed without all data read (bytesLeft = 264)
LMalloc of 44 not 8-byte aligned, rounding up
jolt: mesh actor_pos=(0.000,0.000,0.000)
jolt: mesh v0 local=(-5.969,-1.524,0.127) world=(-5.969,-1.524,0.127)
jolt: mesh v1 local=(-5.969,-1.524,0.635) world=(-5.969,-1.524,0.635)
jolt: mesh v2 local=(-5.969,1.524,0.127) world=(-5.969,1.524,0.127)
jolt: mesh v3 local=(-5.969,1.524,0.635) world=(-5.969,1.524,0.635)
jolt: mesh v4 local=(5.969,-1.524,0.127) world=(5.969,-1.524,0.127)
jolt: mesh v5 local=(5.969,-1.524,0.635) world=(5.969,-1.524,0.635)
jolt: mesh v6 local=(5.969,1.524,0.127) world=(5.969,1.524,0.127)
jolt: mesh v7 local=(5.969,1.524,0.635) world=(5.969,1.524,0.635)
jolt: body MESH_STATIC verts=8 faces=12 id=50331654
LMalloc of 44 not 8-byte aligned, rounding up
LMalloc of 44 not 8-byte aligned, rounding up
LMalloc of 100 not 8-byte aligned, rounding up
LMalloc of 44 not 8-byte aligned, rounding up
LMalloc of 9636 not 8-byte aligned, rounding up
RenderActor3DAnimates constructed with no animations!
LMalloc of 44 not 8-byte aligned, rounding up
LMalloc of 44 not 8-byte aligned, rounding up
LMalloc of 100 not 8-byte aligned, rounding up
LMalloc of 44 not 8-byte aligned, rounding up
LMalloc of 276 not 8-byte aligned, rounding up
RenderActor3DAnimates constructed with no animations!
LMalloc of 44 not 8-byte aligned, rounding up
LMalloc of 44 not 8-byte aligned, rounding up
MATL closed without all data read (bytesLeft = 264)
LMalloc of 44 not 8-byte aligned, rounding up
jolt: mesh actor_pos=(0.000,0.000,0.000)
jolt: mesh v0 local=(-6.246,-1.801,-2.500) world=(-6.246,-1.801,-2.500)
jolt: mesh v1 local=(-6.246,-1.801,-0.025) world=(-6.246,-1.801,-0.025)
jolt: mesh v2 local=(-6.246,1.801,-2.500) world=(-6.246,1.801,-2.500)
jolt: mesh v3 local=(-6.246,1.801,-0.025) world=(-6.246,1.801,-0.025)
jolt: mesh v4 local=(6.246,-1.801,-2.500) world=(6.246,-1.801,-2.500)
jolt: mesh v5 local=(6.246,-1.801,-0.025) world=(6.246,-1.801,-0.025)
jolt: mesh v6 local=(6.246,1.801,-2.500) world=(6.246,1.801,-2.500)
jolt: mesh v7 local=(6.246,1.801,-0.025) world=(6.246,1.801,-0.025)
jolt: body MESH_STATIC verts=8 faces=12 id=50331655
LMalloc of 44 not 8-byte aligned, rounding up
LMalloc of 44 not 8-byte aligned, rounding up
LMalloc of 100 not 8-byte aligned, rounding up
LMalloc of 44 not 8-byte aligned, rounding up
LMalloc of 276 not 8-byte aligned, rounding up
RenderActor3DAnimates constructed with no animations!
LMalloc of 44 not 8-byte aligned, rounding up
LMalloc of 44 not 8-byte aligned, rounding up
MATL closed without all data read (bytesLeft = 264)
LMalloc of 44 not 8-byte aligned, rounding up
jolt: mesh actor_pos=(0.000,0.000,0.000)
jolt: mesh v0 local=(-30.000,3.000,-5.000) world=(-30.000,3.000,-5.000)
jolt: mesh v1 local=(-30.000,3.000,20.000) world=(-30.000,3.000,20.000)
jolt: mesh v2 local=(-30.000,3.100,-5.000) world=(-30.000,3.100,-5.000)
jolt: mesh v3 local=(-30.000,3.100,20.000) world=(-30.000,3.100,20.000)
jolt: mesh v4 local=(30.000,3.000,-5.000) world=(30.000,3.000,-5.000)
jolt: mesh v5 local=(30.000,3.000,20.000) world=(30.000,3.000,20.000)
jolt: mesh v6 local=(30.000,3.100,-5.000) world=(30.000,3.100,-5.000)
jolt: mesh v7 local=(30.000,3.100,20.000) world=(30.000,3.100,20.000)
jolt: body MESH_STATIC verts=8 faces=12 id=50331656
zforth: INDEXOF_CAMSHOT = 1921 (expect 1921)
zforth: INDEXOF_CAMSHOT = 1921 (expect 1921)
jolt: OptimizeBroadPhase done (9 static bodies)
audio: MusicPlayer — soundfont not found: florestan-subset.sf2
audio: sfx[0] not found: wflevels/qbert_practice/sfx/qbert_hop.wav
audio: sfx[1] not found: wflevels/qbert_practice/sfx/qbert_land.wav
audio: sfx[2] not found: wflevels/qbert_practice/sfx/qbert_fall.wav
audio: sfx[3] not found: wflevels/qbert_practice/sfx/qbert_swear.wav
audio: sfx[4] not found: wflevels/qbert_practice/sfx/qbert_round_clear.wav
audio: sfx[5] not found: wflevels/qbert_practice/sfx/qbert_kill.wav
audio: sfx[6] not found: wflevels/qbert_practice/sfx/qbert_disc.wav
DMalloc of 36 not 8-byte aligned, rounding up
ball pos: (-0.001, -0.249, 2.656)
ball pos: (-0.004, -0.247, 2.861)
ball pos: (-0.009, -0.245, 3.001)
ball pos: (-0.015, -0.241, 3.046)
ball pos: (-0.021, -0.238, 3.037)
ball pos: (-0.028, -0.234, 2.997)
ball pos: (-0.034, -0.230, 2.940)
ball pos: (-0.041, -0.226, 2.872)
ball pos: (-0.019, -0.222, 2.860)
ball pos: (0.070, -0.218, 3.006)
ball pos: (0.134, -0.214, 3.115)
ball pos: (0.168, -0.210, 3.142)
ball pos: (0.186, -0.206, 3.123)
ball pos: (0.194, -0.202, 3.078)
ball pos: (0.196, -0.198, 3.016)
ball pos: (0.195, -0.194, 2.947)
ball pos: (0.193, -0.190, 2.999)
, _bContinue = 0, _curLevel->done() = 0
zforth: INDEXOF_CAMSHOT = 1921 (expect 1921)
zforth: INDEXOF_CAMSHOT = 1921 (expect 1921)
LMalloc of 20 not 8-byte aligned, rounding up
LMalloc of 412 not 8-byte aligned, rounding up
LMalloc of 7620 not 8-byte aligned, rounding up
LMalloc of 20 not 8-byte aligned, rounding up
LMalloc of 20 not 8-byte aligned, rounding up
LMalloc of 44 not 8-byte aligned, rounding up
LMalloc of 44 not 8-byte aligned, rounding up
LMalloc of 44 not 8-byte aligned, rounding up
LMalloc of 44 not 8-byte aligned, rounding up
LMalloc of 44 not 8-byte aligned, rounding up
LMalloc of 44 not 8-byte aligned, rounding up
LMalloc of 44 not 8-byte aligned, rounding up
LMalloc of 44 not 8-byte aligned, rounding up
LMalloc of 44 not 8-byte aligned, rounding up
LMalloc of 44 not 8-byte aligned, rounding up
LMalloc of 44 not 8-byte aligned, rounding up
LMalloc of 44 not 8-byte aligned, rounding up
LMalloc of 44 not 8-byte aligned, rounding up
LMalloc of 44 not 8-byte aligned, rounding up
LMalloc of 44 not 8-byte aligned, rounding up
LMalloc of 44 not 8-byte aligned, rounding up
LMalloc of 44 not 8-byte aligned, rounding up
LMalloc of 44 not 8-byte aligned, rounding up
LMalloc of 44 not 8-byte aligned, rounding up
LMalloc of 44 not 8-byte aligned, rounding up
LMalloc of 44 not 8-byte aligned, rounding up
LMalloc of 44 not 8-byte aligned, rounding up
Level::Level: leveldata= 0xc0c87fa8, object count  = 33
ASS closed without all data read (bytesLeft = 4118)
ASS closed without all data read (bytesLeft = 150)
ASS closed without all data read (bytesLeft = 16)
ASS closed without all data read (bytesLeft = 16)
ASS closed without all data read (bytesLeft = 8028)
DMalloc of 84 not 8-byte aligned, rounding up
LMalloc of 76 not 8-byte aligned, rounding up
PixelMap::Load: this = 0xbf968e98
PixelMap::Load: this = 0xbf968ec8
LMalloc of 28 not 8-byte aligned, rounding up
LMalloc of 28 not 8-byte aligned, rounding up
LMalloc of 28 not 8-byte aligned, rounding up
LMalloc of 28 not 8-byte aligned, rounding up
LMalloc of 948 not 8-byte aligned, rounding up
LMalloc of 148 not 8-byte aligned, rounding up
LMalloc of 68 not 8-byte aligned, rounding up
LMalloc of 100 not 8-byte aligned, rounding up
DMalloc of 228 not 8-byte aligned, rounding up
[Actor] idx=2 class=23 commonOff=19408 NumberOfLocalMailboxes=0
DMalloc of 84 not 8-byte aligned, rounding up
[Actor] idx=3 class=13 commonOff=19408 NumberOfLocalMailboxes=0
DMalloc of 84 not 8-byte aligned, rounding up
DMalloc of 52 not 8-byte aligned, rounding up
DMalloc of 252 not 8-byte aligned, rounding up
[Actor] idx=4 class=20 commonOff=20120 NumberOfLocalMailboxes=0
DMalloc of 84 not 8-byte aligned, rounding up
DMalloc of 228 not 8-byte aligned, rounding up
[Actor] idx=6 class=11 commonOff=19408 NumberOfLocalMailboxes=0
DMalloc of 84 not 8-byte aligned, rounding up
[Actor] idx=7 class=16 commonOff=19408 NumberOfLocalMailboxes=0
DMalloc of 84 not 8-byte aligned, rounding up
[Actor] idx=8 class=3 commonOff=19408 NumberOfLocalMailboxes=0
DMalloc of 84 not 8-byte aligned, rounding up
[Actor] idx=9 class=22 commonOff=20860 NumberOfLocalMailboxes=6
DMalloc of 84 not 8-byte aligned, rounding up
jolt: character 0 created at (0.00, -0.20, 2.50) ctr=(0.00,0.00,0.00)
[Actor] idx=10 class=7 commonOff=21168 NumberOfLocalMailboxes=0
DMalloc of 84 not 8-byte aligned, rounding up
[Actor] idx=11 class=7 commonOff=21368 NumberOfLocalMailboxes=0
DMalloc of 84 not 8-byte aligned, rounding up
[Actor] idx=12 class=7 commonOff=21412 NumberOfLocalMailboxes=0
DMalloc of 84 not 8-byte aligned, rounding up
[Actor] idx=13 class=7 commonOff=21456 NumberOfLocalMailboxes=0
DMalloc of 84 not 8-byte aligned, rounding up
[Actor] idx=14 class=7 commonOff=21500 NumberOfLocalMailboxes=0
DMalloc of 84 not 8-byte aligned, rounding up
[Actor] idx=15 class=7 commonOff=21544 NumberOfLocalMailboxes=0
DMalloc of 84 not 8-byte aligned, rounding up
[Actor] idx=16 class=7 commonOff=21588 NumberOfLocalMailboxes=0
DMalloc of 84 not 8-byte aligned, rounding up
[Actor] idx=17 class=7 commonOff=21632 NumberOfLocalMailboxes=0
DMalloc of 84 not 8-byte aligned, rounding up
[Actor] idx=18 class=5 commonOff=19408 NumberOfLocalMailboxes=0
jolt: body STATIC pos=(0.00,0.00,0.00) half=(6.10,1.65,0.12) id=58720264
[Actor] idx=19 class=5 commonOff=19408 NumberOfLocalMailboxes=0
jolt: body STATIC pos=(0.00,1.53,2.73) half=(5.97,0.12,2.10) id=58720263
[Actor] idx=20 class=5 commonOff=19408 NumberOfLocalMailboxes=0
jolt: body STATIC pos=(0.00,1.53,5.08) half=(6.10,0.12,0.25) id=58720262
[Actor] idx=21 class=5 commonOff=19408 NumberOfLocalMailboxes=0
jolt: body STATIC pos=(-6.09,0.00,2.67) half=(0.12,1.65,2.67) id=58720261
[Actor] idx=22 class=5 commonOff=19408 NumberOfLocalMailboxes=0
jolt: body STATIC pos=(5.97,0.00,2.67) half=(0.12,1.65,2.67) id=58720260
[Actor] idx=23 class=5 commonOff=19408 NumberOfLocalMailboxes=0
jolt: body STATIC pos=(0.00,-1.78,2.67) half=(6.10,0.12,2.67) id=58720259
[Actor] idx=24 class=7 commonOff=19408 NumberOfLocalMailboxes=0
DMalloc of 84 not 8-byte aligned, rounding up
[Actor] idx=25 class=5 commonOff=19408 NumberOfLocalMailboxes=0
jolt: body STATIC pos=(0.00,0.00,0.38) half=(5.97,1.52,0.25) id=58720258
[Actor] idx=26 class=7 commonOff=19408 NumberOfLocalMailboxes=0
DMalloc of 84 not 8-byte aligned, rounding up
[Actor] idx=27 class=7 commonOff=19408 NumberOfLocalMailboxes=0
DMalloc of 84 not 8-byte aligned, rounding up
[Actor] idx=28 class=5 commonOff=19408 NumberOfLocalMailboxes=0
jolt: body STATIC pos=(0.00,0.00,-1.26) half=(6.25,1.80,1.24) id=58720257
[Actor] idx=29 class=5 commonOff=19408 NumberOfLocalMailboxes=0
jolt: body STATIC pos=(0.00,2.97,7.50) half=(30.00,0.12,12.50) id=58720256
DMalloc of 228 not 8-byte aligned, rounding up
[Actor] idx=30 class=23 commonOff=19408 NumberOfLocalMailboxes=0
DMalloc of 84 not 8-byte aligned, rounding up
[Actor] idx=31 class=3 commonOff=19408 NumberOfLocalMailboxes=0
DMalloc of 84 not 8-byte aligned, rounding up
[Actor] idx=32 class=16 commonOff=19408 NumberOfLocalMailboxes=0
DMalloc of 84 not 8-byte aligned, rounding up
LMalloc of 20 not 8-byte aligned, rounding up
LMalloc of 212 not 8-byte aligned, rounding up
DMalloc of 404 not 8-byte aligned, rounding up
DMalloc of 446 not 8-byte aligned, rounding up
DMalloc of 454 not 8-byte aligned, rounding up
DMalloc of 404 not 8-byte aligned, rounding up
Walking from 0
0->0
0->0
LMalloc of 20 not 8-byte aligned, rounding up
LMalloc of 20 not 8-byte aligned, rounding up
ASS closed without all data read (bytesLeft = 4118)
ASS closed without all data read (bytesLeft = 150)
ASS closed without all data read (bytesLeft = 16)
ASS closed without all data read (bytesLeft = 16)
ASS closed without all data read (bytesLeft = 31244)
ASS closed without all data read (bytesLeft = 21964)
ASS closed without all data read (bytesLeft = 14316)
ASS closed without all data read (bytesLeft = 15596)
ASS closed without all data read (bytesLeft = 6700)
ASS closed without all data read (bytesLeft = 6700)
ASS closed without all data read (bytesLeft = 8364)
ASS closed without all data read (bytesLeft = 8364)
ASS closed without all data read (bytesLeft = 588)
ASS closed without all data read (bytesLeft = 4692)
ASS closed without all data read (bytesLeft = 588)
ASS closed without all data read (bytesLeft = 588)
ASS closed without all data read (bytesLeft = 588)
ASS closed without all data read (bytesLeft = 588)
ASS closed without all data read (bytesLeft = 1260)
ASS closed without all data read (bytesLeft = 588)
ASS closed without all data read (bytesLeft = 18828)
ASS closed without all data read (bytesLeft = 23940)
ASS closed without all data read (bytesLeft = 588)
ASS closed without all data read (bytesLeft = 588)
DMalloc of 84 not 8-byte aligned, rounding up
PixelMap::Load: this = 0xbf968ef8
PixelMap::Load: this = 0xbf968f28
LMalloc of 28 not 8-byte aligned, rounding up
LMalloc of 28 not 8-byte aligned, rounding up
LMalloc of 28 not 8-byte aligned, rounding up
LMalloc of 28 not 8-byte aligned, rounding up
LMalloc of 44 not 8-byte aligned, rounding up
LMalloc of 44 not 8-byte aligned, rounding up
LMalloc of 436 not 8-byte aligned, rounding up
LMalloc of 44 not 8-byte aligned, rounding up
LMalloc of 6276 not 8-byte aligned, rounding up
RenderActor3DAnimates constructed with no animations!
LMalloc of 44 not 8-byte aligned, rounding up
LMalloc of 44 not 8-byte aligned, rounding up
LMalloc of 436 not 8-byte aligned, rounding up
LMalloc of 44 not 8-byte aligned, rounding up
LMalloc of 23636 not 8-byte aligned, rounding up
RenderActor3DAnimates constructed with no animations!
LMalloc of 44 not 8-byte aligned, rounding up
LMalloc of 44 not 8-byte aligned, rounding up
LMalloc of 1276 not 8-byte aligned, rounding up
LMalloc of 44 not 8-byte aligned, rounding up
LMalloc of 17956 not 8-byte aligned, rounding up
RenderActor3DAnimates constructed with no animations!
LMalloc of 44 not 8-byte aligned, rounding up
LMalloc of 44 not 8-byte aligned, rounding up
LMalloc of 1108 not 8-byte aligned, rounding up
LMalloc of 44 not 8-byte aligned, rounding up
LMalloc of 10836 not 8-byte aligned, rounding up
RenderActor3DAnimates constructed with no animations!
LMalloc of 44 not 8-byte aligned, rounding up
LMalloc of 44 not 8-byte aligned, rounding up
LMalloc of 1108 not 8-byte aligned, rounding up
LMalloc of 44 not 8-byte aligned, rounding up
LMalloc of 12116 not 8-byte aligned, rounding up
RenderActor3DAnimates constructed with no animations!
LMalloc of 44 not 8-byte aligned, rounding up
LMalloc of 44 not 8-byte aligned, rounding up
LMalloc of 772 not 8-byte aligned, rounding up
LMalloc of 44 not 8-byte aligned, rounding up
LMalloc of 4276 not 8-byte aligned, rounding up
RenderActor3DAnimates constructed with no animations!
LMalloc of 44 not 8-byte aligned, rounding up
LMalloc of 44 not 8-byte aligned, rounding up
LMalloc of 772 not 8-byte aligned, rounding up
LMalloc of 44 not 8-byte aligned, rounding up
LMalloc of 4276 not 8-byte aligned, rounding up
RenderActor3DAnimates constructed with no animations!
LMalloc of 44 not 8-byte aligned, rounding up
LMalloc of 44 not 8-byte aligned, rounding up
LMalloc of 1276 not 8-byte aligned, rounding up
LMalloc of 44 not 8-byte aligned, rounding up
LMalloc of 4356 not 8-byte aligned, rounding up
RenderActor3DAnimates constructed with no animations!
LMalloc of 44 not 8-byte aligned, rounding up
LMalloc of 44 not 8-byte aligned, rounding up
LMalloc of 1276 not 8-byte aligned, rounding up
LMalloc of 44 not 8-byte aligned, rounding up
LMalloc of 4356 not 8-byte aligned, rounding up
RenderActor3DAnimates constructed with no animations!
LMalloc of 44 not 8-byte aligned, rounding up
LMalloc of 44 not 8-byte aligned, rounding up
LMalloc of 100 not 8-byte aligned, rounding up
LMalloc of 44 not 8-byte aligned, rounding up
LMalloc of 276 not 8-byte aligned, rounding up
RenderActor3DAnimates constructed with no animations!
LMalloc of 44 not 8-byte aligned, rounding up
LMalloc of 44 not 8-byte aligned, rounding up
MATL closed without all data read (bytesLeft = 264)
LMalloc of 44 not 8-byte aligned, rounding up
jolt: mesh actor_pos=(0.000,0.000,0.000)
jolt: mesh v0 local=(-6.096,-1.651,0.000) world=(-6.096,-1.651,0.000)
jolt: mesh v1 local=(-6.096,-1.651,0.127) world=(-6.096,-1.651,0.127)
jolt: mesh v2 local=(-6.096,1.651,0.000) world=(-6.096,1.651,0.000)
jolt: mesh v3 local=(-6.096,1.651,0.127) world=(-6.096,1.651,0.127)
jolt: mesh v4 local=(6.096,-1.651,0.000) world=(6.096,-1.651,0.000)
jolt: mesh v5 local=(6.096,-1.651,0.127) world=(6.096,-1.651,0.127)
jolt: mesh v6 local=(6.096,1.651,0.000) world=(6.096,1.651,0.000)
jolt: mesh v7 local=(6.096,1.651,0.127) world=(6.096,1.651,0.127)
jolt: body MESH_STATIC verts=8 faces=12 id=67108872
LMalloc of 44 not 8-byte aligned, rounding up
LMalloc of 44 not 8-byte aligned, rounding up
LMalloc of 44 not 8-byte aligned, rounding up
LMalloc of 2436 not 8-byte aligned, rounding up
RenderActor3DAnimates constructed with no animations!
LMalloc of 44 not 8-byte aligned, rounding up
LMalloc of 44 not 8-byte aligned, rounding up
MATL closed without all data read (bytesLeft = 2640)
LMalloc of 44 not 8-byte aligned, rounding up
jolt: mesh actor_pos=(0.000,0.000,0.000)
jolt: mesh v0 local=(-5.969,1.524,0.635) world=(-5.969,1.524,0.635)
jolt: mesh v1 local=(-5.969,1.524,1.054) world=(-5.969,1.524,1.054)
jolt: mesh v2 local=(-5.969,1.524,1.473) world=(-5.969,1.524,1.473)
jolt: mesh v3 local=(-5.969,1.524,1.892) world=(-5.969,1.524,1.892)
jolt: mesh v4 local=(-5.969,1.524,2.311) world=(-5.969,1.524,2.311)
jolt: mesh v5 local=(-5.969,1.524,2.730) world=(-5.969,1.524,2.730)
jolt: mesh v6 local=(-5.969,1.524,3.150) world=(-5.969,1.524,3.150)
jolt: mesh v7 local=(-5.969,1.524,3.569) world=(-5.969,1.524,3.569)
jolt: mesh v8 local=(-5.969,1.524,3.988) world=(-5.969,1.524,3.988)
jolt: mesh v9 local=(-5.969,1.524,4.407) world=(-5.969,1.524,4.407)
jolt: mesh v10 local=(-5.969,1.524,4.826) world=(-5.969,1.524,4.826)
jolt: mesh v11 local=(-5.969,1.651,0.635) world=(-5.969,1.651,0.635)
jolt: mesh v12 local=(-5.969,1.651,1.054) world=(-5.969,1.651,1.054)
jolt: mesh v13 local=(-5.969,1.651,1.473) world=(-5.969,1.651,1.473)
jolt: mesh v14 local=(-5.969,1.651,1.892) world=(-5.969,1.651,1.892)
jolt: mesh v15 local=(-5.969,1.651,2.311) world=(-5.969,1.651,2.311)
jolt: mesh v16 local=(-5.969,1.651,2.730) world=(-5.969,1.651,2.730)
jolt: mesh v17 local=(-5.969,1.651,3.150) world=(-5.969,1.651,3.150)
jolt: mesh v18 local=(-5.969,1.651,3.569) world=(-5.969,1.651,3.569)
jolt: mesh v19 local=(-5.969,1.651,3.988) world=(-5.969,1.651,3.988)
jolt: mesh v20 local=(-5.969,1.651,4.407) world=(-5.969,1.651,4.407)
jolt: mesh v21 local=(-5.969,1.651,4.826) world=(-5.969,1.651,4.826)
jolt: mesh v22 local=(5.969,1.524,0.635) world=(5.969,1.524,0.635)
jolt: mesh v23 local=(5.969,1.524,1.054) world=(5.969,1.524,1.054)
jolt: mesh v24 local=(5.969,1.524,1.473) world=(5.969,1.524,1.473)
jolt: mesh v25 local=(5.969,1.524,1.892) world=(5.969,1.524,1.892)
jolt: mesh v26 local=(5.969,1.524,2.311) world=(5.969,1.524,2.311)
jolt: mesh v27 local=(5.969,1.524,2.730) world=(5.969,1.524,2.730)
jolt: mesh v28 local=(5.969,1.524,3.150) world=(5.969,1.524,3.150)
jolt: mesh v29 local=(5.969,1.524,3.569) world=(5.969,1.524,3.569)
jolt: mesh v30 local=(5.969,1.524,3.988) world=(5.969,1.524,3.988)
jolt: mesh v31 local=(5.969,1.524,4.407) world=(5.969,1.524,4.407)
jolt: mesh v32 local=(5.969,1.524,4.826) world=(5.969,1.524,4.826)
jolt: mesh v33 local=(5.969,1.651,0.635) world=(5.969,1.651,0.635)
jolt: mesh v34 local=(5.969,1.651,1.054) world=(5.969,1.651,1.054)
jolt: mesh v35 local=(5.969,1.651,1.473) world=(5.969,1.651,1.473)
jolt: mesh v36 local=(5.969,1.651,1.892) world=(5.969,1.651,1.892)
jolt: mesh v37 local=(5.969,1.651,2.311) world=(5.969,1.651,2.311)
jolt: mesh v38 local=(5.969,1.651,2.730) world=(5.969,1.651,2.730)
jolt: mesh v39 local=(5.969,1.651,3.150) world=(5.969,1.651,3.150)
jolt: mesh v40 local=(5.969,1.651,3.569) world=(5.969,1.651,3.569)
jolt: mesh v41 local=(5.969,1.651,3.988) world=(5.969,1.651,3.988)
jolt: mesh v42 local=(5.969,1.651,4.407) world=(5.969,1.651,4.407)
jolt: mesh v43 local=(5.969,1.651,4.826) world=(5.969,1.651,4.826)
jolt: body MESH_STATIC verts=44 faces=120 id=67108871
LMalloc of 44 not 8-byte aligned, rounding up
LMalloc of 44 not 8-byte aligned, rounding up
LMalloc of 100 not 8-byte aligned, rounding up
LMalloc of 44 not 8-byte aligned, rounding up
LMalloc of 276 not 8-byte aligned, rounding up
RenderActor3DAnimates constructed with no animations!
LMalloc of 44 not 8-byte aligned, rounding up
LMalloc of 44 not 8-byte aligned, rounding up
MATL closed without all data read (bytesLeft = 264)
LMalloc of 44 not 8-byte aligned, rounding up
jolt: mesh actor_pos=(0.000,0.000,0.000)
jolt: mesh v0 local=(-6.096,1.524,4.826) world=(-6.096,1.524,4.826)
jolt: mesh v1 local=(-6.096,1.524,5.334) world=(-6.096,1.524,5.334)
jolt: mesh v2 local=(-6.096,1.651,4.826) world=(-6.096,1.651,4.826)
jolt: mesh v3 local=(-6.096,1.651,5.334) world=(-6.096,1.651,5.334)
jolt: mesh v4 local=(6.096,1.524,4.826) world=(6.096,1.524,4.826)
jolt: mesh v5 local=(6.096,1.524,5.334) world=(6.096,1.524,5.334)
jolt: mesh v6 local=(6.096,1.651,4.826) world=(6.096,1.651,4.826)
jolt: mesh v7 local=(6.096,1.651,5.334) world=(6.096,1.651,5.334)
jolt: body MESH_STATIC verts=8 faces=12 id=67108870
LMalloc of 44 not 8-byte aligned, rounding up
LMalloc of 44 not 8-byte aligned, rounding up
LMalloc of 100 not 8-byte aligned, rounding up
LMalloc of 44 not 8-byte aligned, rounding up
LMalloc of 276 not 8-byte aligned, rounding up
RenderActor3DAnimates constructed with no animations!
LMalloc of 44 not 8-byte aligned, rounding up
LMalloc of 44 not 8-byte aligned, rounding up
MATL closed without all data read (bytesLeft = 264)
LMalloc of 44 not 8-byte aligned, rounding up
jolt: mesh actor_pos=(0.000,0.000,0.000)
jolt: mesh v0 local=(-6.096,-1.651,0.000) world=(-6.096,-1.651,0.000)
jolt: mesh v1 local=(-6.096,-1.651,5.334) world=(-6.096,-1.651,5.334)
jolt: mesh v2 local=(-6.096,1.651,0.000) world=(-6.096,1.651,0.000)
jolt: mesh v3 local=(-6.096,1.651,5.334) world=(-6.096,1.651,5.334)
jolt: mesh v4 local=(-5.969,-1.651,0.000) world=(-5.969,-1.651,0.000)
jolt: mesh v5 local=(-5.969,-1.651,5.334) world=(-5.969,-1.651,5.334)
jolt: mesh v6 local=(-5.969,1.651,0.000) world=(-5.969,1.651,0.000)
jolt: mesh v7 local=(-5.969,1.651,5.334) world=(-5.969,1.651,5.334)
jolt: body MESH_STATIC verts=8 faces=12 id=67108869
LMalloc of 44 not 8-byte aligned, rounding up
LMalloc of 44 not 8-byte aligned, rounding up
LMalloc of 100 not 8-byte aligned, rounding up
LMalloc of 44 not 8-byte aligned, rounding up
LMalloc of 276 not 8-byte aligned, rounding up
RenderActor3DAnimates constructed with no animations!
LMalloc of 44 not 8-byte aligned, rounding up
LMalloc of 44 not 8-byte aligned, rounding up
MATL closed without all data read (bytesLeft = 264)
LMalloc of 44 not 8-byte aligned, rounding up
jolt: mesh actor_pos=(0.000,0.000,0.000)
jolt: mesh v0 local=(5.969,-1.651,0.000) world=(5.969,-1.651,0.000)
jolt: mesh v1 local=(5.969,-1.651,5.334) world=(5.969,-1.651,5.334)
jolt: mesh v2 local=(5.969,1.651,0.000) world=(5.969,1.651,0.000)
jolt: mesh v3 local=(5.969,1.651,5.334) world=(5.969,1.651,5.334)
jolt: mesh v4 local=(6.096,-1.651,0.000) world=(6.096,-1.651,0.000)
jolt: mesh v5 local=(6.096,-1.651,5.334) world=(6.096,-1.651,5.334)
jolt: mesh v6 local=(6.096,1.651,0.000) world=(6.096,1.651,0.000)
jolt: mesh v7 local=(6.096,1.651,5.334) world=(6.096,1.651,5.334)
jolt: body MESH_STATIC verts=8 faces=12 id=67108868
LMalloc of 44 not 8-byte aligned, rounding up
LMalloc of 44 not 8-byte aligned, rounding up
LMalloc of 100 not 8-byte aligned, rounding up
LMalloc of 44 not 8-byte aligned, rounding up
LMalloc of 276 not 8-byte aligned, rounding up
RenderActor3DAnimates constructed with no animations!
LMalloc of 44 not 8-byte aligned, rounding up
LMalloc of 44 not 8-byte aligned, rounding up
MATL closed without all data read (bytesLeft = 264)
LMalloc of 44 not 8-byte aligned, rounding up
jolt: mesh actor_pos=(0.000,0.000,0.000)
jolt: mesh v0 local=(-6.096,-1.778,0.000) world=(-6.096,-1.778,0.000)
jolt: mesh v1 local=(-6.096,-1.778,5.334) world=(-6.096,-1.778,5.334)
jolt: mesh v2 local=(-6.096,-1.651,0.000) world=(-6.096,-1.651,0.000)
jolt: mesh v3 local=(-6.096,-1.651,5.334) world=(-6.096,-1.651,5.334)
jolt: mesh v4 local=(6.096,-1.778,0.000) world=(6.096,-1.778,0.000)
jolt: mesh v5 local=(6.096,-1.778,5.334) world=(6.096,-1.778,5.334)
jolt: mesh v6 local=(6.096,-1.651,0.000) world=(6.096,-1.651,0.000)
jolt: mesh v7 local=(6.096,-1.651,5.334) world=(6.096,-1.651,5.334)
jolt: body MESH_STATIC verts=8 faces=12 id=67108867
LMalloc of 44 not 8-byte aligned, rounding up
LMalloc of 44 not 8-byte aligned, rounding up
LMalloc of 100 not 8-byte aligned, rounding up
LMalloc of 44 not 8-byte aligned, rounding up
LMalloc of 996 not 8-byte aligned, rounding up
RenderActor3DAnimates constructed with no animations!
LMalloc of 44 not 8-byte aligned, rounding up
LMalloc of 44 not 8-byte aligned, rounding up
LMalloc of 100 not 8-byte aligned, rounding up
LMalloc of 44 not 8-byte aligned, rounding up
LMalloc of 276 not 8-byte aligned, rounding up
RenderActor3DAnimates constructed with no animations!
LMalloc of 44 not 8-byte aligned, rounding up
LMalloc of 44 not 8-byte aligned, rounding up
MATL closed without all data read (bytesLeft = 264)
LMalloc of 44 not 8-byte aligned, rounding up
jolt: mesh actor_pos=(0.000,0.000,0.000)
jolt: mesh v0 local=(-5.969,-1.524,0.127) world=(-5.969,-1.524,0.127)
jolt: mesh v1 local=(-5.969,-1.524,0.635) world=(-5.969,-1.524,0.635)
jolt: mesh v2 local=(-5.969,1.524,0.127) world=(-5.969,1.524,0.127)
jolt: mesh v3 local=(-5.969,1.524,0.635) world=(-5.969,1.524,0.635)
jolt: mesh v4 local=(5.969,-1.524,0.127) world=(5.969,-1.524,0.127)
jolt: mesh v5 local=(5.969,-1.524,0.635) world=(5.969,-1.524,0.635)
jolt: mesh v6 local=(5.969,1.524,0.127) world=(5.969,1.524,0.127)
jolt: mesh v7 local=(5.969,1.524,0.635) world=(5.969,1.524,0.635)
jolt: body MESH_STATIC verts=8 faces=12 id=67108866
LMalloc of 44 not 8-byte aligned, rounding up
LMalloc of 44 not 8-byte aligned, rounding up
LMalloc of 268 not 8-byte aligned, rounding up
LMalloc of 44 not 8-byte aligned, rounding up
LMalloc of 14436 not 8-byte aligned, rounding up
RenderActor3DAnimates constructed with no animations!
LMalloc of 44 not 8-byte aligned, rounding up
LMalloc of 44 not 8-byte aligned, rounding up
LMalloc of 44 not 8-byte aligned, rounding up
LMalloc of 19356 not 8-byte aligned, rounding up
RenderActor3DAnimates constructed with no animations!
LMalloc of 44 not 8-byte aligned, rounding up
LMalloc of 44 not 8-byte aligned, rounding up
LMalloc of 100 not 8-byte aligned, rounding up
LMalloc of 44 not 8-byte aligned, rounding up
LMalloc of 276 not 8-byte aligned, rounding up
RenderActor3DAnimates constructed with no animations!
LMalloc of 44 not 8-byte aligned, rounding up
LMalloc of 44 not 8-byte aligned, rounding up
MATL closed without all data read (bytesLeft = 264)
LMalloc of 44 not 8-byte aligned, rounding up
jolt: mesh actor_pos=(0.000,0.000,0.000)
jolt: mesh v0 local=(-6.246,-1.801,-2.500) world=(-6.246,-1.801,-2.500)
jolt: mesh v1 local=(-6.246,-1.801,-0.025) world=(-6.246,-1.801,-0.025)
jolt: mesh v2 local=(-6.246,1.801,-2.500) world=(-6.246,1.801,-2.500)
jolt: mesh v3 local=(-6.246,1.801,-0.025) world=(-6.246,1.801,-0.025)
jolt: mesh v4 local=(6.246,-1.801,-2.500) world=(6.246,-1.801,-2.500)
jolt: mesh v5 local=(6.246,-1.801,-0.025) world=(6.246,-1.801,-0.025)
jolt: mesh v6 local=(6.246,1.801,-2.500) world=(6.246,1.801,-2.500)
jolt: mesh v7 local=(6.246,1.801,-0.025) world=(6.246,1.801,-0.025)
jolt: body MESH_STATIC verts=8 faces=12 id=67108865
LMalloc of 44 not 8-byte aligned, rounding up
LMalloc of 44 not 8-byte aligned, rounding up
LMalloc of 100 not 8-byte aligned, rounding up
LMalloc of 44 not 8-byte aligned, rounding up
LMalloc of 276 not 8-byte aligned, rounding up
RenderActor3DAnimates constructed with no animations!
LMalloc of 44 not 8-byte aligned, rounding up
LMalloc of 44 not 8-byte aligned, rounding up
MATL closed without all data read (bytesLeft = 264)
LMalloc of 44 not 8-byte aligned, rounding up
jolt: mesh actor_pos=(0.000,0.000,0.000)
jolt: mesh v0 local=(-30.000,3.000,-5.000) world=(-30.000,3.000,-5.000)
jolt: mesh v1 local=(-30.000,3.000,20.000) world=(-30.000,3.000,20.000)
jolt: mesh v2 local=(-30.000,3.100,-5.000) world=(-30.000,3.100,-5.000)
jolt: mesh v3 local=(-30.000,3.100,20.000) world=(-30.000,3.100,20.000)
jolt: mesh v4 local=(30.000,3.000,-5.000) world=(30.000,3.000,-5.000)
jolt: mesh v5 local=(30.000,3.000,20.000) world=(30.000,3.000,20.000)
jolt: mesh v6 local=(30.000,3.100,-5.000) world=(30.000,3.100,-5.000)
jolt: mesh v7 local=(30.000,3.100,20.000) world=(30.000,3.100,20.000)
jolt: body MESH_STATIC verts=8 faces=12 id=67108864
zforth: INDEXOF_CAMSHOT = 1921 (expect 1921)
zforth: INDEXOF_CAMSHOT = 1921 (expect 1921)
jolt: OptimizeBroadPhase done (9 static bodies)
audio: MusicPlayer — soundfont not found: florestan-subset.sf2
audio: sfx[0] not found: wflevels/qbert_practice/sfx/qbert_hop.wav
audio: sfx[1] not found: wflevels/qbert_practice/sfx/qbert_land.wav
audio: sfx[2] not found: wflevels/qbert_practice/sfx/qbert_fall.wav
audio: sfx[3] not found: wflevels/qbert_practice/sfx/qbert_swear.wav
audio: sfx[4] not found: wflevels/qbert_practice/sfx/qbert_round_clear.wav
audio: sfx[5] not found: wflevels/qbert_practice/sfx/qbert_kill.wav
audio: sfx[6] not found: wflevels/qbert_practice/sfx/qbert_disc.wav
DMalloc of 36 not 8-byte aligned, rounding up
ball pos: (0.000, -0.200, 2.500)
ball pos: (0.000, -0.200, 2.500)
, _bContinue = 0, _curLevel->done() = 0
zforth: INDEXOF_CAMSHOT = 1921 (expect 1921)
zforth: INDEXOF_CAMSHOT = 1921 (expect 1921)
LMalloc of 20 not 8-byte aligned, rounding up
closing cd.iff

=== wf_game android_main (log → /storage/emulated/0/Android/data/org.worldfoundry.wf_game.aquarium/files/wf.log) ===
audio: miniaudio v0.11.25 ready
wf_game v0.4.1, Built:Oct  1 2026,02:27:16 by kts
argc = 1, commandIndex = 1
Level=-1
cerror:
cwarn:
cstats:
wf_game Ver 0.4.1, Built:Oct  1 2026,02:27:16 by kts
DBSTREAMS jolt: RegisterDefaultAllocator
jolt: Factory
jolt: RegisterTypes
jolt: RunSelftest
jolt: selftest ok (sphere fell to z=5.098)
jolt: backend init
jolt: backend ready (gravity -Z)
jolt: init complete
LMalloc of 76 not 8-byte aligned, rounding up
Opening cd.iff
LMalloc of 447 not 8-byte aligned, rounding up
zforth: INDEXOF_CAMSHOT = 1921 (expect 1921)
zforth: INDEXOF_CAMSHOT = 1921 (expect 1921)
LMalloc of 20 not 8-byte aligned, rounding up
delta too large: 0.2970123291
timeofday:1791038834:174540
lasttimeofday: 1791038833:877515
deltatime:0:297025
delta: 0.2970123291
LMalloc of 412 not 8-byte aligned, rounding up
LMalloc of 7620 not 8-byte aligned, rounding up
LMalloc of 20 not 8-byte aligned, rounding up
LMalloc of 20 not 8-byte aligned, rounding up
LMalloc of 44 not 8-byte aligned, rounding up
LMalloc of 44 not 8-byte aligned, rounding up
LMalloc of 44 not 8-byte aligned, rounding up
LMalloc of 44 not 8-byte aligned, rounding up
LMalloc of 44 not 8-byte aligned, rounding up
LMalloc of 44 not 8-byte aligned, rounding up
LMalloc of 44 not 8-byte aligned, rounding up
LMalloc of 44 not 8-byte aligned, rounding up
LMalloc of 44 not 8-byte aligned, rounding up
LMalloc of 44 not 8-byte aligned, rounding up
LMalloc of 44 not 8-byte aligned, rounding up
LMalloc of 44 not 8-byte aligned, rounding up
LMalloc of 44 not 8-byte aligned, rounding up
LMalloc of 44 not 8-byte aligned, rounding up
LMalloc of 44 not 8-byte aligned, rounding up
Level::Level: leveldata= 0xc0b4cca8, object count  = 36
ASS closed without all data read (bytesLeft = 4118)
ASS closed without all data read (bytesLeft = 150)
ASS closed without all data read (bytesLeft = 16)
ASS closed without all data read (bytesLeft = 16)
ASS closed without all data read (bytesLeft = 9708)
DMalloc of 84 not 8-byte aligned, rounding up
LMalloc of 76 not 8-byte aligned, rounding up
PixelMap::Load: this = 0xbf82db98
PixelMap::Load: this = 0xbf82dbc8
LMalloc of 28 not 8-byte aligned, rounding up
LMalloc of 28 not 8-byte aligned, rounding up
LMalloc of 28 not 8-byte aligned, rounding up
LMalloc of 28 not 8-byte aligned, rounding up
LMalloc of 68 not 8-byte aligned, rounding up
LMalloc of 100 not 8-byte aligned, rounding up
DMalloc of 228 not 8-byte aligned, rounding up
[Actor] idx=2 class=23 commonOff=23028 NumberOfLocalMailboxes=0
DMalloc of 84 not 8-byte aligned, rounding up
[Actor] idx=3 class=13 commonOff=23028 NumberOfLocalMailboxes=0
DMalloc of 84 not 8-byte aligned, rounding up
this = 0xbf831178,setting _memory to 0xbf830d98
DMalloc of 52 not 8-byte aligned, rounding up
DMalloc of 252 not 8-byte aligned, rounding up
[Actor] idx=4 class=20 commonOff=23740 NumberOfLocalMailboxes=0
DMalloc of 84 not 8-byte aligned, rounding up
DMalloc of 228 not 8-byte aligned, rounding up
[Actor] idx=6 class=11 commonOff=23028 NumberOfLocalMailboxes=0
DMalloc of 84 not 8-byte aligned, rounding up
[Actor] idx=7 class=16 commonOff=23028 NumberOfLocalMailboxes=0
DMalloc of 84 not 8-byte aligned, rounding up
[Actor] idx=8 class=3 commonOff=23028 NumberOfLocalMailboxes=0
DMalloc of 84 not 8-byte aligned, rounding up
[Actor] idx=9 class=22 commonOff=24480 NumberOfLocalMailboxes=6
DMalloc of 84 not 8-byte aligned, rounding up
jolt: character 0 created at (0.00, -0.25, 2.60) ctr=(0.00,0.00,0.00)
[Actor] idx=10 class=7 commonOff=24788 NumberOfLocalMailboxes=0
DMalloc of 84 not 8-byte aligned, rounding up
[Actor] idx=11 class=7 commonOff=24988 NumberOfLocalMailboxes=0
DMalloc of 84 not 8-byte aligned, rounding up
[Actor] idx=12 class=7 commonOff=25032 NumberOfLocalMailboxes=0
DMalloc of 84 not 8-byte aligned, rounding up
[Actor] idx=13 class=7 commonOff=25076 NumberOfLocalMailboxes=0
DMalloc of 84 not 8-byte aligned, rounding up
[Actor] idx=14 class=7 commonOff=25120 NumberOfLocalMailboxes=0
DMalloc of 84 not 8-byte aligned, rounding up
[Actor] idx=15 class=7 commonOff=25164 NumberOfLocalMailboxes=0
DMalloc of 84 not 8-byte aligned, rounding up
[Actor] idx=16 class=7 commonOff=25208 NumberOfLocalMailboxes=0
DMalloc of 84 not 8-byte aligned, rounding up
[Actor] idx=17 class=7 commonOff=25252 NumberOfLocalMailboxes=0
DMalloc of 84 not 8-byte aligned, rounding up
[Actor] idx=18 class=7 commonOff=25296 NumberOfLocalMailboxes=0
DMalloc of 84 not 8-byte aligned, rounding up
[Actor] idx=19 class=7 commonOff=25340 NumberOfLocalMailboxes=0
DMalloc of 84 not 8-byte aligned, rounding up
[Actor] idx=20 class=7 commonOff=25384 NumberOfLocalMailboxes=0
DMalloc of 84 not 8-byte aligned, rounding up
[Actor] idx=21 class=7 commonOff=25428 NumberOfLocalMailboxes=0
DMalloc of 84 not 8-byte aligned, rounding up
[Actor] idx=22 class=5 commonOff=23028 NumberOfLocalMailboxes=0
jolt: body STATIC pos=(0.00,0.00,0.00) half=(6.10,1.65,0.12) id=8388608
[Actor] idx=23 class=5 commonOff=23028 NumberOfLocalMailboxes=0
jolt: body STATIC pos=(0.00,1.53,2.73) half=(5.97,0.12,2.10) id=8388609
[Actor] idx=24 class=5 commonOff=23028 NumberOfLocalMailboxes=0
jolt: body STATIC pos=(0.00,1.53,5.08) half=(6.10,0.12,0.25) id=8388610
[Actor] idx=25 class=5 commonOff=23028 NumberOfLocalMailboxes=0
jolt: body STATIC pos=(-6.09,0.00,2.67) half=(0.12,1.65,2.67) id=8388611
[Actor] idx=26 class=5 commonOff=23028 NumberOfLocalMailboxes=0
jolt: body STATIC pos=(5.97,0.00,2.67) half=(0.12,1.65,2.67) id=8388612
[Actor] idx=27 class=5 commonOff=23028 NumberOfLocalMailboxes=0
jolt: body STATIC pos=(0.00,-1.78,2.67) half=(6.10,0.12,2.67) id=8388613
[Actor] idx=28 class=7 commonOff=23028 NumberOfLocalMailboxes=0
DMalloc of 84 not 8-byte aligned, rounding up
[Actor] idx=29 class=5 commonOff=23028 NumberOfLocalMailboxes=0
jolt: body STATIC pos=(0.00,0.00,0.38) half=(5.97,1.52,0.25) id=8388614
[Actor] idx=30 class=7 commonOff=23028 NumberOfLocalMailboxes=0
DMalloc of 84 not 8-byte aligned, rounding up
[Actor] idx=31 class=5 commonOff=23028 NumberOfLocalMailboxes=0
jolt: body STATIC pos=(0.00,0.00,-1.26) half=(6.25,1.80,1.24) id=8388615
[Actor] idx=32 class=5 commonOff=23028 NumberOfLocalMailboxes=0
jolt: body STATIC pos=(0.00,2.97,7.50) half=(30.00,0.12,12.50) id=8388616
DMalloc of 228 not 8-byte aligned, rounding up
[Actor] idx=33 class=23 commonOff=23028 NumberOfLocalMailboxes=0
DMalloc of 84 not 8-byte aligned, rounding up
[Actor] idx=34 class=3 commonOff=23028 NumberOfLocalMailboxes=0
DMalloc of 84 not 8-byte aligned, rounding up
[Actor] idx=35 class=16 commonOff=23028 NumberOfLocalMailboxes=0
DMalloc of 84 not 8-byte aligned, rounding up
LMalloc of 20 not 8-byte aligned, rounding up
LMalloc of 212 not 8-byte aligned, rounding up
DMalloc of 70 not 8-byte aligned, rounding up
DMalloc of 404 not 8-byte aligned, rounding up
DMalloc of 452 not 8-byte aligned, rounding up
DMalloc of 460 not 8-byte aligned, rounding up
DMalloc of 404 not 8-byte aligned, rounding up
Walking from 0
0->0
0->0
LMalloc of 20 not 8-byte aligned, rounding up
LMalloc of 20 not 8-byte aligned, rounding up
ASS closed without all data read (bytesLeft = 4118)
ASS closed without all data read (bytesLeft = 150)
ASS closed without all data read (bytesLeft = 16)
ASS closed without all data read (bytesLeft = 16)
ASS closed without all data read (bytesLeft = 9708)
ASS closed without all data read (bytesLeft = 4972)
ASS closed without all data read (bytesLeft = 588)
ASS closed without all data read (bytesLeft = 4692)
ASS closed without all data read (bytesLeft = 588)
ASS closed without all data read (bytesLeft = 588)
ASS closed without all data read (bytesLeft = 588)
ASS closed without all data read (bytesLeft = 588)
ASS closed without all data read (bytesLeft = 1260)
ASS closed without all data read (bytesLeft = 588)
ASS closed without all data read (bytesLeft = 10860)
ASS closed without all data read (bytesLeft = 588)
ASS closed without all data read (bytesLeft = 588)
DMalloc of 84 not 8-byte aligned, rounding up
LMalloc of 220 not 8-byte aligned, rounding up
PixelMap::Load: this = 0xbf82dbf8
PixelMap::Load: this = 0xbf82dc28
LMalloc of 28 not 8-byte aligned, rounding up
LMalloc of 28 not 8-byte aligned, rounding up
LMalloc of 28 not 8-byte aligned, rounding up
LMalloc of 28 not 8-byte aligned, rounding up
LMalloc of 44 not 8-byte aligned, rounding up
LMalloc of 44 not 8-byte aligned, rounding up
LMalloc of 44 not 8-byte aligned, rounding up
LMalloc of 7836 not 8-byte aligned, rounding up
RenderActor3DAnimates constructed with no animations!
LMalloc of 44 not 8-byte aligned, rounding up
LMalloc of 44 not 8-byte aligned, rounding up
LMalloc of 44 not 8-byte aligned, rounding up
LMalloc of 7836 not 8-byte aligned, rounding up
RenderActor3DAnimates constructed with no animations!
LMalloc of 44 not 8-byte aligned, rounding up
LMalloc of 44 not 8-byte aligned, rounding up
LMalloc of 100 not 8-byte aligned, rounding up
LMalloc of 44 not 8-byte aligned, rounding up
LMalloc of 4516 not 8-byte aligned, rounding up
RenderActor3DAnimates constructed with no animations!
LMalloc of 44 not 8-byte aligned, rounding up
LMalloc of 44 not 8-byte aligned, rounding up
LMalloc of 44 not 8-byte aligned, rounding up
LMalloc of 7836 not 8-byte aligned, rounding up
RenderActor3DAnimates constructed with no animations!
LMalloc of 44 not 8-byte aligned, rounding up
LMalloc of 44 not 8-byte aligned, rounding up
LMalloc of 100 not 8-byte aligned, rounding up
LMalloc of 44 not 8-byte aligned, rounding up
LMalloc of 4516 not 8-byte aligned, rounding up
RenderActor3DAnimates constructed with no animations!
LMalloc of 44 not 8-byte aligned, rounding up
LMalloc of 44 not 8-byte aligned, rounding up
LMalloc of 44 not 8-byte aligned, rounding up
LMalloc of 7836 not 8-byte aligned, rounding up
RenderActor3DAnimates constructed with no animations!
LMalloc of 44 not 8-byte aligned, rounding up
LMalloc of 44 not 8-byte aligned, rounding up
LMalloc of 100 not 8-byte aligned, rounding up
LMalloc of 44 not 8-byte aligned, rounding up
LMalloc of 4516 not 8-byte aligned, rounding up
RenderActor3DAnimates constructed with no animations!
LMalloc of 44 not 8-byte aligned, rounding up
LMalloc of 44 not 8-byte aligned, rounding up
LMalloc of 44 not 8-byte aligned, rounding up
LMalloc of 7836 not 8-byte aligned, rounding up
RenderActor3DAnimates constructed with no animations!
LMalloc of 44 not 8-byte aligned, rounding up
LMalloc of 44 not 8-byte aligned, rounding up
LMalloc of 100 not 8-byte aligned, rounding up
LMalloc of 44 not 8-byte aligned, rounding up
LMalloc of 4516 not 8-byte aligned, rounding up
RenderActor3DAnimates constructed with no animations!
LMalloc of 44 not 8-byte aligned, rounding up
LMalloc of 44 not 8-byte aligned, rounding up
LMalloc of 44 not 8-byte aligned, rounding up
LMalloc of 7836 not 8-byte aligned, rounding up
RenderActor3DAnimates constructed with no animations!
LMalloc of 44 not 8-byte aligned, rounding up
LMalloc of 44 not 8-byte aligned, rounding up
LMalloc of 100 not 8-byte aligned, rounding up
LMalloc of 44 not 8-byte aligned, rounding up
LMalloc of 4516 not 8-byte aligned, rounding up
RenderActor3DAnimates constructed with no animations!
LMalloc of 44 not 8-byte aligned, rounding up
LMalloc of 44 not 8-byte aligned, rounding up
LMalloc of 44 not 8-byte aligned, rounding up
LMalloc of 7836 not 8-byte aligned, rounding up
RenderActor3DAnimates constructed with no animations!
LMalloc of 44 not 8-byte aligned, rounding up
LMalloc of 44 not 8-byte aligned, rounding up
LMalloc of 100 not 8-byte aligned, rounding up
LMalloc of 44 not 8-byte aligned, rounding up
LMalloc of 4516 not 8-byte aligned, rounding up
RenderActor3DAnimates constructed with no animations!
LMalloc of 44 not 8-byte aligned, rounding up
LMalloc of 44 not 8-byte aligned, rounding up
LMalloc of 100 not 8-byte aligned, rounding up
LMalloc of 44 not 8-byte aligned, rounding up
LMalloc of 276 not 8-byte aligned, rounding up
RenderActor3DAnimates constructed with no animations!
LMalloc of 44 not 8-byte aligned, rounding up
LMalloc of 44 not 8-byte aligned, rounding up
MATL closed without all data read (bytesLeft = 264)
LMalloc of 44 not 8-byte aligned, rounding up
jolt: mesh actor_pos=(0.000,0.000,0.000)
jolt: mesh v0 local=(-6.096,-1.651,0.000) world=(-6.096,-1.651,0.000)
jolt: mesh v1 local=(-6.096,-1.651,0.127) world=(-6.096,-1.651,0.127)
jolt: mesh v2 local=(-6.096,1.651,0.000) world=(-6.096,1.651,0.000)
jolt: mesh v3 local=(-6.096,1.651,0.127) world=(-6.096,1.651,0.127)
jolt: mesh v4 local=(6.096,-1.651,0.000) world=(6.096,-1.651,0.000)
jolt: mesh v5 local=(6.096,-1.651,0.127) world=(6.096,-1.651,0.127)
jolt: mesh v6 local=(6.096,1.651,0.000) world=(6.096,1.651,0.000)
jolt: mesh v7 local=(6.096,1.651,0.127) world=(6.096,1.651,0.127)
jolt: body MESH_STATIC verts=8 faces=12 id=16777216
LMalloc of 44 not 8-byte aligned, rounding up
LMalloc of 44 not 8-byte aligned, rounding up
LMalloc of 44 not 8-byte aligned, rounding up
LMalloc of 2436 not 8-byte aligned, rounding up
RenderActor3DAnimates constructed with no animations!
LMalloc of 44 not 8-byte aligned, rounding up
LMalloc of 44 not 8-byte aligned, rounding up
MATL closed without all data read (bytesLeft = 2640)
LMalloc of 44 not 8-byte aligned, rounding up
jolt: mesh actor_pos=(0.000,0.000,0.000)
jolt: mesh v0 local=(-5.969,1.524,0.635) world=(-5.969,1.524,0.635)
jolt: mesh v1 local=(-5.969,1.524,1.054) world=(-5.969,1.524,1.054)
jolt: mesh v2 local=(-5.969,1.524,1.473) world=(-5.969,1.524,1.473)
jolt: mesh v3 local=(-5.969,1.524,1.892) world=(-5.969,1.524,1.892)
jolt: mesh v4 local=(-5.969,1.524,2.311) world=(-5.969,1.524,2.311)
jolt: mesh v5 local=(-5.969,1.524,2.730) world=(-5.969,1.524,2.730)
jolt: mesh v6 local=(-5.969,1.524,3.150) world=(-5.969,1.524,3.150)
jolt: mesh v7 local=(-5.969,1.524,3.569) world=(-5.969,1.524,3.569)
jolt: mesh v8 local=(-5.969,1.524,3.988) world=(-5.969,1.524,3.988)
jolt: mesh v9 local=(-5.969,1.524,4.407) world=(-5.969,1.524,4.407)
jolt: mesh v10 local=(-5.969,1.524,4.826) world=(-5.969,1.524,4.826)
jolt: mesh v11 local=(-5.969,1.651,0.635) world=(-5.969,1.651,0.635)
jolt: mesh v12 local=(-5.969,1.651,1.054) world=(-5.969,1.651,1.054)
jolt: mesh v13 local=(-5.969,1.651,1.473) world=(-5.969,1.651,1.473)
jolt: mesh v14 local=(-5.969,1.651,1.892) world=(-5.969,1.651,1.892)
jolt: mesh v15 local=(-5.969,1.651,2.311) world=(-5.969,1.651,2.311)
jolt: mesh v16 local=(-5.969,1.651,2.730) world=(-5.969,1.651,2.730)
jolt: mesh v17 local=(-5.969,1.651,3.150) world=(-5.969,1.651,3.150)
jolt: mesh v18 local=(-5.969,1.651,3.569) world=(-5.969,1.651,3.569)
jolt: mesh v19 local=(-5.969,1.651,3.988) world=(-5.969,1.651,3.988)
jolt: mesh v20 local=(-5.969,1.651,4.407) world=(-5.969,1.651,4.407)
jolt: mesh v21 local=(-5.969,1.651,4.826) world=(-5.969,1.651,4.826)
jolt: mesh v22 local=(5.969,1.524,0.635) world=(5.969,1.524,0.635)
jolt: mesh v23 local=(5.969,1.524,1.054) world=(5.969,1.524,1.054)
jolt: mesh v24 local=(5.969,1.524,1.473) world=(5.969,1.524,1.473)
jolt: mesh v25 local=(5.969,1.524,1.892) world=(5.969,1.524,1.892)
jolt: mesh v26 local=(5.969,1.524,2.311) world=(5.969,1.524,2.311)
jolt: mesh v27 local=(5.969,1.524,2.730) world=(5.969,1.524,2.730)
jolt: mesh v28 local=(5.969,1.524,3.150) world=(5.969,1.524,3.150)
jolt: mesh v29 local=(5.969,1.524,3.569) world=(5.969,1.524,3.569)
jolt: mesh v30 local=(5.969,1.524,3.988) world=(5.969,1.524,3.988)
jolt: mesh v31 local=(5.969,1.524,4.407) world=(5.969,1.524,4.407)
jolt: mesh v32 local=(5.969,1.524,4.826) world=(5.969,1.524,4.826)
jolt: mesh v33 local=(5.969,1.651,0.635) world=(5.969,1.651,0.635)
jolt: mesh v34 local=(5.969,1.651,1.054) world=(5.969,1.651,1.054)
jolt: mesh v35 local=(5.969,1.651,1.473) world=(5.969,1.651,1.473)
jolt: mesh v36 local=(5.969,1.651,1.892) world=(5.969,1.651,1.892)
jolt: mesh v37 local=(5.969,1.651,2.311) world=(5.969,1.651,2.311)
jolt: mesh v38 local=(5.969,1.651,2.730) world=(5.969,1.651,2.730)
jolt: mesh v39 local=(5.969,1.651,3.150) world=(5.969,1.651,3.150)
jolt: mesh v40 local=(5.969,1.651,3.569) world=(5.969,1.651,3.569)
jolt: mesh v41 local=(5.969,1.651,3.988) world=(5.969,1.651,3.988)
jolt: mesh v42 local=(5.969,1.651,4.407) world=(5.969,1.651,4.407)
jolt: mesh v43 local=(5.969,1.651,4.826) world=(5.969,1.651,4.826)
jolt: body MESH_STATIC verts=44 faces=120 id=16777217
LMalloc of 44 not 8-byte aligned, rounding up
LMalloc of 44 not 8-byte aligned, rounding up
LMalloc of 100 not 8-byte aligned, rounding up
LMalloc of 44 not 8-byte aligned, rounding up
LMalloc of 276 not 8-byte aligned, rounding up
RenderActor3DAnimates constructed with no animations!
LMalloc of 44 not 8-byte aligned, rounding up
LMalloc of 44 not 8-byte aligned, rounding up
MATL closed without all data read (bytesLeft = 264)
LMalloc of 44 not 8-byte aligned, rounding up
jolt: mesh actor_pos=(0.000,0.000,0.000)
jolt: mesh v0 local=(-6.096,1.524,4.826) world=(-6.096,1.524,4.826)
jolt: mesh v1 local=(-6.096,1.524,5.334) world=(-6.096,1.524,5.334)
jolt: mesh v2 local=(-6.096,1.651,4.826) world=(-6.096,1.651,4.826)
jolt: mesh v3 local=(-6.096,1.651,5.334) world=(-6.096,1.651,5.334)
jolt: mesh v4 local=(6.096,1.524,4.826) world=(6.096,1.524,4.826)
jolt: mesh v5 local=(6.096,1.524,5.334) world=(6.096,1.524,5.334)
jolt: mesh v6 local=(6.096,1.651,4.826) world=(6.096,1.651,4.826)
jolt: mesh v7 local=(6.096,1.651,5.334) world=(6.096,1.651,5.334)
jolt: body MESH_STATIC verts=8 faces=12 id=16777218
LMalloc of 44 not 8-byte aligned, rounding up
LMalloc of 44 not 8-byte aligned, rounding up
LMalloc of 100 not 8-byte aligned, rounding up
LMalloc of 44 not 8-byte aligned, rounding up
LMalloc of 276 not 8-byte aligned, rounding up
RenderActor3DAnimates constructed with no animations!
LMalloc of 44 not 8-byte aligned, rounding up
LMalloc of 44 not 8-byte aligned, rounding up
MATL closed without all data read (bytesLeft = 264)
LMalloc of 44 not 8-byte aligned, rounding up
jolt: mesh actor_pos=(0.000,0.000,0.000)
jolt: mesh v0 local=(-6.096,-1.651,0.000) world=(-6.096,-1.651,0.000)
jolt: mesh v1 local=(-6.096,-1.651,5.334) world=(-6.096,-1.651,5.334)
jolt: mesh v2 local=(-6.096,1.651,0.000) world=(-6.096,1.651,0.000)
jolt: mesh v3 local=(-6.096,1.651,5.334) world=(-6.096,1.651,5.334)
jolt: mesh v4 local=(-5.969,-1.651,0.000) world=(-5.969,-1.651,0.000)
jolt: mesh v5 local=(-5.969,-1.651,5.334) world=(-5.969,-1.651,5.334)
jolt: mesh v6 local=(-5.969,1.651,0.000) world=(-5.969,1.651,0.000)
jolt: mesh v7 local=(-5.969,1.651,5.334) world=(-5.969,1.651,5.334)
jolt: body MESH_STATIC verts=8 faces=12 id=16777219
LMalloc of 44 not 8-byte aligned, rounding up
LMalloc of 44 not 8-byte aligned, rounding up
LMalloc of 100 not 8-byte aligned, rounding up
LMalloc of 44 not 8-byte aligned, rounding up
LMalloc of 276 not 8-byte aligned, rounding up
RenderActor3DAnimates constructed with no animations!
LMalloc of 44 not 8-byte aligned, rounding up
LMalloc of 44 not 8-byte aligned, rounding up
MATL closed without all data read (bytesLeft = 264)
LMalloc of 44 not 8-byte aligned, rounding up
jolt: mesh actor_pos=(0.000,0.000,0.000)
jolt: mesh v0 local=(5.969,-1.651,0.000) world=(5.969,-1.651,0.000)
jolt: mesh v1 local=(5.969,-1.651,5.334) world=(5.969,-1.651,5.334)
jolt: mesh v2 local=(5.969,1.651,0.000) world=(5.969,1.651,0.000)
jolt: mesh v3 local=(5.969,1.651,5.334) world=(5.969,1.651,5.334)
jolt: mesh v4 local=(6.096,-1.651,0.000) world=(6.096,-1.651,0.000)
jolt: mesh v5 local=(6.096,-1.651,5.334) world=(6.096,-1.651,5.334)
jolt: mesh v6 local=(6.096,1.651,0.000) world=(6.096,1.651,0.000)
jolt: mesh v7 local=(6.096,1.651,5.334) world=(6.096,1.651,5.334)
jolt: body MESH_STATIC verts=8 faces=12 id=16777220
LMalloc of 44 not 8-byte aligned, rounding up
LMalloc of 44 not 8-byte aligned, rounding up
LMalloc of 100 not 8-byte aligned, rounding up
LMalloc of 44 not 8-byte aligned, rounding up
LMalloc of 276 not 8-byte aligned, rounding up
RenderActor3DAnimates constructed with no animations!
LMalloc of 44 not 8-byte aligned, rounding up
LMalloc of 44 not 8-byte aligned, rounding up
MATL closed without all data read (bytesLeft = 264)
LMalloc of 44 not 8-byte aligned, rounding up
jolt: mesh actor_pos=(0.000,0.000,0.000)
jolt: mesh v0 local=(-6.096,-1.778,0.000) world=(-6.096,-1.778,0.000)
jolt: mesh v1 local=(-6.096,-1.778,5.334) world=(-6.096,-1.778,5.334)
jolt: mesh v2 local=(-6.096,-1.651,0.000) world=(-6.096,-1.651,0.000)
jolt: mesh v3 local=(-6.096,-1.651,5.334) world=(-6.096,-1.651,5.334)
jolt: mesh v4 local=(6.096,-1.778,0.000) world=(6.096,-1.778,0.000)
jolt: mesh v5 local=(6.096,-1.778,5.334) world=(6.096,-1.778,5.334)
jolt: mesh v6 local=(6.096,-1.651,0.000) world=(6.096,-1.651,0.000)
jolt: mesh v7 local=(6.096,-1.651,5.334) world=(6.096,-1.651,5.334)
jolt: body MESH_STATIC verts=8 faces=12 id=16777221
LMalloc of 44 not 8-byte aligned, rounding up
LMalloc of 44 not 8-byte aligned, rounding up
LMalloc of 100 not 8-byte aligned, rounding up
LMalloc of 44 not 8-byte aligned, rounding up
LMalloc of 996 not 8-byte aligned, rounding up
RenderActor3DAnimates constructed with no animations!
LMalloc of 44 not 8-byte aligned, rounding up
LMalloc of 44 not 8-byte aligned, rounding up
LMalloc of 100 not 8-byte aligned, rounding up
LMalloc of 44 not 8-byte aligned, rounding up
LMalloc of 276 not 8-byte aligned, rounding up
RenderActor3DAnimates constructed with no animations!
LMalloc of 44 not 8-byte aligned, rounding up
LMalloc of 44 not 8-byte aligned, rounding up
MATL closed without all data read (bytesLeft = 264)
LMalloc of 44 not 8-byte aligned, rounding up
jolt: mesh actor_pos=(0.000,0.000,0.000)
jolt: mesh v0 local=(-5.969,-1.524,0.127) world=(-5.969,-1.524,0.127)
jolt: mesh v1 local=(-5.969,-1.524,0.635) world=(-5.969,-1.524,0.635)
jolt: mesh v2 local=(-5.969,1.524,0.127) world=(-5.969,1.524,0.127)
jolt: mesh v3 local=(-5.969,1.524,0.635) world=(-5.969,1.524,0.635)
jolt: mesh v4 local=(5.969,-1.524,0.127) world=(5.969,-1.524,0.127)
jolt: mesh v5 local=(5.969,-1.524,0.635) world=(5.969,-1.524,0.635)
jolt: mesh v6 local=(5.969,1.524,0.127) world=(5.969,1.524,0.127)
jolt: mesh v7 local=(5.969,1.524,0.635) world=(5.969,1.524,0.635)
jolt: body MESH_STATIC verts=8 faces=12 id=16777222
LMalloc of 44 not 8-byte aligned, rounding up
LMalloc of 44 not 8-byte aligned, rounding up
LMalloc of 100 not 8-byte aligned, rounding up
LMalloc of 44 not 8-byte aligned, rounding up
LMalloc of 9636 not 8-byte aligned, rounding up
RenderActor3DAnimates constructed with no animations!
LMalloc of 44 not 8-byte aligned, rounding up
LMalloc of 44 not 8-byte aligned, rounding up
LMalloc of 100 not 8-byte aligned, rounding up
LMalloc of 44 not 8-byte aligned, rounding up
LMalloc of 276 not 8-byte aligned, rounding up
RenderActor3DAnimates constructed with no animations!
LMalloc of 44 not 8-byte aligned, rounding up
LMalloc of 44 not 8-byte aligned, rounding up
MATL closed without all data read (bytesLeft = 264)
LMalloc of 44 not 8-byte aligned, rounding up
jolt: mesh actor_pos=(0.000,0.000,0.000)
jolt: mesh v0 local=(-6.246,-1.801,-2.500) world=(-6.246,-1.801,-2.500)
jolt: mesh v1 local=(-6.246,-1.801,-0.025) world=(-6.246,-1.801,-0.025)
jolt: mesh v2 local=(-6.246,1.801,-2.500) world=(-6.246,1.801,-2.500)
jolt: mesh v3 local=(-6.246,1.801,-0.025) world=(-6.246,1.801,-0.025)
jolt: mesh v4 local=(6.246,-1.801,-2.500) world=(6.246,-1.801,-2.500)
jolt: mesh v5 local=(6.246,-1.801,-0.025) world=(6.246,-1.801,-0.025)
jolt: mesh v6 local=(6.246,1.801,-2.500) world=(6.246,1.801,-2.500)
jolt: mesh v7 local=(6.246,1.801,-0.025) world=(6.246,1.801,-0.025)
jolt: body MESH_STATIC verts=8 faces=12 id=16777223
LMalloc of 44 not 8-byte aligned, rounding up
LMalloc of 44 not 8-byte aligned, rounding up
LMalloc of 100 not 8-byte aligned, rounding up
LMalloc of 44 not 8-byte aligned, rounding up
LMalloc of 276 not 8-byte aligned, rounding up
RenderActor3DAnimates constructed with no animations!
LMalloc of 44 not 8-byte aligned, rounding up
LMalloc of 44 not 8-byte aligned, rounding up
MATL closed without all data read (bytesLeft = 264)
LMalloc of 44 not 8-byte aligned, rounding up
jolt: mesh actor_pos=(0.000,0.000,0.000)
jolt: mesh v0 local=(-30.000,3.000,-5.000) world=(-30.000,3.000,-5.000)
jolt: mesh v1 local=(-30.000,3.000,20.000) world=(-30.000,3.000,20.000)
jolt: mesh v2 local=(-30.000,3.100,-5.000) world=(-30.000,3.100,-5.000)
jolt: mesh v3 local=(-30.000,3.100,20.000) world=(-30.000,3.100,20.000)
jolt: mesh v4 local=(30.000,3.000,-5.000) world=(30.000,3.000,-5.000)
jolt: mesh v5 local=(30.000,3.000,20.000) world=(30.000,3.000,20.000)
jolt: mesh v6 local=(30.000,3.100,-5.000) world=(30.000,3.100,-5.000)
jolt: mesh v7 local=(30.000,3.100,20.000) world=(30.000,3.100,20.000)
jolt: body MESH_STATIC verts=8 faces=12 id=16777224
zforth: INDEXOF_CAMSHOT = 1921 (expect 1921)
zforth: INDEXOF_CAMSHOT = 1921 (expect 1921)
jolt: OptimizeBroadPhase done (9 static bodies)
audio: MusicPlayer — soundfont not found: florestan-subset.sf2
audio: sfx[0] not found: wflevels/qbert_practice/sfx/qbert_hop.wav
audio: sfx[1] not found: wflevels/qbert_practice/sfx/qbert_land.wav
audio: sfx[2] not found: wflevels/qbert_practice/sfx/qbert_fall.wav
audio: sfx[3] not found: wflevels/qbert_practice/sfx/qbert_swear.wav
audio: sfx[4] not found: wflevels/qbert_practice/sfx/qbert_round_clear.wav
audio: sfx[5] not found: wflevels/qbert_practice/sfx/qbert_kill.wav
audio: sfx[6] not found: wflevels/qbert_practice/sfx/qbert_disc.wav
DMalloc of 36 not 8-byte aligned, rounding up
ball pos: (-0.003, -0.248, 2.783)
ball pos: (-0.008, -0.246, 2.967)
ball pos: (-0.013, -0.242, 3.038)
ball pos: (-0.019, -0.239, 3.044)
ball pos: (-0.026, -0.235, 3.013)
ball pos: (-0.032, -0.231, 2.960)
ball pos: (-0.039, -0.227, 2.894)
ball pos: (-0.045, -0.223, 2.848)
ball pos: (-0.052, -0.219, 2.973)
ball pos: (-0.058, -0.215, 3.137)
ball pos: (-0.065, -0.211, 3.197)
ball pos: (-0.071, -0.207, 3.197)
ball pos: (-0.077, -0.203, 3.162)
ball pos: (-0.083, -0.199, 3.107)
ball pos: (-0.089, -0.195, 3.041)
ball pos: (-0.095, -0.191, 2.994)
ball pos: (-0.101, -0.187, 3.118)
ball pos: (-0.107, -0.183, 3.281)
ball pos: (-0.113, -0.179, 3.342)
ball pos: (-0.118, -0.175, 3.342)
ball pos: (-0.124, -0.171, 3.307)

=== wf_game android_main (log → /storage/emulated/0/Android/data/org.worldfoundry.wf_game.aquarium/files/wf.log) ===
audio: miniaudio v0.11.25 ready
wf_game v0.4.1, Built:Oct  1 2026,02:27:16 by kts
argc = 1, commandIndex = 1
Level=-1
cerror:
cwarn:
cstats:
wf_game Ver 0.4.1, Built:Oct  1 2026,02:27:16 by kts
DBSTREAMS jolt: RegisterDefaultAllocator
jolt: Factory
jolt: RegisterTypes
jolt: RunSelftest
jolt: selftest ok (sphere fell to z=5.098)
jolt: backend init
jolt: backend ready (gravity -Z)
jolt: init complete
LMalloc of 76 not 8-byte aligned, rounding up
Opening cd.iff
LMalloc of 447 not 8-byte aligned, rounding up
zforth: INDEXOF_CAMSHOT = 1921 (expect 1921)
zforth: INDEXOF_CAMSHOT = 1921 (expect 1921)
LMalloc of 20 not 8-byte aligned, rounding up
LMalloc of 412 not 8-byte aligned, rounding up
LMalloc of 7620 not 8-byte aligned, rounding up
LMalloc of 20 not 8-byte aligned, rounding up
LMalloc of 20 not 8-byte aligned, rounding up
LMalloc of 44 not 8-byte aligned, rounding up
LMalloc of 44 not 8-byte aligned, rounding up
LMalloc of 44 not 8-byte aligned, rounding up
LMalloc of 44 not 8-byte aligned, rounding up
LMalloc of 44 not 8-byte aligned, rounding up
LMalloc of 44 not 8-byte aligned, rounding up
LMalloc of 44 not 8-byte aligned, rounding up
LMalloc of 44 not 8-byte aligned, rounding up
LMalloc of 44 not 8-byte aligned, rounding up
LMalloc of 44 not 8-byte aligned, rounding up
LMalloc of 44 not 8-byte aligned, rounding up
LMalloc of 44 not 8-byte aligned, rounding up
LMalloc of 44 not 8-byte aligned, rounding up
LMalloc of 44 not 8-byte aligned, rounding up
LMalloc of 44 not 8-byte aligned, rounding up
LMalloc of 44 not 8-byte aligned, rounding up
LMalloc of 44 not 8-byte aligned, rounding up
LMalloc of 44 not 8-byte aligned, rounding up
LMalloc of 44 not 8-byte aligned, rounding up
LMalloc of 44 not 8-byte aligned, rounding up
LMalloc of 44 not 8-byte aligned, rounding up
Level::Level: leveldata= 0xc124a128, object count  = 39
ASS closed without all data read (bytesLeft = 4118)
ASS closed without all data read (bytesLeft = 150)
ASS closed without all data read (bytesLeft = 16)
ASS closed without all data read (bytesLeft = 16)
ASS closed without all data read (bytesLeft = 13508)
DMalloc of 84 not 8-byte aligned, rounding up
LMalloc of 76 not 8-byte aligned, rounding up
PixelMap::Load: this = 0xbf972298
PixelMap::Load: this = 0xbf9722c8
LMalloc of 28 not 8-byte aligned, rounding up
LMalloc of 28 not 8-byte aligned, rounding up
LMalloc of 28 not 8-byte aligned, rounding up
LMalloc of 28 not 8-byte aligned, rounding up
LMalloc of 972 not 8-byte aligned, rounding up
LMalloc of 172 not 8-byte aligned, rounding up
LMalloc of 68 not 8-byte aligned, rounding up
LMalloc of 100 not 8-byte aligned, rounding up
DMalloc of 228 not 8-byte aligned, rounding up
[Actor] idx=2 class=23 commonOff=9516 NumberOfLocalMailboxes=0
DMalloc of 84 not 8-byte aligned, rounding up
[Actor] idx=3 class=13 commonOff=9516 NumberOfLocalMailboxes=0
DMalloc of 84 not 8-byte aligned, rounding up
this = 0xbf975878,setting _memory to 0xbf975498
DMalloc of 52 not 8-byte aligned, rounding up
DMalloc of 252 not 8-byte aligned, rounding up
[Actor] idx=4 class=20 commonOff=10228 NumberOfLocalMailboxes=0
DMalloc of 84 not 8-byte aligned, rounding up
DMalloc of 228 not 8-byte aligned, rounding up
[Actor] idx=6 class=11 commonOff=9516 NumberOfLocalMailboxes=0
DMalloc of 84 not 8-byte aligned, rounding up
[Actor] idx=7 class=16 commonOff=9516 NumberOfLocalMailboxes=0
DMalloc of 84 not 8-byte aligned, rounding up
[Actor] idx=8 class=3 commonOff=9516 NumberOfLocalMailboxes=0
DMalloc of 84 not 8-byte aligned, rounding up
[Actor] idx=9 class=22 commonOff=10968 NumberOfLocalMailboxes=6
DMalloc of 84 not 8-byte aligned, rounding up
jolt: character 0 created at (0.00, -0.85, 0.86) ctr=(0.00,0.00,0.00)
[Actor] idx=10 class=7 commonOff=9516 NumberOfLocalMailboxes=0
DMalloc of 84 not 8-byte aligned, rounding up
[Actor] idx=11 class=7 commonOff=9516 NumberOfLocalMailboxes=0
DMalloc of 84 not 8-byte aligned, rounding up
[Actor] idx=12 class=7 commonOff=9516 NumberOfLocalMailboxes=0
DMalloc of 84 not 8-byte aligned, rounding up
[Actor] idx=13 class=7 commonOff=9516 NumberOfLocalMailboxes=0
DMalloc of 84 not 8-byte aligned, rounding up
[Actor] idx=14 class=7 commonOff=9516 NumberOfLocalMailboxes=0
DMalloc of 84 not 8-byte aligned, rounding up
[Actor] idx=15 class=7 commonOff=9516 NumberOfLocalMailboxes=0
DMalloc of 84 not 8-byte aligned, rounding up
[Actor] idx=16 class=7 commonOff=9516 NumberOfLocalMailboxes=0
DMalloc of 84 not 8-byte aligned, rounding up
[Actor] idx=17 class=7 commonOff=9516 NumberOfLocalMailboxes=0
DMalloc of 84 not 8-byte aligned, rounding up
[Actor] idx=18 class=5 commonOff=9516 NumberOfLocalMailboxes=0
jolt: body STATIC pos=(0.00,0.00,0.00) half=(6.10,1.65,0.12) id=8388608
[Actor] idx=19 class=5 commonOff=9516 NumberOfLocalMailboxes=0
jolt: body STATIC pos=(0.00,1.53,2.73) half=(5.97,0.12,2.10) id=8388609
[Actor] idx=20 class=5 commonOff=9516 NumberOfLocalMailboxes=0
jolt: body STATIC pos=(0.00,1.53,5.08) half=(6.10,0.12,0.25) id=8388610
[Actor] idx=21 class=5 commonOff=9516 NumberOfLocalMailboxes=0
jolt: body STATIC pos=(-6.09,0.00,2.67) half=(0.12,1.65,2.67) id=8388611
[Actor] idx=22 class=5 commonOff=9516 NumberOfLocalMailboxes=0
jolt: body STATIC pos=(5.97,0.00,2.67) half=(0.12,1.65,2.67) id=8388612
[Actor] idx=23 class=5 commonOff=9516 NumberOfLocalMailboxes=0
jolt: body STATIC pos=(0.00,-1.78,2.67) half=(6.10,0.12,2.67) id=8388613
[Actor] idx=24 class=7 commonOff=9516 NumberOfLocalMailboxes=0
DMalloc of 84 not 8-byte aligned, rounding up
[Actor] idx=25 class=5 commonOff=9516 NumberOfLocalMailboxes=0
jolt: body STATIC pos=(0.00,0.00,0.38) half=(5.97,1.52,0.25) id=8388614
[Actor] idx=26 class=7 commonOff=11540 NumberOfLocalMailboxes=0
DMalloc of 84 not 8-byte aligned, rounding up
[Actor] idx=27 class=7 commonOff=11584 NumberOfLocalMailboxes=0
DMalloc of 84 not 8-byte aligned, rounding up
[Actor] idx=28 class=7 commonOff=11628 NumberOfLocalMailboxes=0
DMalloc of 84 not 8-byte aligned, rounding up
[Actor] idx=29 class=7 commonOff=11672 NumberOfLocalMailboxes=0
DMalloc of 84 not 8-byte aligned, rounding up
[Actor] idx=30 class=7 commonOff=11716 NumberOfLocalMailboxes=0
DMalloc of 84 not 8-byte aligned, rounding up
[Actor] idx=31 class=7 commonOff=11760 NumberOfLocalMailboxes=0
DMalloc of 84 not 8-byte aligned, rounding up
[Actor] idx=32 class=7 commonOff=11804 NumberOfLocalMailboxes=0
DMalloc of 84 not 8-byte aligned, rounding up
[Actor] idx=33 class=7 commonOff=11848 NumberOfLocalMailboxes=0
DMalloc of 84 not 8-byte aligned, rounding up
[Actor] idx=34 class=5 commonOff=9516 NumberOfLocalMailboxes=0
jolt: body STATIC pos=(0.00,0.00,-1.26) half=(6.25,1.80,1.24) id=8388615
[Actor] idx=35 class=5 commonOff=9516 NumberOfLocalMailboxes=0
jolt: body STATIC pos=(0.00,2.97,7.50) half=(30.00,0.12,12.50) id=8388616
DMalloc of 228 not 8-byte aligned, rounding up
[Actor] idx=36 class=23 commonOff=9516 NumberOfLocalMailboxes=0
DMalloc of 84 not 8-byte aligned, rounding up
[Actor] idx=37 class=3 commonOff=9516 NumberOfLocalMailboxes=0
DMalloc of 84 not 8-byte aligned, rounding up
[Actor] idx=38 class=16 commonOff=9516 NumberOfLocalMailboxes=0
DMalloc of 84 not 8-byte aligned, rounding up
LMalloc of 20 not 8-byte aligned, rounding up
LMalloc of 212 not 8-byte aligned, rounding up
DMalloc of 76 not 8-byte aligned, rounding up
DMalloc of 404 not 8-byte aligned, rounding up
DMalloc of 458 not 8-byte aligned, rounding up
DMalloc of 466 not 8-byte aligned, rounding up
DMalloc of 404 not 8-byte aligned, rounding up
Walking from 0
0->0
0->0
LMalloc of 20 not 8-byte aligned, rounding up
LMalloc of 20 not 8-byte aligned, rounding up
ASS closed without all data read (bytesLeft = 4118)
ASS closed without all data read (bytesLeft = 150)
ASS closed without all data read (bytesLeft = 16)
ASS closed without all data read (bytesLeft = 16)
ASS closed without all data read (bytesLeft = 1516)
ASS closed without all data read (bytesLeft = 588)
ASS closed without all data read (bytesLeft = 4692)
ASS closed without all data read (bytesLeft = 588)
ASS closed without all data read (bytesLeft = 588)
ASS closed without all data read (bytesLeft = 588)
ASS closed without all data read (bytesLeft = 588)
ASS closed without all data read (bytesLeft = 1260)
ASS closed without all data read (bytesLeft = 588)
ASS closed without all data read (bytesLeft = 110476)
ASS closed without all data read (bytesLeft = 117516)
ASS closed without all data read (bytesLeft = 128076)
ASS closed without all data read (bytesLeft = 99916)
ASS closed without all data read (bytesLeft = 250564)
ASS closed without all data read (bytesLeft = 250564)
ASS closed without all data read (bytesLeft = 251508)
ASS closed without all data read (bytesLeft = 249596)
ASS closed without all data read (bytesLeft = 588)
ASS closed without all data read (bytesLeft = 588)
DMalloc of 84 not 8-byte aligned, rounding up
LMalloc of 292 not 8-byte aligned, rounding up
PixelMap::Load: this = 0xbf9722f8
PixelMap::Load: this = 0xbf972328
LMalloc of 28 not 8-byte aligned, rounding up
LMalloc of 28 not 8-byte aligned, rounding up
LMalloc of 28 not 8-byte aligned, rounding up
LMalloc of 28 not 8-byte aligned, rounding up
LMalloc of 44 not 8-byte aligned, rounding up
LMalloc of 44 not 8-byte aligned, rounding up
LMalloc of 268 not 8-byte aligned, rounding up
LMalloc of 44 not 8-byte aligned, rounding up
LMalloc of 8276 not 8-byte aligned, rounding up
RenderActor3DAnimates constructed with no animations!
LMalloc of 44 not 8-byte aligned, rounding up
LMalloc of 44 not 8-byte aligned, rounding up
LMalloc of 100 not 8-byte aligned, rounding up
LMalloc of 44 not 8-byte aligned, rounding up
LMalloc of 1156 not 8-byte aligned, rounding up
RenderActor3DAnimates constructed with no animations!
LMalloc of 44 not 8-byte aligned, rounding up
LMalloc of 44 not 8-byte aligned, rounding up
LMalloc of 100 not 8-byte aligned, rounding up
LMalloc of 44 not 8-byte aligned, rounding up
LMalloc of 1156 not 8-byte aligned, rounding up
RenderActor3DAnimates constructed with no animations!
LMalloc of 44 not 8-byte aligned, rounding up
LMalloc of 44 not 8-byte aligned, rounding up
LMalloc of 100 not 8-byte aligned, rounding up
LMalloc of 44 not 8-byte aligned, rounding up
LMalloc of 1156 not 8-byte aligned, rounding up
RenderActor3DAnimates constructed with no animations!
LMalloc of 44 not 8-byte aligned, rounding up
LMalloc of 44 not 8-byte aligned, rounding up
LMalloc of 100 not 8-byte aligned, rounding up
LMalloc of 44 not 8-byte aligned, rounding up
LMalloc of 1156 not 8-byte aligned, rounding up
RenderActor3DAnimates constructed with no animations!
LMalloc of 44 not 8-byte aligned, rounding up
LMalloc of 44 not 8-byte aligned, rounding up
LMalloc of 100 not 8-byte aligned, rounding up
LMalloc of 44 not 8-byte aligned, rounding up
LMalloc of 1156 not 8-byte aligned, rounding up
RenderActor3DAnimates constructed with no animations!
LMalloc of 44 not 8-byte aligned, rounding up
LMalloc of 44 not 8-byte aligned, rounding up
LMalloc of 100 not 8-byte aligned, rounding up
LMalloc of 44 not 8-byte aligned, rounding up
LMalloc of 1156 not 8-byte aligned, rounding up
RenderActor3DAnimates constructed with no animations!
LMalloc of 44 not 8-byte aligned, rounding up
LMalloc of 44 not 8-byte aligned, rounding up
LMalloc of 100 not 8-byte aligned, rounding up
LMalloc of 44 not 8-byte aligned, rounding up
LMalloc of 1156 not 8-byte aligned, rounding up
RenderActor3DAnimates constructed with no animations!
LMalloc of 44 not 8-byte aligned, rounding up
LMalloc of 44 not 8-byte aligned, rounding up
LMalloc of 100 not 8-byte aligned, rounding up
LMalloc of 44 not 8-byte aligned, rounding up
LMalloc of 1156 not 8-byte aligned, rounding up
RenderActor3DAnimates constructed with no animations!
LMalloc of 44 not 8-byte aligned, rounding up
LMalloc of 44 not 8-byte aligned, rounding up
LMalloc of 100 not 8-byte aligned, rounding up
LMalloc of 44 not 8-byte aligned, rounding up
LMalloc of 276 not 8-byte aligned, rounding up
RenderActor3DAnimates constructed with no animations!
LMalloc of 44 not 8-byte aligned, rounding up
LMalloc of 44 not 8-byte aligned, rounding up
MATL closed without all data read (bytesLeft = 264)
LMalloc of 44 not 8-byte aligned, rounding up
jolt: mesh actor_pos=(0.000,0.000,0.000)
jolt: mesh v0 local=(-6.096,-1.651,0.000) world=(-6.096,-1.651,0.000)
jolt: mesh v1 local=(-6.096,-1.651,0.127) world=(-6.096,-1.651,0.127)
jolt: mesh v2 local=(-6.096,1.651,0.000) world=(-6.096,1.651,0.000)
jolt: mesh v3 local=(-6.096,1.651,0.127) world=(-6.096,1.651,0.127)
jolt: mesh v4 local=(6.096,-1.651,0.000) world=(6.096,-1.651,0.000)
jolt: mesh v5 local=(6.096,-1.651,0.127) world=(6.096,-1.651,0.127)
jolt: mesh v6 local=(6.096,1.651,0.000) world=(6.096,1.651,0.000)
jolt: mesh v7 local=(6.096,1.651,0.127) world=(6.096,1.651,0.127)
jolt: body MESH_STATIC verts=8 faces=12 id=16777216
LMalloc of 44 not 8-byte aligned, rounding up
LMalloc of 44 not 8-byte aligned, rounding up
LMalloc of 44 not 8-byte aligned, rounding up
LMalloc of 2436 not 8-byte aligned, rounding up
RenderActor3DAnimates constructed with no animations!
LMalloc of 44 not 8-byte aligned, rounding up
LMalloc of 44 not 8-byte aligned, rounding up
MATL closed without all data read (bytesLeft = 2640)
LMalloc of 44 not 8-byte aligned, rounding up
jolt: mesh actor_pos=(0.000,0.000,0.000)
jolt: mesh v0 local=(-5.969,1.524,0.635) world=(-5.969,1.524,0.635)
jolt: mesh v1 local=(-5.969,1.524,1.054) world=(-5.969,1.524,1.054)
jolt: mesh v2 local=(-5.969,1.524,1.473) world=(-5.969,1.524,1.473)
jolt: mesh v3 local=(-5.969,1.524,1.892) world=(-5.969,1.524,1.892)
jolt: mesh v4 local=(-5.969,1.524,2.311) world=(-5.969,1.524,2.311)
jolt: mesh v5 local=(-5.969,1.524,2.730) world=(-5.969,1.524,2.730)
jolt: mesh v6 local=(-5.969,1.524,3.150) world=(-5.969,1.524,3.150)
jolt: mesh v7 local=(-5.969,1.524,3.569) world=(-5.969,1.524,3.569)
jolt: mesh v8 local=(-5.969,1.524,3.988) world=(-5.969,1.524,3.988)
jolt: mesh v9 local=(-5.969,1.524,4.407) world=(-5.969,1.524,4.407)
jolt: mesh v10 local=(-5.969,1.524,4.826) world=(-5.969,1.524,4.826)
jolt: mesh v11 local=(-5.969,1.651,0.635) world=(-5.969,1.651,0.635)
jolt: mesh v12 local=(-5.969,1.651,1.054) world=(-5.969,1.651,1.054)
jolt: mesh v13 local=(-5.969,1.651,1.473) world=(-5.969,1.651,1.473)
jolt: mesh v14 local=(-5.969,1.651,1.892) world=(-5.969,1.651,1.892)
jolt: mesh v15 local=(-5.969,1.651,2.311) world=(-5.969,1.651,2.311)
jolt: mesh v16 local=(-5.969,1.651,2.730) world=(-5.969,1.651,2.730)
jolt: mesh v17 local=(-5.969,1.651,3.150) world=(-5.969,1.651,3.150)
jolt: mesh v18 local=(-5.969,1.651,3.569) world=(-5.969,1.651,3.569)
jolt: mesh v19 local=(-5.969,1.651,3.988) world=(-5.969,1.651,3.988)
jolt: mesh v20 local=(-5.969,1.651,4.407) world=(-5.969,1.651,4.407)
jolt: mesh v21 local=(-5.969,1.651,4.826) world=(-5.969,1.651,4.826)
jolt: mesh v22 local=(5.969,1.524,0.635) world=(5.969,1.524,0.635)
jolt: mesh v23 local=(5.969,1.524,1.054) world=(5.969,1.524,1.054)
jolt: mesh v24 local=(5.969,1.524,1.473) world=(5.969,1.524,1.473)
jolt: mesh v25 local=(5.969,1.524,1.892) world=(5.969,1.524,1.892)
jolt: mesh v26 local=(5.969,1.524,2.311) world=(5.969,1.524,2.311)
jolt: mesh v27 local=(5.969,1.524,2.730) world=(5.969,1.524,2.730)
jolt: mesh v28 local=(5.969,1.524,3.150) world=(5.969,1.524,3.150)
jolt: mesh v29 local=(5.969,1.524,3.569) world=(5.969,1.524,3.569)
jolt: mesh v30 local=(5.969,1.524,3.988) world=(5.969,1.524,3.988)
jolt: mesh v31 local=(5.969,1.524,4.407) world=(5.969,1.524,4.407)
jolt: mesh v32 local=(5.969,1.524,4.826) world=(5.969,1.524,4.826)
jolt: mesh v33 local=(5.969,1.651,0.635) world=(5.969,1.651,0.635)
jolt: mesh v34 local=(5.969,1.651,1.054) world=(5.969,1.651,1.054)
jolt: mesh v35 local=(5.969,1.651,1.473) world=(5.969,1.651,1.473)
jolt: mesh v36 local=(5.969,1.651,1.892) world=(5.969,1.651,1.892)
jolt: mesh v37 local=(5.969,1.651,2.311) world=(5.969,1.651,2.311)
jolt: mesh v38 local=(5.969,1.651,2.730) world=(5.969,1.651,2.730)
jolt: mesh v39 local=(5.969,1.651,3.150) world=(5.969,1.651,3.150)
jolt: mesh v40 local=(5.969,1.651,3.569) world=(5.969,1.651,3.569)
jolt: mesh v41 local=(5.969,1.651,3.988) world=(5.969,1.651,3.988)
jolt: mesh v42 local=(5.969,1.651,4.407) world=(5.969,1.651,4.407)
jolt: mesh v43 local=(5.969,1.651,4.826) world=(5.969,1.651,4.826)
jolt: body MESH_STATIC verts=44 faces=120 id=16777217
LMalloc of 44 not 8-byte aligned, rounding up
LMalloc of 44 not 8-byte aligned, rounding up
LMalloc of 100 not 8-byte aligned, rounding up
LMalloc of 44 not 8-byte aligned, rounding up
LMalloc of 276 not 8-byte aligned, rounding up
RenderActor3DAnimates constructed with no animations!
LMalloc of 44 not 8-byte aligned, rounding up
LMalloc of 44 not 8-byte aligned, rounding up
MATL closed without all data read (bytesLeft = 264)
LMalloc of 44 not 8-byte aligned, rounding up
jolt: mesh actor_pos=(0.000,0.000,0.000)
jolt: mesh v0 local=(-6.096,1.524,4.826) world=(-6.096,1.524,4.826)
jolt: mesh v1 local=(-6.096,1.524,5.334) world=(-6.096,1.524,5.334)
jolt: mesh v2 local=(-6.096,1.651,4.826) world=(-6.096,1.651,4.826)
jolt: mesh v3 local=(-6.096,1.651,5.334) world=(-6.096,1.651,5.334)
jolt: mesh v4 local=(6.096,1.524,4.826) world=(6.096,1.524,4.826)
jolt: mesh v5 local=(6.096,1.524,5.334) world=(6.096,1.524,5.334)
jolt: mesh v6 local=(6.096,1.651,4.826) world=(6.096,1.651,4.826)
jolt: mesh v7 local=(6.096,1.651,5.334) world=(6.096,1.651,5.334)
jolt: body MESH_STATIC verts=8 faces=12 id=16777218
LMalloc of 44 not 8-byte aligned, rounding up
LMalloc of 44 not 8-byte aligned, rounding up
LMalloc of 100 not 8-byte aligned, rounding up
LMalloc of 44 not 8-byte aligned, rounding up
LMalloc of 276 not 8-byte aligned, rounding up
RenderActor3DAnimates constructed with no animations!
LMalloc of 44 not 8-byte aligned, rounding up
LMalloc of 44 not 8-byte aligned, rounding up
MATL closed without all data read (bytesLeft = 264)
LMalloc of 44 not 8-byte aligned, rounding up
jolt: mesh actor_pos=(0.000,0.000,0.000)
jolt: mesh v0 local=(-6.096,-1.651,0.000) world=(-6.096,-1.651,0.000)
jolt: mesh v1 local=(-6.096,-1.651,5.334) world=(-6.096,-1.651,5.334)
jolt: mesh v2 local=(-6.096,1.651,0.000) world=(-6.096,1.651,0.000)
jolt: mesh v3 local=(-6.096,1.651,5.334) world=(-6.096,1.651,5.334)
jolt: mesh v4 local=(-5.969,-1.651,0.000) world=(-5.969,-1.651,0.000)
jolt: mesh v5 local=(-5.969,-1.651,5.334) world=(-5.969,-1.651,5.334)
jolt: mesh v6 local=(-5.969,1.651,0.000) world=(-5.969,1.651,0.000)
jolt: mesh v7 local=(-5.969,1.651,5.334) world=(-5.969,1.651,5.334)
jolt: body MESH_STATIC verts=8 faces=12 id=16777219
LMalloc of 44 not 8-byte aligned, rounding up
LMalloc of 44 not 8-byte aligned, rounding up
LMalloc of 100 not 8-byte aligned, rounding up
LMalloc of 44 not 8-byte aligned, rounding up
LMalloc of 276 not 8-byte aligned, rounding up
RenderActor3DAnimates constructed with no animations!
LMalloc of 44 not 8-byte aligned, rounding up
LMalloc of 44 not 8-byte aligned, rounding up
MATL closed without all data read (bytesLeft = 264)
LMalloc of 44 not 8-byte aligned, rounding up
jolt: mesh actor_pos=(0.000,0.000,0.000)
jolt: mesh v0 local=(5.969,-1.651,0.000) world=(5.969,-1.651,0.000)
jolt: mesh v1 local=(5.969,-1.651,5.334) world=(5.969,-1.651,5.334)
jolt: mesh v2 local=(5.969,1.651,0.000) world=(5.969,1.651,0.000)
jolt: mesh v3 local=(5.969,1.651,5.334) world=(5.969,1.651,5.334)
jolt: mesh v4 local=(6.096,-1.651,0.000) world=(6.096,-1.651,0.000)
jolt: mesh v5 local=(6.096,-1.651,5.334) world=(6.096,-1.651,5.334)
jolt: mesh v6 local=(6.096,1.651,0.000) world=(6.096,1.651,0.000)
jolt: mesh v7 local=(6.096,1.651,5.334) world=(6.096,1.651,5.334)
jolt: body MESH_STATIC verts=8 faces=12 id=16777220
LMalloc of 44 not 8-byte aligned, rounding up
LMalloc of 44 not 8-byte aligned, rounding up
LMalloc of 100 not 8-byte aligned, rounding up
LMalloc of 44 not 8-byte aligned, rounding up
LMalloc of 276 not 8-byte aligned, rounding up
RenderActor3DAnimates constructed with no animations!
LMalloc of 44 not 8-byte aligned, rounding up
LMalloc of 44 not 8-byte aligned, rounding up
MATL closed without all data read (bytesLeft = 264)
LMalloc of 44 not 8-byte aligned, rounding up
jolt: mesh actor_pos=(0.000,0.000,0.000)
jolt: mesh v0 local=(-6.096,-1.778,0.000) world=(-6.096,-1.778,0.000)
jolt: mesh v1 local=(-6.096,-1.778,5.334) world=(-6.096,-1.778,5.334)
jolt: mesh v2 local=(-6.096,-1.651,0.000) world=(-6.096,-1.651,0.000)
jolt: mesh v3 local=(-6.096,-1.651,5.334) world=(-6.096,-1.651,5.334)
jolt: mesh v4 local=(6.096,-1.778,0.000) world=(6.096,-1.778,0.000)
jolt: mesh v5 local=(6.096,-1.778,5.334) world=(6.096,-1.778,5.334)
jolt: mesh v6 local=(6.096,-1.651,0.000) world=(6.096,-1.651,0.000)
jolt: mesh v7 local=(6.096,-1.651,5.334) world=(6.096,-1.651,5.334)
jolt: body MESH_STATIC verts=8 faces=12 id=16777221
LMalloc of 44 not 8-byte aligned, rounding up
LMalloc of 44 not 8-byte aligned, rounding up
LMalloc of 100 not 8-byte aligned, rounding up
LMalloc of 44 not 8-byte aligned, rounding up
LMalloc of 996 not 8-byte aligned, rounding up
RenderActor3DAnimates constructed with no animations!
LMalloc of 44 not 8-byte aligned, rounding up
LMalloc of 44 not 8-byte aligned, rounding up
LMalloc of 100 not 8-byte aligned, rounding up
LMalloc of 44 not 8-byte aligned, rounding up
LMalloc of 276 not 8-byte aligned, rounding up
RenderActor3DAnimates constructed with no animations!
LMalloc of 44 not 8-byte aligned, rounding up
LMalloc of 44 not 8-byte aligned, rounding up
MATL closed without all data read (bytesLeft = 264)
LMalloc of 44 not 8-byte aligned, rounding up
jolt: mesh actor_pos=(0.000,0.000,0.000)
jolt: mesh v0 local=(-5.969,-1.524,0.127) world=(-5.969,-1.524,0.127)
jolt: mesh v1 local=(-5.969,-1.524,0.635) world=(-5.969,-1.524,0.635)
jolt: mesh v2 local=(-5.969,1.524,0.127) world=(-5.969,1.524,0.127)
jolt: mesh v3 local=(-5.969,1.524,0.635) world=(-5.969,1.524,0.635)
jolt: mesh v4 local=(5.969,-1.524,0.127) world=(5.969,-1.524,0.127)
jolt: mesh v5 local=(5.969,-1.524,0.635) world=(5.969,-1.524,0.635)
jolt: mesh v6 local=(5.969,1.524,0.127) world=(5.969,1.524,0.127)
jolt: mesh v7 local=(5.969,1.524,0.635) world=(5.969,1.524,0.635)
jolt: body MESH_STATIC verts=8 faces=12 id=16777222
LMalloc of 44 not 8-byte aligned, rounding up
LMalloc of 44 not 8-byte aligned, rounding up
LMalloc of 436 not 8-byte aligned, rounding up
LMalloc of 44 not 8-byte aligned, rounding up
LMalloc of 94276 not 8-byte aligned, rounding up
RenderActor3DAnimates constructed with no animations!
LMalloc of 44 not 8-byte aligned, rounding up
LMalloc of 44 not 8-byte aligned, rounding up
LMalloc of 436 not 8-byte aligned, rounding up
LMalloc of 44 not 8-byte aligned, rounding up
LMalloc of 100356 not 8-byte aligned, rounding up
RenderActor3DAnimates constructed with no animations!
LMalloc of 44 not 8-byte aligned, rounding up
LMalloc of 44 not 8-byte aligned, rounding up
LMalloc of 436 not 8-byte aligned, rounding up
LMalloc of 44 not 8-byte aligned, rounding up
LMalloc of 109476 not 8-byte aligned, rounding up
RenderActor3DAnimates constructed with no animations!
LMalloc of 44 not 8-byte aligned, rounding up
LMalloc of 44 not 8-byte aligned, rounding up
LMalloc of 436 not 8-byte aligned, rounding up
LMalloc of 44 not 8-byte aligned, rounding up
LMalloc of 85156 not 8-byte aligned, rounding up
RenderActor3DAnimates constructed with no animations!
LMalloc of 44 not 8-byte aligned, rounding up
LMalloc of 44 not 8-byte aligned, rounding up
LMalloc of 44 not 8-byte aligned, rounding up
LMalloc of 232996 not 8-byte aligned, rounding up
RenderActor3DAnimates constructed with no animations!
LMalloc of 44 not 8-byte aligned, rounding up
LMalloc of 44 not 8-byte aligned, rounding up
LMalloc of 44 not 8-byte aligned, rounding up
LMalloc of 232996 not 8-byte aligned, rounding up
RenderActor3DAnimates constructed with no animations!
LMalloc of 44 not 8-byte aligned, rounding up
LMalloc of 44 not 8-byte aligned, rounding up
LMalloc of 44 not 8-byte aligned, rounding up
LMalloc of 233796 not 8-byte aligned, rounding up
RenderActor3DAnimates constructed with no animations!
LMalloc of 44 not 8-byte aligned, rounding up
LMalloc of 44 not 8-byte aligned, rounding up
LMalloc of 44 not 8-byte aligned, rounding up
LMalloc of 232196 not 8-byte aligned, rounding up
RenderActor3DAnimates constructed with no animations!
LMalloc of 44 not 8-byte aligned, rounding up
LMalloc of 44 not 8-byte aligned, rounding up
LMalloc of 100 not 8-byte aligned, rounding up
LMalloc of 44 not 8-byte aligned, rounding up
LMalloc of 276 not 8-byte aligned, rounding up
RenderActor3DAnimates constructed with no animations!
LMalloc of 44 not 8-byte aligned, rounding up
LMalloc of 44 not 8-byte aligned, rounding up
MATL closed without all data read (bytesLeft = 264)
LMalloc of 44 not 8-byte aligned, rounding up
jolt: mesh actor_pos=(0.000,0.000,0.000)
jolt: mesh v0 local=(-6.246,-1.801,-2.500) world=(-6.246,-1.801,-2.500)
jolt: mesh v1 local=(-6.246,-1.801,-0.025) world=(-6.246,-1.801,-0.025)
jolt: mesh v2 local=(-6.246,1.801,-2.500) world=(-6.246,1.801,-2.500)
jolt: mesh v3 local=(-6.246,1.801,-0.025) world=(-6.246,1.801,-0.025)
jolt: mesh v4 local=(6.246,-1.801,-2.500) world=(6.246,-1.801,-2.500)
jolt: mesh v5 local=(6.246,-1.801,-0.025) world=(6.246,-1.801,-0.025)
jolt: mesh v6 local=(6.246,1.801,-2.500) world=(6.246,1.801,-2.500)
jolt: mesh v7 local=(6.246,1.801,-0.025) world=(6.246,1.801,-0.025)
jolt: body MESH_STATIC verts=8 faces=12 id=16777223
LMalloc of 44 not 8-byte aligned, rounding up
LMalloc of 44 not 8-byte aligned, rounding up
LMalloc of 100 not 8-byte aligned, rounding up
LMalloc of 44 not 8-byte aligned, rounding up
LMalloc of 276 not 8-byte aligned, rounding up
RenderActor3DAnimates constructed with no animations!
LMalloc of 44 not 8-byte aligned, rounding up
LMalloc of 44 not 8-byte aligned, rounding up
MATL closed without all data read (bytesLeft = 264)
LMalloc of 44 not 8-byte aligned, rounding up
jolt: mesh actor_pos=(0.000,0.000,0.000)
jolt: mesh v0 local=(-30.000,3.000,-5.000) world=(-30.000,3.000,-5.000)
jolt: mesh v1 local=(-30.000,3.000,20.000) world=(-30.000,3.000,20.000)
jolt: mesh v2 local=(-30.000,3.100,-5.000) world=(-30.000,3.100,-5.000)
jolt: mesh v3 local=(-30.000,3.100,20.000) world=(-30.000,3.100,20.000)
jolt: mesh v4 local=(30.000,3.000,-5.000) world=(30.000,3.000,-5.000)
jolt: mesh v5 local=(30.000,3.000,20.000) world=(30.000,3.000,20.000)
jolt: mesh v6 local=(30.000,3.100,-5.000) world=(30.000,3.100,-5.000)
jolt: mesh v7 local=(30.000,3.100,20.000) world=(30.000,3.100,20.000)
jolt: body MESH_STATIC verts=8 faces=12 id=16777224
zforth: INDEXOF_CAMSHOT = 1921 (expect 1921)
zforth: INDEXOF_CAMSHOT = 1921 (expect 1921)
jolt: OptimizeBroadPhase done (9 static bodies)
audio: MusicPlayer — soundfont not found: florestan-subset.sf2
audio: sfx[0] not found: wflevels/qbert_practice/sfx/qbert_hop.wav
audio: sfx[1] not found: wflevels/qbert_practice/sfx/qbert_land.wav
audio: sfx[2] not found: wflevels/qbert_practice/sfx/qbert_fall.wav
audio: sfx[3] not found: wflevels/qbert_practice/sfx/qbert_swear.wav
audio: sfx[4] not found: wflevels/qbert_practice/sfx/qbert_round_clear.wav
audio: sfx[5] not found: wflevels/qbert_practice/sfx/qbert_kill.wav
audio: sfx[6] not found: wflevels/qbert_practice/sfx/qbert_disc.wav
DMalloc of 36 not 8-byte aligned, rounding up
delta too large: 0.2413635254
timeofday:1791039235:357896
lasttimeofday: 1791039235:116527
deltatime:0:241369
delta: 0.2413635254
ball pos: (0.000, -0.850, 0.865)
ball pos: (0.000, -0.850, 0.865)
ball pos: (0.000, -0.850, 0.865)
ball pos: (0.000, -0.850, 0.865)
ball pos: (0.000, -0.850, 0.865)
ball pos: (0.000, -0.850, 0.865)
ball pos: (0.000, -0.850, 0.865)
ball pos: (0.000, -0.850, 0.865)
, _bContinue = 0, _curLevel->done() = 0
zforth: INDEXOF_CAMSHOT = 1921 (expect 1921)
zforth: INDEXOF_CAMSHOT = 1921 (expect 1921)
LMalloc of 20 not 8-byte aligned, rounding up
closing cd.iff

=== wf_game android_main (log → /storage/emulated/0/Android/data/org.worldfoundry.wf_game.aquarium/files/wf.log) ===
audio: miniaudio v0.11.25 ready
wf_game v0.4.1, Built:Oct  1 2026,02:27:16 by kts
argc = 1, commandIndex = 1
Level=-1
cerror:
cwarn:
cstats:
wf_game Ver 0.4.1, Built:Oct  1 2026,02:27:16 by kts
DBSTREAMS jolt: RegisterDefaultAllocator
jolt: Factory
jolt: RegisterTypes
jolt: RunSelftest
jolt: selftest ok (sphere fell to z=5.098)
jolt: backend init
jolt: backend ready (gravity -Z)
jolt: init complete
LMalloc of 76 not 8-byte aligned, rounding up
Opening cd.iff
LMalloc of 447 not 8-byte aligned, rounding up
zforth: INDEXOF_CAMSHOT = 1921 (expect 1921)
zforth: INDEXOF_CAMSHOT = 1921 (expect 1921)
LMalloc of 20 not 8-byte aligned, rounding up
LMalloc of 412 not 8-byte aligned, rounding up
LMalloc of 7620 not 8-byte aligned, rounding up
LMalloc of 20 not 8-byte aligned, rounding up
LMalloc of 20 not 8-byte aligned, rounding up
LMalloc of 44 not 8-byte aligned, rounding up
LMalloc of 44 not 8-byte aligned, rounding up
LMalloc of 44 not 8-byte aligned, rounding up
LMalloc of 44 not 8-byte aligned, rounding up
LMalloc of 44 not 8-byte aligned, rounding up
LMalloc of 44 not 8-byte aligned, rounding up
LMalloc of 44 not 8-byte aligned, rounding up
LMalloc of 44 not 8-byte aligned, rounding up
LMalloc of 44 not 8-byte aligned, rounding up
LMalloc of 44 not 8-byte aligned, rounding up
LMalloc of 44 not 8-byte aligned, rounding up
LMalloc of 44 not 8-byte aligned, rounding up
LMalloc of 44 not 8-byte aligned, rounding up
LMalloc of 44 not 8-byte aligned, rounding up
LMalloc of 44 not 8-byte aligned, rounding up
Level::Level: leveldata= 0xc0c93fa8, object count  = 36
ASS closed without all data read (bytesLeft = 4118)
ASS closed without all data read (bytesLeft = 150)
ASS closed without all data read (bytesLeft = 16)
ASS closed without all data read (bytesLeft = 16)
ASS closed without all data read (bytesLeft = 9708)
DMalloc of 84 not 8-byte aligned, rounding up
LMalloc of 76 not 8-byte aligned, rounding up
PixelMap::Load: this = 0xbf974e98
PixelMap::Load: this = 0xbf974ec8
LMalloc of 28 not 8-byte aligned, rounding up
LMalloc of 28 not 8-byte aligned, rounding up
LMalloc of 28 not 8-byte aligned, rounding up
LMalloc of 28 not 8-byte aligned, rounding up
LMalloc of 68 not 8-byte aligned, rounding up
LMalloc of 100 not 8-byte aligned, rounding up
DMalloc of 228 not 8-byte aligned, rounding up
[Actor] idx=2 class=23 commonOff=23028 NumberOfLocalMailboxes=0
DMalloc of 84 not 8-byte aligned, rounding up
[Actor] idx=3 class=13 commonOff=23028 NumberOfLocalMailboxes=0
DMalloc of 84 not 8-byte aligned, rounding up
this = 0xbf978478,setting _memory to 0xbf978098
DMalloc of 52 not 8-byte aligned, rounding up
DMalloc of 252 not 8-byte aligned, rounding up
[Actor] idx=4 class=20 commonOff=23740 NumberOfLocalMailboxes=0
DMalloc of 84 not 8-byte aligned, rounding up
DMalloc of 228 not 8-byte aligned, rounding up
[Actor] idx=6 class=11 commonOff=23028 NumberOfLocalMailboxes=0
DMalloc of 84 not 8-byte aligned, rounding up
[Actor] idx=7 class=16 commonOff=23028 NumberOfLocalMailboxes=0
DMalloc of 84 not 8-byte aligned, rounding up
[Actor] idx=8 class=3 commonOff=23028 NumberOfLocalMailboxes=0
DMalloc of 84 not 8-byte aligned, rounding up
[Actor] idx=9 class=22 commonOff=24480 NumberOfLocalMailboxes=6
DMalloc of 84 not 8-byte aligned, rounding up
jolt: character 0 created at (0.00, -0.25, 2.60) ctr=(0.00,0.00,0.00)
[Actor] idx=10 class=7 commonOff=24788 NumberOfLocalMailboxes=0
DMalloc of 84 not 8-byte aligned, rounding up
[Actor] idx=11 class=7 commonOff=24988 NumberOfLocalMailboxes=0
DMalloc of 84 not 8-byte aligned, rounding up
[Actor] idx=12 class=7 commonOff=25032 NumberOfLocalMailboxes=0
DMalloc of 84 not 8-byte aligned, rounding up
[Actor] idx=13 class=7 commonOff=25076 NumberOfLocalMailboxes=0
DMalloc of 84 not 8-byte aligned, rounding up
[Actor] idx=14 class=7 commonOff=25120 NumberOfLocalMailboxes=0
DMalloc of 84 not 8-byte aligned, rounding up
[Actor] idx=15 class=7 commonOff=25164 NumberOfLocalMailboxes=0
DMalloc of 84 not 8-byte aligned, rounding up
[Actor] idx=16 class=7 commonOff=25208 NumberOfLocalMailboxes=0
DMalloc of 84 not 8-byte aligned, rounding up
[Actor] idx=17 class=7 commonOff=25252 NumberOfLocalMailboxes=0
DMalloc of 84 not 8-byte aligned, rounding up
[Actor] idx=18 class=7 commonOff=25296 NumberOfLocalMailboxes=0
DMalloc of 84 not 8-byte aligned, rounding up
[Actor] idx=19 class=7 commonOff=25340 NumberOfLocalMailboxes=0
DMalloc of 84 not 8-byte aligned, rounding up
[Actor] idx=20 class=7 commonOff=25384 NumberOfLocalMailboxes=0
DMalloc of 84 not 8-byte aligned, rounding up
[Actor] idx=21 class=7 commonOff=25428 NumberOfLocalMailboxes=0
DMalloc of 84 not 8-byte aligned, rounding up
[Actor] idx=22 class=5 commonOff=23028 NumberOfLocalMailboxes=0
jolt: body STATIC pos=(0.00,0.00,0.00) half=(6.10,1.65,0.12) id=8388608
[Actor] idx=23 class=5 commonOff=23028 NumberOfLocalMailboxes=0
jolt: body STATIC pos=(0.00,1.53,2.73) half=(5.97,0.12,2.10) id=8388609
[Actor] idx=24 class=5 commonOff=23028 NumberOfLocalMailboxes=0
jolt: body STATIC pos=(0.00,1.53,5.08) half=(6.10,0.12,0.25) id=8388610
[Actor] idx=25 class=5 commonOff=23028 NumberOfLocalMailboxes=0
jolt: body STATIC pos=(-6.09,0.00,2.67) half=(0.12,1.65,2.67) id=8388611
[Actor] idx=26 class=5 commonOff=23028 NumberOfLocalMailboxes=0
jolt: body STATIC pos=(5.97,0.00,2.67) half=(0.12,1.65,2.67) id=8388612
[Actor] idx=27 class=5 commonOff=23028 NumberOfLocalMailboxes=0
jolt: body STATIC pos=(0.00,-1.78,2.67) half=(6.10,0.12,2.67) id=8388613
[Actor] idx=28 class=7 commonOff=23028 NumberOfLocalMailboxes=0
DMalloc of 84 not 8-byte aligned, rounding up
[Actor] idx=29 class=5 commonOff=23028 NumberOfLocalMailboxes=0
jolt: body STATIC pos=(0.00,0.00,0.38) half=(5.97,1.52,0.25) id=8388614
[Actor] idx=30 class=7 commonOff=23028 NumberOfLocalMailboxes=0
DMalloc of 84 not 8-byte aligned, rounding up
[Actor] idx=31 class=5 commonOff=23028 NumberOfLocalMailboxes=0
jolt: body STATIC pos=(0.00,0.00,-1.26) half=(6.25,1.80,1.24) id=8388615
[Actor] idx=32 class=5 commonOff=23028 NumberOfLocalMailboxes=0
jolt: body STATIC pos=(0.00,2.97,7.50) half=(30.00,0.12,12.50) id=8388616
DMalloc of 228 not 8-byte aligned, rounding up
[Actor] idx=33 class=23 commonOff=23028 NumberOfLocalMailboxes=0
DMalloc of 84 not 8-byte aligned, rounding up
[Actor] idx=34 class=3 commonOff=23028 NumberOfLocalMailboxes=0
DMalloc of 84 not 8-byte aligned, rounding up
[Actor] idx=35 class=16 commonOff=23028 NumberOfLocalMailboxes=0
DMalloc of 84 not 8-byte aligned, rounding up
LMalloc of 20 not 8-byte aligned, rounding up
LMalloc of 212 not 8-byte aligned, rounding up
DMalloc of 70 not 8-byte aligned, rounding up
DMalloc of 404 not 8-byte aligned, rounding up
DMalloc of 452 not 8-byte aligned, rounding up
DMalloc of 460 not 8-byte aligned, rounding up
DMalloc of 404 not 8-byte aligned, rounding up
Walking from 0
0->0
0->0
LMalloc of 20 not 8-byte aligned, rounding up
LMalloc of 20 not 8-byte aligned, rounding up
ASS closed without all data read (bytesLeft = 4118)
ASS closed without all data read (bytesLeft = 150)
ASS closed without all data read (bytesLeft = 16)
ASS closed without all data read (bytesLeft = 16)
ASS closed without all data read (bytesLeft = 9708)
ASS closed without all data read (bytesLeft = 4972)
ASS closed without all data read (bytesLeft = 588)
ASS closed without all data read (bytesLeft = 4692)
ASS closed without all data read (bytesLeft = 588)
ASS closed without all data read (bytesLeft = 588)
ASS closed without all data read (bytesLeft = 588)
ASS closed without all data read (bytesLeft = 588)
ASS closed without all data read (bytesLeft = 1260)
ASS closed without all data read (bytesLeft = 588)
ASS closed without all data read (bytesLeft = 10860)
ASS closed without all data read (bytesLeft = 588)
ASS closed without all data read (bytesLeft = 588)
DMalloc of 84 not 8-byte aligned, rounding up
LMalloc of 220 not 8-byte aligned, rounding up
PixelMap::Load: this = 0xbf974ef8
PixelMap::Load: this = 0xbf974f28
LMalloc of 28 not 8-byte aligned, rounding up
LMalloc of 28 not 8-byte aligned, rounding up
LMalloc of 28 not 8-byte aligned, rounding up
LMalloc of 28 not 8-byte aligned, rounding up
LMalloc of 44 not 8-byte aligned, rounding up
LMalloc of 44 not 8-byte aligned, rounding up
LMalloc of 44 not 8-byte aligned, rounding up
LMalloc of 7836 not 8-byte aligned, rounding up
RenderActor3DAnimates constructed with no animations!
LMalloc of 44 not 8-byte aligned, rounding up
LMalloc of 44 not 8-byte aligned, rounding up
LMalloc of 44 not 8-byte aligned, rounding up
LMalloc of 7836 not 8-byte aligned, rounding up
RenderActor3DAnimates constructed with no animations!
LMalloc of 44 not 8-byte aligned, rounding up
LMalloc of 44 not 8-byte aligned, rounding up
LMalloc of 100 not 8-byte aligned, rounding up
LMalloc of 44 not 8-byte aligned, rounding up
LMalloc of 4516 not 8-byte aligned, rounding up
RenderActor3DAnimates constructed with no animations!
LMalloc of 44 not 8-byte aligned, rounding up
LMalloc of 44 not 8-byte aligned, rounding up
LMalloc of 44 not 8-byte aligned, rounding up
LMalloc of 7836 not 8-byte aligned, rounding up
RenderActor3DAnimates constructed with no animations!
LMalloc of 44 not 8-byte aligned, rounding up
LMalloc of 44 not 8-byte aligned, rounding up
LMalloc of 100 not 8-byte aligned, rounding up
LMalloc of 44 not 8-byte aligned, rounding up
LMalloc of 4516 not 8-byte aligned, rounding up
RenderActor3DAnimates constructed with no animations!
LMalloc of 44 not 8-byte aligned, rounding up
LMalloc of 44 not 8-byte aligned, rounding up
LMalloc of 44 not 8-byte aligned, rounding up
LMalloc of 7836 not 8-byte aligned, rounding up
RenderActor3DAnimates constructed with no animations!
LMalloc of 44 not 8-byte aligned, rounding up
LMalloc of 44 not 8-byte aligned, rounding up
LMalloc of 100 not 8-byte aligned, rounding up
LMalloc of 44 not 8-byte aligned, rounding up
LMalloc of 4516 not 8-byte aligned, rounding up
RenderActor3DAnimates constructed with no animations!
LMalloc of 44 not 8-byte aligned, rounding up
LMalloc of 44 not 8-byte aligned, rounding up
LMalloc of 44 not 8-byte aligned, rounding up
LMalloc of 7836 not 8-byte aligned, rounding up
RenderActor3DAnimates constructed with no animations!
LMalloc of 44 not 8-byte aligned, rounding up
LMalloc of 44 not 8-byte aligned, rounding up
LMalloc of 100 not 8-byte aligned, rounding up
LMalloc of 44 not 8-byte aligned, rounding up
LMalloc of 4516 not 8-byte aligned, rounding up
RenderActor3DAnimates constructed with no animations!
LMalloc of 44 not 8-byte aligned, rounding up
LMalloc of 44 not 8-byte aligned, rounding up
LMalloc of 44 not 8-byte aligned, rounding up
LMalloc of 7836 not 8-byte aligned, rounding up
RenderActor3DAnimates constructed with no animations!
LMalloc of 44 not 8-byte aligned, rounding up
LMalloc of 44 not 8-byte aligned, rounding up
LMalloc of 100 not 8-byte aligned, rounding up
LMalloc of 44 not 8-byte aligned, rounding up
LMalloc of 4516 not 8-byte aligned, rounding up
RenderActor3DAnimates constructed with no animations!
LMalloc of 44 not 8-byte aligned, rounding up
LMalloc of 44 not 8-byte aligned, rounding up
LMalloc of 44 not 8-byte aligned, rounding up
LMalloc of 7836 not 8-byte aligned, rounding up
RenderActor3DAnimates constructed with no animations!
LMalloc of 44 not 8-byte aligned, rounding up
LMalloc of 44 not 8-byte aligned, rounding up
LMalloc of 100 not 8-byte aligned, rounding up
LMalloc of 44 not 8-byte aligned, rounding up
LMalloc of 4516 not 8-byte aligned, rounding up
RenderActor3DAnimates constructed with no animations!
LMalloc of 44 not 8-byte aligned, rounding up
LMalloc of 44 not 8-byte aligned, rounding up
LMalloc of 100 not 8-byte aligned, rounding up
LMalloc of 44 not 8-byte aligned, rounding up
LMalloc of 276 not 8-byte aligned, rounding up
RenderActor3DAnimates constructed with no animations!
LMalloc of 44 not 8-byte aligned, rounding up
LMalloc of 44 not 8-byte aligned, rounding up
MATL closed without all data read (bytesLeft = 264)
LMalloc of 44 not 8-byte aligned, rounding up
jolt: mesh actor_pos=(0.000,0.000,0.000)
jolt: mesh v0 local=(-6.096,-1.651,0.000) world=(-6.096,-1.651,0.000)
jolt: mesh v1 local=(-6.096,-1.651,0.127) world=(-6.096,-1.651,0.127)
jolt: mesh v2 local=(-6.096,1.651,0.000) world=(-6.096,1.651,0.000)
jolt: mesh v3 local=(-6.096,1.651,0.127) world=(-6.096,1.651,0.127)
jolt: mesh v4 local=(6.096,-1.651,0.000) world=(6.096,-1.651,0.000)
jolt: mesh v5 local=(6.096,-1.651,0.127) world=(6.096,-1.651,0.127)
jolt: mesh v6 local=(6.096,1.651,0.000) world=(6.096,1.651,0.000)
jolt: mesh v7 local=(6.096,1.651,0.127) world=(6.096,1.651,0.127)
jolt: body MESH_STATIC verts=8 faces=12 id=16777216
LMalloc of 44 not 8-byte aligned, rounding up
LMalloc of 44 not 8-byte aligned, rounding up
LMalloc of 44 not 8-byte aligned, rounding up
LMalloc of 2436 not 8-byte aligned, rounding up
RenderActor3DAnimates constructed with no animations!
LMalloc of 44 not 8-byte aligned, rounding up
LMalloc of 44 not 8-byte aligned, rounding up
MATL closed without all data read (bytesLeft = 2640)
LMalloc of 44 not 8-byte aligned, rounding up
jolt: mesh actor_pos=(0.000,0.000,0.000)
jolt: mesh v0 local=(-5.969,1.524,0.635) world=(-5.969,1.524,0.635)
jolt: mesh v1 local=(-5.969,1.524,1.054) world=(-5.969,1.524,1.054)
jolt: mesh v2 local=(-5.969,1.524,1.473) world=(-5.969,1.524,1.473)
jolt: mesh v3 local=(-5.969,1.524,1.892) world=(-5.969,1.524,1.892)
jolt: mesh v4 local=(-5.969,1.524,2.311) world=(-5.969,1.524,2.311)
jolt: mesh v5 local=(-5.969,1.524,2.730) world=(-5.969,1.524,2.730)
jolt: mesh v6 local=(-5.969,1.524,3.150) world=(-5.969,1.524,3.150)
jolt: mesh v7 local=(-5.969,1.524,3.569) world=(-5.969,1.524,3.569)
jolt: mesh v8 local=(-5.969,1.524,3.988) world=(-5.969,1.524,3.988)
jolt: mesh v9 local=(-5.969,1.524,4.407) world=(-5.969,1.524,4.407)
jolt: mesh v10 local=(-5.969,1.524,4.826) world=(-5.969,1.524,4.826)
jolt: mesh v11 local=(-5.969,1.651,0.635) world=(-5.969,1.651,0.635)
jolt: mesh v12 local=(-5.969,1.651,1.054) world=(-5.969,1.651,1.054)
jolt: mesh v13 local=(-5.969,1.651,1.473) world=(-5.969,1.651,1.473)
jolt: mesh v14 local=(-5.969,1.651,1.892) world=(-5.969,1.651,1.892)
jolt: mesh v15 local=(-5.969,1.651,2.311) world=(-5.969,1.651,2.311)
jolt: mesh v16 local=(-5.969,1.651,2.730) world=(-5.969,1.651,2.730)
jolt: mesh v17 local=(-5.969,1.651,3.150) world=(-5.969,1.651,3.150)
jolt: mesh v18 local=(-5.969,1.651,3.569) world=(-5.969,1.651,3.569)
jolt: mesh v19 local=(-5.969,1.651,3.988) world=(-5.969,1.651,3.988)
jolt: mesh v20 local=(-5.969,1.651,4.407) world=(-5.969,1.651,4.407)
jolt: mesh v21 local=(-5.969,1.651,4.826) world=(-5.969,1.651,4.826)
jolt: mesh v22 local=(5.969,1.524,0.635) world=(5.969,1.524,0.635)
jolt: mesh v23 local=(5.969,1.524,1.054) world=(5.969,1.524,1.054)
jolt: mesh v24 local=(5.969,1.524,1.473) world=(5.969,1.524,1.473)
jolt: mesh v25 local=(5.969,1.524,1.892) world=(5.969,1.524,1.892)
jolt: mesh v26 local=(5.969,1.524,2.311) world=(5.969,1.524,2.311)
jolt: mesh v27 local=(5.969,1.524,2.730) world=(5.969,1.524,2.730)
jolt: mesh v28 local=(5.969,1.524,3.150) world=(5.969,1.524,3.150)
jolt: mesh v29 local=(5.969,1.524,3.569) world=(5.969,1.524,3.569)
jolt: mesh v30 local=(5.969,1.524,3.988) world=(5.969,1.524,3.988)
jolt: mesh v31 local=(5.969,1.524,4.407) world=(5.969,1.524,4.407)
jolt: mesh v32 local=(5.969,1.524,4.826) world=(5.969,1.524,4.826)
jolt: mesh v33 local=(5.969,1.651,0.635) world=(5.969,1.651,0.635)
jolt: mesh v34 local=(5.969,1.651,1.054) world=(5.969,1.651,1.054)
jolt: mesh v35 local=(5.969,1.651,1.473) world=(5.969,1.651,1.473)
jolt: mesh v36 local=(5.969,1.651,1.892) world=(5.969,1.651,1.892)
jolt: mesh v37 local=(5.969,1.651,2.311) world=(5.969,1.651,2.311)
jolt: mesh v38 local=(5.969,1.651,2.730) world=(5.969,1.651,2.730)
jolt: mesh v39 local=(5.969,1.651,3.150) world=(5.969,1.651,3.150)
jolt: mesh v40 local=(5.969,1.651,3.569) world=(5.969,1.651,3.569)
jolt: mesh v41 local=(5.969,1.651,3.988) world=(5.969,1.651,3.988)
jolt: mesh v42 local=(5.969,1.651,4.407) world=(5.969,1.651,4.407)
jolt: mesh v43 local=(5.969,1.651,4.826) world=(5.969,1.651,4.826)
jolt: body MESH_STATIC verts=44 faces=120 id=16777217
LMalloc of 44 not 8-byte aligned, rounding up
LMalloc of 44 not 8-byte aligned, rounding up
LMalloc of 100 not 8-byte aligned, rounding up
LMalloc of 44 not 8-byte aligned, rounding up
LMalloc of 276 not 8-byte aligned, rounding up
RenderActor3DAnimates constructed with no animations!
LMalloc of 44 not 8-byte aligned, rounding up
LMalloc of 44 not 8-byte aligned, rounding up
MATL closed without all data read (bytesLeft = 264)
LMalloc of 44 not 8-byte aligned, rounding up
jolt: mesh actor_pos=(0.000,0.000,0.000)
jolt: mesh v0 local=(-6.096,1.524,4.826) world=(-6.096,1.524,4.826)
jolt: mesh v1 local=(-6.096,1.524,5.334) world=(-6.096,1.524,5.334)
jolt: mesh v2 local=(-6.096,1.651,4.826) world=(-6.096,1.651,4.826)
jolt: mesh v3 local=(-6.096,1.651,5.334) world=(-6.096,1.651,5.334)
jolt: mesh v4 local=(6.096,1.524,4.826) world=(6.096,1.524,4.826)
jolt: mesh v5 local=(6.096,1.524,5.334) world=(6.096,1.524,5.334)
jolt: mesh v6 local=(6.096,1.651,4.826) world=(6.096,1.651,4.826)
jolt: mesh v7 local=(6.096,1.651,5.334) world=(6.096,1.651,5.334)
jolt: body MESH_STATIC verts=8 faces=12 id=16777218
LMalloc of 44 not 8-byte aligned, rounding up
LMalloc of 44 not 8-byte aligned, rounding up
LMalloc of 100 not 8-byte aligned, rounding up
LMalloc of 44 not 8-byte aligned, rounding up
LMalloc of 276 not 8-byte aligned, rounding up
RenderActor3DAnimates constructed with no animations!
LMalloc of 44 not 8-byte aligned, rounding up
LMalloc of 44 not 8-byte aligned, rounding up
MATL closed without all data read (bytesLeft = 264)
LMalloc of 44 not 8-byte aligned, rounding up
jolt: mesh actor_pos=(0.000,0.000,0.000)
jolt: mesh v0 local=(-6.096,-1.651,0.000) world=(-6.096,-1.651,0.000)
jolt: mesh v1 local=(-6.096,-1.651,5.334) world=(-6.096,-1.651,5.334)
jolt: mesh v2 local=(-6.096,1.651,0.000) world=(-6.096,1.651,0.000)
jolt: mesh v3 local=(-6.096,1.651,5.334) world=(-6.096,1.651,5.334)
jolt: mesh v4 local=(-5.969,-1.651,0.000) world=(-5.969,-1.651,0.000)
jolt: mesh v5 local=(-5.969,-1.651,5.334) world=(-5.969,-1.651,5.334)
jolt: mesh v6 local=(-5.969,1.651,0.000) world=(-5.969,1.651,0.000)
jolt: mesh v7 local=(-5.969,1.651,5.334) world=(-5.969,1.651,5.334)
jolt: body MESH_STATIC verts=8 faces=12 id=16777219
LMalloc of 44 not 8-byte aligned, rounding up
LMalloc of 44 not 8-byte aligned, rounding up
LMalloc of 100 not 8-byte aligned, rounding up
LMalloc of 44 not 8-byte aligned, rounding up
LMalloc of 276 not 8-byte aligned, rounding up
RenderActor3DAnimates constructed with no animations!
LMalloc of 44 not 8-byte aligned, rounding up
LMalloc of 44 not 8-byte aligned, rounding up
MATL closed without all data read (bytesLeft = 264)
LMalloc of 44 not 8-byte aligned, rounding up
jolt: mesh actor_pos=(0.000,0.000,0.000)
jolt: mesh v0 local=(5.969,-1.651,0.000) world=(5.969,-1.651,0.000)
jolt: mesh v1 local=(5.969,-1.651,5.334) world=(5.969,-1.651,5.334)
jolt: mesh v2 local=(5.969,1.651,0.000) world=(5.969,1.651,0.000)
jolt: mesh v3 local=(5.969,1.651,5.334) world=(5.969,1.651,5.334)
jolt: mesh v4 local=(6.096,-1.651,0.000) world=(6.096,-1.651,0.000)
jolt: mesh v5 local=(6.096,-1.651,5.334) world=(6.096,-1.651,5.334)
jolt: mesh v6 local=(6.096,1.651,0.000) world=(6.096,1.651,0.000)
jolt: mesh v7 local=(6.096,1.651,5.334) world=(6.096,1.651,5.334)
jolt: body MESH_STATIC verts=8 faces=12 id=16777220
LMalloc of 44 not 8-byte aligned, rounding up
LMalloc of 44 not 8-byte aligned, rounding up
LMalloc of 100 not 8-byte aligned, rounding up
LMalloc of 44 not 8-byte aligned, rounding up
LMalloc of 276 not 8-byte aligned, rounding up
RenderActor3DAnimates constructed with no animations!
LMalloc of 44 not 8-byte aligned, rounding up
LMalloc of 44 not 8-byte aligned, rounding up
MATL closed without all data read (bytesLeft = 264)
LMalloc of 44 not 8-byte aligned, rounding up
jolt: mesh actor_pos=(0.000,0.000,0.000)
jolt: mesh v0 local=(-6.096,-1.778,0.000) world=(-6.096,-1.778,0.000)
jolt: mesh v1 local=(-6.096,-1.778,5.334) world=(-6.096,-1.778,5.334)
jolt: mesh v2 local=(-6.096,-1.651,0.000) world=(-6.096,-1.651,0.000)
jolt: mesh v3 local=(-6.096,-1.651,5.334) world=(-6.096,-1.651,5.334)
jolt: mesh v4 local=(6.096,-1.778,0.000) world=(6.096,-1.778,0.000)
jolt: mesh v5 local=(6.096,-1.778,5.334) world=(6.096,-1.778,5.334)
jolt: mesh v6 local=(6.096,-1.651,0.000) world=(6.096,-1.651,0.000)
jolt: mesh v7 local=(6.096,-1.651,5.334) world=(6.096,-1.651,5.334)
jolt: body MESH_STATIC verts=8 faces=12 id=16777221
LMalloc of 44 not 8-byte aligned, rounding up
LMalloc of 44 not 8-byte aligned, rounding up
LMalloc of 100 not 8-byte aligned, rounding up
LMalloc of 44 not 8-byte aligned, rounding up
LMalloc of 996 not 8-byte aligned, rounding up
RenderActor3DAnimates constructed with no animations!
LMalloc of 44 not 8-byte aligned, rounding up
LMalloc of 44 not 8-byte aligned, rounding up
LMalloc of 100 not 8-byte aligned, rounding up
LMalloc of 44 not 8-byte aligned, rounding up
LMalloc of 276 not 8-byte aligned, rounding up
RenderActor3DAnimates constructed with no animations!
LMalloc of 44 not 8-byte aligned, rounding up
LMalloc of 44 not 8-byte aligned, rounding up
MATL closed without all data read (bytesLeft = 264)
LMalloc of 44 not 8-byte aligned, rounding up
jolt: mesh actor_pos=(0.000,0.000,0.000)
jolt: mesh v0 local=(-5.969,-1.524,0.127) world=(-5.969,-1.524,0.127)
jolt: mesh v1 local=(-5.969,-1.524,0.635) world=(-5.969,-1.524,0.635)
jolt: mesh v2 local=(-5.969,1.524,0.127) world=(-5.969,1.524,0.127)
jolt: mesh v3 local=(-5.969,1.524,0.635) world=(-5.969,1.524,0.635)
jolt: mesh v4 local=(5.969,-1.524,0.127) world=(5.969,-1.524,0.127)
jolt: mesh v5 local=(5.969,-1.524,0.635) world=(5.969,-1.524,0.635)
jolt: mesh v6 local=(5.969,1.524,0.127) world=(5.969,1.524,0.127)
jolt: mesh v7 local=(5.969,1.524,0.635) world=(5.969,1.524,0.635)
jolt: body MESH_STATIC verts=8 faces=12 id=16777222
LMalloc of 44 not 8-byte aligned, rounding up
LMalloc of 44 not 8-byte aligned, rounding up
LMalloc of 100 not 8-byte aligned, rounding up
LMalloc of 44 not 8-byte aligned, rounding up
LMalloc of 9636 not 8-byte aligned, rounding up
RenderActor3DAnimates constructed with no animations!
LMalloc of 44 not 8-byte aligned, rounding up
LMalloc of 44 not 8-byte aligned, rounding up
LMalloc of 100 not 8-byte aligned, rounding up
LMalloc of 44 not 8-byte aligned, rounding up
LMalloc of 276 not 8-byte aligned, rounding up
RenderActor3DAnimates constructed with no animations!
LMalloc of 44 not 8-byte aligned, rounding up
LMalloc of 44 not 8-byte aligned, rounding up
MATL closed without all data read (bytesLeft = 264)
LMalloc of 44 not 8-byte aligned, rounding up
jolt: mesh actor_pos=(0.000,0.000,0.000)
jolt: mesh v0 local=(-6.246,-1.801,-2.500) world=(-6.246,-1.801,-2.500)
jolt: mesh v1 local=(-6.246,-1.801,-0.025) world=(-6.246,-1.801,-0.025)
jolt: mesh v2 local=(-6.246,1.801,-2.500) world=(-6.246,1.801,-2.500)
jolt: mesh v3 local=(-6.246,1.801,-0.025) world=(-6.246,1.801,-0.025)
jolt: mesh v4 local=(6.246,-1.801,-2.500) world=(6.246,-1.801,-2.500)
jolt: mesh v5 local=(6.246,-1.801,-0.025) world=(6.246,-1.801,-0.025)
jolt: mesh v6 local=(6.246,1.801,-2.500) world=(6.246,1.801,-2.500)
jolt: mesh v7 local=(6.246,1.801,-0.025) world=(6.246,1.801,-0.025)
jolt: body MESH_STATIC verts=8 faces=12 id=16777223
LMalloc of 44 not 8-byte aligned, rounding up
LMalloc of 44 not 8-byte aligned, rounding up
LMalloc of 100 not 8-byte aligned, rounding up
LMalloc of 44 not 8-byte aligned, rounding up
LMalloc of 276 not 8-byte aligned, rounding up
RenderActor3DAnimates constructed with no animations!
LMalloc of 44 not 8-byte aligned, rounding up
LMalloc of 44 not 8-byte aligned, rounding up
MATL closed without all data read (bytesLeft = 264)
LMalloc of 44 not 8-byte aligned, rounding up
jolt: mesh actor_pos=(0.000,0.000,0.000)
jolt: mesh v0 local=(-30.000,3.000,-5.000) world=(-30.000,3.000,-5.000)
jolt: mesh v1 local=(-30.000,3.000,20.000) world=(-30.000,3.000,20.000)
jolt: mesh v2 local=(-30.000,3.100,-5.000) world=(-30.000,3.100,-5.000)
jolt: mesh v3 local=(-30.000,3.100,20.000) world=(-30.000,3.100,20.000)
jolt: mesh v4 local=(30.000,3.000,-5.000) world=(30.000,3.000,-5.000)
jolt: mesh v5 local=(30.000,3.000,20.000) world=(30.000,3.000,20.000)
jolt: mesh v6 local=(30.000,3.100,-5.000) world=(30.000,3.100,-5.000)
jolt: mesh v7 local=(30.000,3.100,20.000) world=(30.000,3.100,20.000)
jolt: body MESH_STATIC verts=8 faces=12 id=16777224
zforth: INDEXOF_CAMSHOT = 1921 (expect 1921)
zforth: INDEXOF_CAMSHOT = 1921 (expect 1921)
jolt: OptimizeBroadPhase done (9 static bodies)
audio: MusicPlayer — soundfont not found: florestan-subset.sf2
audio: sfx[0] not found: wflevels/qbert_practice/sfx/qbert_hop.wav
audio: sfx[1] not found: wflevels/qbert_practice/sfx/qbert_land.wav
audio: sfx[2] not found: wflevels/qbert_practice/sfx/qbert_fall.wav
audio: sfx[3] not found: wflevels/qbert_practice/sfx/qbert_swear.wav
audio: sfx[4] not found: wflevels/qbert_practice/sfx/qbert_round_clear.wav
audio: sfx[5] not found: wflevels/qbert_practice/sfx/qbert_kill.wav
audio: sfx[6] not found: wflevels/qbert_practice/sfx/qbert_disc.wav
DMalloc of 36 not 8-byte aligned, rounding up
ball pos: (-0.003, -0.248, 2.784)
ball pos: (-0.008, -0.246, 2.967)
ball pos: (-0.013, -0.242, 3.039)
ball pos: (-0.019, -0.239, 3.045)
ball pos: (-0.026, -0.235, 3.014)
ball pos: (-0.032, -0.231, 2.961)
ball pos: (-0.039, -0.227, 2.896)
ball pos: (-0.045, -0.223, 2.850)
ball pos: (-0.052, -0.219, 2.974)
ball pos: (-0.058, -0.215, 3.132)
ball pos: (-0.065, -0.211, 3.188)
ball pos: (-0.071, -0.207, 3.186)
ball pos: (-0.077, -0.203, 3.149)
ball pos: (-0.083, -0.199, 3.093)
ball pos: (-0.089, -0.195, 3.027)
ball pos: (-0.095, -0.191, 2.979)
ball pos: (-0.101, -0.187, 3.104)
ball pos: (-0.107, -0.183, 3.262)
ball pos: (-0.113, -0.179, 3.319)
ball pos: (-0.118, -0.175, 3.317)
ball pos: (-0.124, -0.171, 3.281)

=== wf_game android_main (log → /storage/emulated/0/Android/data/org.worldfoundry.wf_game.aquarium/files/wf.log) ===
audio: miniaudio v0.11.25 ready
wf_game v0.4.1, Built:Oct  1 2026,02:27:16 by kts
argc = 1, commandIndex = 1
Level=-1
cerror:
cwarn:
cstats:
wf_game Ver 0.4.1, Built:Oct  1 2026,02:27:16 by kts
DBSTREAMS jolt: RegisterDefaultAllocator
jolt: Factory
jolt: RegisterTypes
jolt: RunSelftest
jolt: selftest ok (sphere fell to z=5.098)
jolt: backend init
jolt: backend ready (gravity -Z)
jolt: init complete
LMalloc of 76 not 8-byte aligned, rounding up
Opening cd.iff
LMalloc of 447 not 8-byte aligned, rounding up
zforth: INDEXOF_CAMSHOT = 1921 (expect 1921)
zforth: INDEXOF_CAMSHOT = 1921 (expect 1921)
LMalloc of 20 not 8-byte aligned, rounding up
delta too large: 0.7027435303
timeofday:1791039955:233234
lasttimeofday: 1791039954:530480
deltatime:0:702754
delta: 0.7027435303
LMalloc of 412 not 8-byte aligned, rounding up
LMalloc of 7620 not 8-byte aligned, rounding up
LMalloc of 20 not 8-byte aligned, rounding up
LMalloc of 20 not 8-byte aligned, rounding up
LMalloc of 44 not 8-byte aligned, rounding up
LMalloc of 44 not 8-byte aligned, rounding up
LMalloc of 44 not 8-byte aligned, rounding up
LMalloc of 44 not 8-byte aligned, rounding up
LMalloc of 44 not 8-byte aligned, rounding up
LMalloc of 44 not 8-byte aligned, rounding up
LMalloc of 44 not 8-byte aligned, rounding up
LMalloc of 44 not 8-byte aligned, rounding up
LMalloc of 44 not 8-byte aligned, rounding up
LMalloc of 44 not 8-byte aligned, rounding up
LMalloc of 44 not 8-byte aligned, rounding up
LMalloc of 44 not 8-byte aligned, rounding up
LMalloc of 44 not 8-byte aligned, rounding up
LMalloc of 44 not 8-byte aligned, rounding up
LMalloc of 44 not 8-byte aligned, rounding up
Level::Level: leveldata= 0xc0c91ca8, object count  = 36
ASS closed without all data read (bytesLeft = 4118)
ASS closed without all data read (bytesLeft = 150)
ASS closed without all data read (bytesLeft = 16)
ASS closed without all data read (bytesLeft = 16)
ASS closed without all data read (bytesLeft = 9708)
DMalloc of 84 not 8-byte aligned, rounding up
LMalloc of 76 not 8-byte aligned, rounding up
PixelMap::Load: this = 0xbf972b98
PixelMap::Load: this = 0xbf972bc8
LMalloc of 28 not 8-byte aligned, rounding up
LMalloc of 28 not 8-byte aligned, rounding up
LMalloc of 28 not 8-byte aligned, rounding up
LMalloc of 28 not 8-byte aligned, rounding up
LMalloc of 68 not 8-byte aligned, rounding up
LMalloc of 100 not 8-byte aligned, rounding up
DMalloc of 228 not 8-byte aligned, rounding up
[Actor] idx=2 class=23 commonOff=23028 NumberOfLocalMailboxes=0
DMalloc of 84 not 8-byte aligned, rounding up
[Actor] idx=3 class=13 commonOff=23028 NumberOfLocalMailboxes=0
DMalloc of 84 not 8-byte aligned, rounding up
this = 0xbf976178,setting _memory to 0xbf975d98
DMalloc of 52 not 8-byte aligned, rounding up
DMalloc of 252 not 8-byte aligned, rounding up
[Actor] idx=4 class=20 commonOff=23740 NumberOfLocalMailboxes=0
DMalloc of 84 not 8-byte aligned, rounding up
DMalloc of 228 not 8-byte aligned, rounding up
[Actor] idx=6 class=11 commonOff=23028 NumberOfLocalMailboxes=0
DMalloc of 84 not 8-byte aligned, rounding up
[Actor] idx=7 class=16 commonOff=23028 NumberOfLocalMailboxes=0
DMalloc of 84 not 8-byte aligned, rounding up
[Actor] idx=8 class=3 commonOff=23028 NumberOfLocalMailboxes=0
DMalloc of 84 not 8-byte aligned, rounding up
[Actor] idx=9 class=22 commonOff=24480 NumberOfLocalMailboxes=6
DMalloc of 84 not 8-byte aligned, rounding up
jolt: character 0 created at (0.00, -0.25, 2.60) ctr=(0.00,0.00,0.00)
[Actor] idx=10 class=7 commonOff=24788 NumberOfLocalMailboxes=0
DMalloc of 84 not 8-byte aligned, rounding up
[Actor] idx=11 class=7 commonOff=24988 NumberOfLocalMailboxes=0
DMalloc of 84 not 8-byte aligned, rounding up
[Actor] idx=12 class=7 commonOff=25032 NumberOfLocalMailboxes=0
DMalloc of 84 not 8-byte aligned, rounding up
[Actor] idx=13 class=7 commonOff=25076 NumberOfLocalMailboxes=0
DMalloc of 84 not 8-byte aligned, rounding up
[Actor] idx=14 class=7 commonOff=25120 NumberOfLocalMailboxes=0
DMalloc of 84 not 8-byte aligned, rounding up
[Actor] idx=15 class=7 commonOff=25164 NumberOfLocalMailboxes=0
DMalloc of 84 not 8-byte aligned, rounding up
[Actor] idx=16 class=7 commonOff=25208 NumberOfLocalMailboxes=0
DMalloc of 84 not 8-byte aligned, rounding up
[Actor] idx=17 class=7 commonOff=25252 NumberOfLocalMailboxes=0
DMalloc of 84 not 8-byte aligned, rounding up
[Actor] idx=18 class=7 commonOff=25296 NumberOfLocalMailboxes=0
DMalloc of 84 not 8-byte aligned, rounding up
[Actor] idx=19 class=7 commonOff=25340 NumberOfLocalMailboxes=0
DMalloc of 84 not 8-byte aligned, rounding up
[Actor] idx=20 class=7 commonOff=25384 NumberOfLocalMailboxes=0
DMalloc of 84 not 8-byte aligned, rounding up
[Actor] idx=21 class=7 commonOff=25428 NumberOfLocalMailboxes=0
DMalloc of 84 not 8-byte aligned, rounding up
[Actor] idx=22 class=5 commonOff=23028 NumberOfLocalMailboxes=0
jolt: body STATIC pos=(0.00,0.00,0.00) half=(6.10,1.65,0.12) id=8388608
[Actor] idx=23 class=5 commonOff=23028 NumberOfLocalMailboxes=0
jolt: body STATIC pos=(0.00,1.53,2.73) half=(5.97,0.12,2.10) id=8388609
[Actor] idx=24 class=5 commonOff=23028 NumberOfLocalMailboxes=0
jolt: body STATIC pos=(0.00,1.53,5.08) half=(6.10,0.12,0.25) id=8388610
[Actor] idx=25 class=5 commonOff=23028 NumberOfLocalMailboxes=0
jolt: body STATIC pos=(-6.09,0.00,2.67) half=(0.12,1.65,2.67) id=8388611
[Actor] idx=26 class=5 commonOff=23028 NumberOfLocalMailboxes=0
jolt: body STATIC pos=(5.97,0.00,2.67) half=(0.12,1.65,2.67) id=8388612
[Actor] idx=27 class=5 commonOff=23028 NumberOfLocalMailboxes=0
jolt: body STATIC pos=(0.00,-1.78,2.67) half=(6.10,0.12,2.67) id=8388613
[Actor] idx=28 class=7 commonOff=23028 NumberOfLocalMailboxes=0
DMalloc of 84 not 8-byte aligned, rounding up
[Actor] idx=29 class=5 commonOff=23028 NumberOfLocalMailboxes=0
jolt: body STATIC pos=(0.00,0.00,0.38) half=(5.97,1.52,0.25) id=8388614
[Actor] idx=30 class=7 commonOff=23028 NumberOfLocalMailboxes=0
DMalloc of 84 not 8-byte aligned, rounding up
[Actor] idx=31 class=5 commonOff=23028 NumberOfLocalMailboxes=0
jolt: body STATIC pos=(0.00,0.00,-1.26) half=(6.25,1.80,1.24) id=8388615
[Actor] idx=32 class=5 commonOff=23028 NumberOfLocalMailboxes=0
jolt: body STATIC pos=(0.00,2.97,7.50) half=(30.00,0.12,12.50) id=8388616
DMalloc of 228 not 8-byte aligned, rounding up
[Actor] idx=33 class=23 commonOff=23028 NumberOfLocalMailboxes=0
DMalloc of 84 not 8-byte aligned, rounding up
[Actor] idx=34 class=3 commonOff=23028 NumberOfLocalMailboxes=0
DMalloc of 84 not 8-byte aligned, rounding up
[Actor] idx=35 class=16 commonOff=23028 NumberOfLocalMailboxes=0
DMalloc of 84 not 8-byte aligned, rounding up
LMalloc of 20 not 8-byte aligned, rounding up
LMalloc of 212 not 8-byte aligned, rounding up
DMalloc of 70 not 8-byte aligned, rounding up
DMalloc of 404 not 8-byte aligned, rounding up
DMalloc of 452 not 8-byte aligned, rounding up
DMalloc of 460 not 8-byte aligned, rounding up
DMalloc of 404 not 8-byte aligned, rounding up
Walking from 0
0->0
0->0
LMalloc of 20 not 8-byte aligned, rounding up
LMalloc of 20 not 8-byte aligned, rounding up
ASS closed without all data read (bytesLeft = 4118)
ASS closed without all data read (bytesLeft = 150)
ASS closed without all data read (bytesLeft = 16)
ASS closed without all data read (bytesLeft = 16)
ASS closed without all data read (bytesLeft = 9708)
ASS closed without all data read (bytesLeft = 4972)
ASS closed without all data read (bytesLeft = 588)
ASS closed without all data read (bytesLeft = 4692)
ASS closed without all data read (bytesLeft = 588)
ASS closed without all data read (bytesLeft = 588)
ASS closed without all data read (bytesLeft = 588)
ASS closed without all data read (bytesLeft = 588)
ASS closed without all data read (bytesLeft = 1260)
ASS closed without all data read (bytesLeft = 588)
ASS closed without all data read (bytesLeft = 10860)
ASS closed without all data read (bytesLeft = 588)
ASS closed without all data read (bytesLeft = 588)
DMalloc of 84 not 8-byte aligned, rounding up
LMalloc of 220 not 8-byte aligned, rounding up
PixelMap::Load: this = 0xbf972bf8
PixelMap::Load: this = 0xbf972c28
LMalloc of 28 not 8-byte aligned, rounding up
LMalloc of 28 not 8-byte aligned, rounding up
LMalloc of 28 not 8-byte aligned, rounding up
LMalloc of 28 not 8-byte aligned, rounding up
LMalloc of 44 not 8-byte aligned, rounding up
LMalloc of 44 not 8-byte aligned, rounding up
LMalloc of 44 not 8-byte aligned, rounding up
LMalloc of 7836 not 8-byte aligned, rounding up
RenderActor3DAnimates constructed with no animations!
LMalloc of 44 not 8-byte aligned, rounding up
LMalloc of 44 not 8-byte aligned, rounding up
LMalloc of 44 not 8-byte aligned, rounding up
LMalloc of 7836 not 8-byte aligned, rounding up
RenderActor3DAnimates constructed with no animations!
LMalloc of 44 not 8-byte aligned, rounding up
LMalloc of 44 not 8-byte aligned, rounding up
LMalloc of 100 not 8-byte aligned, rounding up
LMalloc of 44 not 8-byte aligned, rounding up
LMalloc of 4516 not 8-byte aligned, rounding up
RenderActor3DAnimates constructed with no animations!
LMalloc of 44 not 8-byte aligned, rounding up
LMalloc of 44 not 8-byte aligned, rounding up
LMalloc of 44 not 8-byte aligned, rounding up
LMalloc of 7836 not 8-byte aligned, rounding up
RenderActor3DAnimates constructed with no animations!
LMalloc of 44 not 8-byte aligned, rounding up
LMalloc of 44 not 8-byte aligned, rounding up
LMalloc of 100 not 8-byte aligned, rounding up
LMalloc of 44 not 8-byte aligned, rounding up
LMalloc of 4516 not 8-byte aligned, rounding up
RenderActor3DAnimates constructed with no animations!
LMalloc of 44 not 8-byte aligned, rounding up
LMalloc of 44 not 8-byte aligned, rounding up
LMalloc of 44 not 8-byte aligned, rounding up
LMalloc of 7836 not 8-byte aligned, rounding up
RenderActor3DAnimates constructed with no animations!
LMalloc of 44 not 8-byte aligned, rounding up
LMalloc of 44 not 8-byte aligned, rounding up
LMalloc of 100 not 8-byte aligned, rounding up
LMalloc of 44 not 8-byte aligned, rounding up
LMalloc of 4516 not 8-byte aligned, rounding up
RenderActor3DAnimates constructed with no animations!
LMalloc of 44 not 8-byte aligned, rounding up
LMalloc of 44 not 8-byte aligned, rounding up
LMalloc of 44 not 8-byte aligned, rounding up
LMalloc of 7836 not 8-byte aligned, rounding up
RenderActor3DAnimates constructed with no animations!
LMalloc of 44 not 8-byte aligned, rounding up
LMalloc of 44 not 8-byte aligned, rounding up
LMalloc of 100 not 8-byte aligned, rounding up
LMalloc of 44 not 8-byte aligned, rounding up
LMalloc of 4516 not 8-byte aligned, rounding up
RenderActor3DAnimates constructed with no animations!
LMalloc of 44 not 8-byte aligned, rounding up
LMalloc of 44 not 8-byte aligned, rounding up
LMalloc of 44 not 8-byte aligned, rounding up
LMalloc of 7836 not 8-byte aligned, rounding up
RenderActor3DAnimates constructed with no animations!
LMalloc of 44 not 8-byte aligned, rounding up
LMalloc of 44 not 8-byte aligned, rounding up
LMalloc of 100 not 8-byte aligned, rounding up
LMalloc of 44 not 8-byte aligned, rounding up
LMalloc of 4516 not 8-byte aligned, rounding up
RenderActor3DAnimates constructed with no animations!
LMalloc of 44 not 8-byte aligned, rounding up
LMalloc of 44 not 8-byte aligned, rounding up
LMalloc of 44 not 8-byte aligned, rounding up
LMalloc of 7836 not 8-byte aligned, rounding up
RenderActor3DAnimates constructed with no animations!
LMalloc of 44 not 8-byte aligned, rounding up
LMalloc of 44 not 8-byte aligned, rounding up
LMalloc of 100 not 8-byte aligned, rounding up
LMalloc of 44 not 8-byte aligned, rounding up
LMalloc of 4516 not 8-byte aligned, rounding up
RenderActor3DAnimates constructed with no animations!
LMalloc of 44 not 8-byte aligned, rounding up
LMalloc of 44 not 8-byte aligned, rounding up
LMalloc of 100 not 8-byte aligned, rounding up
LMalloc of 44 not 8-byte aligned, rounding up
LMalloc of 276 not 8-byte aligned, rounding up
RenderActor3DAnimates constructed with no animations!
LMalloc of 44 not 8-byte aligned, rounding up
LMalloc of 44 not 8-byte aligned, rounding up
MATL closed without all data read (bytesLeft = 264)
LMalloc of 44 not 8-byte aligned, rounding up
jolt: mesh actor_pos=(0.000,0.000,0.000)
jolt: mesh v0 local=(-6.096,-1.651,0.000) world=(-6.096,-1.651,0.000)
jolt: mesh v1 local=(-6.096,-1.651,0.127) world=(-6.096,-1.651,0.127)
jolt: mesh v2 local=(-6.096,1.651,0.000) world=(-6.096,1.651,0.000)
jolt: mesh v3 local=(-6.096,1.651,0.127) world=(-6.096,1.651,0.127)
jolt: mesh v4 local=(6.096,-1.651,0.000) world=(6.096,-1.651,0.000)
jolt: mesh v5 local=(6.096,-1.651,0.127) world=(6.096,-1.651,0.127)
jolt: mesh v6 local=(6.096,1.651,0.000) world=(6.096,1.651,0.000)
jolt: mesh v7 local=(6.096,1.651,0.127) world=(6.096,1.651,0.127)
jolt: body MESH_STATIC verts=8 faces=12 id=16777216
LMalloc of 44 not 8-byte aligned, rounding up
LMalloc of 44 not 8-byte aligned, rounding up
LMalloc of 44 not 8-byte aligned, rounding up
LMalloc of 2436 not 8-byte aligned, rounding up
RenderActor3DAnimates constructed with no animations!
LMalloc of 44 not 8-byte aligned, rounding up
LMalloc of 44 not 8-byte aligned, rounding up
MATL closed without all data read (bytesLeft = 2640)
LMalloc of 44 not 8-byte aligned, rounding up
jolt: mesh actor_pos=(0.000,0.000,0.000)
jolt: mesh v0 local=(-5.969,1.524,0.635) world=(-5.969,1.524,0.635)
jolt: mesh v1 local=(-5.969,1.524,1.054) world=(-5.969,1.524,1.054)
jolt: mesh v2 local=(-5.969,1.524,1.473) world=(-5.969,1.524,1.473)
jolt: mesh v3 local=(-5.969,1.524,1.892) world=(-5.969,1.524,1.892)
jolt: mesh v4 local=(-5.969,1.524,2.311) world=(-5.969,1.524,2.311)
jolt: mesh v5 local=(-5.969,1.524,2.730) world=(-5.969,1.524,2.730)
jolt: mesh v6 local=(-5.969,1.524,3.150) world=(-5.969,1.524,3.150)
jolt: mesh v7 local=(-5.969,1.524,3.569) world=(-5.969,1.524,3.569)
jolt: mesh v8 local=(-5.969,1.524,3.988) world=(-5.969,1.524,3.988)
jolt: mesh v9 local=(-5.969,1.524,4.407) world=(-5.969,1.524,4.407)
jolt: mesh v10 local=(-5.969,1.524,4.826) world=(-5.969,1.524,4.826)
jolt: mesh v11 local=(-5.969,1.651,0.635) world=(-5.969,1.651,0.635)
jolt: mesh v12 local=(-5.969,1.651,1.054) world=(-5.969,1.651,1.054)
jolt: mesh v13 local=(-5.969,1.651,1.473) world=(-5.969,1.651,1.473)
jolt: mesh v14 local=(-5.969,1.651,1.892) world=(-5.969,1.651,1.892)
jolt: mesh v15 local=(-5.969,1.651,2.311) world=(-5.969,1.651,2.311)
jolt: mesh v16 local=(-5.969,1.651,2.730) world=(-5.969,1.651,2.730)
jolt: mesh v17 local=(-5.969,1.651,3.150) world=(-5.969,1.651,3.150)
jolt: mesh v18 local=(-5.969,1.651,3.569) world=(-5.969,1.651,3.569)
jolt: mesh v19 local=(-5.969,1.651,3.988) world=(-5.969,1.651,3.988)
jolt: mesh v20 local=(-5.969,1.651,4.407) world=(-5.969,1.651,4.407)
jolt: mesh v21 local=(-5.969,1.651,4.826) world=(-5.969,1.651,4.826)
jolt: mesh v22 local=(5.969,1.524,0.635) world=(5.969,1.524,0.635)
jolt: mesh v23 local=(5.969,1.524,1.054) world=(5.969,1.524,1.054)
jolt: mesh v24 local=(5.969,1.524,1.473) world=(5.969,1.524,1.473)
jolt: mesh v25 local=(5.969,1.524,1.892) world=(5.969,1.524,1.892)
jolt: mesh v26 local=(5.969,1.524,2.311) world=(5.969,1.524,2.311)
jolt: mesh v27 local=(5.969,1.524,2.730) world=(5.969,1.524,2.730)
jolt: mesh v28 local=(5.969,1.524,3.150) world=(5.969,1.524,3.150)
jolt: mesh v29 local=(5.969,1.524,3.569) world=(5.969,1.524,3.569)
jolt: mesh v30 local=(5.969,1.524,3.988) world=(5.969,1.524,3.988)
jolt: mesh v31 local=(5.969,1.524,4.407) world=(5.969,1.524,4.407)
jolt: mesh v32 local=(5.969,1.524,4.826) world=(5.969,1.524,4.826)
jolt: mesh v33 local=(5.969,1.651,0.635) world=(5.969,1.651,0.635)
jolt: mesh v34 local=(5.969,1.651,1.054) world=(5.969,1.651,1.054)
jolt: mesh v35 local=(5.969,1.651,1.473) world=(5.969,1.651,1.473)
jolt: mesh v36 local=(5.969,1.651,1.892) world=(5.969,1.651,1.892)
jolt: mesh v37 local=(5.969,1.651,2.311) world=(5.969,1.651,2.311)
jolt: mesh v38 local=(5.969,1.651,2.730) world=(5.969,1.651,2.730)
jolt: mesh v39 local=(5.969,1.651,3.150) world=(5.969,1.651,3.150)
jolt: mesh v40 local=(5.969,1.651,3.569) world=(5.969,1.651,3.569)
jolt: mesh v41 local=(5.969,1.651,3.988) world=(5.969,1.651,3.988)
jolt: mesh v42 local=(5.969,1.651,4.407) world=(5.969,1.651,4.407)
jolt: mesh v43 local=(5.969,1.651,4.826) world=(5.969,1.651,4.826)
jolt: body MESH_STATIC verts=44 faces=120 id=16777217
LMalloc of 44 not 8-byte aligned, rounding up
LMalloc of 44 not 8-byte aligned, rounding up
LMalloc of 100 not 8-byte aligned, rounding up
LMalloc of 44 not 8-byte aligned, rounding up
LMalloc of 276 not 8-byte aligned, rounding up
RenderActor3DAnimates constructed with no animations!
LMalloc of 44 not 8-byte aligned, rounding up
LMalloc of 44 not 8-byte aligned, rounding up
MATL closed without all data read (bytesLeft = 264)
LMalloc of 44 not 8-byte aligned, rounding up
jolt: mesh actor_pos=(0.000,0.000,0.000)
jolt: mesh v0 local=(-6.096,1.524,4.826) world=(-6.096,1.524,4.826)
jolt: mesh v1 local=(-6.096,1.524,5.334) world=(-6.096,1.524,5.334)
jolt: mesh v2 local=(-6.096,1.651,4.826) world=(-6.096,1.651,4.826)
jolt: mesh v3 local=(-6.096,1.651,5.334) world=(-6.096,1.651,5.334)
jolt: mesh v4 local=(6.096,1.524,4.826) world=(6.096,1.524,4.826)
jolt: mesh v5 local=(6.096,1.524,5.334) world=(6.096,1.524,5.334)
jolt: mesh v6 local=(6.096,1.651,4.826) world=(6.096,1.651,4.826)
jolt: mesh v7 local=(6.096,1.651,5.334) world=(6.096,1.651,5.334)
jolt: body MESH_STATIC verts=8 faces=12 id=16777218
LMalloc of 44 not 8-byte aligned, rounding up
LMalloc of 44 not 8-byte aligned, rounding up
LMalloc of 100 not 8-byte aligned, rounding up
LMalloc of 44 not 8-byte aligned, rounding up
LMalloc of 276 not 8-byte aligned, rounding up
RenderActor3DAnimates constructed with no animations!
LMalloc of 44 not 8-byte aligned, rounding up
LMalloc of 44 not 8-byte aligned, rounding up
MATL closed without all data read (bytesLeft = 264)
LMalloc of 44 not 8-byte aligned, rounding up
jolt: mesh actor_pos=(0.000,0.000,0.000)
jolt: mesh v0 local=(-6.096,-1.651,0.000) world=(-6.096,-1.651,0.000)
jolt: mesh v1 local=(-6.096,-1.651,5.334) world=(-6.096,-1.651,5.334)
jolt: mesh v2 local=(-6.096,1.651,0.000) world=(-6.096,1.651,0.000)
jolt: mesh v3 local=(-6.096,1.651,5.334) world=(-6.096,1.651,5.334)
jolt: mesh v4 local=(-5.969,-1.651,0.000) world=(-5.969,-1.651,0.000)
jolt: mesh v5 local=(-5.969,-1.651,5.334) world=(-5.969,-1.651,5.334)
jolt: mesh v6 local=(-5.969,1.651,0.000) world=(-5.969,1.651,0.000)
jolt: mesh v7 local=(-5.969,1.651,5.334) world=(-5.969,1.651,5.334)
jolt: body MESH_STATIC verts=8 faces=12 id=16777219
LMalloc of 44 not 8-byte aligned, rounding up
LMalloc of 44 not 8-byte aligned, rounding up
LMalloc of 100 not 8-byte aligned, rounding up
LMalloc of 44 not 8-byte aligned, rounding up
LMalloc of 276 not 8-byte aligned, rounding up
RenderActor3DAnimates constructed with no animations!
LMalloc of 44 not 8-byte aligned, rounding up
LMalloc of 44 not 8-byte aligned, rounding up
MATL closed without all data read (bytesLeft = 264)
LMalloc of 44 not 8-byte aligned, rounding up
jolt: mesh actor_pos=(0.000,0.000,0.000)
jolt: mesh v0 local=(5.969,-1.651,0.000) world=(5.969,-1.651,0.000)
jolt: mesh v1 local=(5.969,-1.651,5.334) world=(5.969,-1.651,5.334)
jolt: mesh v2 local=(5.969,1.651,0.000) world=(5.969,1.651,0.000)
jolt: mesh v3 local=(5.969,1.651,5.334) world=(5.969,1.651,5.334)
jolt: mesh v4 local=(6.096,-1.651,0.000) world=(6.096,-1.651,0.000)
jolt: mesh v5 local=(6.096,-1.651,5.334) world=(6.096,-1.651,5.334)
jolt: mesh v6 local=(6.096,1.651,0.000) world=(6.096,1.651,0.000)
jolt: mesh v7 local=(6.096,1.651,5.334) world=(6.096,1.651,5.334)
jolt: body MESH_STATIC verts=8 faces=12 id=16777220
LMalloc of 44 not 8-byte aligned, rounding up
LMalloc of 44 not 8-byte aligned, rounding up
LMalloc of 100 not 8-byte aligned, rounding up
LMalloc of 44 not 8-byte aligned, rounding up
LMalloc of 276 not 8-byte aligned, rounding up
RenderActor3DAnimates constructed with no animations!
LMalloc of 44 not 8-byte aligned, rounding up
LMalloc of 44 not 8-byte aligned, rounding up
MATL closed without all data read (bytesLeft = 264)
LMalloc of 44 not 8-byte aligned, rounding up
jolt: mesh actor_pos=(0.000,0.000,0.000)
jolt: mesh v0 local=(-6.096,-1.778,0.000) world=(-6.096,-1.778,0.000)
jolt: mesh v1 local=(-6.096,-1.778,5.334) world=(-6.096,-1.778,5.334)
jolt: mesh v2 local=(-6.096,-1.651,0.000) world=(-6.096,-1.651,0.000)
jolt: mesh v3 local=(-6.096,-1.651,5.334) world=(-6.096,-1.651,5.334)
jolt: mesh v4 local=(6.096,-1.778,0.000) world=(6.096,-1.778,0.000)
jolt: mesh v5 local=(6.096,-1.778,5.334) world=(6.096,-1.778,5.334)
jolt: mesh v6 local=(6.096,-1.651,0.000) world=(6.096,-1.651,0.000)
jolt: mesh v7 local=(6.096,-1.651,5.334) world=(6.096,-1.651,5.334)
jolt: body MESH_STATIC verts=8 faces=12 id=16777221
LMalloc of 44 not 8-byte aligned, rounding up
LMalloc of 44 not 8-byte aligned, rounding up
LMalloc of 100 not 8-byte aligned, rounding up
LMalloc of 44 not 8-byte aligned, rounding up
LMalloc of 996 not 8-byte aligned, rounding up
RenderActor3DAnimates constructed with no animations!
LMalloc of 44 not 8-byte aligned, rounding up
LMalloc of 44 not 8-byte aligned, rounding up
LMalloc of 100 not 8-byte aligned, rounding up
LMalloc of 44 not 8-byte aligned, rounding up
LMalloc of 276 not 8-byte aligned, rounding up
RenderActor3DAnimates constructed with no animations!
LMalloc of 44 not 8-byte aligned, rounding up
LMalloc of 44 not 8-byte aligned, rounding up
MATL closed without all data read (bytesLeft = 264)
LMalloc of 44 not 8-byte aligned, rounding up
jolt: mesh actor_pos=(0.000,0.000,0.000)
jolt: mesh v0 local=(-5.969,-1.524,0.127) world=(-5.969,-1.524,0.127)
jolt: mesh v1 local=(-5.969,-1.524,0.635) world=(-5.969,-1.524,0.635)
jolt: mesh v2 local=(-5.969,1.524,0.127) world=(-5.969,1.524,0.127)
jolt: mesh v3 local=(-5.969,1.524,0.635) world=(-5.969,1.524,0.635)
jolt: mesh v4 local=(5.969,-1.524,0.127) world=(5.969,-1.524,0.127)
jolt: mesh v5 local=(5.969,-1.524,0.635) world=(5.969,-1.524,0.635)
jolt: mesh v6 local=(5.969,1.524,0.127) world=(5.969,1.524,0.127)
jolt: mesh v7 local=(5.969,1.524,0.635) world=(5.969,1.524,0.635)
jolt: body MESH_STATIC verts=8 faces=12 id=16777222
LMalloc of 44 not 8-byte aligned, rounding up
LMalloc of 44 not 8-byte aligned, rounding up
LMalloc of 100 not 8-byte aligned, rounding up
LMalloc of 44 not 8-byte aligned, rounding up
LMalloc of 9636 not 8-byte aligned, rounding up
RenderActor3DAnimates constructed with no animations!
LMalloc of 44 not 8-byte aligned, rounding up
LMalloc of 44 not 8-byte aligned, rounding up
LMalloc of 100 not 8-byte aligned, rounding up
LMalloc of 44 not 8-byte aligned, rounding up
LMalloc of 276 not 8-byte aligned, rounding up
RenderActor3DAnimates constructed with no animations!
LMalloc of 44 not 8-byte aligned, rounding up
LMalloc of 44 not 8-byte aligned, rounding up
MATL closed without all data read (bytesLeft = 264)
LMalloc of 44 not 8-byte aligned, rounding up
jolt: mesh actor_pos=(0.000,0.000,0.000)
jolt: mesh v0 local=(-6.246,-1.801,-2.500) world=(-6.246,-1.801,-2.500)
jolt: mesh v1 local=(-6.246,-1.801,-0.025) world=(-6.246,-1.801,-0.025)
jolt: mesh v2 local=(-6.246,1.801,-2.500) world=(-6.246,1.801,-2.500)
jolt: mesh v3 local=(-6.246,1.801,-0.025) world=(-6.246,1.801,-0.025)
jolt: mesh v4 local=(6.246,-1.801,-2.500) world=(6.246,-1.801,-2.500)
jolt: mesh v5 local=(6.246,-1.801,-0.025) world=(6.246,-1.801,-0.025)
jolt: mesh v6 local=(6.246,1.801,-2.500) world=(6.246,1.801,-2.500)
jolt: mesh v7 local=(6.246,1.801,-0.025) world=(6.246,1.801,-0.025)
jolt: body MESH_STATIC verts=8 faces=12 id=16777223
LMalloc of 44 not 8-byte aligned, rounding up
LMalloc of 44 not 8-byte aligned, rounding up
LMalloc of 100 not 8-byte aligned, rounding up
LMalloc of 44 not 8-byte aligned, rounding up
LMalloc of 276 not 8-byte aligned, rounding up
RenderActor3DAnimates constructed with no animations!
LMalloc of 44 not 8-byte aligned, rounding up
LMalloc of 44 not 8-byte aligned, rounding up
MATL closed without all data read (bytesLeft = 264)
LMalloc of 44 not 8-byte aligned, rounding up
jolt: mesh actor_pos=(0.000,0.000,0.000)
jolt: mesh v0 local=(-30.000,3.000,-5.000) world=(-30.000,3.000,-5.000)
jolt: mesh v1 local=(-30.000,3.000,20.000) world=(-30.000,3.000,20.000)
jolt: mesh v2 local=(-30.000,3.100,-5.000) world=(-30.000,3.100,-5.000)
jolt: mesh v3 local=(-30.000,3.100,20.000) world=(-30.000,3.100,20.000)
jolt: mesh v4 local=(30.000,3.000,-5.000) world=(30.000,3.000,-5.000)
jolt: mesh v5 local=(30.000,3.000,20.000) world=(30.000,3.000,20.000)
jolt: mesh v6 local=(30.000,3.100,-5.000) world=(30.000,3.100,-5.000)
jolt: mesh v7 local=(30.000,3.100,20.000) world=(30.000,3.100,20.000)
jolt: body MESH_STATIC verts=8 faces=12 id=16777224
zforth: INDEXOF_CAMSHOT = 1921 (expect 1921)
zforth: INDEXOF_CAMSHOT = 1921 (expect 1921)
jolt: OptimizeBroadPhase done (9 static bodies)
audio: MusicPlayer — soundfont not found: florestan-subset.sf2
audio: sfx[0] not found: wflevels/qbert_practice/sfx/qbert_hop.wav
audio: sfx[1] not found: wflevels/qbert_practice/sfx/qbert_land.wav
audio: sfx[2] not found: wflevels/qbert_practice/sfx/qbert_fall.wav
audio: sfx[3] not found: wflevels/qbert_practice/sfx/qbert_swear.wav
audio: sfx[4] not found: wflevels/qbert_practice/sfx/qbert_round_clear.wav
audio: sfx[5] not found: wflevels/qbert_practice/sfx/qbert_kill.wav
audio: sfx[6] not found: wflevels/qbert_practice/sfx/qbert_disc.wav
DMalloc of 36 not 8-byte aligned, rounding up
ball pos: (-0.003, -0.248, 2.786)
ball pos: (-0.008, -0.246, 2.970)
ball pos: (-0.013, -0.242, 3.042)
ball pos: (-0.019, -0.239, 3.049)
ball pos: (-0.026, -0.235, 3.017)
ball pos: (-0.032, -0.231, 2.965)
ball pos: (-0.039, -0.227, 2.900)
ball pos: (-0.045, -0.223, 2.853)
ball pos: (-0.052, -0.219, 2.978)
ball pos: (-0.058, -0.215, 3.136)
ball pos: (-0.065, -0.211, 3.192)
ball pos: (-0.071, -0.207, 3.190)
ball pos: (-0.077, -0.203, 3.153)
ball pos: (-0.083, -0.199, 3.097)
ball pos: (-0.089, -0.195, 3.030)
ball pos: (-0.095, -0.191, 2.983)
ball pos: (-0.101, -0.187, 3.106)
ball pos: (-0.107, -0.183, 3.268)
ball pos: (-0.113, -0.179, 3.328)
ball pos: (-0.119, -0.175, 3.328)
ball pos: (-0.124, -0.171, 3.293)

=== wf_game android_main (log → /storage/emulated/0/Android/data/org.worldfoundry.wf_game.aquarium/files/wf.log) ===
audio: miniaudio v0.11.25 ready
wf_game v0.4.1, Built:Oct  1 2026,02:27:16 by kts
argc = 1, commandIndex = 1
Level=-1
cerror:
cwarn:
cstats:
wf_game Ver 0.4.1, Built:Oct  1 2026,02:27:16 by kts
DBSTREAMS jolt: RegisterDefaultAllocator
jolt: Factory
jolt: RegisterTypes
jolt: RunSelftest
jolt: selftest ok (sphere fell to z=5.098)
jolt: backend init
jolt: backend ready (gravity -Z)
jolt: init complete
LMalloc of 76 not 8-byte aligned, rounding up
Opening cd.iff
LMalloc of 447 not 8-byte aligned, rounding up
zforth: INDEXOF_CAMSHOT = 1921 (expect 1921)
zforth: INDEXOF_CAMSHOT = 1921 (expect 1921)
LMalloc of 20 not 8-byte aligned, rounding up
delta too large: 1.229019165
timeofday:1791040265:540899
lasttimeofday: 1791040264:311874
deltatime:1:229025
delta: 1.229019165
LMalloc of 412 not 8-byte aligned, rounding up
LMalloc of 7620 not 8-byte aligned, rounding up
LMalloc of 20 not 8-byte aligned, rounding up
LMalloc of 20 not 8-byte aligned, rounding up
LMalloc of 44 not 8-byte aligned, rounding up
LMalloc of 44 not 8-byte aligned, rounding up
LMalloc of 44 not 8-byte aligned, rounding up
LMalloc of 44 not 8-byte aligned, rounding up
LMalloc of 44 not 8-byte aligned, rounding up
LMalloc of 44 not 8-byte aligned, rounding up
LMalloc of 44 not 8-byte aligned, rounding up
LMalloc of 44 not 8-byte aligned, rounding up
LMalloc of 44 not 8-byte aligned, rounding up
LMalloc of 44 not 8-byte aligned, rounding up
LMalloc of 44 not 8-byte aligned, rounding up
LMalloc of 44 not 8-byte aligned, rounding up
LMalloc of 44 not 8-byte aligned, rounding up
LMalloc of 44 not 8-byte aligned, rounding up
LMalloc of 44 not 8-byte aligned, rounding up
Level::Level: leveldata= 0xc0c8afa8, object count  = 36
ASS closed without all data read (bytesLeft = 4118)
ASS closed without all data read (bytesLeft = 150)
ASS closed without all data read (bytesLeft = 16)
ASS closed without all data read (bytesLeft = 16)
ASS closed without all data read (bytesLeft = 9708)
DMalloc of 84 not 8-byte aligned, rounding up
LMalloc of 76 not 8-byte aligned, rounding up
PixelMap::Load: this = 0xbf96be98
PixelMap::Load: this = 0xbf96bec8
LMalloc of 28 not 8-byte aligned, rounding up
LMalloc of 28 not 8-byte aligned, rounding up
LMalloc of 28 not 8-byte aligned, rounding up
LMalloc of 28 not 8-byte aligned, rounding up
LMalloc of 68 not 8-byte aligned, rounding up
LMalloc of 100 not 8-byte aligned, rounding up
DMalloc of 228 not 8-byte aligned, rounding up
[Actor] idx=2 class=23 commonOff=23028 NumberOfLocalMailboxes=0
DMalloc of 84 not 8-byte aligned, rounding up
[Actor] idx=3 class=13 commonOff=23028 NumberOfLocalMailboxes=0
DMalloc of 84 not 8-byte aligned, rounding up
this = 0xbf96f478,setting _memory to 0xbf96f098
DMalloc of 52 not 8-byte aligned, rounding up
DMalloc of 252 not 8-byte aligned, rounding up
[Actor] idx=4 class=20 commonOff=23740 NumberOfLocalMailboxes=0
DMalloc of 84 not 8-byte aligned, rounding up
DMalloc of 228 not 8-byte aligned, rounding up
[Actor] idx=6 class=11 commonOff=23028 NumberOfLocalMailboxes=0
DMalloc of 84 not 8-byte aligned, rounding up
[Actor] idx=7 class=16 commonOff=23028 NumberOfLocalMailboxes=0
DMalloc of 84 not 8-byte aligned, rounding up
[Actor] idx=8 class=3 commonOff=23028 NumberOfLocalMailboxes=0
DMalloc of 84 not 8-byte aligned, rounding up
[Actor] idx=9 class=22 commonOff=24480 NumberOfLocalMailboxes=6
DMalloc of 84 not 8-byte aligned, rounding up
jolt: character 0 created at (0.00, -0.25, 2.60) ctr=(0.00,0.00,0.00)
[Actor] idx=10 class=7 commonOff=24788 NumberOfLocalMailboxes=0
DMalloc of 84 not 8-byte aligned, rounding up
[Actor] idx=11 class=7 commonOff=24988 NumberOfLocalMailboxes=0
DMalloc of 84 not 8-byte aligned, rounding up
[Actor] idx=12 class=7 commonOff=25032 NumberOfLocalMailboxes=0
DMalloc of 84 not 8-byte aligned, rounding up
[Actor] idx=13 class=7 commonOff=25076 NumberOfLocalMailboxes=0
DMalloc of 84 not 8-byte aligned, rounding up
[Actor] idx=14 class=7 commonOff=25120 NumberOfLocalMailboxes=0
DMalloc of 84 not 8-byte aligned, rounding up
[Actor] idx=15 class=7 commonOff=25164 NumberOfLocalMailboxes=0
DMalloc of 84 not 8-byte aligned, rounding up
[Actor] idx=16 class=7 commonOff=25208 NumberOfLocalMailboxes=0
DMalloc of 84 not 8-byte aligned, rounding up
[Actor] idx=17 class=7 commonOff=25252 NumberOfLocalMailboxes=0
DMalloc of 84 not 8-byte aligned, rounding up
[Actor] idx=18 class=7 commonOff=25296 NumberOfLocalMailboxes=0
DMalloc of 84 not 8-byte aligned, rounding up
[Actor] idx=19 class=7 commonOff=25340 NumberOfLocalMailboxes=0
DMalloc of 84 not 8-byte aligned, rounding up
[Actor] idx=20 class=7 commonOff=25384 NumberOfLocalMailboxes=0
DMalloc of 84 not 8-byte aligned, rounding up
[Actor] idx=21 class=7 commonOff=25428 NumberOfLocalMailboxes=0
DMalloc of 84 not 8-byte aligned, rounding up
[Actor] idx=22 class=5 commonOff=23028 NumberOfLocalMailboxes=0
jolt: body STATIC pos=(0.00,0.00,0.00) half=(6.10,1.65,0.12) id=8388608
[Actor] idx=23 class=5 commonOff=23028 NumberOfLocalMailboxes=0
jolt: body STATIC pos=(0.00,1.53,2.73) half=(5.97,0.12,2.10) id=8388609
[Actor] idx=24 class=5 commonOff=23028 NumberOfLocalMailboxes=0
jolt: body STATIC pos=(0.00,1.53,5.08) half=(6.10,0.12,0.25) id=8388610
[Actor] idx=25 class=5 commonOff=23028 NumberOfLocalMailboxes=0
jolt: body STATIC pos=(-6.09,0.00,2.67) half=(0.12,1.65,2.67) id=8388611
[Actor] idx=26 class=5 commonOff=23028 NumberOfLocalMailboxes=0
jolt: body STATIC pos=(5.97,0.00,2.67) half=(0.12,1.65,2.67) id=8388612
[Actor] idx=27 class=5 commonOff=23028 NumberOfLocalMailboxes=0
jolt: body STATIC pos=(0.00,-1.78,2.67) half=(6.10,0.12,2.67) id=8388613
[Actor] idx=28 class=7 commonOff=23028 NumberOfLocalMailboxes=0
DMalloc of 84 not 8-byte aligned, rounding up
[Actor] idx=29 class=5 commonOff=23028 NumberOfLocalMailboxes=0
jolt: body STATIC pos=(0.00,0.00,0.38) half=(5.97,1.52,0.25) id=8388614
[Actor] idx=30 class=7 commonOff=23028 NumberOfLocalMailboxes=0
DMalloc of 84 not 8-byte aligned, rounding up
[Actor] idx=31 class=5 commonOff=23028 NumberOfLocalMailboxes=0
jolt: body STATIC pos=(0.00,0.00,-1.26) half=(6.25,1.80,1.24) id=8388615
[Actor] idx=32 class=5 commonOff=23028 NumberOfLocalMailboxes=0
jolt: body STATIC pos=(0.00,2.97,7.50) half=(30.00,0.12,12.50) id=8388616
DMalloc of 228 not 8-byte aligned, rounding up
[Actor] idx=33 class=23 commonOff=23028 NumberOfLocalMailboxes=0
DMalloc of 84 not 8-byte aligned, rounding up
[Actor] idx=34 class=3 commonOff=23028 NumberOfLocalMailboxes=0
DMalloc of 84 not 8-byte aligned, rounding up
[Actor] idx=35 class=16 commonOff=23028 NumberOfLocalMailboxes=0
DMalloc of 84 not 8-byte aligned, rounding up
LMalloc of 20 not 8-byte aligned, rounding up
LMalloc of 212 not 8-byte aligned, rounding up
DMalloc of 70 not 8-byte aligned, rounding up
DMalloc of 404 not 8-byte aligned, rounding up
DMalloc of 452 not 8-byte aligned, rounding up
DMalloc of 460 not 8-byte aligned, rounding up
DMalloc of 404 not 8-byte aligned, rounding up
Walking from 0
0->0
0->0
LMalloc of 20 not 8-byte aligned, rounding up
LMalloc of 20 not 8-byte aligned, rounding up
ASS closed without all data read (bytesLeft = 4118)
ASS closed without all data read (bytesLeft = 150)
ASS closed without all data read (bytesLeft = 16)
ASS closed without all data read (bytesLeft = 16)
ASS closed without all data read (bytesLeft = 9708)
ASS closed without all data read (bytesLeft = 4972)
ASS closed without all data read (bytesLeft = 588)
ASS closed without all data read (bytesLeft = 4692)
ASS closed without all data read (bytesLeft = 588)
ASS closed without all data read (bytesLeft = 588)
ASS closed without all data read (bytesLeft = 588)
ASS closed without all data read (bytesLeft = 588)
ASS closed without all data read (bytesLeft = 1260)
ASS closed without all data read (bytesLeft = 588)
ASS closed without all data read (bytesLeft = 10860)
ASS closed without all data read (bytesLeft = 588)
ASS closed without all data read (bytesLeft = 588)
DMalloc of 84 not 8-byte aligned, rounding up
LMalloc of 220 not 8-byte aligned, rounding up
PixelMap::Load: this = 0xbf96bef8
PixelMap::Load: this = 0xbf96bf28
LMalloc of 28 not 8-byte aligned, rounding up
LMalloc of 28 not 8-byte aligned, rounding up
LMalloc of 28 not 8-byte aligned, rounding up
LMalloc of 28 not 8-byte aligned, rounding up
LMalloc of 44 not 8-byte aligned, rounding up
LMalloc of 44 not 8-byte aligned, rounding up
LMalloc of 44 not 8-byte aligned, rounding up
LMalloc of 7836 not 8-byte aligned, rounding up
RenderActor3DAnimates constructed with no animations!
LMalloc of 44 not 8-byte aligned, rounding up
LMalloc of 44 not 8-byte aligned, rounding up
LMalloc of 44 not 8-byte aligned, rounding up
LMalloc of 7836 not 8-byte aligned, rounding up
RenderActor3DAnimates constructed with no animations!
LMalloc of 44 not 8-byte aligned, rounding up
LMalloc of 44 not 8-byte aligned, rounding up
LMalloc of 100 not 8-byte aligned, rounding up
LMalloc of 44 not 8-byte aligned, rounding up
LMalloc of 4516 not 8-byte aligned, rounding up
RenderActor3DAnimates constructed with no animations!
LMalloc of 44 not 8-byte aligned, rounding up
LMalloc of 44 not 8-byte aligned, rounding up
LMalloc of 44 not 8-byte aligned, rounding up
LMalloc of 7836 not 8-byte aligned, rounding up
RenderActor3DAnimates constructed with no animations!
LMalloc of 44 not 8-byte aligned, rounding up
LMalloc of 44 not 8-byte aligned, rounding up
LMalloc of 100 not 8-byte aligned, rounding up
LMalloc of 44 not 8-byte aligned, rounding up
LMalloc of 4516 not 8-byte aligned, rounding up
RenderActor3DAnimates constructed with no animations!
LMalloc of 44 not 8-byte aligned, rounding up
LMalloc of 44 not 8-byte aligned, rounding up
LMalloc of 44 not 8-byte aligned, rounding up
LMalloc of 7836 not 8-byte aligned, rounding up
RenderActor3DAnimates constructed with no animations!
LMalloc of 44 not 8-byte aligned, rounding up
LMalloc of 44 not 8-byte aligned, rounding up
LMalloc of 100 not 8-byte aligned, rounding up
LMalloc of 44 not 8-byte aligned, rounding up
LMalloc of 4516 not 8-byte aligned, rounding up
RenderActor3DAnimates constructed with no animations!
LMalloc of 44 not 8-byte aligned, rounding up
LMalloc of 44 not 8-byte aligned, rounding up
LMalloc of 44 not 8-byte aligned, rounding up
LMalloc of 7836 not 8-byte aligned, rounding up
RenderActor3DAnimates constructed with no animations!
LMalloc of 44 not 8-byte aligned, rounding up
LMalloc of 44 not 8-byte aligned, rounding up
LMalloc of 100 not 8-byte aligned, rounding up
LMalloc of 44 not 8-byte aligned, rounding up
LMalloc of 4516 not 8-byte aligned, rounding up
RenderActor3DAnimates constructed with no animations!
LMalloc of 44 not 8-byte aligned, rounding up
LMalloc of 44 not 8-byte aligned, rounding up
LMalloc of 44 not 8-byte aligned, rounding up
LMalloc of 7836 not 8-byte aligned, rounding up
RenderActor3DAnimates constructed with no animations!
LMalloc of 44 not 8-byte aligned, rounding up
LMalloc of 44 not 8-byte aligned, rounding up
LMalloc of 100 not 8-byte aligned, rounding up
LMalloc of 44 not 8-byte aligned, rounding up
LMalloc of 4516 not 8-byte aligned, rounding up
RenderActor3DAnimates constructed with no animations!
LMalloc of 44 not 8-byte aligned, rounding up
LMalloc of 44 not 8-byte aligned, rounding up
LMalloc of 44 not 8-byte aligned, rounding up
LMalloc of 7836 not 8-byte aligned, rounding up
RenderActor3DAnimates constructed with no animations!
LMalloc of 44 not 8-byte aligned, rounding up
LMalloc of 44 not 8-byte aligned, rounding up
LMalloc of 100 not 8-byte aligned, rounding up
LMalloc of 44 not 8-byte aligned, rounding up
LMalloc of 4516 not 8-byte aligned, rounding up
RenderActor3DAnimates constructed with no animations!
LMalloc of 44 not 8-byte aligned, rounding up
LMalloc of 44 not 8-byte aligned, rounding up
LMalloc of 100 not 8-byte aligned, rounding up
LMalloc of 44 not 8-byte aligned, rounding up
LMalloc of 276 not 8-byte aligned, rounding up
RenderActor3DAnimates constructed with no animations!
LMalloc of 44 not 8-byte aligned, rounding up
LMalloc of 44 not 8-byte aligned, rounding up
MATL closed without all data read (bytesLeft = 264)
LMalloc of 44 not 8-byte aligned, rounding up
jolt: mesh actor_pos=(0.000,0.000,0.000)
jolt: mesh v0 local=(-6.096,-1.651,0.000) world=(-6.096,-1.651,0.000)
jolt: mesh v1 local=(-6.096,-1.651,0.127) world=(-6.096,-1.651,0.127)
jolt: mesh v2 local=(-6.096,1.651,0.000) world=(-6.096,1.651,0.000)
jolt: mesh v3 local=(-6.096,1.651,0.127) world=(-6.096,1.651,0.127)
jolt: mesh v4 local=(6.096,-1.651,0.000) world=(6.096,-1.651,0.000)
jolt: mesh v5 local=(6.096,-1.651,0.127) world=(6.096,-1.651,0.127)
jolt: mesh v6 local=(6.096,1.651,0.000) world=(6.096,1.651,0.000)
jolt: mesh v7 local=(6.096,1.651,0.127) world=(6.096,1.651,0.127)
jolt: body MESH_STATIC verts=8 faces=12 id=16777216
LMalloc of 44 not 8-byte aligned, rounding up
LMalloc of 44 not 8-byte aligned, rounding up
LMalloc of 44 not 8-byte aligned, rounding up
LMalloc of 2436 not 8-byte aligned, rounding up
RenderActor3DAnimates constructed with no animations!
LMalloc of 44 not 8-byte aligned, rounding up
LMalloc of 44 not 8-byte aligned, rounding up
MATL closed without all data read (bytesLeft = 2640)
LMalloc of 44 not 8-byte aligned, rounding up
jolt: mesh actor_pos=(0.000,0.000,0.000)
jolt: mesh v0 local=(-5.969,1.524,0.635) world=(-5.969,1.524,0.635)
jolt: mesh v1 local=(-5.969,1.524,1.054) world=(-5.969,1.524,1.054)
jolt: mesh v2 local=(-5.969,1.524,1.473) world=(-5.969,1.524,1.473)
jolt: mesh v3 local=(-5.969,1.524,1.892) world=(-5.969,1.524,1.892)
jolt: mesh v4 local=(-5.969,1.524,2.311) world=(-5.969,1.524,2.311)
jolt: mesh v5 local=(-5.969,1.524,2.730) world=(-5.969,1.524,2.730)
jolt: mesh v6 local=(-5.969,1.524,3.150) world=(-5.969,1.524,3.150)
jolt: mesh v7 local=(-5.969,1.524,3.569) world=(-5.969,1.524,3.569)
jolt: mesh v8 local=(-5.969,1.524,3.988) world=(-5.969,1.524,3.988)
jolt: mesh v9 local=(-5.969,1.524,4.407) world=(-5.969,1.524,4.407)
jolt: mesh v10 local=(-5.969,1.524,4.826) world=(-5.969,1.524,4.826)
jolt: mesh v11 local=(-5.969,1.651,0.635) world=(-5.969,1.651,0.635)
jolt: mesh v12 local=(-5.969,1.651,1.054) world=(-5.969,1.651,1.054)
jolt: mesh v13 local=(-5.969,1.651,1.473) world=(-5.969,1.651,1.473)
jolt: mesh v14 local=(-5.969,1.651,1.892) world=(-5.969,1.651,1.892)
jolt: mesh v15 local=(-5.969,1.651,2.311) world=(-5.969,1.651,2.311)
jolt: mesh v16 local=(-5.969,1.651,2.730) world=(-5.969,1.651,2.730)
jolt: mesh v17 local=(-5.969,1.651,3.150) world=(-5.969,1.651,3.150)
jolt: mesh v18 local=(-5.969,1.651,3.569) world=(-5.969,1.651,3.569)
jolt: mesh v19 local=(-5.969,1.651,3.988) world=(-5.969,1.651,3.988)
jolt: mesh v20 local=(-5.969,1.651,4.407) world=(-5.969,1.651,4.407)
jolt: mesh v21 local=(-5.969,1.651,4.826) world=(-5.969,1.651,4.826)
jolt: mesh v22 local=(5.969,1.524,0.635) world=(5.969,1.524,0.635)
jolt: mesh v23 local=(5.969,1.524,1.054) world=(5.969,1.524,1.054)
jolt: mesh v24 local=(5.969,1.524,1.473) world=(5.969,1.524,1.473)
jolt: mesh v25 local=(5.969,1.524,1.892) world=(5.969,1.524,1.892)
jolt: mesh v26 local=(5.969,1.524,2.311) world=(5.969,1.524,2.311)
jolt: mesh v27 local=(5.969,1.524,2.730) world=(5.969,1.524,2.730)
jolt: mesh v28 local=(5.969,1.524,3.150) world=(5.969,1.524,3.150)
jolt: mesh v29 local=(5.969,1.524,3.569) world=(5.969,1.524,3.569)
jolt: mesh v30 local=(5.969,1.524,3.988) world=(5.969,1.524,3.988)
jolt: mesh v31 local=(5.969,1.524,4.407) world=(5.969,1.524,4.407)
jolt: mesh v32 local=(5.969,1.524,4.826) world=(5.969,1.524,4.826)
jolt: mesh v33 local=(5.969,1.651,0.635) world=(5.969,1.651,0.635)
jolt: mesh v34 local=(5.969,1.651,1.054) world=(5.969,1.651,1.054)
jolt: mesh v35 local=(5.969,1.651,1.473) world=(5.969,1.651,1.473)
jolt: mesh v36 local=(5.969,1.651,1.892) world=(5.969,1.651,1.892)
jolt: mesh v37 local=(5.969,1.651,2.311) world=(5.969,1.651,2.311)
jolt: mesh v38 local=(5.969,1.651,2.730) world=(5.969,1.651,2.730)
jolt: mesh v39 local=(5.969,1.651,3.150) world=(5.969,1.651,3.150)
jolt: mesh v40 local=(5.969,1.651,3.569) world=(5.969,1.651,3.569)
jolt: mesh v41 local=(5.969,1.651,3.988) world=(5.969,1.651,3.988)
jolt: mesh v42 local=(5.969,1.651,4.407) world=(5.969,1.651,4.407)
jolt: mesh v43 local=(5.969,1.651,4.826) world=(5.969,1.651,4.826)
jolt: body MESH_STATIC verts=44 faces=120 id=16777217
LMalloc of 44 not 8-byte aligned, rounding up
LMalloc of 44 not 8-byte aligned, rounding up
LMalloc of 100 not 8-byte aligned, rounding up
LMalloc of 44 not 8-byte aligned, rounding up
LMalloc of 276 not 8-byte aligned, rounding up
RenderActor3DAnimates constructed with no animations!
LMalloc of 44 not 8-byte aligned, rounding up
LMalloc of 44 not 8-byte aligned, rounding up
MATL closed without all data read (bytesLeft = 264)
LMalloc of 44 not 8-byte aligned, rounding up
jolt: mesh actor_pos=(0.000,0.000,0.000)
jolt: mesh v0 local=(-6.096,1.524,4.826) world=(-6.096,1.524,4.826)
jolt: mesh v1 local=(-6.096,1.524,5.334) world=(-6.096,1.524,5.334)
jolt: mesh v2 local=(-6.096,1.651,4.826) world=(-6.096,1.651,4.826)
jolt: mesh v3 local=(-6.096,1.651,5.334) world=(-6.096,1.651,5.334)
jolt: mesh v4 local=(6.096,1.524,4.826) world=(6.096,1.524,4.826)
jolt: mesh v5 local=(6.096,1.524,5.334) world=(6.096,1.524,5.334)
jolt: mesh v6 local=(6.096,1.651,4.826) world=(6.096,1.651,4.826)
jolt: mesh v7 local=(6.096,1.651,5.334) world=(6.096,1.651,5.334)
jolt: body MESH_STATIC verts=8 faces=12 id=16777218
LMalloc of 44 not 8-byte aligned, rounding up
LMalloc of 44 not 8-byte aligned, rounding up
LMalloc of 100 not 8-byte aligned, rounding up
LMalloc of 44 not 8-byte aligned, rounding up
LMalloc of 276 not 8-byte aligned, rounding up
RenderActor3DAnimates constructed with no animations!
LMalloc of 44 not 8-byte aligned, rounding up
LMalloc of 44 not 8-byte aligned, rounding up
MATL closed without all data read (bytesLeft = 264)
LMalloc of 44 not 8-byte aligned, rounding up
jolt: mesh actor_pos=(0.000,0.000,0.000)
jolt: mesh v0 local=(-6.096,-1.651,0.000) world=(-6.096,-1.651,0.000)
jolt: mesh v1 local=(-6.096,-1.651,5.334) world=(-6.096,-1.651,5.334)
jolt: mesh v2 local=(-6.096,1.651,0.000) world=(-6.096,1.651,0.000)
jolt: mesh v3 local=(-6.096,1.651,5.334) world=(-6.096,1.651,5.334)
jolt: mesh v4 local=(-5.969,-1.651,0.000) world=(-5.969,-1.651,0.000)
jolt: mesh v5 local=(-5.969,-1.651,5.334) world=(-5.969,-1.651,5.334)
jolt: mesh v6 local=(-5.969,1.651,0.000) world=(-5.969,1.651,0.000)
jolt: mesh v7 local=(-5.969,1.651,5.334) world=(-5.969,1.651,5.334)
jolt: body MESH_STATIC verts=8 faces=12 id=16777219
LMalloc of 44 not 8-byte aligned, rounding up
LMalloc of 44 not 8-byte aligned, rounding up
LMalloc of 100 not 8-byte aligned, rounding up
LMalloc of 44 not 8-byte aligned, rounding up
LMalloc of 276 not 8-byte aligned, rounding up
RenderActor3DAnimates constructed with no animations!
LMalloc of 44 not 8-byte aligned, rounding up
LMalloc of 44 not 8-byte aligned, rounding up
MATL closed without all data read (bytesLeft = 264)
LMalloc of 44 not 8-byte aligned, rounding up
jolt: mesh actor_pos=(0.000,0.000,0.000)
jolt: mesh v0 local=(5.969,-1.651,0.000) world=(5.969,-1.651,0.000)
jolt: mesh v1 local=(5.969,-1.651,5.334) world=(5.969,-1.651,5.334)
jolt: mesh v2 local=(5.969,1.651,0.000) world=(5.969,1.651,0.000)
jolt: mesh v3 local=(5.969,1.651,5.334) world=(5.969,1.651,5.334)
jolt: mesh v4 local=(6.096,-1.651,0.000) world=(6.096,-1.651,0.000)
jolt: mesh v5 local=(6.096,-1.651,5.334) world=(6.096,-1.651,5.334)
jolt: mesh v6 local=(6.096,1.651,0.000) world=(6.096,1.651,0.000)
jolt: mesh v7 local=(6.096,1.651,5.334) world=(6.096,1.651,5.334)
jolt: body MESH_STATIC verts=8 faces=12 id=16777220
LMalloc of 44 not 8-byte aligned, rounding up
LMalloc of 44 not 8-byte aligned, rounding up
LMalloc of 100 not 8-byte aligned, rounding up
LMalloc of 44 not 8-byte aligned, rounding up
LMalloc of 276 not 8-byte aligned, rounding up
RenderActor3DAnimates constructed with no animations!
LMalloc of 44 not 8-byte aligned, rounding up
LMalloc of 44 not 8-byte aligned, rounding up
MATL closed without all data read (bytesLeft = 264)
LMalloc of 44 not 8-byte aligned, rounding up
jolt: mesh actor_pos=(0.000,0.000,0.000)
jolt: mesh v0 local=(-6.096,-1.778,0.000) world=(-6.096,-1.778,0.000)
jolt: mesh v1 local=(-6.096,-1.778,5.334) world=(-6.096,-1.778,5.334)
jolt: mesh v2 local=(-6.096,-1.651,0.000) world=(-6.096,-1.651,0.000)
jolt: mesh v3 local=(-6.096,-1.651,5.334) world=(-6.096,-1.651,5.334)
jolt: mesh v4 local=(6.096,-1.778,0.000) world=(6.096,-1.778,0.000)
jolt: mesh v5 local=(6.096,-1.778,5.334) world=(6.096,-1.778,5.334)
jolt: mesh v6 local=(6.096,-1.651,0.000) world=(6.096,-1.651,0.000)
jolt: mesh v7 local=(6.096,-1.651,5.334) world=(6.096,-1.651,5.334)
jolt: body MESH_STATIC verts=8 faces=12 id=16777221
LMalloc of 44 not 8-byte aligned, rounding up
LMalloc of 44 not 8-byte aligned, rounding up
LMalloc of 100 not 8-byte aligned, rounding up
LMalloc of 44 not 8-byte aligned, rounding up
LMalloc of 996 not 8-byte aligned, rounding up
RenderActor3DAnimates constructed with no animations!
LMalloc of 44 not 8-byte aligned, rounding up
LMalloc of 44 not 8-byte aligned, rounding up
LMalloc of 100 not 8-byte aligned, rounding up
LMalloc of 44 not 8-byte aligned, rounding up
LMalloc of 276 not 8-byte aligned, rounding up
RenderActor3DAnimates constructed with no animations!
LMalloc of 44 not 8-byte aligned, rounding up
LMalloc of 44 not 8-byte aligned, rounding up
MATL closed without all data read (bytesLeft = 264)
LMalloc of 44 not 8-byte aligned, rounding up
jolt: mesh actor_pos=(0.000,0.000,0.000)
jolt: mesh v0 local=(-5.969,-1.524,0.127) world=(-5.969,-1.524,0.127)
jolt: mesh v1 local=(-5.969,-1.524,0.635) world=(-5.969,-1.524,0.635)
jolt: mesh v2 local=(-5.969,1.524,0.127) world=(-5.969,1.524,0.127)
jolt: mesh v3 local=(-5.969,1.524,0.635) world=(-5.969,1.524,0.635)
jolt: mesh v4 local=(5.969,-1.524,0.127) world=(5.969,-1.524,0.127)
jolt: mesh v5 local=(5.969,-1.524,0.635) world=(5.969,-1.524,0.635)
jolt: mesh v6 local=(5.969,1.524,0.127) world=(5.969,1.524,0.127)
jolt: mesh v7 local=(5.969,1.524,0.635) world=(5.969,1.524,0.635)
jolt: body MESH_STATIC verts=8 faces=12 id=16777222
LMalloc of 44 not 8-byte aligned, rounding up
LMalloc of 44 not 8-byte aligned, rounding up
LMalloc of 100 not 8-byte aligned, rounding up
LMalloc of 44 not 8-byte aligned, rounding up
LMalloc of 9636 not 8-byte aligned, rounding up
RenderActor3DAnimates constructed with no animations!
LMalloc of 44 not 8-byte aligned, rounding up
LMalloc of 44 not 8-byte aligned, rounding up
LMalloc of 100 not 8-byte aligned, rounding up
LMalloc of 44 not 8-byte aligned, rounding up
LMalloc of 276 not 8-byte aligned, rounding up
RenderActor3DAnimates constructed with no animations!
LMalloc of 44 not 8-byte aligned, rounding up
LMalloc of 44 not 8-byte aligned, rounding up
MATL closed without all data read (bytesLeft = 264)
LMalloc of 44 not 8-byte aligned, rounding up
jolt: mesh actor_pos=(0.000,0.000,0.000)
jolt: mesh v0 local=(-6.246,-1.801,-2.500) world=(-6.246,-1.801,-2.500)
jolt: mesh v1 local=(-6.246,-1.801,-0.025) world=(-6.246,-1.801,-0.025)
jolt: mesh v2 local=(-6.246,1.801,-2.500) world=(-6.246,1.801,-2.500)
jolt: mesh v3 local=(-6.246,1.801,-0.025) world=(-6.246,1.801,-0.025)
jolt: mesh v4 local=(6.246,-1.801,-2.500) world=(6.246,-1.801,-2.500)
jolt: mesh v5 local=(6.246,-1.801,-0.025) world=(6.246,-1.801,-0.025)
jolt: mesh v6 local=(6.246,1.801,-2.500) world=(6.246,1.801,-2.500)
jolt: mesh v7 local=(6.246,1.801,-0.025) world=(6.246,1.801,-0.025)
jolt: body MESH_STATIC verts=8 faces=12 id=16777223
LMalloc of 44 not 8-byte aligned, rounding up
LMalloc of 44 not 8-byte aligned, rounding up
LMalloc of 100 not 8-byte aligned, rounding up
LMalloc of 44 not 8-byte aligned, rounding up
LMalloc of 276 not 8-byte aligned, rounding up
RenderActor3DAnimates constructed with no animations!
LMalloc of 44 not 8-byte aligned, rounding up
LMalloc of 44 not 8-byte aligned, rounding up
MATL closed without all data read (bytesLeft = 264)
LMalloc of 44 not 8-byte aligned, rounding up
jolt: mesh actor_pos=(0.000,0.000,0.000)
jolt: mesh v0 local=(-30.000,3.000,-5.000) world=(-30.000,3.000,-5.000)
jolt: mesh v1 local=(-30.000,3.000,20.000) world=(-30.000,3.000,20.000)
jolt: mesh v2 local=(-30.000,3.100,-5.000) world=(-30.000,3.100,-5.000)
jolt: mesh v3 local=(-30.000,3.100,20.000) world=(-30.000,3.100,20.000)
jolt: mesh v4 local=(30.000,3.000,-5.000) world=(30.000,3.000,-5.000)
jolt: mesh v5 local=(30.000,3.000,20.000) world=(30.000,3.000,20.000)
jolt: mesh v6 local=(30.000,3.100,-5.000) world=(30.000,3.100,-5.000)
jolt: mesh v7 local=(30.000,3.100,20.000) world=(30.000,3.100,20.000)
jolt: body MESH_STATIC verts=8 faces=12 id=16777224
zforth: INDEXOF_CAMSHOT = 1921 (expect 1921)
zforth: INDEXOF_CAMSHOT = 1921 (expect 1921)
jolt: OptimizeBroadPhase done (9 static bodies)
audio: MusicPlayer — soundfont not found: florestan-subset.sf2
audio: sfx[0] not found: wflevels/qbert_practice/sfx/qbert_hop.wav
audio: sfx[1] not found: wflevels/qbert_practice/sfx/qbert_land.wav
audio: sfx[2] not found: wflevels/qbert_practice/sfx/qbert_fall.wav
audio: sfx[3] not found: wflevels/qbert_practice/sfx/qbert_swear.wav
audio: sfx[4] not found: wflevels/qbert_practice/sfx/qbert_round_clear.wav
audio: sfx[5] not found: wflevels/qbert_practice/sfx/qbert_kill.wav
audio: sfx[6] not found: wflevels/qbert_practice/sfx/qbert_disc.wav
DMalloc of 36 not 8-byte aligned, rounding up
ball pos: (-0.003, -0.248, 2.786)
ball pos: (-0.008, -0.246, 2.970)
ball pos: (-0.013, -0.242, 3.042)
ball pos: (-0.019, -0.239, 3.048)
ball pos: (-0.026, -0.235, 3.017)
ball pos: (-0.032, -0.231, 2.964)
ball pos: (-0.039, -0.227, 2.899)
ball pos: (-0.045, -0.223, 2.853)
ball pos: (-0.052, -0.219, 2.978)
ball pos: (-0.058, -0.215, 3.135)
ball pos: (-0.065, -0.211, 3.191)
ball pos: (-0.071, -0.207, 3.189)
ball pos: (-0.077, -0.203, 3.152)
ball pos: (-0.083, -0.199, 3.097)
ball pos: (-0.089, -0.195, 3.030)
ball pos: (-0.095, -0.191, 2.983)
ball pos: (-0.101, -0.187, 3.107)
ball pos: (-0.107, -0.183, 3.270)
ball pos: (-0.113, -0.179, 3.330)
ball pos: (-0.119, -0.175, 3.330)
ball pos: (-0.124, -0.171, 3.295)
ball pos: (-0.130, -0.167, 3.240)
ball pos: (-0.135, -0.163, 3.174)
ball pos: (-0.140, -0.159, 3.127)
ball pos: (-0.145, -0.155, 3.251)
ball pos: (-0.151, -0.151, 3.408)
ball pos: (-0.156, -0.147, 3.465)
ball pos: (-0.161, -0.143, 3.462)
ball pos: (-0.165, -0.139, 3.426)
ball pos: (-0.170, -0.135, 3.370)

=== wf_game android_main (log → /storage/emulated/0/Android/data/org.worldfoundry.wf_game.aquarium/files/wf.log) ===
audio: miniaudio v0.11.25 ready
wf_game v0.4.1, Built:Oct  1 2026,02:27:16 by kts
argc = 1, commandIndex = 1
Level=-1
cerror:
cwarn:
cstats:
wf_game Ver 0.4.1, Built:Oct  1 2026,02:27:16 by kts
DBSTREAMS jolt: RegisterDefaultAllocator
jolt: Factory
jolt: RegisterTypes
jolt: RunSelftest
jolt: selftest ok (sphere fell to z=5.098)
jolt: backend init
jolt: backend ready (gravity -Z)
jolt: init complete
LMalloc of 76 not 8-byte aligned, rounding up
Opening cd.iff
LMalloc of 447 not 8-byte aligned, rounding up
zforth: INDEXOF_CAMSHOT = 1921 (expect 1921)
zforth: INDEXOF_CAMSHOT = 1921 (expect 1921)
LMalloc of 20 not 8-byte aligned, rounding up
LMalloc of 412 not 8-byte aligned, rounding up
LMalloc of 7620 not 8-byte aligned, rounding up
LMalloc of 20 not 8-byte aligned, rounding up
LMalloc of 20 not 8-byte aligned, rounding up
LMalloc of 44 not 8-byte aligned, rounding up
LMalloc of 44 not 8-byte aligned, rounding up
LMalloc of 44 not 8-byte aligned, rounding up
LMalloc of 44 not 8-byte aligned, rounding up
LMalloc of 44 not 8-byte aligned, rounding up
LMalloc of 44 not 8-byte aligned, rounding up
LMalloc of 44 not 8-byte aligned, rounding up
LMalloc of 44 not 8-byte aligned, rounding up
LMalloc of 44 not 8-byte aligned, rounding up
LMalloc of 44 not 8-byte aligned, rounding up
LMalloc of 44 not 8-byte aligned, rounding up
LMalloc of 44 not 8-byte aligned, rounding up
LMalloc of 44 not 8-byte aligned, rounding up
LMalloc of 44 not 8-byte aligned, rounding up
LMalloc of 44 not 8-byte aligned, rounding up
LMalloc of 44 not 8-byte aligned, rounding up
LMalloc of 44 not 8-byte aligned, rounding up
LMalloc of 44 not 8-byte aligned, rounding up
LMalloc of 44 not 8-byte aligned, rounding up
LMalloc of 44 not 8-byte aligned, rounding up
LMalloc of 44 not 8-byte aligned, rounding up
Level::Level: leveldata= 0xc4300668, object count  = 39
ASS closed without all data read (bytesLeft = 4118)
ASS closed without all data read (bytesLeft = 150)
ASS closed without all data read (bytesLeft = 16)
ASS closed without all data read (bytesLeft = 16)
ASS closed without all data read (bytesLeft = 13508)
DMalloc of 84 not 8-byte aligned, rounding up
LMalloc of 76 not 8-byte aligned, rounding up
PixelMap::Load: this = 0xc2a287d8
PixelMap::Load: this = 0xc2a28808
LMalloc of 28 not 8-byte aligned, rounding up
LMalloc of 28 not 8-byte aligned, rounding up
LMalloc of 28 not 8-byte aligned, rounding up
LMalloc of 28 not 8-byte aligned, rounding up
LMalloc of 972 not 8-byte aligned, rounding up
LMalloc of 172 not 8-byte aligned, rounding up
LMalloc of 68 not 8-byte aligned, rounding up
LMalloc of 100 not 8-byte aligned, rounding up
DMalloc of 228 not 8-byte aligned, rounding up
[Actor] idx=2 class=23 commonOff=9516 NumberOfLocalMailboxes=0
DMalloc of 84 not 8-byte aligned, rounding up
[Actor] idx=3 class=13 commonOff=9516 NumberOfLocalMailboxes=0
DMalloc of 84 not 8-byte aligned, rounding up
this = 0xc2a2bdb8,setting _memory to 0xc2a2b9d8
DMalloc of 52 not 8-byte aligned, rounding up
DMalloc of 252 not 8-byte aligned, rounding up
[Actor] idx=4 class=20 commonOff=10228 NumberOfLocalMailboxes=0
DMalloc of 84 not 8-byte aligned, rounding up
DMalloc of 228 not 8-byte aligned, rounding up
[Actor] idx=6 class=11 commonOff=9516 NumberOfLocalMailboxes=0
DMalloc of 84 not 8-byte aligned, rounding up
[Actor] idx=7 class=16 commonOff=9516 NumberOfLocalMailboxes=0
DMalloc of 84 not 8-byte aligned, rounding up
[Actor] idx=8 class=3 commonOff=9516 NumberOfLocalMailboxes=0
DMalloc of 84 not 8-byte aligned, rounding up
[Actor] idx=9 class=22 commonOff=10968 NumberOfLocalMailboxes=6
DMalloc of 84 not 8-byte aligned, rounding up
jolt: character 0 created at (0.00, -0.85, 0.86) ctr=(0.00,0.00,0.00)
[Actor] idx=10 class=7 commonOff=9516 NumberOfLocalMailboxes=0
DMalloc of 84 not 8-byte aligned, rounding up
[Actor] idx=11 class=7 commonOff=9516 NumberOfLocalMailboxes=0
DMalloc of 84 not 8-byte aligned, rounding up
[Actor] idx=12 class=7 commonOff=9516 NumberOfLocalMailboxes=0
DMalloc of 84 not 8-byte aligned, rounding up
[Actor] idx=13 class=7 commonOff=9516 NumberOfLocalMailboxes=0
DMalloc of 84 not 8-byte aligned, rounding up
[Actor] idx=14 class=7 commonOff=9516 NumberOfLocalMailboxes=0
DMalloc of 84 not 8-byte aligned, rounding up
[Actor] idx=15 class=7 commonOff=9516 NumberOfLocalMailboxes=0
DMalloc of 84 not 8-byte aligned, rounding up
[Actor] idx=16 class=7 commonOff=9516 NumberOfLocalMailboxes=0
DMalloc of 84 not 8-byte aligned, rounding up
[Actor] idx=17 class=7 commonOff=9516 NumberOfLocalMailboxes=0
DMalloc of 84 not 8-byte aligned, rounding up
[Actor] idx=18 class=5 commonOff=9516 NumberOfLocalMailboxes=0
jolt: body STATIC pos=(0.00,0.00,0.00) half=(6.10,1.65,0.12) id=8388608
[Actor] idx=19 class=5 commonOff=9516 NumberOfLocalMailboxes=0
jolt: body STATIC pos=(0.00,1.53,2.73) half=(5.97,0.12,2.10) id=8388609
[Actor] idx=20 class=5 commonOff=9516 NumberOfLocalMailboxes=0
jolt: body STATIC pos=(0.00,1.53,5.08) half=(6.10,0.12,0.25) id=8388610
[Actor] idx=21 class=5 commonOff=9516 NumberOfLocalMailboxes=0
jolt: body STATIC pos=(-6.09,0.00,2.67) half=(0.12,1.65,2.67) id=8388611
[Actor] idx=22 class=5 commonOff=9516 NumberOfLocalMailboxes=0
jolt: body STATIC pos=(5.97,0.00,2.67) half=(0.12,1.65,2.67) id=8388612
[Actor] idx=23 class=5 commonOff=9516 NumberOfLocalMailboxes=0
jolt: body STATIC pos=(0.00,-1.78,2.67) half=(6.10,0.12,2.67) id=8388613
[Actor] idx=24 class=7 commonOff=9516 NumberOfLocalMailboxes=0
DMalloc of 84 not 8-byte aligned, rounding up
[Actor] idx=25 class=5 commonOff=9516 NumberOfLocalMailboxes=0
jolt: body STATIC pos=(0.00,0.00,0.38) half=(5.97,1.52,0.25) id=8388614
[Actor] idx=26 class=7 commonOff=11540 NumberOfLocalMailboxes=0
DMalloc of 84 not 8-byte aligned, rounding up
[Actor] idx=27 class=7 commonOff=11584 NumberOfLocalMailboxes=0
DMalloc of 84 not 8-byte aligned, rounding up
[Actor] idx=28 class=7 commonOff=11628 NumberOfLocalMailboxes=0
DMalloc of 84 not 8-byte aligned, rounding up
[Actor] idx=29 class=7 commonOff=11672 NumberOfLocalMailboxes=0
DMalloc of 84 not 8-byte aligned, rounding up
[Actor] idx=30 class=7 commonOff=11716 NumberOfLocalMailboxes=0
DMalloc of 84 not 8-byte aligned, rounding up
[Actor] idx=31 class=7 commonOff=11760 NumberOfLocalMailboxes=0
DMalloc of 84 not 8-byte aligned, rounding up
[Actor] idx=32 class=7 commonOff=11804 NumberOfLocalMailboxes=0
DMalloc of 84 not 8-byte aligned, rounding up
[Actor] idx=33 class=7 commonOff=11848 NumberOfLocalMailboxes=0
DMalloc of 84 not 8-byte aligned, rounding up
[Actor] idx=34 class=5 commonOff=9516 NumberOfLocalMailboxes=0
jolt: body STATIC pos=(0.00,0.00,-1.26) half=(6.25,1.80,1.24) id=8388615
[Actor] idx=35 class=5 commonOff=9516 NumberOfLocalMailboxes=0
jolt: body STATIC pos=(0.00,2.97,7.50) half=(30.00,0.12,12.50) id=8388616
DMalloc of 228 not 8-byte aligned, rounding up
[Actor] idx=36 class=23 commonOff=9516 NumberOfLocalMailboxes=0
DMalloc of 84 not 8-byte aligned, rounding up
[Actor] idx=37 class=3 commonOff=9516 NumberOfLocalMailboxes=0
DMalloc of 84 not 8-byte aligned, rounding up
[Actor] idx=38 class=16 commonOff=9516 NumberOfLocalMailboxes=0
DMalloc of 84 not 8-byte aligned, rounding up
LMalloc of 20 not 8-byte aligned, rounding up
LMalloc of 212 not 8-byte aligned, rounding up
DMalloc of 76 not 8-byte aligned, rounding up
DMalloc of 404 not 8-byte aligned, rounding up
DMalloc of 458 not 8-byte aligned, rounding up
DMalloc of 466 not 8-byte aligned, rounding up
DMalloc of 404 not 8-byte aligned, rounding up
Walking from 0
0->0
0->0
LMalloc of 20 not 8-byte aligned, rounding up
LMalloc of 20 not 8-byte aligned, rounding up
ASS closed without all data read (bytesLeft = 4118)
ASS closed without all data read (bytesLeft = 150)
ASS closed without all data read (bytesLeft = 16)
ASS closed without all data read (bytesLeft = 16)
ASS closed without all data read (bytesLeft = 1516)
ASS closed without all data read (bytesLeft = 588)
ASS closed without all data read (bytesLeft = 4692)
ASS closed without all data read (bytesLeft = 588)
ASS closed without all data read (bytesLeft = 588)
ASS closed without all data read (bytesLeft = 588)
ASS closed without all data read (bytesLeft = 588)
ASS closed without all data read (bytesLeft = 1260)
ASS closed without all data read (bytesLeft = 588)
ASS closed without all data read (bytesLeft = 110476)
ASS closed without all data read (bytesLeft = 117516)
ASS closed without all data read (bytesLeft = 128076)
ASS closed without all data read (bytesLeft = 99916)
ASS closed without all data read (bytesLeft = 250564)
ASS closed without all data read (bytesLeft = 250564)
ASS closed without all data read (bytesLeft = 251508)
ASS closed without all data read (bytesLeft = 249596)
ASS closed without all data read (bytesLeft = 588)
ASS closed without all data read (bytesLeft = 588)
DMalloc of 84 not 8-byte aligned, rounding up
LMalloc of 292 not 8-byte aligned, rounding up
PixelMap::Load: this = 0xc2a28838
PixelMap::Load: this = 0xc2a28868
LMalloc of 28 not 8-byte aligned, rounding up
LMalloc of 28 not 8-byte aligned, rounding up
LMalloc of 28 not 8-byte aligned, rounding up
LMalloc of 28 not 8-byte aligned, rounding up
LMalloc of 44 not 8-byte aligned, rounding up
LMalloc of 44 not 8-byte aligned, rounding up
LMalloc of 268 not 8-byte aligned, rounding up
LMalloc of 44 not 8-byte aligned, rounding up
LMalloc of 8276 not 8-byte aligned, rounding up
RenderActor3DAnimates constructed with no animations!
LMalloc of 44 not 8-byte aligned, rounding up
LMalloc of 44 not 8-byte aligned, rounding up
LMalloc of 100 not 8-byte aligned, rounding up
LMalloc of 44 not 8-byte aligned, rounding up
LMalloc of 1156 not 8-byte aligned, rounding up
RenderActor3DAnimates constructed with no animations!
LMalloc of 44 not 8-byte aligned, rounding up
LMalloc of 44 not 8-byte aligned, rounding up
LMalloc of 100 not 8-byte aligned, rounding up
LMalloc of 44 not 8-byte aligned, rounding up
LMalloc of 1156 not 8-byte aligned, rounding up
RenderActor3DAnimates constructed with no animations!
LMalloc of 44 not 8-byte aligned, rounding up
LMalloc of 44 not 8-byte aligned, rounding up
LMalloc of 100 not 8-byte aligned, rounding up
LMalloc of 44 not 8-byte aligned, rounding up
LMalloc of 1156 not 8-byte aligned, rounding up
RenderActor3DAnimates constructed with no animations!
LMalloc of 44 not 8-byte aligned, rounding up
LMalloc of 44 not 8-byte aligned, rounding up
LMalloc of 100 not 8-byte aligned, rounding up
LMalloc of 44 not 8-byte aligned, rounding up
LMalloc of 1156 not 8-byte aligned, rounding up
RenderActor3DAnimates constructed with no animations!
LMalloc of 44 not 8-byte aligned, rounding up
LMalloc of 44 not 8-byte aligned, rounding up
LMalloc of 100 not 8-byte aligned, rounding up
LMalloc of 44 not 8-byte aligned, rounding up
LMalloc of 1156 not 8-byte aligned, rounding up
RenderActor3DAnimates constructed with no animations!
LMalloc of 44 not 8-byte aligned, rounding up
LMalloc of 44 not 8-byte aligned, rounding up
LMalloc of 100 not 8-byte aligned, rounding up
LMalloc of 44 not 8-byte aligned, rounding up
LMalloc of 1156 not 8-byte aligned, rounding up
RenderActor3DAnimates constructed with no animations!
LMalloc of 44 not 8-byte aligned, rounding up
LMalloc of 44 not 8-byte aligned, rounding up
LMalloc of 100 not 8-byte aligned, rounding up
LMalloc of 44 not 8-byte aligned, rounding up
LMalloc of 1156 not 8-byte aligned, rounding up
RenderActor3DAnimates constructed with no animations!
LMalloc of 44 not 8-byte aligned, rounding up
LMalloc of 44 not 8-byte aligned, rounding up
LMalloc of 100 not 8-byte aligned, rounding up
LMalloc of 44 not 8-byte aligned, rounding up
LMalloc of 1156 not 8-byte aligned, rounding up
RenderActor3DAnimates constructed with no animations!
LMalloc of 44 not 8-byte aligned, rounding up
LMalloc of 44 not 8-byte aligned, rounding up
LMalloc of 100 not 8-byte aligned, rounding up
LMalloc of 44 not 8-byte aligned, rounding up
LMalloc of 276 not 8-byte aligned, rounding up
RenderActor3DAnimates constructed with no animations!
LMalloc of 44 not 8-byte aligned, rounding up
LMalloc of 44 not 8-byte aligned, rounding up
MATL closed without all data read (bytesLeft = 264)
LMalloc of 44 not 8-byte aligned, rounding up
jolt: mesh actor_pos=(0.000,0.000,0.000)
jolt: mesh v0 local=(-6.096,-1.651,0.000) world=(-6.096,-1.651,0.000)
jolt: mesh v1 local=(-6.096,-1.651,0.127) world=(-6.096,-1.651,0.127)
jolt: mesh v2 local=(-6.096,1.651,0.000) world=(-6.096,1.651,0.000)
jolt: mesh v3 local=(-6.096,1.651,0.127) world=(-6.096,1.651,0.127)
jolt: mesh v4 local=(6.096,-1.651,0.000) world=(6.096,-1.651,0.000)
jolt: mesh v5 local=(6.096,-1.651,0.127) world=(6.096,-1.651,0.127)
jolt: mesh v6 local=(6.096,1.651,0.000) world=(6.096,1.651,0.000)
jolt: mesh v7 local=(6.096,1.651,0.127) world=(6.096,1.651,0.127)
jolt: body MESH_STATIC verts=8 faces=12 id=16777216
LMalloc of 44 not 8-byte aligned, rounding up
LMalloc of 44 not 8-byte aligned, rounding up
LMalloc of 44 not 8-byte aligned, rounding up
LMalloc of 2436 not 8-byte aligned, rounding up
RenderActor3DAnimates constructed with no animations!
LMalloc of 44 not 8-byte aligned, rounding up
LMalloc of 44 not 8-byte aligned, rounding up
MATL closed without all data read (bytesLeft = 2640)
LMalloc of 44 not 8-byte aligned, rounding up
jolt: mesh actor_pos=(0.000,0.000,0.000)
jolt: mesh v0 local=(-5.969,1.524,0.635) world=(-5.969,1.524,0.635)
jolt: mesh v1 local=(-5.969,1.524,1.054) world=(-5.969,1.524,1.054)
jolt: mesh v2 local=(-5.969,1.524,1.473) world=(-5.969,1.524,1.473)
jolt: mesh v3 local=(-5.969,1.524,1.892) world=(-5.969,1.524,1.892)
jolt: mesh v4 local=(-5.969,1.524,2.311) world=(-5.969,1.524,2.311)
jolt: mesh v5 local=(-5.969,1.524,2.730) world=(-5.969,1.524,2.730)
jolt: mesh v6 local=(-5.969,1.524,3.150) world=(-5.969,1.524,3.150)
jolt: mesh v7 local=(-5.969,1.524,3.569) world=(-5.969,1.524,3.569)
jolt: mesh v8 local=(-5.969,1.524,3.988) world=(-5.969,1.524,3.988)
jolt: mesh v9 local=(-5.969,1.524,4.407) world=(-5.969,1.524,4.407)
jolt: mesh v10 local=(-5.969,1.524,4.826) world=(-5.969,1.524,4.826)
jolt: mesh v11 local=(-5.969,1.651,0.635) world=(-5.969,1.651,0.635)
jolt: mesh v12 local=(-5.969,1.651,1.054) world=(-5.969,1.651,1.054)
jolt: mesh v13 local=(-5.969,1.651,1.473) world=(-5.969,1.651,1.473)
jolt: mesh v14 local=(-5.969,1.651,1.892) world=(-5.969,1.651,1.892)
jolt: mesh v15 local=(-5.969,1.651,2.311) world=(-5.969,1.651,2.311)
jolt: mesh v16 local=(-5.969,1.651,2.730) world=(-5.969,1.651,2.730)
jolt: mesh v17 local=(-5.969,1.651,3.150) world=(-5.969,1.651,3.150)
jolt: mesh v18 local=(-5.969,1.651,3.569) world=(-5.969,1.651,3.569)
jolt: mesh v19 local=(-5.969,1.651,3.988) world=(-5.969,1.651,3.988)
jolt: mesh v20 local=(-5.969,1.651,4.407) world=(-5.969,1.651,4.407)
jolt: mesh v21 local=(-5.969,1.651,4.826) world=(-5.969,1.651,4.826)
jolt: mesh v22 local=(5.969,1.524,0.635) world=(5.969,1.524,0.635)
jolt: mesh v23 local=(5.969,1.524,1.054) world=(5.969,1.524,1.054)
jolt: mesh v24 local=(5.969,1.524,1.473) world=(5.969,1.524,1.473)
jolt: mesh v25 local=(5.969,1.524,1.892) world=(5.969,1.524,1.892)
jolt: mesh v26 local=(5.969,1.524,2.311) world=(5.969,1.524,2.311)
jolt: mesh v27 local=(5.969,1.524,2.730) world=(5.969,1.524,2.730)
jolt: mesh v28 local=(5.969,1.524,3.150) world=(5.969,1.524,3.150)
jolt: mesh v29 local=(5.969,1.524,3.569) world=(5.969,1.524,3.569)
jolt: mesh v30 local=(5.969,1.524,3.988) world=(5.969,1.524,3.988)
jolt: mesh v31 local=(5.969,1.524,4.407) world=(5.969,1.524,4.407)
jolt: mesh v32 local=(5.969,1.524,4.826) world=(5.969,1.524,4.826)
jolt: mesh v33 local=(5.969,1.651,0.635) world=(5.969,1.651,0.635)
jolt: mesh v34 local=(5.969,1.651,1.054) world=(5.969,1.651,1.054)
jolt: mesh v35 local=(5.969,1.651,1.473) world=(5.969,1.651,1.473)
jolt: mesh v36 local=(5.969,1.651,1.892) world=(5.969,1.651,1.892)
jolt: mesh v37 local=(5.969,1.651,2.311) world=(5.969,1.651,2.311)
jolt: mesh v38 local=(5.969,1.651,2.730) world=(5.969,1.651,2.730)
jolt: mesh v39 local=(5.969,1.651,3.150) world=(5.969,1.651,3.150)
jolt: mesh v40 local=(5.969,1.651,3.569) world=(5.969,1.651,3.569)
jolt: mesh v41 local=(5.969,1.651,3.988) world=(5.969,1.651,3.988)
jolt: mesh v42 local=(5.969,1.651,4.407) world=(5.969,1.651,4.407)
jolt: mesh v43 local=(5.969,1.651,4.826) world=(5.969,1.651,4.826)
jolt: body MESH_STATIC verts=44 faces=120 id=16777217
LMalloc of 44 not 8-byte aligned, rounding up
LMalloc of 44 not 8-byte aligned, rounding up
LMalloc of 100 not 8-byte aligned, rounding up
LMalloc of 44 not 8-byte aligned, rounding up
LMalloc of 276 not 8-byte aligned, rounding up
RenderActor3DAnimates constructed with no animations!
LMalloc of 44 not 8-byte aligned, rounding up
LMalloc of 44 not 8-byte aligned, rounding up
MATL closed without all data read (bytesLeft = 264)
LMalloc of 44 not 8-byte aligned, rounding up
jolt: mesh actor_pos=(0.000,0.000,0.000)
jolt: mesh v0 local=(-6.096,1.524,4.826) world=(-6.096,1.524,4.826)
jolt: mesh v1 local=(-6.096,1.524,5.334) world=(-6.096,1.524,5.334)
jolt: mesh v2 local=(-6.096,1.651,4.826) world=(-6.096,1.651,4.826)
jolt: mesh v3 local=(-6.096,1.651,5.334) world=(-6.096,1.651,5.334)
jolt: mesh v4 local=(6.096,1.524,4.826) world=(6.096,1.524,4.826)
jolt: mesh v5 local=(6.096,1.524,5.334) world=(6.096,1.524,5.334)
jolt: mesh v6 local=(6.096,1.651,4.826) world=(6.096,1.651,4.826)
jolt: mesh v7 local=(6.096,1.651,5.334) world=(6.096,1.651,5.334)
jolt: body MESH_STATIC verts=8 faces=12 id=16777218
LMalloc of 44 not 8-byte aligned, rounding up
LMalloc of 44 not 8-byte aligned, rounding up
LMalloc of 100 not 8-byte aligned, rounding up
LMalloc of 44 not 8-byte aligned, rounding up
LMalloc of 276 not 8-byte aligned, rounding up
RenderActor3DAnimates constructed with no animations!
LMalloc of 44 not 8-byte aligned, rounding up
LMalloc of 44 not 8-byte aligned, rounding up
MATL closed without all data read (bytesLeft = 264)
LMalloc of 44 not 8-byte aligned, rounding up
jolt: mesh actor_pos=(0.000,0.000,0.000)
jolt: mesh v0 local=(-6.096,-1.651,0.000) world=(-6.096,-1.651,0.000)
jolt: mesh v1 local=(-6.096,-1.651,5.334) world=(-6.096,-1.651,5.334)
jolt: mesh v2 local=(-6.096,1.651,0.000) world=(-6.096,1.651,0.000)
jolt: mesh v3 local=(-6.096,1.651,5.334) world=(-6.096,1.651,5.334)
jolt: mesh v4 local=(-5.969,-1.651,0.000) world=(-5.969,-1.651,0.000)
jolt: mesh v5 local=(-5.969,-1.651,5.334) world=(-5.969,-1.651,5.334)
jolt: mesh v6 local=(-5.969,1.651,0.000) world=(-5.969,1.651,0.000)
jolt: mesh v7 local=(-5.969,1.651,5.334) world=(-5.969,1.651,5.334)
jolt: body MESH_STATIC verts=8 faces=12 id=16777219
LMalloc of 44 not 8-byte aligned, rounding up
LMalloc of 44 not 8-byte aligned, rounding up
LMalloc of 100 not 8-byte aligned, rounding up
LMalloc of 44 not 8-byte aligned, rounding up
LMalloc of 276 not 8-byte aligned, rounding up
RenderActor3DAnimates constructed with no animations!
LMalloc of 44 not 8-byte aligned, rounding up
LMalloc of 44 not 8-byte aligned, rounding up
MATL closed without all data read (bytesLeft = 264)
LMalloc of 44 not 8-byte aligned, rounding up
jolt: mesh actor_pos=(0.000,0.000,0.000)
jolt: mesh v0 local=(5.969,-1.651,0.000) world=(5.969,-1.651,0.000)
jolt: mesh v1 local=(5.969,-1.651,5.334) world=(5.969,-1.651,5.334)
jolt: mesh v2 local=(5.969,1.651,0.000) world=(5.969,1.651,0.000)
jolt: mesh v3 local=(5.969,1.651,5.334) world=(5.969,1.651,5.334)
jolt: mesh v4 local=(6.096,-1.651,0.000) world=(6.096,-1.651,0.000)
jolt: mesh v5 local=(6.096,-1.651,5.334) world=(6.096,-1.651,5.334)
jolt: mesh v6 local=(6.096,1.651,0.000) world=(6.096,1.651,0.000)
jolt: mesh v7 local=(6.096,1.651,5.334) world=(6.096,1.651,5.334)
jolt: body MESH_STATIC verts=8 faces=12 id=16777220
LMalloc of 44 not 8-byte aligned, rounding up
LMalloc of 44 not 8-byte aligned, rounding up
LMalloc of 100 not 8-byte aligned, rounding up
LMalloc of 44 not 8-byte aligned, rounding up
LMalloc of 276 not 8-byte aligned, rounding up
RenderActor3DAnimates constructed with no animations!
LMalloc of 44 not 8-byte aligned, rounding up
LMalloc of 44 not 8-byte aligned, rounding up
MATL closed without all data read (bytesLeft = 264)
LMalloc of 44 not 8-byte aligned, rounding up
jolt: mesh actor_pos=(0.000,0.000,0.000)
jolt: mesh v0 local=(-6.096,-1.778,0.000) world=(-6.096,-1.778,0.000)
jolt: mesh v1 local=(-6.096,-1.778,5.334) world=(-6.096,-1.778,5.334)
jolt: mesh v2 local=(-6.096,-1.651,0.000) world=(-6.096,-1.651,0.000)
jolt: mesh v3 local=(-6.096,-1.651,5.334) world=(-6.096,-1.651,5.334)
jolt: mesh v4 local=(6.096,-1.778,0.000) world=(6.096,-1.778,0.000)
jolt: mesh v5 local=(6.096,-1.778,5.334) world=(6.096,-1.778,5.334)
jolt: mesh v6 local=(6.096,-1.651,0.000) world=(6.096,-1.651,0.000)
jolt: mesh v7 local=(6.096,-1.651,5.334) world=(6.096,-1.651,5.334)
jolt: body MESH_STATIC verts=8 faces=12 id=16777221
LMalloc of 44 not 8-byte aligned, rounding up
LMalloc of 44 not 8-byte aligned, rounding up
LMalloc of 100 not 8-byte aligned, rounding up
LMalloc of 44 not 8-byte aligned, rounding up
LMalloc of 996 not 8-byte aligned, rounding up
RenderActor3DAnimates constructed with no animations!
LMalloc of 44 not 8-byte aligned, rounding up
LMalloc of 44 not 8-byte aligned, rounding up
LMalloc of 100 not 8-byte aligned, rounding up
LMalloc of 44 not 8-byte aligned, rounding up
LMalloc of 276 not 8-byte aligned, rounding up
RenderActor3DAnimates constructed with no animations!
LMalloc of 44 not 8-byte aligned, rounding up
LMalloc of 44 not 8-byte aligned, rounding up
MATL closed without all data read (bytesLeft = 264)
LMalloc of 44 not 8-byte aligned, rounding up
jolt: mesh actor_pos=(0.000,0.000,0.000)
jolt: mesh v0 local=(-5.969,-1.524,0.127) world=(-5.969,-1.524,0.127)
jolt: mesh v1 local=(-5.969,-1.524,0.635) world=(-5.969,-1.524,0.635)
jolt: mesh v2 local=(-5.969,1.524,0.127) world=(-5.969,1.524,0.127)
jolt: mesh v3 local=(-5.969,1.524,0.635) world=(-5.969,1.524,0.635)
jolt: mesh v4 local=(5.969,-1.524,0.127) world=(5.969,-1.524,0.127)
jolt: mesh v5 local=(5.969,-1.524,0.635) world=(5.969,-1.524,0.635)
jolt: mesh v6 local=(5.969,1.524,0.127) world=(5.969,1.524,0.127)
jolt: mesh v7 local=(5.969,1.524,0.635) world=(5.969,1.524,0.635)
jolt: body MESH_STATIC verts=8 faces=12 id=16777222
LMalloc of 44 not 8-byte aligned, rounding up
LMalloc of 44 not 8-byte aligned, rounding up
LMalloc of 436 not 8-byte aligned, rounding up
LMalloc of 44 not 8-byte aligned, rounding up
LMalloc of 94276 not 8-byte aligned, rounding up
RenderActor3DAnimates constructed with no animations!
LMalloc of 44 not 8-byte aligned, rounding up
LMalloc of 44 not 8-byte aligned, rounding up
LMalloc of 436 not 8-byte aligned, rounding up
LMalloc of 44 not 8-byte aligned, rounding up
LMalloc of 100356 not 8-byte aligned, rounding up
RenderActor3DAnimates constructed with no animations!
LMalloc of 44 not 8-byte aligned, rounding up
LMalloc of 44 not 8-byte aligned, rounding up
LMalloc of 436 not 8-byte aligned, rounding up
LMalloc of 44 not 8-byte aligned, rounding up
LMalloc of 109476 not 8-byte aligned, rounding up
RenderActor3DAnimates constructed with no animations!
LMalloc of 44 not 8-byte aligned, rounding up
LMalloc of 44 not 8-byte aligned, rounding up
LMalloc of 436 not 8-byte aligned, rounding up
LMalloc of 44 not 8-byte aligned, rounding up
LMalloc of 85156 not 8-byte aligned, rounding up
RenderActor3DAnimates constructed with no animations!
LMalloc of 44 not 8-byte aligned, rounding up
LMalloc of 44 not 8-byte aligned, rounding up
LMalloc of 44 not 8-byte aligned, rounding up
LMalloc of 232996 not 8-byte aligned, rounding up
RenderActor3DAnimates constructed with no animations!
LMalloc of 44 not 8-byte aligned, rounding up
LMalloc of 44 not 8-byte aligned, rounding up
LMalloc of 44 not 8-byte aligned, rounding up
LMalloc of 232996 not 8-byte aligned, rounding up
RenderActor3DAnimates constructed with no animations!
LMalloc of 44 not 8-byte aligned, rounding up
LMalloc of 44 not 8-byte aligned, rounding up
LMalloc of 44 not 8-byte aligned, rounding up
LMalloc of 233796 not 8-byte aligned, rounding up
RenderActor3DAnimates constructed with no animations!
LMalloc of 44 not 8-byte aligned, rounding up
LMalloc of 44 not 8-byte aligned, rounding up
LMalloc of 44 not 8-byte aligned, rounding up
LMalloc of 232196 not 8-byte aligned, rounding up
RenderActor3DAnimates constructed with no animations!
LMalloc of 44 not 8-byte aligned, rounding up
LMalloc of 44 not 8-byte aligned, rounding up
LMalloc of 100 not 8-byte aligned, rounding up
LMalloc of 44 not 8-byte aligned, rounding up
LMalloc of 276 not 8-byte aligned, rounding up
RenderActor3DAnimates constructed with no animations!
LMalloc of 44 not 8-byte aligned, rounding up
LMalloc of 44 not 8-byte aligned, rounding up
MATL closed without all data read (bytesLeft = 264)
LMalloc of 44 not 8-byte aligned, rounding up
jolt: mesh actor_pos=(0.000,0.000,0.000)
jolt: mesh v0 local=(-6.246,-1.801,-2.500) world=(-6.246,-1.801,-2.500)
jolt: mesh v1 local=(-6.246,-1.801,-0.025) world=(-6.246,-1.801,-0.025)
jolt: mesh v2 local=(-6.246,1.801,-2.500) world=(-6.246,1.801,-2.500)
jolt: mesh v3 local=(-6.246,1.801,-0.025) world=(-6.246,1.801,-0.025)
jolt: mesh v4 local=(6.246,-1.801,-2.500) world=(6.246,-1.801,-2.500)
jolt: mesh v5 local=(6.246,-1.801,-0.025) world=(6.246,-1.801,-0.025)
jolt: mesh v6 local=(6.246,1.801,-2.500) world=(6.246,1.801,-2.500)
jolt: mesh v7 local=(6.246,1.801,-0.025) world=(6.246,1.801,-0.025)
jolt: body MESH_STATIC verts=8 faces=12 id=16777223
LMalloc of 44 not 8-byte aligned, rounding up
LMalloc of 44 not 8-byte aligned, rounding up
LMalloc of 100 not 8-byte aligned, rounding up
LMalloc of 44 not 8-byte aligned, rounding up
LMalloc of 276 not 8-byte aligned, rounding up
RenderActor3DAnimates constructed with no animations!
LMalloc of 44 not 8-byte aligned, rounding up
LMalloc of 44 not 8-byte aligned, rounding up
MATL closed without all data read (bytesLeft = 264)
LMalloc of 44 not 8-byte aligned, rounding up
jolt: mesh actor_pos=(0.000,0.000,0.000)
jolt: mesh v0 local=(-30.000,3.000,-5.000) world=(-30.000,3.000,-5.000)
jolt: mesh v1 local=(-30.000,3.000,20.000) world=(-30.000,3.000,20.000)
jolt: mesh v2 local=(-30.000,3.100,-5.000) world=(-30.000,3.100,-5.000)
jolt: mesh v3 local=(-30.000,3.100,20.000) world=(-30.000,3.100,20.000)
jolt: mesh v4 local=(30.000,3.000,-5.000) world=(30.000,3.000,-5.000)
jolt: mesh v5 local=(30.000,3.000,20.000) world=(30.000,3.000,20.000)
jolt: mesh v6 local=(30.000,3.100,-5.000) world=(30.000,3.100,-5.000)
jolt: mesh v7 local=(30.000,3.100,20.000) world=(30.000,3.100,20.000)
jolt: body MESH_STATIC verts=8 faces=12 id=16777224
zforth: INDEXOF_CAMSHOT = 1921 (expect 1921)
zforth: INDEXOF_CAMSHOT = 1921 (expect 1921)
jolt: OptimizeBroadPhase done (9 static bodies)
audio: MusicPlayer — soundfont not found: florestan-subset.sf2
audio: sfx[0] not found: wflevels/qbert_practice/sfx/qbert_hop.wav
audio: sfx[1] not found: wflevels/qbert_practice/sfx/qbert_land.wav
audio: sfx[2] not found: wflevels/qbert_practice/sfx/qbert_fall.wav
audio: sfx[3] not found: wflevels/qbert_practice/sfx/qbert_swear.wav
audio: sfx[4] not found: wflevels/qbert_practice/sfx/qbert_round_clear.wav
audio: sfx[5] not found: wflevels/qbert_practice/sfx/qbert_kill.wav
audio: sfx[6] not found: wflevels/qbert_practice/sfx/qbert_disc.wav
DMalloc of 36 not 8-byte aligned, rounding up
delta too large: 0.4746856689
timeofday:1791067616:862587
lasttimeofday: 1791067616:387892
deltatime:0:474695
delta: 0.4746856689
ball pos: (0.000, -0.850, 0.865)
ball pos: (0.000, -0.850, 0.865)
ball pos: (0.000, -0.850, 0.865)
delta too large: 0.2945709229
timeofday:1791067621:257021
lasttimeofday: 1791067620:962446
deltatime:0:294575
delta: 0.2945709229
ball pos: (0.000, -0.850, 0.865)
ball pos: (0.000, -0.850, 0.865)
, _bContinue = 0, _curLevel->done() = 0
zforth: INDEXOF_CAMSHOT = 1921 (expect 1921)
zforth: INDEXOF_CAMSHOT = 1921 (expect 1921)
LMalloc of 20 not 8-byte aligned, rounding up
closing cd.iff

=== wf_game android_main (log → /storage/emulated/0/Android/data/org.worldfoundry.wf_game.aquarium/files/wf.log) ===
audio: miniaudio v0.11.25 ready
wf_game v0.4.1, Built:Oct  3 2026,20:24:48 by kts
argc = 1, commandIndex = 1
Level=-1
cerror:
cwarn:
cstats:
wf_game Ver 0.4.1, Built:Oct  3 2026,20:24:48 by kts
DBSTREAMS jolt: RegisterDefaultAllocator
jolt: Factory
jolt: RegisterTypes
jolt: RunSelftest
jolt: selftest ok (sphere fell to z=5.098)
jolt: backend init
jolt: backend ready (gravity -Z)
jolt: init complete
LMalloc of 76 not 8-byte aligned, rounding up
Opening cd.iff
LMalloc of 447 not 8-byte aligned, rounding up
zforth: INDEXOF_CAMSHOT = 1921 (expect 1921)
zforth: INDEXOF_CAMSHOT = 1921 (expect 1921)
LMalloc of 20 not 8-byte aligned, rounding up
LMalloc of 412 not 8-byte aligned, rounding up
LMalloc of 7620 not 8-byte aligned, rounding up
LMalloc of 20 not 8-byte aligned, rounding up
LMalloc of 20 not 8-byte aligned, rounding up
LMalloc of 44 not 8-byte aligned, rounding up
LMalloc of 44 not 8-byte aligned, rounding up
LMalloc of 44 not 8-byte aligned, rounding up
LMalloc of 44 not 8-byte aligned, rounding up
LMalloc of 44 not 8-byte aligned, rounding up
LMalloc of 44 not 8-byte aligned, rounding up
LMalloc of 44 not 8-byte aligned, rounding up
LMalloc of 44 not 8-byte aligned, rounding up
LMalloc of 44 not 8-byte aligned, rounding up
LMalloc of 44 not 8-byte aligned, rounding up
LMalloc of 44 not 8-byte aligned, rounding up
LMalloc of 44 not 8-byte aligned, rounding up
LMalloc of 44 not 8-byte aligned, rounding up
LMalloc of 44 not 8-byte aligned, rounding up
LMalloc of 44 not 8-byte aligned, rounding up
Level::Level: leveldata= 0xc3d88168, object count  = 36
ASS closed without all data read (bytesLeft = 4118)
ASS closed without all data read (bytesLeft = 150)
ASS closed without all data read (bytesLeft = 16)
ASS closed without all data read (bytesLeft = 16)
ASS closed without all data read (bytesLeft = 9740)
DMalloc of 84 not 8-byte aligned, rounding up
LMalloc of 76 not 8-byte aligned, rounding up
PixelMap::Load: this = 0xc2a69058
PixelMap::Load: this = 0xc2a69088
LMalloc of 28 not 8-byte aligned, rounding up
LMalloc of 28 not 8-byte aligned, rounding up
LMalloc of 28 not 8-byte aligned, rounding up
LMalloc of 28 not 8-byte aligned, rounding up
LMalloc of 68 not 8-byte aligned, rounding up
LMalloc of 100 not 8-byte aligned, rounding up
DMalloc of 228 not 8-byte aligned, rounding up
[Actor] idx=2 class=23 commonOff=23028 NumberOfLocalMailboxes=0
DMalloc of 84 not 8-byte aligned, rounding up
[Actor] idx=3 class=13 commonOff=23028 NumberOfLocalMailboxes=0
DMalloc of 84 not 8-byte aligned, rounding up
this = 0xc2a6c638,setting _memory to 0xc2a6c258
DMalloc of 52 not 8-byte aligned, rounding up
DMalloc of 252 not 8-byte aligned, rounding up
[Actor] idx=4 class=20 commonOff=23740 NumberOfLocalMailboxes=0
DMalloc of 84 not 8-byte aligned, rounding up
DMalloc of 228 not 8-byte aligned, rounding up
[Actor] idx=6 class=11 commonOff=23028 NumberOfLocalMailboxes=0
DMalloc of 84 not 8-byte aligned, rounding up
[Actor] idx=7 class=16 commonOff=23028 NumberOfLocalMailboxes=0
DMalloc of 84 not 8-byte aligned, rounding up
[Actor] idx=8 class=3 commonOff=23028 NumberOfLocalMailboxes=0
DMalloc of 84 not 8-byte aligned, rounding up
[Actor] idx=9 class=22 commonOff=24480 NumberOfLocalMailboxes=6
DMalloc of 84 not 8-byte aligned, rounding up
jolt: character 0 created at (0.00, -0.25, 2.60) ctr=(0.00,0.00,0.00)
[Actor] idx=10 class=7 commonOff=24788 NumberOfLocalMailboxes=0
DMalloc of 84 not 8-byte aligned, rounding up
[Actor] idx=11 class=7 commonOff=24988 NumberOfLocalMailboxes=0
DMalloc of 84 not 8-byte aligned, rounding up
[Actor] idx=12 class=7 commonOff=25032 NumberOfLocalMailboxes=0
DMalloc of 84 not 8-byte aligned, rounding up
[Actor] idx=13 class=7 commonOff=25076 NumberOfLocalMailboxes=0
DMalloc of 84 not 8-byte aligned, rounding up
[Actor] idx=14 class=7 commonOff=25120 NumberOfLocalMailboxes=0
DMalloc of 84 not 8-byte aligned, rounding up
[Actor] idx=15 class=7 commonOff=25164 NumberOfLocalMailboxes=0
DMalloc of 84 not 8-byte aligned, rounding up
[Actor] idx=16 class=7 commonOff=25208 NumberOfLocalMailboxes=0
DMalloc of 84 not 8-byte aligned, rounding up
[Actor] idx=17 class=7 commonOff=25252 NumberOfLocalMailboxes=0
DMalloc of 84 not 8-byte aligned, rounding up
[Actor] idx=18 class=7 commonOff=25296 NumberOfLocalMailboxes=0
DMalloc of 84 not 8-byte aligned, rounding up
[Actor] idx=19 class=7 commonOff=25340 NumberOfLocalMailboxes=0
DMalloc of 84 not 8-byte aligned, rounding up
[Actor] idx=20 class=7 commonOff=25384 NumberOfLocalMailboxes=0
DMalloc of 84 not 8-byte aligned, rounding up
[Actor] idx=21 class=7 commonOff=25428 NumberOfLocalMailboxes=0
DMalloc of 84 not 8-byte aligned, rounding up
[Actor] idx=22 class=5 commonOff=23028 NumberOfLocalMailboxes=0
jolt: body STATIC pos=(0.00,0.00,0.00) half=(6.10,1.65,0.12) id=8388608
[Actor] idx=23 class=5 commonOff=23028 NumberOfLocalMailboxes=0
jolt: body STATIC pos=(0.00,1.53,2.73) half=(5.97,0.12,2.10) id=8388609
[Actor] idx=24 class=5 commonOff=23028 NumberOfLocalMailboxes=0
jolt: body STATIC pos=(0.00,1.53,5.08) half=(6.10,0.12,0.25) id=8388610
[Actor] idx=25 class=5 commonOff=23028 NumberOfLocalMailboxes=0
jolt: body STATIC pos=(-6.09,0.00,2.67) half=(0.12,1.65,2.67) id=8388611
[Actor] idx=26 class=5 commonOff=23028 NumberOfLocalMailboxes=0
jolt: body STATIC pos=(5.97,0.00,2.67) half=(0.12,1.65,2.67) id=8388612
[Actor] idx=27 class=5 commonOff=23028 NumberOfLocalMailboxes=0
jolt: body STATIC pos=(0.00,-1.78,2.67) half=(6.10,0.12,2.67) id=8388613
[Actor] idx=28 class=7 commonOff=23028 NumberOfLocalMailboxes=0
DMalloc of 84 not 8-byte aligned, rounding up
[Actor] idx=29 class=5 commonOff=23028 NumberOfLocalMailboxes=0
jolt: body STATIC pos=(0.00,0.00,0.38) half=(5.97,1.52,0.25) id=8388614
[Actor] idx=30 class=7 commonOff=23028 NumberOfLocalMailboxes=0
DMalloc of 84 not 8-byte aligned, rounding up
[Actor] idx=31 class=5 commonOff=23028 NumberOfLocalMailboxes=0
jolt: body STATIC pos=(0.00,0.00,-1.26) half=(6.25,1.80,1.24) id=8388615
[Actor] idx=32 class=5 commonOff=23028 NumberOfLocalMailboxes=0
jolt: body STATIC pos=(0.00,2.97,7.50) half=(30.00,0.12,12.50) id=8388616
DMalloc of 228 not 8-byte aligned, rounding up
[Actor] idx=33 class=23 commonOff=23028 NumberOfLocalMailboxes=0
DMalloc of 84 not 8-byte aligned, rounding up
[Actor] idx=34 class=3 commonOff=23028 NumberOfLocalMailboxes=0
DMalloc of 84 not 8-byte aligned, rounding up
[Actor] idx=35 class=16 commonOff=23028 NumberOfLocalMailboxes=0
DMalloc of 84 not 8-byte aligned, rounding up
LMalloc of 20 not 8-byte aligned, rounding up
LMalloc of 212 not 8-byte aligned, rounding up
DMalloc of 70 not 8-byte aligned, rounding up
DMalloc of 404 not 8-byte aligned, rounding up
DMalloc of 452 not 8-byte aligned, rounding up
DMalloc of 460 not 8-byte aligned, rounding up
DMalloc of 404 not 8-byte aligned, rounding up
Walking from 0
0->0
0->0
LMalloc of 20 not 8-byte aligned, rounding up
LMalloc of 20 not 8-byte aligned, rounding up
ASS closed without all data read (bytesLeft = 4118)
ASS closed without all data read (bytesLeft = 150)
ASS closed without all data read (bytesLeft = 16)
ASS closed without all data read (bytesLeft = 16)
ASS closed without all data read (bytesLeft = 9740)
ASS closed without all data read (bytesLeft = 4992)
ASS closed without all data read (bytesLeft = 588)
ASS closed without all data read (bytesLeft = 4692)
ASS closed without all data read (bytesLeft = 588)
ASS closed without all data read (bytesLeft = 588)
ASS closed without all data read (bytesLeft = 588)
ASS closed without all data read (bytesLeft = 588)
ASS closed without all data read (bytesLeft = 1260)
ASS closed without all data read (bytesLeft = 588)
ASS closed without all data read (bytesLeft = 10860)
ASS closed without all data read (bytesLeft = 588)
ASS closed without all data read (bytesLeft = 588)
DMalloc of 84 not 8-byte aligned, rounding up
LMalloc of 220 not 8-byte aligned, rounding up
PixelMap::Load: this = 0xc2a690b8
PixelMap::Load: this = 0xc2a690e8
LMalloc of 28 not 8-byte aligned, rounding up
LMalloc of 28 not 8-byte aligned, rounding up
LMalloc of 5004 not 8-byte aligned, rounding up
LMalloc of 28 not 8-byte aligned, rounding up
LMalloc of 28 not 8-byte aligned, rounding up
LMalloc of 316 not 8-byte aligned, rounding up
LMalloc of 44 not 8-byte aligned, rounding up
LMalloc of 44 not 8-byte aligned, rounding up
LMalloc of 44 not 8-byte aligned, rounding up
LMalloc of 44 not 8-byte aligned, rounding up
LMalloc of 7836 not 8-byte aligned, rounding up
RenderActor3DAnimates constructed with no animations!
LMalloc of 316 not 8-byte aligned, rounding up
LMalloc of 44 not 8-byte aligned, rounding up
LMalloc of 44 not 8-byte aligned, rounding up
LMalloc of 44 not 8-byte aligned, rounding up
LMalloc of 44 not 8-byte aligned, rounding up
LMalloc of 7836 not 8-byte aligned, rounding up
RenderActor3DAnimates constructed with no animations!
LMalloc of 316 not 8-byte aligned, rounding up
LMalloc of 44 not 8-byte aligned, rounding up
LMalloc of 44 not 8-byte aligned, rounding up
LMalloc of 100 not 8-byte aligned, rounding up
LMalloc of 44 not 8-byte aligned, rounding up
LMalloc of 44 not 8-byte aligned, rounding up
LMalloc of 4516 not 8-byte aligned, rounding up
RenderActor3DAnimates constructed with no animations!
LMalloc of 316 not 8-byte aligned, rounding up
LMalloc of 44 not 8-byte aligned, rounding up
LMalloc of 44 not 8-byte aligned, rounding up
LMalloc of 44 not 8-byte aligned, rounding up
LMalloc of 44 not 8-byte aligned, rounding up
LMalloc of 7836 not 8-byte aligned, rounding up
RenderActor3DAnimates constructed with no animations!
LMalloc of 316 not 8-byte aligned, rounding up
LMalloc of 44 not 8-byte aligned, rounding up
LMalloc of 44 not 8-byte aligned, rounding up
LMalloc of 100 not 8-byte aligned, rounding up
LMalloc of 44 not 8-byte aligned, rounding up
LMalloc of 44 not 8-byte aligned, rounding up
LMalloc of 4516 not 8-byte aligned, rounding up
RenderActor3DAnimates constructed with no animations!
LMalloc of 316 not 8-byte aligned, rounding up
LMalloc of 44 not 8-byte aligned, rounding up
LMalloc of 44 not 8-byte aligned, rounding up
LMalloc of 44 not 8-byte aligned, rounding up
LMalloc of 44 not 8-byte aligned, rounding up
LMalloc of 7836 not 8-byte aligned, rounding up
RenderActor3DAnimates constructed with no animations!
LMalloc of 316 not 8-byte aligned, rounding up
LMalloc of 44 not 8-byte aligned, rounding up
LMalloc of 44 not 8-byte aligned, rounding up
LMalloc of 100 not 8-byte aligned, rounding up
LMalloc of 44 not 8-byte aligned, rounding up
LMalloc of 44 not 8-byte aligned, rounding up
LMalloc of 4516 not 8-byte aligned, rounding up
RenderActor3DAnimates constructed with no animations!
LMalloc of 316 not 8-byte aligned, rounding up
LMalloc of 44 not 8-byte aligned, rounding up
LMalloc of 44 not 8-byte aligned, rounding up
LMalloc of 44 not 8-byte aligned, rounding up
LMalloc of 44 not 8-byte aligned, rounding up
LMalloc of 7836 not 8-byte aligned, rounding up
RenderActor3DAnimates constructed with no animations!
LMalloc of 316 not 8-byte aligned, rounding up
LMalloc of 44 not 8-byte aligned, rounding up
LMalloc of 44 not 8-byte aligned, rounding up
LMalloc of 100 not 8-byte aligned, rounding up
LMalloc of 44 not 8-byte aligned, rounding up
LMalloc of 44 not 8-byte aligned, rounding up
LMalloc of 4516 not 8-byte aligned, rounding up
RenderActor3DAnimates constructed with no animations!
LMalloc of 316 not 8-byte aligned, rounding up
LMalloc of 44 not 8-byte aligned, rounding up
LMalloc of 44 not 8-byte aligned, rounding up
LMalloc of 44 not 8-byte aligned, rounding up
LMalloc of 44 not 8-byte aligned, rounding up
LMalloc of 7836 not 8-byte aligned, rounding up
RenderActor3DAnimates constructed with no animations!
LMalloc of 316 not 8-byte aligned, rounding up
LMalloc of 44 not 8-byte aligned, rounding up
LMalloc of 44 not 8-byte aligned, rounding up
LMalloc of 100 not 8-byte aligned, rounding up
LMalloc of 44 not 8-byte aligned, rounding up
LMalloc of 44 not 8-byte aligned, rounding up
LMalloc of 4516 not 8-byte aligned, rounding up
RenderActor3DAnimates constructed with no animations!
LMalloc of 316 not 8-byte aligned, rounding up
LMalloc of 44 not 8-byte aligned, rounding up
LMalloc of 44 not 8-byte aligned, rounding up
LMalloc of 44 not 8-byte aligned, rounding up
LMalloc of 44 not 8-byte aligned, rounding up
LMalloc of 7836 not 8-byte aligned, rounding up
RenderActor3DAnimates constructed with no animations!
LMalloc of 316 not 8-byte aligned, rounding up
LMalloc of 44 not 8-byte aligned, rounding up
LMalloc of 44 not 8-byte aligned, rounding up
LMalloc of 100 not 8-byte aligned, rounding up
LMalloc of 44 not 8-byte aligned, rounding up
LMalloc of 44 not 8-byte aligned, rounding up
LMalloc of 4516 not 8-byte aligned, rounding up
RenderActor3DAnimates constructed with no animations!
LMalloc of 316 not 8-byte aligned, rounding up
LMalloc of 44 not 8-byte aligned, rounding up
LMalloc of 44 not 8-byte aligned, rounding up
LMalloc of 100 not 8-byte aligned, rounding up
LMalloc of 44 not 8-byte aligned, rounding up
LMalloc of 276 not 8-byte aligned, rounding up
RenderActor3DAnimates constructed with no animations!
LMalloc of 44 not 8-byte aligned, rounding up
LMalloc of 44 not 8-byte aligned, rounding up
MATL closed without all data read (bytesLeft = 264)
LMalloc of 44 not 8-byte aligned, rounding up
jolt: mesh actor_pos=(0.000,0.000,0.000)
jolt: mesh v0 local=(-6.096,-1.651,0.000) world=(-6.096,-1.651,0.000)
jolt: mesh v1 local=(-6.096,-1.651,0.127) world=(-6.096,-1.651,0.127)
jolt: mesh v2 local=(-6.096,1.651,0.000) world=(-6.096,1.651,0.000)
jolt: mesh v3 local=(-6.096,1.651,0.127) world=(-6.096,1.651,0.127)
jolt: mesh v4 local=(6.096,-1.651,0.000) world=(6.096,-1.651,0.000)
jolt: mesh v5 local=(6.096,-1.651,0.127) world=(6.096,-1.651,0.127)
jolt: mesh v6 local=(6.096,1.651,0.000) world=(6.096,1.651,0.000)
jolt: mesh v7 local=(6.096,1.651,0.127) world=(6.096,1.651,0.127)
jolt: body MESH_STATIC verts=8 faces=12 id=16777216
LMalloc of 316 not 8-byte aligned, rounding up
LMalloc of 44 not 8-byte aligned, rounding up
LMalloc of 44 not 8-byte aligned, rounding up
LMalloc of 44 not 8-byte aligned, rounding up
LMalloc of 2436 not 8-byte aligned, rounding up
RenderActor3DAnimates constructed with no animations!
LMalloc of 44 not 8-byte aligned, rounding up
LMalloc of 44 not 8-byte aligned, rounding up
MATL closed without all data read (bytesLeft = 2640)
LMalloc of 44 not 8-byte aligned, rounding up
jolt: mesh actor_pos=(0.000,0.000,0.000)
jolt: mesh v0 local=(-5.969,1.524,0.635) world=(-5.969,1.524,0.635)
jolt: mesh v1 local=(-5.969,1.524,1.054) world=(-5.969,1.524,1.054)
jolt: mesh v2 local=(-5.969,1.524,1.473) world=(-5.969,1.524,1.473)
jolt: mesh v3 local=(-5.969,1.524,1.892) world=(-5.969,1.524,1.892)
jolt: mesh v4 local=(-5.969,1.524,2.311) world=(-5.969,1.524,2.311)
jolt: mesh v5 local=(-5.969,1.524,2.730) world=(-5.969,1.524,2.730)
jolt: mesh v6 local=(-5.969,1.524,3.150) world=(-5.969,1.524,3.150)
jolt: mesh v7 local=(-5.969,1.524,3.569) world=(-5.969,1.524,3.569)
jolt: mesh v8 local=(-5.969,1.524,3.988) world=(-5.969,1.524,3.988)
jolt: mesh v9 local=(-5.969,1.524,4.407) world=(-5.969,1.524,4.407)
jolt: mesh v10 local=(-5.969,1.524,4.826) world=(-5.969,1.524,4.826)
jolt: mesh v11 local=(-5.969,1.651,0.635) world=(-5.969,1.651,0.635)
jolt: mesh v12 local=(-5.969,1.651,1.054) world=(-5.969,1.651,1.054)
jolt: mesh v13 local=(-5.969,1.651,1.473) world=(-5.969,1.651,1.473)
jolt: mesh v14 local=(-5.969,1.651,1.892) world=(-5.969,1.651,1.892)
jolt: mesh v15 local=(-5.969,1.651,2.311) world=(-5.969,1.651,2.311)
jolt: mesh v16 local=(-5.969,1.651,2.730) world=(-5.969,1.651,2.730)
jolt: mesh v17 local=(-5.969,1.651,3.150) world=(-5.969,1.651,3.150)
jolt: mesh v18 local=(-5.969,1.651,3.569) world=(-5.969,1.651,3.569)
jolt: mesh v19 local=(-5.969,1.651,3.988) world=(-5.969,1.651,3.988)
jolt: mesh v20 local=(-5.969,1.651,4.407) world=(-5.969,1.651,4.407)
jolt: mesh v21 local=(-5.969,1.651,4.826) world=(-5.969,1.651,4.826)
jolt: mesh v22 local=(5.969,1.524,0.635) world=(5.969,1.524,0.635)
jolt: mesh v23 local=(5.969,1.524,1.054) world=(5.969,1.524,1.054)
jolt: mesh v24 local=(5.969,1.524,1.473) world=(5.969,1.524,1.473)
jolt: mesh v25 local=(5.969,1.524,1.892) world=(5.969,1.524,1.892)
jolt: mesh v26 local=(5.969,1.524,2.311) world=(5.969,1.524,2.311)
jolt: mesh v27 local=(5.969,1.524,2.730) world=(5.969,1.524,2.730)
jolt: mesh v28 local=(5.969,1.524,3.150) world=(5.969,1.524,3.150)
jolt: mesh v29 local=(5.969,1.524,3.569) world=(5.969,1.524,3.569)
jolt: mesh v30 local=(5.969,1.524,3.988) world=(5.969,1.524,3.988)
jolt: mesh v31 local=(5.969,1.524,4.407) world=(5.969,1.524,4.407)
jolt: mesh v32 local=(5.969,1.524,4.826) world=(5.969,1.524,4.826)
jolt: mesh v33 local=(5.969,1.651,0.635) world=(5.969,1.651,0.635)
jolt: mesh v34 local=(5.969,1.651,1.054) world=(5.969,1.651,1.054)
jolt: mesh v35 local=(5.969,1.651,1.473) world=(5.969,1.651,1.473)
jolt: mesh v36 local=(5.969,1.651,1.892) world=(5.969,1.651,1.892)
jolt: mesh v37 local=(5.969,1.651,2.311) world=(5.969,1.651,2.311)
jolt: mesh v38 local=(5.969,1.651,2.730) world=(5.969,1.651,2.730)
jolt: mesh v39 local=(5.969,1.651,3.150) world=(5.969,1.651,3.150)
jolt: mesh v40 local=(5.969,1.651,3.569) world=(5.969,1.651,3.569)
jolt: mesh v41 local=(5.969,1.651,3.988) world=(5.969,1.651,3.988)
jolt: mesh v42 local=(5.969,1.651,4.407) world=(5.969,1.651,4.407)
jolt: mesh v43 local=(5.969,1.651,4.826) world=(5.969,1.651,4.826)
jolt: body MESH_STATIC verts=44 faces=120 id=16777217
LMalloc of 316 not 8-byte aligned, rounding up
LMalloc of 44 not 8-byte aligned, rounding up
LMalloc of 44 not 8-byte aligned, rounding up
LMalloc of 100 not 8-byte aligned, rounding up
LMalloc of 44 not 8-byte aligned, rounding up
LMalloc of 276 not 8-byte aligned, rounding up
RenderActor3DAnimates constructed with no animations!
LMalloc of 44 not 8-byte aligned, rounding up
LMalloc of 44 not 8-byte aligned, rounding up
MATL closed without all data read (bytesLeft = 264)
LMalloc of 44 not 8-byte aligned, rounding up
jolt: mesh actor_pos=(0.000,0.000,0.000)
jolt: mesh v0 local=(-6.096,1.524,4.826) world=(-6.096,1.524,4.826)
jolt: mesh v1 local=(-6.096,1.524,5.334) world=(-6.096,1.524,5.334)
jolt: mesh v2 local=(-6.096,1.651,4.826) world=(-6.096,1.651,4.826)
jolt: mesh v3 local=(-6.096,1.651,5.334) world=(-6.096,1.651,5.334)
jolt: mesh v4 local=(6.096,1.524,4.826) world=(6.096,1.524,4.826)
jolt: mesh v5 local=(6.096,1.524,5.334) world=(6.096,1.524,5.334)
jolt: mesh v6 local=(6.096,1.651,4.826) world=(6.096,1.651,4.826)
jolt: mesh v7 local=(6.096,1.651,5.334) world=(6.096,1.651,5.334)
jolt: body MESH_STATIC verts=8 faces=12 id=16777218
LMalloc of 316 not 8-byte aligned, rounding up
LMalloc of 44 not 8-byte aligned, rounding up
LMalloc of 44 not 8-byte aligned, rounding up
LMalloc of 100 not 8-byte aligned, rounding up
LMalloc of 44 not 8-byte aligned, rounding up
LMalloc of 276 not 8-byte aligned, rounding up
RenderActor3DAnimates constructed with no animations!
LMalloc of 44 not 8-byte aligned, rounding up
LMalloc of 44 not 8-byte aligned, rounding up
MATL closed without all data read (bytesLeft = 264)
LMalloc of 44 not 8-byte aligned, rounding up
jolt: mesh actor_pos=(0.000,0.000,0.000)
jolt: mesh v0 local=(-6.096,-1.651,0.000) world=(-6.096,-1.651,0.000)
jolt: mesh v1 local=(-6.096,-1.651,5.334) world=(-6.096,-1.651,5.334)
jolt: mesh v2 local=(-6.096,1.651,0.000) world=(-6.096,1.651,0.000)
jolt: mesh v3 local=(-6.096,1.651,5.334) world=(-6.096,1.651,5.334)
jolt: mesh v4 local=(-5.969,-1.651,0.000) world=(-5.969,-1.651,0.000)
jolt: mesh v5 local=(-5.969,-1.651,5.334) world=(-5.969,-1.651,5.334)
jolt: mesh v6 local=(-5.969,1.651,0.000) world=(-5.969,1.651,0.000)
jolt: mesh v7 local=(-5.969,1.651,5.334) world=(-5.969,1.651,5.334)
jolt: body MESH_STATIC verts=8 faces=12 id=16777219
LMalloc of 316 not 8-byte aligned, rounding up
LMalloc of 44 not 8-byte aligned, rounding up
LMalloc of 44 not 8-byte aligned, rounding up
LMalloc of 100 not 8-byte aligned, rounding up
LMalloc of 44 not 8-byte aligned, rounding up
LMalloc of 276 not 8-byte aligned, rounding up
RenderActor3DAnimates constructed with no animations!
LMalloc of 44 not 8-byte aligned, rounding up
LMalloc of 44 not 8-byte aligned, rounding up
MATL closed without all data read (bytesLeft = 264)
LMalloc of 44 not 8-byte aligned, rounding up
jolt: mesh actor_pos=(0.000,0.000,0.000)
jolt: mesh v0 local=(5.969,-1.651,0.000) world=(5.969,-1.651,0.000)
jolt: mesh v1 local=(5.969,-1.651,5.334) world=(5.969,-1.651,5.334)
jolt: mesh v2 local=(5.969,1.651,0.000) world=(5.969,1.651,0.000)
jolt: mesh v3 local=(5.969,1.651,5.334) world=(5.969,1.651,5.334)
jolt: mesh v4 local=(6.096,-1.651,0.000) world=(6.096,-1.651,0.000)
jolt: mesh v5 local=(6.096,-1.651,5.334) world=(6.096,-1.651,5.334)
jolt: mesh v6 local=(6.096,1.651,0.000) world=(6.096,1.651,0.000)
jolt: mesh v7 local=(6.096,1.651,5.334) world=(6.096,1.651,5.334)
jolt: body MESH_STATIC verts=8 faces=12 id=16777220
LMalloc of 316 not 8-byte aligned, rounding up
LMalloc of 44 not 8-byte aligned, rounding up
LMalloc of 44 not 8-byte aligned, rounding up
LMalloc of 100 not 8-byte aligned, rounding up
LMalloc of 44 not 8-byte aligned, rounding up
LMalloc of 276 not 8-byte aligned, rounding up
RenderActor3DAnimates constructed with no animations!
LMalloc of 44 not 8-byte aligned, rounding up
LMalloc of 44 not 8-byte aligned, rounding up
MATL closed without all data read (bytesLeft = 264)
LMalloc of 44 not 8-byte aligned, rounding up
jolt: mesh actor_pos=(0.000,0.000,0.000)
jolt: mesh v0 local=(-6.096,-1.778,0.000) world=(-6.096,-1.778,0.000)
jolt: mesh v1 local=(-6.096,-1.778,5.334) world=(-6.096,-1.778,5.334)
jolt: mesh v2 local=(-6.096,-1.651,0.000) world=(-6.096,-1.651,0.000)
jolt: mesh v3 local=(-6.096,-1.651,5.334) world=(-6.096,-1.651,5.334)
jolt: mesh v4 local=(6.096,-1.778,0.000) world=(6.096,-1.778,0.000)
jolt: mesh v5 local=(6.096,-1.778,5.334) world=(6.096,-1.778,5.334)
jolt: mesh v6 local=(6.096,-1.651,0.000) world=(6.096,-1.651,0.000)
jolt: mesh v7 local=(6.096,-1.651,5.334) world=(6.096,-1.651,5.334)
jolt: body MESH_STATIC verts=8 faces=12 id=16777221
LMalloc of 316 not 8-byte aligned, rounding up
LMalloc of 44 not 8-byte aligned, rounding up
LMalloc of 44 not 8-byte aligned, rounding up
LMalloc of 100 not 8-byte aligned, rounding up
LMalloc of 44 not 8-byte aligned, rounding up
LMalloc of 996 not 8-byte aligned, rounding up
RenderActor3DAnimates constructed with no animations!
LMalloc of 316 not 8-byte aligned, rounding up
LMalloc of 44 not 8-byte aligned, rounding up
LMalloc of 44 not 8-byte aligned, rounding up
LMalloc of 100 not 8-byte aligned, rounding up
LMalloc of 44 not 8-byte aligned, rounding up
LMalloc of 276 not 8-byte aligned, rounding up
RenderActor3DAnimates constructed with no animations!
LMalloc of 44 not 8-byte aligned, rounding up
LMalloc of 44 not 8-byte aligned, rounding up
MATL closed without all data read (bytesLeft = 264)
LMalloc of 44 not 8-byte aligned, rounding up
jolt: mesh actor_pos=(0.000,0.000,0.000)
jolt: mesh v0 local=(-5.969,-1.524,0.127) world=(-5.969,-1.524,0.127)
jolt: mesh v1 local=(-5.969,-1.524,0.635) world=(-5.969,-1.524,0.635)
jolt: mesh v2 local=(-5.969,1.524,0.127) world=(-5.969,1.524,0.127)
jolt: mesh v3 local=(-5.969,1.524,0.635) world=(-5.969,1.524,0.635)
jolt: mesh v4 local=(5.969,-1.524,0.127) world=(5.969,-1.524,0.127)
jolt: mesh v5 local=(5.969,-1.524,0.635) world=(5.969,-1.524,0.635)
jolt: mesh v6 local=(5.969,1.524,0.127) world=(5.969,1.524,0.127)
jolt: mesh v7 local=(5.969,1.524,0.635) world=(5.969,1.524,0.635)
jolt: body MESH_STATIC verts=8 faces=12 id=16777222
LMalloc of 316 not 8-byte aligned, rounding up
LMalloc of 44 not 8-byte aligned, rounding up
LMalloc of 44 not 8-byte aligned, rounding up
LMalloc of 100 not 8-byte aligned, rounding up
LMalloc of 44 not 8-byte aligned, rounding up
LMalloc of 9636 not 8-byte aligned, rounding up
RenderActor3DAnimates constructed with no animations!
LMalloc of 316 not 8-byte aligned, rounding up
LMalloc of 44 not 8-byte aligned, rounding up
LMalloc of 44 not 8-byte aligned, rounding up
LMalloc of 100 not 8-byte aligned, rounding up
LMalloc of 44 not 8-byte aligned, rounding up
LMalloc of 276 not 8-byte aligned, rounding up
RenderActor3DAnimates constructed with no animations!
LMalloc of 44 not 8-byte aligned, rounding up
LMalloc of 44 not 8-byte aligned, rounding up
MATL closed without all data read (bytesLeft = 264)
LMalloc of 44 not 8-byte aligned, rounding up
jolt: mesh actor_pos=(0.000,0.000,0.000)
jolt: mesh v0 local=(-6.246,-1.801,-2.500) world=(-6.246,-1.801,-2.500)
jolt: mesh v1 local=(-6.246,-1.801,-0.025) world=(-6.246,-1.801,-0.025)
jolt: mesh v2 local=(-6.246,1.801,-2.500) world=(-6.246,1.801,-2.500)
jolt: mesh v3 local=(-6.246,1.801,-0.025) world=(-6.246,1.801,-0.025)
jolt: mesh v4 local=(6.246,-1.801,-2.500) world=(6.246,-1.801,-2.500)
jolt: mesh v5 local=(6.246,-1.801,-0.025) world=(6.246,-1.801,-0.025)
jolt: mesh v6 local=(6.246,1.801,-2.500) world=(6.246,1.801,-2.500)
jolt: mesh v7 local=(6.246,1.801,-0.025) world=(6.246,1.801,-0.025)
jolt: body MESH_STATIC verts=8 faces=12 id=16777223
LMalloc of 316 not 8-byte aligned, rounding up
LMalloc of 44 not 8-byte aligned, rounding up
LMalloc of 44 not 8-byte aligned, rounding up
LMalloc of 100 not 8-byte aligned, rounding up
LMalloc of 44 not 8-byte aligned, rounding up
LMalloc of 276 not 8-byte aligned, rounding up
RenderActor3DAnimates constructed with no animations!
LMalloc of 44 not 8-byte aligned, rounding up
LMalloc of 44 not 8-byte aligned, rounding up
MATL closed without all data read (bytesLeft = 264)
LMalloc of 44 not 8-byte aligned, rounding up
jolt: mesh actor_pos=(0.000,0.000,0.000)
jolt: mesh v0 local=(-30.000,3.000,-5.000) world=(-30.000,3.000,-5.000)
jolt: mesh v1 local=(-30.000,3.000,20.000) world=(-30.000,3.000,20.000)
jolt: mesh v2 local=(-30.000,3.100,-5.000) world=(-30.000,3.100,-5.000)
jolt: mesh v3 local=(-30.000,3.100,20.000) world=(-30.000,3.100,20.000)
jolt: mesh v4 local=(30.000,3.000,-5.000) world=(30.000,3.000,-5.000)
jolt: mesh v5 local=(30.000,3.000,20.000) world=(30.000,3.000,20.000)
jolt: mesh v6 local=(30.000,3.100,-5.000) world=(30.000,3.100,-5.000)
jolt: mesh v7 local=(30.000,3.100,20.000) world=(30.000,3.100,20.000)
jolt: body MESH_STATIC verts=8 faces=12 id=16777224
zforth: INDEXOF_CAMSHOT = 1921 (expect 1921)
zforth: INDEXOF_CAMSHOT = 1921 (expect 1921)
jolt: OptimizeBroadPhase done (9 static bodies)
audio: MusicPlayer — soundfont not found: florestan-subset.sf2
audio: sfx[0] not found: wflevels/qbert_practice/sfx/qbert_hop.wav
audio: sfx[1] not found: wflevels/qbert_practice/sfx/qbert_land.wav
audio: sfx[2] not found: wflevels/qbert_practice/sfx/qbert_fall.wav
audio: sfx[3] not found: wflevels/qbert_practice/sfx/qbert_swear.wav
audio: sfx[4] not found: wflevels/qbert_practice/sfx/qbert_round_clear.wav
audio: sfx[5] not found: wflevels/qbert_practice/sfx/qbert_kill.wav
audio: sfx[6] not found: wflevels/qbert_practice/sfx/qbert_disc.wav
DMalloc of 36 not 8-byte aligned, rounding up
ball pos: (-0.003, -0.248, 2.788)
ball pos: (-0.008, -0.246, 2.973)
ball pos: (-0.013, -0.242, 3.046)
ball pos: (-0.019, -0.239, 3.053)
ball pos: (-0.026, -0.235, 3.022)
ball pos: (-0.032, -0.231, 2.969)
ball pos: (-0.039, -0.227, 2.903)
ball pos: (-0.046, -0.223, 2.860)
ball pos: (-0.052, -0.219, 2.992)
ball pos: (-0.059, -0.215, 3.147)
ball pos: (-0.065, -0.211, 3.202)
ball pos: (-0.071, -0.207, 3.198)
ball pos: (-0.078, -0.203, 3.161)
ball pos: (-0.084, -0.199, 3.105)
ball pos: (-0.090, -0.195, 3.038)
ball pos: (-0.096, -0.191, 2.994)
ball pos: (-0.102, -0.187, 3.124)
ball pos: (-0.107, -0.183, 3.278)
ball pos: (-0.113, -0.179, 3.332)
