 (log → /storage/emulated/0/Android/data/org.worldfoundry.wf_game.aquarium/files/wf.log) ===
[99518.860725] (f_game.aquarium) Successfully parsed 1 environment variable(s) from /vendor/etc/mali_platform.config.
Could not open module param file '/sys/module/mali_kbase/parameters/large_page_conf'
[99518.870041] (f_game.aquarium) Successfully parsed 1 environment variable(s) from /vendor/etc/mali_platform.config.
audio: miniaudio v0.11.25 ready
wf_game v0.4.1, Built:Oct  1 2026,02:27:16 by kts
--frame-profile
argc = 2, commandIndex = 2
Level=-1
cerror:
cwarn:
cstats:
wf_game Ver 0.4.1, Built:Oct  1 2026,02:27:16 by kts
DBSTREAMS jolt: RegisterDefaultAllocator
jolt: Factory
jolt: RegisterTypes
jolt: RunSelftest
jolt: selftest ok (sphere fell to z=5.098)
jolt: backend init
jolt: backend ready (gravity -Z)
jolt: init complete
LMalloc of 76 not 8-byte aligned, rounding up
Opening cd.iff
LMalloc of 114 not 8-byte aligned, rounding up
zforth: INDEXOF_CAMSHOT = 1921 (expect 1921)
zforth: INDEXOF_CAMSHOT = 1921 (expect 1921)
LMalloc of 412 not 8-byte aligned, rounding up
LMalloc of 7620 not 8-byte aligned, rounding up
LMalloc of 20 not 8-byte aligned, rounding up
LMalloc of 20 not 8-byte aligned, rounding up
LMalloc of 44 not 8-byte aligned, rounding up
LMalloc of 44 not 8-byte aligned, rounding up
LMalloc of 44 not 8-byte aligned, rounding up
LMalloc of 44 not 8-byte aligned, rounding up
LMalloc of 44 not 8-byte aligned, rounding up
LMalloc of 44 not 8-byte aligned, rounding up
LMalloc of 44 not 8-byte aligned, rounding up
LMalloc of 44 not 8-byte aligned, rounding up
LMalloc of 44 not 8-byte aligned, rounding up
LMalloc of 44 not 8-byte aligned, rounding up
LMalloc of 44 not 8-byte aligned, rounding up
LMalloc of 44 not 8-byte aligned, rounding up
LMalloc of 44 not 8-byte aligned, rounding up
LMalloc of 44 not 8-byte aligned, rounding up
LMalloc of 44 not 8-byte aligned, rounding up
LMalloc of 44 not 8-byte aligned, rounding up
LMalloc of 44 not 8-byte aligned, rounding up
LMalloc of 44 not 8-byte aligned, rounding up
LMalloc of 44 not 8-byte aligned, rounding up
LMalloc of 44 not 8-byte aligned, rounding up
LMalloc of 44 not 8-byte aligned, rounding up
Level::Level: leveldata= 0xe0a1eb08, object count  = 83
ASS closed without all data read (bytesLeft = 4118)
ASS closed without all data read (bytesLeft = 150)
ASS closed without all data read (bytesLeft = 16)
ASS closed without all data read (bytesLeft = 16)
ASS closed without all data read (bytesLeft = 8732)
DMalloc of 84 not 8-byte aligned, rounding up
LMalloc of 76 not 8-byte aligned, rounding up
PixelMap::Load: this = 0xe0027780
PixelMap::Load: this = 0xe00277b0
LMalloc of 28 not 8-byte aligned, rounding up
LMalloc of 28 not 8-byte aligned, rounding up
LMalloc of 28 not 8-byte aligned, rounding up
LMalloc of 28 not 8-byte aligned, rounding up
LMalloc of 1148 not 8-byte aligned, rounding up
LMalloc of 348 not 8-byte aligned, rounding up
[Actor] idx=1 class=13 commonOff=92872 NumberOfLocalMailboxes=0
DMalloc of 84 not 8-byte aligned, rounding up
this = 0xe002aa88,setting _memory to 0xe002a7f8
DMalloc of 52 not 8-byte aligned, rounding up
DMalloc of 252 not 8-byte aligned, rounding up
[Actor] idx=2 class=20 commonOff=93188 NumberOfLocalMailboxes=0
DMalloc of 84 not 8-byte aligned, rounding up
DMalloc of 228 not 8-byte aligned, rounding up
[Actor] idx=4 class=11 commonOff=92872 NumberOfLocalMailboxes=0
DMalloc of 84 not 8-byte aligned, rounding up
[Actor] idx=5 class=16 commonOff=92872 NumberOfLocalMailboxes=0
DMalloc of 84 not 8-byte aligned, rounding up
[Actor] idx=6 class=3 commonOff=92872 NumberOfLocalMailboxes=0
DMalloc of 84 not 8-byte aligned, rounding up
[Actor] idx=8 class=22 commonOff=94084 NumberOfLocalMailboxes=6
DMalloc of 84 not 8-byte aligned, rounding up
jolt: character 0 created at (-1.60, 0.00, 2.40) ctr=(0.00,0.00,0.00)
DMalloc of 228 not 8-byte aligned, rounding up
[Actor] idx=9 class=23 commonOff=92872 NumberOfLocalMailboxes=0
DMalloc of 84 not 8-byte aligned, rounding up
[Actor] idx=10 class=7 commonOff=94656 NumberOfLocalMailboxes=0
DMalloc of 84 not 8-byte aligned, rounding up
[Actor] idx=11 class=7 commonOff=94856 NumberOfLocalMailboxes=0
DMalloc of 84 not 8-byte aligned, rounding up
[Actor] idx=12 class=7 commonOff=94900 NumberOfLocalMailboxes=0
DMalloc of 84 not 8-byte aligned, rounding up
[Actor] idx=13 class=7 commonOff=94944 NumberOfLocalMailboxes=0
DMalloc of 84 not 8-byte aligned, rounding up
[Actor] idx=14 class=7 commonOff=94944 NumberOfLocalMailboxes=0
DMalloc of 84 not 8-byte aligned, rounding up
[Actor] idx=15 class=7 commonOff=94656 NumberOfLocalMailboxes=0
DMalloc of 84 not 8-byte aligned, rounding up
[Actor] idx=16 class=7 commonOff=94856 NumberOfLocalMailboxes=0
DMalloc of 84 not 8-byte aligned, rounding up
[Actor] idx=17 class=7 commonOff=94900 NumberOfLocalMailboxes=0
DMalloc of 84 not 8-byte aligned, rounding up
[Actor] idx=18 class=7 commonOff=94944 NumberOfLocalMailboxes=0
DMalloc of 84 not 8-byte aligned, rounding up
[Actor] idx=19 class=7 commonOff=94944 NumberOfLocalMailboxes=0
DMalloc of 84 not 8-byte aligned, rounding up
[Actor] idx=20 class=7 commonOff=94656 NumberOfLocalMailboxes=0
DMalloc of 84 not 8-byte aligned, rounding up
[Actor] idx=21 class=7 commonOff=94856 NumberOfLocalMailboxes=0
DMalloc of 84 not 8-byte aligned, rounding up
[Actor] idx=22 class=7 commonOff=94900 NumberOfLocalMailboxes=0
DMalloc of 84 not 8-byte aligned, rounding up
[Actor] idx=23 class=7 commonOff=94944 NumberOfLocalMailboxes=0
DMalloc of 84 not 8-byte aligned, rounding up
[Actor] idx=24 class=7 commonOff=94944 NumberOfLocalMailboxes=0
DMalloc of 84 not 8-byte aligned, rounding up
[Actor] idx=25 class=7 commonOff=94656 NumberOfLocalMailboxes=0
DMalloc of 84 not 8-byte aligned, rounding up
[Actor] idx=26 class=7 commonOff=94856 NumberOfLocalMailboxes=0
DMalloc of 84 not 8-byte aligned, rounding up
[Actor] idx=27 class=7 commonOff=94900 NumberOfLocalMailboxes=0
DMalloc of 84 not 8-byte aligned, rounding up
[Actor] idx=28 class=7 commonOff=94944 NumberOfLocalMailboxes=0
DMalloc of 84 not 8-byte aligned, rounding up
[Actor] idx=29 class=7 commonOff=94944 NumberOfLocalMailboxes=0
DMalloc of 84 not 8-byte aligned, rounding up
[Actor] idx=30 class=7 commonOff=94656 NumberOfLocalMailboxes=0
DMalloc of 84 not 8-byte aligned, rounding up
[Actor] idx=31 class=7 commonOff=94856 NumberOfLocalMailboxes=0
DMalloc of 84 not 8-byte aligned, rounding up
[Actor] idx=32 class=7 commonOff=94900 NumberOfLocalMailboxes=0
DMalloc of 84 not 8-byte aligned, rounding up
[Actor] idx=33 class=7 commonOff=94944 NumberOfLocalMailboxes=0
DMalloc of 84 not 8-byte aligned, rounding up
[Actor] idx=34 class=7 commonOff=94944 NumberOfLocalMailboxes=0
DMalloc of 84 not 8-byte aligned, rounding up
[Actor] idx=35 class=7 commonOff=94656 NumberOfLocalMailboxes=0
DMalloc of 84 not 8-byte aligned, rounding up
[Actor] idx=36 class=7 commonOff=94856 NumberOfLocalMailboxes=0
DMalloc of 84 not 8-byte aligned, rounding up
[Actor] idx=37 class=7 commonOff=94900 NumberOfLocalMailboxes=0
DMalloc of 84 not 8-byte aligned, rounding up
[Actor] idx=38 class=7 commonOff=94944 NumberOfLocalMailboxes=0
DMalloc of 84 not 8-byte aligned, rounding up
[Actor] idx=39 class=7 commonOff=94944 NumberOfLocalMailboxes=0
DMalloc of 84 not 8-byte aligned, rounding up
[Actor] idx=40 class=7 commonOff=94656 NumberOfLocalMailboxes=0
DMalloc of 84 not 8-byte aligned, rounding up
[Actor] idx=41 class=7 commonOff=94856 NumberOfLocalMailboxes=0
DMalloc of 84 not 8-byte aligned, rounding up
[Actor] idx=42 class=7 commonOff=94900 NumberOfLocalMailboxes=0
DMalloc of 84 not 8-byte aligned, rounding up
[Actor] idx=43 class=7 commonOff=94944 NumberOfLocalMailboxes=0
DMalloc of 84 not 8-byte aligned, rounding up
[Actor] idx=44 class=7 commonOff=94944 NumberOfLocalMailboxes=0
DMalloc of 84 not 8-byte aligned, rounding up
[Actor] idx=45 class=7 commonOff=94656 NumberOfLocalMailboxes=0
DMalloc of 84 not 8-byte aligned, rounding up
[Actor] idx=46 class=7 commonOff=94856 NumberOfLocalMailboxes=0
DMalloc of 84 not 8-byte aligned, rounding up
[Actor] idx=47 class=7 commonOff=94900 NumberOfLocalMailboxes=0
DMalloc of 84 not 8-byte aligned, rounding up
[Actor] idx=48 class=7 commonOff=94944 NumberOfLocalMailboxes=0
DMalloc of 84 not 8-byte aligned, rounding up
[Actor] idx=49 class=7 commonOff=94944 NumberOfLocalMailboxes=0
DMalloc of 84 not 8-byte aligned, rounding up
[Actor] idx=50 class=7 commonOff=94656 NumberOfLocalMailboxes=0
DMalloc of 84 not 8-byte aligned, rounding up
[Actor] idx=51 class=7 commonOff=94856 NumberOfLocalMailboxes=0
DMalloc of 84 not 8-byte aligned, rounding up
[Actor] idx=52 class=7 commonOff=94900 NumberOfLocalMailboxes=0
DMalloc of 84 not 8-byte aligned, rounding up
[Actor] idx=53 class=7 commonOff=94944 NumberOfLocalMailboxes=0
DMalloc of 84 not 8-byte aligned, rounding up
[Actor] idx=54 class=7 commonOff=94944 NumberOfLocalMailboxes=0
DMalloc of 84 not 8-byte aligned, rounding up
[Actor] idx=55 class=7 commonOff=94656 NumberOfLocalMailboxes=0
DMalloc of 84 not 8-byte aligned, rounding up
[Actor] idx=56 class=7 commonOff=94856 NumberOfLocalMailboxes=0
DMalloc of 84 not 8-byte aligned, rounding up
[Actor] idx=57 class=7 commonOff=94900 NumberOfLocalMailboxes=0
DMalloc of 84 not 8-byte aligned, rounding up
[Actor] idx=58 class=7 commonOff=94944 NumberOfLocalMailboxes=0
DMalloc of 84 not 8-byte aligned, rounding up
[Actor] idx=59 class=7 commonOff=94944 NumberOfLocalMailboxes=0
DMalloc of 84 not 8-byte aligned, rounding up
[Actor] idx=60 class=7 commonOff=94656 NumberOfLocalMailboxes=0
DMalloc of 84 not 8-byte aligned, rounding up
[Actor] idx=61 class=7 commonOff=94856 NumberOfLocalMailboxes=0
DMalloc of 84 not 8-byte aligned, rounding up
[Actor] idx=62 class=7 commonOff=94900 NumberOfLocalMailboxes=0
DMalloc of 84 not 8-byte aligned, rounding up
[Actor] idx=63 class=7 commonOff=94944 NumberOfLocalMailboxes=0
DMalloc of 84 not 8-byte aligned, rounding up
[Actor] idx=64 class=7 commonOff=94944 NumberOfLocalMailboxes=0
DMalloc of 84 not 8-byte aligned, rounding up
[Actor] idx=65 class=5 commonOff=95096 NumberOfLocalMailboxes=0
jolt: body STATIC pos=(0.00,0.00,2.67) half=(6.10,1.65,2.67) id=8388608
[Actor] idx=66 class=5 commonOff=92872 NumberOfLocalMailboxes=0
jolt: body STATIC pos=(0.00,-1.65,2.73) half=(5.97,0.12,2.60) id=8388609
[Actor] idx=67 class=5 commonOff=95140 NumberOfLocalMailboxes=0
jolt: body STATIC pos=(0.00,0.00,5.27) half=(6.16,1.71,0.12) id=8388610
[Actor] idx=68 class=5 commonOff=95184 NumberOfLocalMailboxes=0
jolt: body STATIC pos=(0.00,0.00,0.38) half=(5.96,1.52,0.25) id=8388611
[Actor] idx=69 class=5 commonOff=95228 NumberOfLocalMailboxes=0
jolt: body STATIC pos=(2.48,-0.02,0.91) half=(0.76,0.56,0.27) id=8388612
[Actor] idx=70 class=5 commonOff=95272 NumberOfLocalMailboxes=0
jolt: body STATIC pos=(2.50,0.00,1.56) half=(0.50,0.50,0.38) id=8388613
[Actor] idx=71 class=7 commonOff=95316 NumberOfLocalMailboxes=0
DMalloc of 84 not 8-byte aligned, rounding up
[Actor] idx=72 class=7 commonOff=95316 NumberOfLocalMailboxes=0
DMalloc of 84 not 8-byte aligned, rounding up
[Actor] idx=73 class=7 commonOff=95316 NumberOfLocalMailboxes=0
DMalloc of 84 not 8-byte aligned, rounding up
[Actor] idx=74 class=7 commonOff=95360 NumberOfLocalMailboxes=0
DMalloc of 84 not 8-byte aligned, rounding up
[Actor] idx=75 class=7 commonOff=95360 NumberOfLocalMailboxes=0
DMalloc of 84 not 8-byte aligned, rounding up
[Actor] idx=76 class=7 commonOff=95360 NumberOfLocalMailboxes=0
DMalloc of 84 not 8-byte aligned, rounding up
[Actor] idx=77 class=3 commonOff=92872 NumberOfLocalMailboxes=0
DMalloc of 84 not 8-byte aligned, rounding up
[Actor] idx=78 class=5 commonOff=92872 NumberOfLocalMailboxes=0
jolt: body STATIC pos=(0.00,0.00,-4.50) half=(6.30,1.85,4.50) id=8388614
[Actor] idx=79 class=5 commonOff=95404 NumberOfLocalMailboxes=0
jolt: body STATIC pos=(0.00,3.88,3.50) half=(20.00,0.12,12.50) id=8388615
DMalloc of 228 not 8-byte aligned, rounding up
[Actor] idx=80 class=23 commonOff=92872 NumberOfLocalMailboxes=0
DMalloc of 84 not 8-byte aligned, rounding up
[Actor] idx=81 class=7 commonOff=92872 NumberOfLocalMailboxes=0
DMalloc of 84 not 8-byte aligned, rounding up
[Actor] idx=82 class=16 commonOff=92872 NumberOfLocalMailboxes=0
DMalloc of 84 not 8-byte aligned, rounding up
LMalloc of 20 not 8-byte aligned, rounding up
LMalloc of 212 not 8-byte aligned, rounding up
DMalloc of 164 not 8-byte aligned, rounding up
DMalloc of 404 not 8-byte aligned, rounding up
DMalloc of 554 not 8-byte aligned, rounding up
DMalloc of 404 not 8-byte aligned, rounding up
Walking from 0
0->0
0->0
LMalloc of 20 not 8-byte aligned, rounding up
LMalloc of 20 not 8-byte aligned, rounding up
ASS closed without all data read (bytesLeft = 4118)
ASS closed without all data read (bytesLeft = 150)
ASS closed without all data read (bytesLeft = 16)
ASS closed without all data read (bytesLeft = 16)
ASS closed without all data read (bytesLeft = 8732)
ASS closed without all data read (bytesLeft = 1732)
ASS closed without all data read (bytesLeft = 1572)
ASS closed without all data read (bytesLeft = 1252)
ASS closed without all data read (bytesLeft = 1252)
ASS closed without all data read (bytesLeft = 19380)
ASS closed without all data read (bytesLeft = 588)
ASS closed without all data read (bytesLeft = 1364)
ASS closed without all data read (bytesLeft = 10012)
ASS closed without all data read (bytesLeft = 1716)
ASS closed without all data read (bytesLeft = 4308)
ASS closed without all data read (bytesLeft = 4668)
ASS closed without all data read (bytesLeft = 5772)
ASS closed without all data read (bytesLeft = 4668)
ASS closed without all data read (bytesLeft = 4668)
ASS closed without all data read (bytesLeft = 3564)
ASS closed without all data read (bytesLeft = 4668)
ASS closed without all data read (bytesLeft = 852)
ASS closed without all data read (bytesLeft = 412)
DMalloc of 84 not 8-byte aligned, rounding up
LMalloc of 292 not 8-byte aligned, rounding up
PixelMap::Load: this = 0xe00277e0
PixelMap::Load: this = 0xe0027810
LMalloc of 28 not 8-byte aligned, rounding up
LMalloc of 28 not 8-byte aligned, rounding up
LMalloc of 28 not 8-byte aligned, rounding up
LMalloc of 28 not 8-byte aligned, rounding up
LMalloc of 244 not 8-byte aligned, rounding up
LMalloc of 44 not 8-byte aligned, rounding up
LMalloc of 44 not 8-byte aligned, rounding up
LMalloc of 44 not 8-byte aligned, rounding up
LMalloc of 6236 not 8-byte aligned, rounding up
RenderActor3DAnimates constructed with no animations!
LMalloc of 244 not 8-byte aligned, rounding up
LMalloc of 44 not 8-byte aligned, rounding up
LMalloc of 44 not 8-byte aligned, rounding up
LMalloc of 44 not 8-byte aligned, rounding up
LMalloc of 6236 not 8-byte aligned, rounding up
RenderActor3DAnimates constructed with no animations!
LMalloc of 244 not 8-byte aligned, rounding up
LMalloc of 44 not 8-byte aligned, rounding up
LMalloc of 44 not 8-byte aligned, rounding up
LMalloc of 44 not 8-byte aligned, rounding up
LMalloc of 1156 not 8-byte aligned, rounding up
RenderActor3DAnimates constructed with no animations!
LMalloc of 244 not 8-byte aligned, rounding up
LMalloc of 44 not 8-byte aligned, rounding up
LMalloc of 44 not 8-byte aligned, rounding up
LMalloc of 44 not 8-byte aligned, rounding up
LMalloc of 996 not 8-byte aligned, rounding up
RenderActor3DAnimates constructed with no animations!
LMalloc of 244 not 8-byte aligned, rounding up
LMalloc of 44 not 8-byte aligned, rounding up
LMalloc of 44 not 8-byte aligned, rounding up
LMalloc of 44 not 8-byte aligned, rounding up
LMalloc of 676 not 8-byte aligned, rounding up
RenderActor3DAnimates constructed with no animations!
LMalloc of 244 not 8-byte aligned, rounding up
LMalloc of 44 not 8-byte aligned, rounding up
LMalloc of 44 not 8-byte aligned, rounding up
LMalloc of 44 not 8-byte aligned, rounding up
LMalloc of 676 not 8-byte aligned, rounding up
RenderActor3DAnimates constructed with no animations!
LMalloc of 244 not 8-byte aligned, rounding up
LMalloc of 44 not 8-byte aligned, rounding up
LMalloc of 44 not 8-byte aligned, rounding up
LMalloc of 44 not 8-byte aligned, rounding up
LMalloc of 6236 not 8-byte aligned, rounding up
RenderActor3DAnimates constructed with no animations!
LMalloc of 244 not 8-byte aligned, rounding up
LMalloc of 44 not 8-byte aligned, rounding up
LMalloc of 44 not 8-byte aligned, rounding up
LMalloc of 44 not 8-byte aligned, rounding up
LMalloc of 1156 not 8-byte aligned, rounding up
RenderActor3DAnimates constructed with no animations!
LMalloc of 244 not 8-byte aligned, rounding up
LMalloc of 44 not 8-byte aligned, rounding up
LMalloc of 44 not 8-byte aligned, rounding up
LMalloc of 44 not 8-byte aligned, rounding up
LMalloc of 996 not 8-byte aligned, rounding up
RenderActor3DAnimates constructed with no animations!
LMalloc of 244 not 8-byte aligned, rounding up
LMalloc of 44 not 8-byte aligned, rounding up
LMalloc of 44 not 8-byte aligned, rounding up
LMalloc of 44 not 8-byte aligned, rounding up
LMalloc of 676 not 8-byte aligned, rounding up
RenderActor3DAnimates constructed with no animations!
LMalloc of 244 not 8-byte aligned, rounding up
LMalloc of 44 not 8-byte aligned, rounding up
LMalloc of 44 not 8-byte aligned, rounding up
LMalloc of 44 not 8-byte aligned, rounding up
LMalloc of 676 not 8-byte aligned, rounding up
RenderActor3DAnimates constructed with no animations!
LMalloc of 244 not 8-byte aligned, rounding up
LMalloc of 44 not 8-byte aligned, rounding up
LMalloc of 44 not 8-byte aligned, rounding up
LMalloc of 44 not 8-byte aligned, rounding up
LMalloc of 6236 not 8-byte aligned, rounding up
RenderActor3DAnimates constructed with no animations!
LMalloc of 244 not 8-byte aligned, rounding up
LMalloc of 44 not 8-byte aligned, rounding up
LMalloc of 44 not 8-byte aligned, rounding up
LMalloc of 44 not 8-byte aligned, rounding up
LMalloc of 1156 not 8-byte aligned, rounding up
RenderActor3DAnimates constructed with no animations!
LMalloc of 244 not 8-byte aligned, rounding up
LMalloc of 44 not 8-byte aligned, rounding up
LMalloc of 44 not 8-byte aligned, rounding up
LMalloc of 44 not 8-byte aligned, rounding up
LMalloc of 996 not 8-byte aligned, rounding up
RenderActor3DAnimates constructed with no animations!
LMalloc of 244 not 8-byte aligned, rounding up
LMalloc of 44 not 8-byte aligned, rounding up
LMalloc of 44 not 8-byte aligned, rounding up
LMalloc of 44 not 8-byte aligned, rounding up
LMalloc of 676 not 8-byte aligned, rounding up
RenderActor3DAnimates constructed with no animations!
LMalloc of 244 not 8-byte aligned, rounding up
LMalloc of 44 not 8-byte aligned, rounding up
LMalloc of 44 not 8-byte aligned, rounding up
LMalloc of 44 not 8-byte aligned, rounding up
LMalloc of 676 not 8-byte aligned, rounding up
RenderActor3DAnimates constructed with no animations!
LMalloc of 244 not 8-byte aligned, rounding up
LMalloc of 44 not 8-byte aligned, rounding up
LMalloc of 44 not 8-byte aligned, rounding up
LMalloc of 44 not 8-byte aligned, rounding up
LMalloc of 6236 not 8-byte aligned, rounding up
RenderActor3DAnimates constructed with no animations!
LMalloc of 244 not 8-byte aligned, rounding up
LMalloc of 44 not 8-byte aligned, rounding up
LMalloc of 44 not 8-byte aligned, rounding up
LMalloc of 44 not 8-byte aligned, rounding up
LMalloc of 1156 not 8-byte aligned, rounding up
RenderActor3DAnimates constructed with no animations!
LMalloc of 244 not 8-byte aligned, rounding up
LMalloc of 44 not 8-byte aligned, rounding up
LMalloc of 44 not 8-byte aligned, rounding up
LMalloc of 44 not 8-byte aligned, rounding up
LMalloc of 996 not 8-byte aligned, rounding up
RenderActor3DAnimates constructed with no animations!
LMalloc of 244 not 8-byte aligned, rounding up
LMalloc of 44 not 8-byte aligned, rounding up
LMalloc of 44 not 8-byte aligned, rounding up
LMalloc of 44 not 8-byte aligned, rounding up
LMalloc of 676 not 8-byte aligned, rounding up
RenderActor3DAnimates constructed with no animations!
LMalloc of 244 not 8-byte aligned, rounding up
LMalloc of 44 not 8-byte aligned, rounding up
LMalloc of 44 not 8-byte aligned, rounding up
LMalloc of 44 not 8-byte aligned, rounding up
LMalloc of 676 not 8-byte aligned, rounding up
RenderActor3DAnimates constructed with no animations!
LMalloc of 244 not 8-byte aligned, rounding up
LMalloc of 44 not 8-byte aligned, rounding up
LMalloc of 44 not 8-byte aligned, rounding up
LMalloc of 44 not 8-byte aligned, rounding up
LMalloc of 6236 not 8-byte aligned, rounding up
RenderActor3DAnimates constructed with no animations!
LMalloc of 244 not 8-byte aligned, rounding up
LMalloc of 44 not 8-byte aligned, rounding up
LMalloc of 44 not 8-byte aligned, rounding up
LMalloc of 44 not 8-byte aligned, rounding up
LMalloc of 1156 not 8-byte aligned, rounding up
RenderActor3DAnimates constructed with no animations!
LMalloc of 244 not 8-byte aligned, rounding up
LMalloc of 44 not 8-byte aligned, rounding up
LMalloc of 44 not 8-byte aligned, rounding up
LMalloc of 44 not 8-byte aligned, rounding up
LMalloc of 996 not 8-byte aligned, rounding up
RenderActor3DAnimates constructed with no animations!
LMalloc of 244 not 8-byte aligned, rounding up
LMalloc of 44 not 8-byte aligned, rounding up
LMalloc of 44 not 8-byte aligned, rounding up
LMalloc of 44 not 8-byte aligned, rounding up
LMalloc of 676 not 8-byte aligned, rounding up
RenderActor3DAnimates constructed with no animations!
LMalloc of 244 not 8-byte aligned, rounding up
LMalloc of 44 not 8-byte aligned, rounding up
LMalloc of 44 not 8-byte aligned, rounding up
LMalloc of 44 not 8-byte aligned, rounding up
LMalloc of 676 not 8-byte aligned, rounding up
RenderActor3DAnimates constructed with no animations!
LMalloc of 244 not 8-byte aligned, rounding up
LMalloc of 44 not 8-byte aligned, rounding up
LMalloc of 44 not 8-byte aligned, rounding up
LMalloc of 44 not 8-byte aligned, rounding up
LMalloc of 6236 not 8-byte aligned, rounding up
RenderActor3DAnimates constructed with no animations!
LMalloc of 244 not 8-byte aligned, rounding up
LMalloc of 44 not 8-byte aligned, rounding up
LMalloc of 44 not 8-byte aligned, rounding up
LMalloc of 44 not 8-byte aligned, rounding up
LMalloc of 1156 not 8-byte aligned, rounding up
RenderActor3DAnimates constructed with no animations!
LMalloc of 244 not 8-byte aligned, rounding up
LMalloc of 44 not 8-byte aligned, rounding up
LMalloc of 44 not 8-byte aligned, rounding up
LMalloc of 44 not 8-byte aligned, rounding up
LMalloc of 996 not 8-byte aligned, rounding up
RenderActor3DAnimates constructed with no animations!
LMalloc of 244 not 8-byte aligned, rounding up
LMalloc of 44 not 8-byte aligned, rounding up
LMalloc of 44 not 8-byte aligned, rounding up
LMalloc of 44 not 8-byte aligned, rounding up
LMalloc of 676 not 8-byte aligned, rounding up
RenderActor3DAnimates constructed with no animations!
LMalloc of 244 not 8-byte aligned, rounding up
LMalloc of 44 not 8-byte aligned, rounding up
LMalloc of 44 not 8-byte aligned, rounding up
LMalloc of 44 not 8-byte aligned, rounding up
LMalloc of 676 not 8-byte aligned, rounding up
RenderActor3DAnimates constructed with no animations!
LMalloc of 244 not 8-byte aligned, rounding up
LMalloc of 44 not 8-byte aligned, rounding up
LMalloc of 44 not 8-byte aligned, rounding up
LMalloc of 44 not 8-byte aligned, rounding up
LMalloc of 6236 not 8-byte aligned, rounding up
RenderActor3DAnimates constructed with no animations!
LMalloc of 244 not 8-byte aligned, rounding up
LMalloc of 44 not 8-byte aligned, rounding up
LMalloc of 44 not 8-byte aligned, rounding up
LMalloc of 44 not 8-byte aligned, rounding up
LMalloc of 1156 not 8-byte aligned, rounding up
RenderActor3DAnimates constructed with no animations!
LMalloc of 244 not 8-byte aligned, rounding up
LMalloc of 44 not 8-byte aligned, rounding up
LMalloc of 44 not 8-byte aligned, rounding up
LMalloc of 44 not 8-byte aligned, rounding up
LMalloc of 996 not 8-byte aligned, rounding up
RenderActor3DAnimates constructed with no animations!
LMalloc of 244 not 8-byte aligned, rounding up
LMalloc of 44 not 8-byte aligned, rounding up
LMalloc of 44 not 8-byte aligned, rounding up
LMalloc of 44 not 8-byte aligned, rounding up
LMalloc of 676 not 8-byte aligned, rounding up
RenderActor3DAnimates constructed with no animations!
LMalloc of 244 not 8-byte aligned, rounding up
LMalloc of 44 not 8-byte aligned, rounding up
LMalloc of 44 not 8-byte aligned, rounding up
LMalloc of 44 not 8-byte aligned, rounding up
LMalloc of 676 not 8-byte aligned, rounding up
RenderActor3DAnimates constructed with no animations!
LMalloc of 244 not 8-byte aligned, rounding up
LMalloc of 44 not 8-byte aligned, rounding up
LMalloc of 44 not 8-byte aligned, rounding up
LMalloc of 44 not 8-byte aligned, rounding up
LMalloc of 6236 not 8-byte aligned, rounding up
RenderActor3DAnimates constructed with no animations!
LMalloc of 244 not 8-byte aligned, rounding up
LMalloc of 44 not 8-byte aligned, rounding up
LMalloc of 44 not 8-byte aligned, rounding up
LMalloc of 44 not 8-byte aligned, rounding up
LMalloc of 1156 not 8-byte aligned, rounding up
RenderActor3DAnimates constructed with no animations!
LMalloc of 244 not 8-byte aligned, rounding up
LMalloc of 44 not 8-byte aligned, rounding up
LMalloc of 44 not 8-byte aligned, rounding up
LMalloc of 44 not 8-byte aligned, rounding up
LMalloc of 996 not 8-byte aligned, rounding up
RenderActor3DAnimates constructed with no animations!
LMalloc of 244 not 8-byte aligned, rounding up
LMalloc of 44 not 8-byte aligned, rounding up
LMalloc of 44 not 8-byte aligned, rounding up
LMalloc of 44 not 8-byte aligned, rounding up
LMalloc of 676 not 8-byte aligned, rounding up
RenderActor3DAnimates constructed with no animations!
LMalloc of 244 not 8-byte aligned, rounding up
LMalloc of 44 not 8-byte aligned, rounding up
LMalloc of 44 not 8-byte aligned, rounding up
LMalloc of 44 not 8-byte aligned, rounding up
LMalloc of 676 not 8-byte aligned, rounding up
RenderActor3DAnimates constructed with no animations!
LMalloc of 244 not 8-byte aligned, rounding up
LMalloc of 44 not 8-byte aligned, rounding up
LMalloc of 44 not 8-byte aligned, rounding up
LMalloc of 44 not 8-byte aligned, rounding up
LMalloc of 6236 not 8-byte aligned, rounding up
RenderActor3DAnimates constructed with no animations!
LMalloc of 244 not 8-byte aligned, rounding up
LMalloc of 44 not 8-byte aligned, rounding up
LMalloc of 44 not 8-byte aligned, rounding up
LMalloc of 44 not 8-byte aligned, rounding up
LMalloc of 1156 not 8-byte aligned, rounding up
RenderActor3DAnimates constructed with no animations!
LMalloc of 244 not 8-byte aligned, rounding up
LMalloc of 44 not 8-byte aligned, rounding up
LMalloc of 44 not 8-byte aligned, rounding up
LMalloc of 44 not 8-byte aligned, rounding up
LMalloc of 996 not 8-byte aligned, rounding up
RenderActor3DAnimates constructed with no animations!
LMalloc of 244 not 8-byte aligned, rounding up
LMalloc of 44 not 8-byte aligned, rounding up
LMalloc of 44 not 8-byte aligned, rounding up
LMalloc of 44 not 8-byte aligned, rounding up
LMalloc of 676 not 8-byte aligned, rounding up
RenderActor3DAnimates constructed with no animations!
LMalloc of 244 not 8-byte aligned, rounding up
LMalloc of 44 not 8-byte aligned, rounding up
LMalloc of 44 not 8-byte aligned, rounding up
LMalloc of 44 not 8-byte aligned, rounding up
LMalloc of 676 not 8-byte aligned, rounding up
RenderActor3DAnimates constructed with no animations!
LMalloc of 244 not 8-byte aligned, rounding up
LMalloc of 44 not 8-byte aligned, rounding up
LMalloc of 44 not 8-byte aligned, rounding up
LMalloc of 44 not 8-byte aligned, rounding up
LMalloc of 6236 not 8-byte aligned, rounding up
RenderActor3DAnimates constructed with no animations!
LMalloc of 244 not 8-byte aligned, rounding up
LMalloc of 44 not 8-byte aligned, rounding up
LMalloc of 44 not 8-byte aligned, rounding up
LMalloc of 44 not 8-byte aligned, rounding up
LMalloc of 1156 not 8-byte aligned, rounding up
RenderActor3DAnimates constructed with no animations!
LMalloc of 244 not 8-byte aligned, rounding up
LMalloc of 44 not 8-byte aligned, rounding up
LMalloc of 44 not 8-byte aligned, rounding up
LMalloc of 44 not 8-byte aligned, rounding up
LMalloc of 996 not 8-byte aligned, rounding up
RenderActor3DAnimates constructed with no animations!
LMalloc of 244 not 8-byte aligned, rounding up
LMalloc of 44 not 8-byte aligned, rounding up
LMalloc of 44 not 8-byte aligned, rounding up
LMalloc of 44 not 8-byte aligned, rounding up
LMalloc of 676 not 8-byte aligned, rounding up
RenderActor3DAnimates constructed with no animations!
LMalloc of 244 not 8-byte aligned, rounding up
LMalloc of 44 not 8-byte aligned, rounding up
LMalloc of 44 not 8-byte aligned, rounding up
LMalloc of 44 not 8-byte aligned, rounding up
LMalloc of 676 not 8-byte aligned, rounding up
RenderActor3DAnimates constructed with no animations!
LMalloc of 244 not 8-byte aligned, rounding up
LMalloc of 44 not 8-byte aligned, rounding up
LMalloc of 44 not 8-byte aligned, rounding up
LMalloc of 44 not 8-byte aligned, rounding up
LMalloc of 6236 not 8-byte aligned, rounding up
RenderActor3DAnimates constructed with no animations!
LMalloc of 244 not 8-byte aligned, rounding up
LMalloc of 44 not 8-byte aligned, rounding up
LMalloc of 44 not 8-byte aligned, rounding up
LMalloc of 44 not 8-byte aligned, rounding up
LMalloc of 1156 not 8-byte aligned, rounding up
RenderActor3DAnimates constructed with no animations!
LMalloc of 244 not 8-byte aligned, rounding up
LMalloc of 44 not 8-byte aligned, rounding up
LMalloc of 44 not 8-byte aligned, rounding up
LMalloc of 44 not 8-byte aligned, rounding up
LMalloc of 996 not 8-byte aligned, rounding up
RenderActor3DAnimates constructed with no animations!
LMalloc of 244 not 8-byte aligned, rounding up
LMalloc of 44 not 8-byte aligned, rounding up
LMalloc of 44 not 8-byte aligned, rounding up
LMalloc of 44 not 8-byte aligned, rounding up
LMalloc of 676 not 8-byte aligned, rounding up
RenderActor3DAnimates constructed with no animations!
LMalloc of 244 not 8-byte aligned, rounding up
LMalloc of 44 not 8-byte aligned, rounding up
LMalloc of 44 not 8-byte aligned, rounding up
LMalloc of 44 not 8-byte aligned, rounding up
LMalloc of 676 not 8-byte aligned, rounding up
RenderActor3DAnimates constructed with no animations!
LMalloc of 244 not 8-byte aligned, rounding up
LMalloc of 44 not 8-byte aligned, rounding up
LMalloc of 44 not 8-byte aligned, rounding up
LMalloc of 44 not 8-byte aligned, rounding up
LMalloc of 12036 not 8-byte aligned, rounding up
RenderActor3DAnimates constructed with no animations!
LMalloc of 44 not 8-byte aligned, rounding up
LMalloc of 44 not 8-byte aligned, rounding up
MATL closed without all data read (bytesLeft = 9504)
LMalloc of 44 not 8-byte aligned, rounding up
jolt: mesh actor_pos=(0.000,0.000,0.000)
jolt: mesh v0 local=(-6.096,-1.651,0.000) world=(-6.096,-1.651,0.000)
jolt: mesh v1 local=(-6.096,-1.651,0.127) world=(-6.096,-1.651,0.127)
jolt: mesh v2 local=(-6.096,-1.651,0.635) world=(-6.096,-1.651,0.635)
jolt: mesh v3 local=(-6.096,-1.651,1.044) world=(-6.096,-1.651,1.044)
jolt: mesh v4 local=(-6.096,-1.651,1.453) world=(-6.096,-1.651,1.453)
jolt: mesh v5 local=(-6.096,-1.651,1.862) world=(-6.096,-1.651,1.862)
jolt: mesh v6 local=(-6.096,-1.651,2.271) world=(-6.096,-1.651,2.271)
jolt: mesh v7 local=(-6.096,-1.651,2.680) world=(-6.096,-1.651,2.680)
jolt: mesh v8 local=(-6.096,-1.651,3.089) world=(-6.096,-1.651,3.089)
jolt: mesh v9 local=(-6.096,-1.651,3.498) world=(-6.096,-1.651,3.498)
jolt: mesh v10 local=(-6.096,-1.651,3.907) world=(-6.096,-1.651,3.907)
jolt: mesh v11 local=(-6.096,-1.651,4.315) world=(-6.096,-1.651,4.315)
jolt: mesh v12 local=(-6.096,-1.651,4.724) world=(-6.096,-1.651,4.724)
jolt: mesh v13 local=(-6.096,-1.651,4.826) world=(-6.096,-1.651,4.826)
jolt: mesh v14 local=(-6.096,-1.651,5.334) world=(-6.096,-1.651,5.334)
jolt: mesh v15 local=(-6.096,1.524,0.127) world=(-6.096,1.524,0.127)
jolt: mesh v16 local=(-6.096,1.524,0.635) world=(-6.096,1.524,0.635)
jolt: mesh v17 local=(-6.096,1.524,1.044) world=(-6.096,1.524,1.044)
jolt: mesh v18 local=(-6.096,1.524,1.453) world=(-6.096,1.524,1.453)
jolt: mesh v19 local=(-6.096,1.524,1.862) world=(-6.096,1.524,1.862)
jolt: mesh v20 local=(-6.096,1.524,2.271) world=(-6.096,1.524,2.271)
jolt: mesh v21 local=(-6.096,1.524,2.680) world=(-6.096,1.524,2.680)
jolt: mesh v22 local=(-6.096,1.524,3.089) world=(-6.096,1.524,3.089)
jolt: mesh v23 local=(-6.096,1.524,3.498) world=(-6.096,1.524,3.498)
jolt: mesh v24 local=(-6.096,1.524,3.907) world=(-6.096,1.524,3.907)
jolt: mesh v25 local=(-6.096,1.524,4.315) world=(-6.096,1.524,4.315)
jolt: mesh v26 local=(-6.096,1.524,4.724) world=(-6.096,1.524,4.724)
jolt: mesh v27 local=(-6.096,1.524,4.826) world=(-6.096,1.524,4.826)
jolt: mesh v28 local=(-6.096,1.524,5.334) world=(-6.096,1.524,5.334)
jolt: mesh v29 local=(-6.096,1.651,0.000) world=(-6.096,1.651,0.000)
jolt: mesh v30 local=(-6.096,1.651,0.127) world=(-6.096,1.651,0.127)
jolt: mesh v31 local=(-6.096,1.651,0.635) world=(-6.096,1.651,0.635)
jolt: mesh v32 local=(-6.096,1.651,1.044) world=(-6.096,1.651,1.044)
jolt: mesh v33 local=(-6.096,1.651,1.453) world=(-6.096,1.651,1.453)
jolt: mesh v34 local=(-6.096,1.651,1.862) world=(-6.096,1.651,1.862)
jolt: mesh v35 local=(-6.096,1.651,2.271) world=(-6.096,1.651,2.271)
jolt: mesh v36 local=(-6.096,1.651,2.680) world=(-6.096,1.651,2.680)
jolt: mesh v37 local=(-6.096,1.651,3.089) world=(-6.096,1.651,3.089)
jolt: mesh v38 local=(-6.096,1.651,3.498) world=(-6.096,1.651,3.498)
jolt: mesh v39 local=(-6.096,1.651,3.907) world=(-6.096,1.651,3.907)
jolt: mesh v40 local=(-6.096,1.651,4.315) world=(-6.096,1.651,4.315)
jolt: mesh v41 local=(-6.096,1.651,4.724) world=(-6.096,1.651,4.724)
jolt: mesh v42 local=(-6.096,1.651,4.826) world=(-6.096,1.651,4.826)
jolt: mesh v43 local=(-6.096,1.651,5.334) world=(-6.096,1.651,5.334)
jolt: mesh v44 local=(-5.969,-1.651,0.127) world=(-5.969,-1.651,0.127)
jolt: mesh v45 local=(-5.969,-1.651,0.635) world=(-5.969,-1.651,0.635)
jolt: mesh v46 local=(-5.969,-1.651,1.044) world=(-5.969,-1.651,1.044)
jolt: mesh v47 local=(-5.969,-1.651,1.453) world=(-5.969,-1.651,1.453)
jolt: mesh v48 local=(-5.969,-1.651,1.862) world=(-5.969,-1.651,1.862)
jolt: mesh v49 local=(-5.969,-1.651,2.271) world=(-5.969,-1.651,2.271)
jolt: mesh v50 local=(-5.969,-1.651,2.680) world=(-5.969,-1.651,2.680)
jolt: mesh v51 local=(-5.969,-1.651,3.089) world=(-5.969,-1.651,3.089)
jolt: mesh v52 local=(-5.969,-1.651,3.498) world=(-5.969,-1.651,3.498)
jolt: mesh v53 local=(-5.969,-1.651,3.907) world=(-5.969,-1.651,3.907)
jolt: mesh v54 local=(-5.969,-1.651,4.315) world=(-5.969,-1.651,4.315)
jolt: mesh v55 local=(-5.969,-1.651,4.724) world=(-5.969,-1.651,4.724)
jolt: mesh v56 local=(-5.969,-1.651,4.826) world=(-5.969,-1.651,4.826)
jolt: mesh v57 local=(-5.969,-1.651,5.334) world=(-5.969,-1.651,5.334)
jolt: mesh v58 local=(-5.969,1.524,0.127) world=(-5.969,1.524,0.127)
jolt: mesh v59 local=(-5.969,1.524,0.635) world=(-5.969,1.524,0.635)
jolt: mesh v60 local=(-5.969,1.524,1.044) world=(-5.969,1.524,1.044)
jolt: mesh v61 local=(-5.969,1.524,1.453) world=(-5.969,1.524,1.453)
jolt: mesh v62 local=(-5.969,1.524,1.862) world=(-5.969,1.524,1.862)
jolt: mesh v63 local=(-5.969,1.524,2.271) world=(-5.969,1.524,2.271)
jolt: mesh v64 local=(-5.969,1.524,2.680) world=(-5.969,1.524,2.680)
jolt: mesh v65 local=(-5.969,1.524,3.089) world=(-5.969,1.524,3.089)
jolt: mesh v66 local=(-5.969,1.524,3.498) world=(-5.969,1.524,3.498)
jolt: mesh v67 local=(-5.969,1.524,3.907) world=(-5.969,1.524,3.907)
jolt: mesh v68 local=(-5.969,1.524,4.315) world=(-5.969,1.524,4.315)
jolt: mesh v69 local=(-5.969,1.524,4.724) world=(-5.969,1.524,4.724)
jolt: mesh v70 local=(-5.969,1.524,4.826) world=(-5.969,1.524,4.826)
jolt: mesh v71 local=(-5.969,1.524,5.334) world=(-5.969,1.524,5.334)
jolt: mesh v72 local=(-4.185,1.524,4.724) world=(-4.185,1.524,4.724)
jolt: mesh v73 local=(-4.127,1.524,4.315) world=(-4.127,1.524,4.315)
jolt: mesh v74 local=(-4.068,1.524,3.907) world=(-4.068,1.524,3.907)
jolt: mesh v75 local=(-4.010,1.524,3.498) world=(-4.010,1.524,3.498)
jolt: mesh v76 local=(-3.951,1.524,3.089) world=(-3.951,1.524,3.089)
jolt: mesh v77 local=(-3.893,1.524,2.680) world=(-3.893,1.524,2.680)
jolt: mesh v78 local=(-3.834,1.524,2.271) world=(-3.834,1.524,2.271)
jolt: mesh v79 local=(-3.776,1.524,1.862) world=(-3.776,1.524,1.862)
jolt: mesh v80 local=(-3.717,1.524,1.453) world=(-3.717,1.524,1.453)
jolt: mesh v81 local=(-3.659,1.524,1.044) world=(-3.659,1.524,1.044)
jolt: mesh v82 local=(-3.600,1.524,0.635) world=(-3.600,1.524,0.635)
jolt: mesh v83 local=(-3.254,1.524,4.724) world=(-3.254,1.524,4.724)
jolt: mesh v84 local=(-3.069,1.524,4.315) world=(-3.069,1.524,4.315)
jolt: mesh v85 local=(-2.883,1.524,3.907) world=(-2.883,1.524,3.907)
jolt: mesh v86 local=(-2.698,1.524,3.498) world=(-2.698,1.524,3.498)
jolt: mesh v87 local=(-2.512,1.524,3.089) world=(-2.512,1.524,3.089)
jolt: mesh v88 local=(-2.327,1.524,2.680) world=(-2.327,1.524,2.680)
jolt: mesh v89 local=(-2.142,1.524,2.271) world=(-2.142,1.524,2.271)
jolt: mesh v90 local=(-1.956,1.524,1.862) world=(-1.956,1.524,1.862)
jolt: mesh v91 local=(-1.771,1.524,1.453) world=(-1.771,1.524,1.453)
jolt: mesh v92 local=(-1.585,1.524,1.044) world=(-1.585,1.524,1.044)
jolt: mesh v93 local=(-1.400,1.524,0.635) world=(-1.400,1.524,0.635)
jolt: mesh v94 local=(-0.385,1.524,4.724) world=(-0.385,1.524,4.724)
jolt: mesh v95 local=(-0.327,1.524,4.315) world=(-0.327,1.524,4.315)
jolt: mesh v96 local=(-0.268,1.524,3.907) world=(-0.268,1.524,3.907)
jolt: mesh v97 local=(-0.210,1.524,3.498) world=(-0.210,1.524,3.498)
jolt: mesh v98 local=(-0.151,1.524,3.089) world=(-0.151,1.524,3.089)
jolt: mesh v99 local=(-0.093,1.524,2.680) world=(-0.093,1.524,2.680)
jolt: mesh v100 local=(-0.034,1.524,2.271) world=(-0.034,1.524,2.271)
jolt: mesh v101 local=(0.024,1.524,1.862) world=(0.024,1.524,1.862)
jolt: mesh v102 local=(0.083,1.524,1.453) world=(0.083,1.524,1.453)
jolt: mesh v103 local=(0.141,1.524,1.044) world=(0.141,1.524,1.044)
jolt: mesh v104 local=(0.200,1.524,0.635) world=(0.200,1.524,0.635)
jolt: mesh v105 local=(0.546,1.524,4.724) world=(0.546,1.524,4.724)
jolt: mesh v106 local=(0.731,1.524,4.315) world=(0.731,1.524,4.315)
jolt: mesh v107 local=(0.917,1.524,3.907) world=(0.917,1.524,3.907)
jolt: mesh v108 local=(1.102,1.524,3.498) world=(1.102,1.524,3.498)
jolt: mesh v109 local=(1.288,1.524,3.089) world=(1.288,1.524,3.089)
jolt: mesh v110 local=(1.473,1.524,2.680) world=(1.473,1.524,2.680)
jolt: mesh v111 local=(1.658,1.524,2.271) world=(1.658,1.524,2.271)
jolt: mesh v112 local=(1.844,1.524,1.862) world=(1.844,1.524,1.862)
jolt: mesh v113 local=(2.029,1.524,1.453) world=(2.029,1.524,1.453)
jolt: mesh v114 local=(2.215,1.524,1.044) world=(2.215,1.524,1.044)
jolt: mesh v115 local=(2.400,1.524,0.635) world=(2.400,1.524,0.635)
jolt: mesh v116 local=(3.612,1.524,4.724) world=(3.612,1.524,4.724)
jolt: mesh v117 local=(3.661,1.524,4.315) world=(3.661,1.524,4.315)
jolt: mesh v118 local=(3.710,1.524,3.907) world=(3.710,1.524,3.907)
jolt: mesh v119 local=(3.758,1.524,3.498) world=(3.758,1.524,3.498)
jolt: mesh v120 local=(3.807,1.524,3.089) world=(3.807,1.524,3.089)
jolt: mesh v121 local=(3.856,1.524,2.680) world=(3.856,1.524,2.680)
jolt: mesh v122 local=(3.905,1.524,2.271) world=(3.905,1.524,2.271)
jolt: mesh v123 local=(3.954,1.524,1.862) world=(3.954,1.524,1.862)
jolt: mesh v124 local=(4.002,1.524,1.453) world=(4.002,1.524,1.453)
jolt: mesh v125 local=(4.051,1.524,1.044) world=(4.051,1.524,1.044)
jolt: mesh v126 local=(4.100,1.524,0.635) world=(4.100,1.524,0.635)
jolt: mesh v127 local=(4.339,1.524,4.724) world=(4.339,1.524,4.724)
jolt: mesh v128 local=(4.495,1.524,4.315) world=(4.495,1.524,4.315)
jolt: mesh v129 local=(4.651,1.524,3.907) world=(4.651,1.524,3.907)
jolt: mesh v130 local=(4.807,1.524,3.498) world=(4.807,1.524,3.498)
jolt: mesh v131 local=(4.963,1.524,3.089) world=(4.963,1.524,3.089)
jolt: mesh v132 local=(5.119,1.524,2.680) world=(5.119,1.524,2.680)
jolt: mesh v133 local=(5.276,1.524,2.271) world=(5.276,1.524,2.271)
jolt: mesh v134 local=(5.432,1.524,1.862) world=(5.432,1.524,1.862)
jolt: mesh v135 local=(5.588,1.524,1.453) world=(5.588,1.524,1.453)
jolt: mesh v136 local=(5.744,1.524,1.044) world=(5.744,1.524,1.044)
jolt: mesh v137 local=(5.900,1.524,0.635) world=(5.900,1.524,0.635)
jolt: mesh v138 local=(5.969,-1.651,0.127) world=(5.969,-1.651,0.127)
jolt: mesh v139 local=(5.969,-1.651,0.635) world=(5.969,-1.651,0.635)
jolt: mesh v140 local=(5.969,-1.651,1.044) world=(5.969,-1.651,1.044)
jolt: mesh v141 local=(5.969,-1.651,1.453) world=(5.969,-1.651,1.453)
jolt: mesh v142 local=(5.969,-1.651,1.862) world=(5.969,-1.651,1.862)
jolt: mesh v143 local=(5.969,-1.651,2.271) world=(5.969,-1.651,2.271)
jolt: mesh v144 local=(5.969,-1.651,2.680) world=(5.969,-1.651,2.680)
jolt: mesh v145 local=(5.969,-1.651,3.089) world=(5.969,-1.651,3.089)
jolt: mesh v146 local=(5.969,-1.651,3.498) world=(5.969,-1.651,3.498)
jolt: mesh v147 local=(5.969,-1.651,3.907) world=(5.969,-1.651,3.907)
jolt: mesh v148 local=(5.969,-1.651,4.315) world=(5.969,-1.651,4.315)
jolt: mesh v149 local=(5.969,-1.651,4.724) world=(5.969,-1.651,4.724)
jolt: mesh v150 local=(5.969,-1.651,4.826) world=(5.969,-1.651,4.826)
jolt: mesh v151 local=(5.969,-1.651,5.334) world=(5.969,-1.651,5.334)
jolt: mesh v152 local=(5.969,1.524,0.127) world=(5.969,1.524,0.127)
jolt: mesh v153 local=(5.969,1.524,0.635) world=(5.969,1.524,0.635)
jolt: mesh v154 local=(5.969,1.524,1.044) world=(5.969,1.524,1.044)
jolt: mesh v155 local=(5.969,1.524,1.453) world=(5.969,1.524,1.453)
jolt: mesh v156 local=(5.969,1.524,1.862) world=(5.969,1.524,1.862)
jolt: mesh v157 local=(5.969,1.524,2.271) world=(5.969,1.524,2.271)
jolt: mesh v158 local=(5.969,1.524,2.680) world=(5.969,1.524,2.680)
jolt: mesh v159 local=(5.969,1.524,3.089) world=(5.969,1.524,3.089)
jolt: mesh v160 local=(5.969,1.524,3.498) world=(5.969,1.524,3.498)
jolt: mesh v161 local=(5.969,1.524,3.907) world=(5.969,1.524,3.907)
jolt: mesh v162 local=(5.969,1.524,4.315) world=(5.969,1.524,4.315)
jolt: mesh v163 local=(5.969,1.524,4.724) world=(5.969,1.524,4.724)
jolt: mesh v164 local=(5.969,1.524,4.826) world=(5.969,1.524,4.826)
jolt: mesh v165 local=(5.969,1.524,5.334) world=(5.969,1.524,5.334)
jolt: mesh v166 local=(6.096,-1.651,0.000) world=(6.096,-1.651,0.000)
jolt: mesh v167 local=(6.096,-1.651,0.127) world=(6.096,-1.651,0.127)
jolt: mesh v168 local=(6.096,-1.651,0.635) world=(6.096,-1.651,0.635)
jolt: mesh v169 local=(6.096,-1.651,1.044) world=(6.096,-1.651,1.044)
jolt: mesh v170 local=(6.096,-1.651,1.453) world=(6.096,-1.651,1.453)
jolt: mesh v171 local=(6.096,-1.651,1.862) world=(6.096,-1.651,1.862)
jolt: mesh v172 local=(6.096,-1.651,2.271) world=(6.096,-1.651,2.271)
jolt: mesh v173 local=(6.096,-1.651,2.680) world=(6.096,-1.651,2.680)
jolt: mesh v174 local=(6.096,-1.651,3.089) world=(6.096,-1.651,3.089)
jolt: mesh v175 local=(6.096,-1.651,3.498) world=(6.096,-1.651,3.498)
jolt: mesh v176 local=(6.096,-1.651,3.907) world=(6.096,-1.651,3.907)
jolt: mesh v177 local=(6.096,-1.651,4.315) world=(6.096,-1.651,4.315)
jolt: mesh v178 local=(6.096,-1.651,4.724) world=(6.096,-1.651,4.724)
jolt: mesh v179 local=(6.096,-1.651,4.826) world=(6.096,-1.651,4.826)
jolt: mesh v180 local=(6.096,-1.651,5.334) world=(6.096,-1.651,5.334)
jolt: mesh v181 local=(6.096,1.524,0.127) world=(6.096,1.524,0.127)
jolt: mesh v182 local=(6.096,1.524,0.635) world=(6.096,1.524,0.635)
jolt: mesh v183 local=(6.096,1.524,1.044) world=(6.096,1.524,1.044)
jolt: mesh v184 local=(6.096,1.524,1.453) world=(6.096,1.524,1.453)
jolt: mesh v185 local=(6.096,1.524,1.862) world=(6.096,1.524,1.862)
jolt: mesh v186 local=(6.096,1.524,2.271) world=(6.096,1.524,2.271)
jolt: mesh v187 local=(6.096,1.524,2.680) world=(6.096,1.524,2.680)
jolt: mesh v188 local=(6.096,1.524,3.089) world=(6.096,1.524,3.089)
jolt: mesh v189 local=(6.096,1.524,3.498) world=(6.096,1.524,3.498)
jolt: mesh v190 local=(6.096,1.524,3.907) world=(6.096,1.524,3.907)
jolt: mesh v191 local=(6.096,1.524,4.315) world=(6.096,1.524,4.315)
jolt: mesh v192 local=(6.096,1.524,4.724) world=(6.096,1.524,4.724)
jolt: mesh v193 local=(6.096,1.524,4.826) world=(6.096,1.524,4.826)
jolt: mesh v194 local=(6.096,1.524,5.334) world=(6.096,1.524,5.334)
jolt: mesh v195 local=(6.096,1.651,0.000) world=(6.096,1.651,0.000)
jolt: mesh v196 local=(6.096,1.651,0.127) world=(6.096,1.651,0.127)
jolt: mesh v197 local=(6.096,1.651,0.635) world=(6.096,1.651,0.635)
jolt: mesh v198 local=(6.096,1.651,1.044) world=(6.096,1.651,1.044)
jolt: mesh v199 local=(6.096,1.651,1.453) world=(6.096,1.651,1.453)
jolt: mesh v200 local=(6.096,1.651,1.862) world=(6.096,1.651,1.862)
jolt: mesh v201 local=(6.096,1.651,2.271) world=(6.096,1.651,2.271)
jolt: mesh v202 local=(6.096,1.651,2.680) world=(6.096,1.651,2.680)
jolt: mesh v203 local=(6.096,1.651,3.089) world=(6.096,1.651,3.089)
jolt: mesh v204 local=(6.096,1.651,3.498) world=(6.096,1.651,3.498)
jolt: mesh v205 local=(6.096,1.651,3.907) world=(6.096,1.651,3.907)
jolt: mesh v206 local=(6.096,1.651,4.315) world=(6.096,1.651,4.315)
jolt: mesh v207 local=(6.096,1.651,4.724) world=(6.096,1.651,4.724)
jolt: mesh v208 local=(6.096,1.651,4.826) world=(6.096,1.651,4.826)
jolt: mesh v209 local=(6.096,1.651,5.334) world=(6.096,1.651,5.334)
jolt: body MESH_STATIC verts=210 faces=600 id=16777216
LMalloc of 244 not 8-byte aligned, rounding up
LMalloc of 44 not 8-byte aligned, rounding up
LMalloc of 44 not 8-byte aligned, rounding up
LMalloc of 44 not 8-byte aligned, rounding up
LMalloc of 276 not 8-byte aligned, rounding up
RenderActor3DAnimates constructed with no animations!
LMalloc of 44 not 8-byte aligned, rounding up
LMalloc of 44 not 8-byte aligned, rounding up
MATL closed without all data read (bytesLeft = 264)
LMalloc of 44 not 8-byte aligned, rounding up
jolt: mesh actor_pos=(0.000,0.000,0.000)
jolt: mesh v0 local=(-5.969,-1.651,0.127) world=(-5.969,-1.651,0.127)
jolt: mesh v1 local=(-5.969,-1.651,5.334) world=(-5.969,-1.651,5.334)
jolt: mesh v2 local=(-5.969,-1.524,0.127) world=(-5.969,-1.524,0.127)
jolt: mesh v3 local=(-5.969,-1.524,5.334) world=(-5.969,-1.524,5.334)
jolt: mesh v4 local=(5.969,-1.651,0.127) world=(5.969,-1.651,0.127)
jolt: mesh v5 local=(5.969,-1.651,5.334) world=(5.969,-1.651,5.334)
jolt: mesh v6 local=(5.969,-1.524,0.127) world=(5.969,-1.524,0.127)
jolt: mesh v7 local=(5.969,-1.524,5.334) world=(5.969,-1.524,5.334)
jolt: body MESH_STATIC verts=8 faces=12 id=16777217
LMalloc of 244 not 8-byte aligned, rounding up
LMalloc of 44 not 8-byte aligned, rounding up
LMalloc of 44 not 8-byte aligned, rounding up
LMalloc of 44 not 8-byte aligned, rounding up
LMalloc of 836 not 8-byte aligned, rounding up
RenderActor3DAnimates constructed with no animations!
LMalloc of 44 not 8-byte aligned, rounding up
LMalloc of 44 not 8-byte aligned, rounding up
MATL closed without all data read (bytesLeft = 528)
LMalloc of 44 not 8-byte aligned, rounding up
jolt: mesh actor_pos=(0.000,0.000,0.000)
jolt: mesh v0 local=(-6.160,-1.714,5.207) world=(-6.160,-1.714,5.207)
jolt: mesh v1 local=(-6.160,-1.714,5.334) world=(-6.160,-1.714,5.334)
jolt: mesh v2 local=(-6.160,1.714,5.207) world=(-6.160,1.714,5.207)
jolt: mesh v3 local=(-6.160,1.714,5.334) world=(-6.160,1.714,5.334)
jolt: mesh v4 local=(-6.096,-1.651,5.397) world=(-6.096,-1.651,5.397)
jolt: mesh v5 local=(-6.096,1.651,5.397) world=(-6.096,1.651,5.397)
jolt: mesh v6 local=(-5.905,-1.460,5.207) world=(-5.905,-1.460,5.207)
jolt: mesh v7 local=(-5.905,-1.460,5.397) world=(-5.905,-1.460,5.397)
jolt: mesh v8 local=(-5.905,1.460,5.207) world=(-5.905,1.460,5.207)
jolt: mesh v9 local=(-5.905,1.460,5.397) world=(-5.905,1.460,5.397)
jolt: mesh v10 local=(5.905,-1.460,5.207) world=(5.905,-1.460,5.207)
jolt: mesh v11 local=(5.905,-1.460,5.397) world=(5.905,-1.460,5.397)
jolt: mesh v12 local=(5.905,1.460,5.207) world=(5.905,1.460,5.207)
jolt: mesh v13 local=(5.905,1.460,5.397) world=(5.905,1.460,5.397)
jolt: mesh v14 local=(6.096,-1.651,5.397) world=(6.096,-1.651,5.397)
jolt: mesh v15 local=(6.096,1.651,5.397) world=(6.096,1.651,5.397)
jolt: mesh v16 local=(6.160,-1.714,5.207) world=(6.160,-1.714,5.207)
jolt: mesh v17 local=(6.160,-1.714,5.334) world=(6.160,-1.714,5.334)
jolt: mesh v18 local=(6.160,1.714,5.207) world=(6.160,1.714,5.207)
jolt: mesh v19 local=(6.160,1.714,5.334) world=(6.160,1.714,5.334)
jolt: body MESH_STATIC verts=20 faces=40 id=16777218
LMalloc of 244 not 8-byte aligned, rounding up
LMalloc of 44 not 8-byte aligned, rounding up
LMalloc of 44 not 8-byte aligned, rounding up
LMalloc of 44 not 8-byte aligned, rounding up
LMalloc of 8236 not 8-byte aligned, rounding up
RenderActor3DAnimates constructed with no animations!
LMalloc of 44 not 8-byte aligned, rounding up
LMalloc of 44 not 8-byte aligned, rounding up
MATL closed without all data read (bytesLeft = 1056)
LMalloc of 44 not 8-byte aligned, rounding up
jolt: mesh actor_pos=(0.000,0.000,0.000)
jolt: mesh v0 local=(-5.964,-1.519,0.132) world=(-5.964,-1.519,0.132)
jolt: mesh v1 local=(-5.964,-1.519,0.635) world=(-5.964,-1.519,0.635)
jolt: mesh v2 local=(-5.964,-1.013,0.132) world=(-5.964,-1.013,0.132)
jolt: mesh v3 local=(-5.964,-1.013,0.635) world=(-5.964,-1.013,0.635)
jolt: mesh v4 local=(-5.964,-0.506,0.132) world=(-5.964,-0.506,0.132)
jolt: mesh v5 local=(-5.964,-0.506,0.635) world=(-5.964,-0.506,0.635)
jolt: mesh v6 local=(-5.964,0.000,0.132) world=(-5.964,0.000,0.132)
jolt: mesh v7 local=(-5.964,0.000,0.635) world=(-5.964,0.000,0.635)
jolt: mesh v8 local=(-5.964,0.506,0.132) world=(-5.964,0.506,0.132)
jolt: mesh v9 local=(-5.964,0.506,0.635) world=(-5.964,0.506,0.635)
jolt: mesh v10 local=(-5.964,1.013,0.132) world=(-5.964,1.013,0.132)
jolt: mesh v11 local=(-5.964,1.013,0.635) world=(-5.964,1.013,0.635)
jolt: mesh v12 local=(-5.964,1.519,0.132) world=(-5.964,1.519,0.132)
jolt: mesh v13 local=(-5.964,1.519,0.635) world=(-5.964,1.519,0.635)
jolt: mesh v14 local=(-5.467,-1.519,0.132) world=(-5.467,-1.519,0.132)
jolt: mesh v15 local=(-5.467,-1.519,0.635) world=(-5.467,-1.519,0.635)
jolt: mesh v16 local=(-5.467,-1.013,0.635) world=(-5.467,-1.013,0.635)
jolt: mesh v17 local=(-5.467,-0.506,0.635) world=(-5.467,-0.506,0.635)
jolt: mesh v18 local=(-5.467,0.000,0.635) world=(-5.467,0.000,0.635)
jolt: mesh v19 local=(-5.467,0.506,0.635) world=(-5.467,0.506,0.635)
jolt: mesh v20 local=(-5.467,1.013,0.635) world=(-5.467,1.013,0.635)
jolt: mesh v21 local=(-5.467,1.519,0.132) world=(-5.467,1.519,0.132)
jolt: mesh v22 local=(-5.467,1.519,0.635) world=(-5.467,1.519,0.635)
jolt: mesh v23 local=(-4.970,-1.519,0.132) world=(-4.970,-1.519,0.132)
jolt: mesh v24 local=(-4.970,-1.519,0.635) world=(-4.970,-1.519,0.635)
jolt: mesh v25 local=(-4.970,-1.013,0.635) world=(-4.970,-1.013,0.635)
jolt: mesh v26 local=(-4.970,-0.506,0.635) world=(-4.970,-0.506,0.635)
jolt: mesh v27 local=(-4.970,0.000,0.635) world=(-4.970,0.000,0.635)
jolt: mesh v28 local=(-4.970,0.506,0.635) world=(-4.970,0.506,0.635)
jolt: mesh v29 local=(-4.970,1.013,0.635) world=(-4.970,1.013,0.635)
jolt: mesh v30 local=(-4.970,1.519,0.132) world=(-4.970,1.519,0.132)
jolt: mesh v31 local=(-4.970,1.519,0.635) world=(-4.970,1.519,0.635)
jolt: mesh v32 local=(-4.473,-1.519,0.132) world=(-4.473,-1.519,0.132)
jolt: mesh v33 local=(-4.473,-1.519,0.635) world=(-4.473,-1.519,0.635)
jolt: mesh v34 local=(-4.473,-1.013,0.635) world=(-4.473,-1.013,0.635)
jolt: mesh v35 local=(-4.473,-0.506,0.635) world=(-4.473,-0.506,0.635)
jolt: mesh v36 local=(-4.473,0.000,0.635) world=(-4.473,0.000,0.635)
jolt: mesh v37 local=(-4.473,0.506,0.635) world=(-4.473,0.506,0.635)
jolt: mesh v38 local=(-4.473,1.013,0.635) world=(-4.473,1.013,0.635)
jolt: mesh v39 local=(-4.473,1.519,0.132) world=(-4.473,1.519,0.132)
jolt: mesh v40 local=(-4.473,1.519,0.635) world=(-4.473,1.519,0.635)
jolt: mesh v41 local=(-3.976,-1.519,0.132) world=(-3.976,-1.519,0.132)
jolt: mesh v42 local=(-3.976,-1.519,0.635) world=(-3.976,-1.519,0.635)
jolt: mesh v43 local=(-3.976,-1.013,0.635) world=(-3.976,-1.013,0.635)
jolt: mesh v44 local=(-3.976,-0.506,0.635) world=(-3.976,-0.506,0.635)
jolt: mesh v45 local=(-3.976,0.000,0.635) world=(-3.976,0.000,0.635)
jolt: mesh v46 local=(-3.976,0.506,0.635) world=(-3.976,0.506,0.635)
jolt: mesh v47 local=(-3.976,1.013,0.635) world=(-3.976,1.013,0.635)
jolt: mesh v48 local=(-3.976,1.519,0.132) world=(-3.976,1.519,0.132)
jolt: mesh v49 local=(-3.976,1.519,0.635) world=(-3.976,1.519,0.635)
jolt: mesh v50 local=(-3.479,-1.519,0.132) world=(-3.479,-1.519,0.132)
jolt: mesh v51 local=(-3.479,-1.519,0.635) world=(-3.479,-1.519,0.635)
jolt: mesh v52 local=(-3.479,-1.013,0.635) world=(-3.479,-1.013,0.635)
jolt: mesh v53 local=(-3.479,-0.506,0.635) world=(-3.479,-0.506,0.635)
jolt: mesh v54 local=(-3.479,0.000,0.635) world=(-3.479,0.000,0.635)
jolt: mesh v55 local=(-3.479,0.506,0.635) world=(-3.479,0.506,0.635)
jolt: mesh v56 local=(-3.479,1.013,0.635) world=(-3.479,1.013,0.635)
jolt: mesh v57 local=(-3.479,1.519,0.132) world=(-3.479,1.519,0.132)
jolt: mesh v58 local=(-3.479,1.519,0.635) world=(-3.479,1.519,0.635)
jolt: mesh v59 local=(-2.982,-1.519,0.132) world=(-2.982,-1.519,0.132)
jolt: mesh v60 local=(-2.982,-1.519,0.635) world=(-2.982,-1.519,0.635)
jolt: mesh v61 local=(-2.982,-1.013,0.635) world=(-2.982,-1.013,0.635)
jolt: mesh v62 local=(-2.982,-0.506,0.635) world=(-2.982,-0.506,0.635)
jolt: mesh v63 local=(-2.982,0.000,0.635) world=(-2.982,0.000,0.635)
jolt: mesh v64 local=(-2.982,0.506,0.635) world=(-2.982,0.506,0.635)
jolt: mesh v65 local=(-2.982,1.013,0.635) world=(-2.982,1.013,0.635)
jolt: mesh v66 local=(-2.982,1.519,0.132) world=(-2.982,1.519,0.132)
jolt: mesh v67 local=(-2.982,1.519,0.635) world=(-2.982,1.519,0.635)
jolt: mesh v68 local=(-2.485,-1.519,0.132) world=(-2.485,-1.519,0.132)
jolt: mesh v69 local=(-2.485,-1.519,0.635) world=(-2.485,-1.519,0.635)
jolt: mesh v70 local=(-2.485,-1.013,0.635) world=(-2.485,-1.013,0.635)
jolt: mesh v71 local=(-2.485,-0.506,0.635) world=(-2.485,-0.506,0.635)
jolt: mesh v72 local=(-2.485,0.000,0.635) world=(-2.485,0.000,0.635)
jolt: mesh v73 local=(-2.485,0.506,0.635) world=(-2.485,0.506,0.635)
jolt: mesh v74 local=(-2.485,1.013,0.635) world=(-2.485,1.013,0.635)
jolt: mesh v75 local=(-2.485,1.519,0.132) world=(-2.485,1.519,0.132)
jolt: mesh v76 local=(-2.485,1.519,0.635) world=(-2.485,1.519,0.635)
jolt: mesh v77 local=(-1.988,-1.519,0.132) world=(-1.988,-1.519,0.132)
jolt: mesh v78 local=(-1.988,-1.519,0.635) world=(-1.988,-1.519,0.635)
jolt: mesh v79 local=(-1.988,-1.013,0.635) world=(-1.988,-1.013,0.635)
jolt: mesh v80 local=(-1.988,-0.506,0.635) world=(-1.988,-0.506,0.635)
jolt: mesh v81 local=(-1.988,0.000,0.635) world=(-1.988,0.000,0.635)
jolt: mesh v82 local=(-1.988,0.506,0.635) world=(-1.988,0.506,0.635)
jolt: mesh v83 local=(-1.988,1.013,0.635) world=(-1.988,1.013,0.635)
jolt: mesh v84 local=(-1.988,1.519,0.132) world=(-1.988,1.519,0.132)
jolt: mesh v85 local=(-1.988,1.519,0.635) world=(-1.988,1.519,0.635)
jolt: mesh v86 local=(-1.491,-1.519,0.132) world=(-1.491,-1.519,0.132)
jolt: mesh v87 local=(-1.491,-1.519,0.635) world=(-1.491,-1.519,0.635)
jolt: mesh v88 local=(-1.491,-1.013,0.635) world=(-1.491,-1.013,0.635)
jolt: mesh v89 local=(-1.491,-0.506,0.635) world=(-1.491,-0.506,0.635)
jolt: mesh v90 local=(-1.491,0.000,0.635) world=(-1.491,0.000,0.635)
jolt: mesh v91 local=(-1.491,0.506,0.635) world=(-1.491,0.506,0.635)
jolt: mesh v92 local=(-1.491,1.013,0.635) world=(-1.491,1.013,0.635)
jolt: mesh v93 local=(-1.491,1.519,0.132) world=(-1.491,1.519,0.132)
jolt: mesh v94 local=(-1.491,1.519,0.635) world=(-1.491,1.519,0.635)
jolt: mesh v95 local=(-0.994,-1.519,0.132) world=(-0.994,-1.519,0.132)
jolt: mesh v96 local=(-0.994,-1.519,0.635) world=(-0.994,-1.519,0.635)
jolt: mesh v97 local=(-0.994,-1.013,0.635) world=(-0.994,-1.013,0.635)
jolt: mesh v98 local=(-0.994,-0.506,0.635) world=(-0.994,-0.506,0.635)
jolt: mesh v99 local=(-0.994,0.000,0.635) world=(-0.994,0.000,0.635)
jolt: mesh v100 local=(-0.994,0.506,0.635) world=(-0.994,0.506,0.635)
jolt: mesh v101 local=(-0.994,1.013,0.635) world=(-0.994,1.013,0.635)
jolt: mesh v102 local=(-0.994,1.519,0.132) world=(-0.994,1.519,0.132)
jolt: mesh v103 local=(-0.994,1.519,0.635) world=(-0.994,1.519,0.635)
jolt: mesh v104 local=(-0.497,-1.519,0.132) world=(-0.497,-1.519,0.132)
jolt: mesh v105 local=(-0.497,-1.519,0.635) world=(-0.497,-1.519,0.635)
jolt: mesh v106 local=(-0.497,-1.013,0.635) world=(-0.497,-1.013,0.635)
jolt: mesh v107 local=(-0.497,-0.506,0.635) world=(-0.497,-0.506,0.635)
jolt: mesh v108 local=(-0.497,0.000,0.635) world=(-0.497,0.000,0.635)
jolt: mesh v109 local=(-0.497,0.506,0.635) world=(-0.497,0.506,0.635)
jolt: mesh v110 local=(-0.497,1.013,0.635) world=(-0.497,1.013,0.635)
jolt: mesh v111 local=(-0.497,1.519,0.132) world=(-0.497,1.519,0.132)
jolt: mesh v112 local=(-0.497,1.519,0.635) world=(-0.497,1.519,0.635)
jolt: mesh v113 local=(0.000,-1.519,0.132) world=(0.000,-1.519,0.132)
jolt: mesh v114 local=(0.000,-1.519,0.635) world=(0.000,-1.519,0.635)
jolt: mesh v115 local=(0.000,-1.013,0.635) world=(0.000,-1.013,0.635)
jolt: mesh v116 local=(0.000,-0.506,0.635) world=(0.000,-0.506,0.635)
jolt: mesh v117 local=(0.000,0.000,0.635) world=(0.000,0.000,0.635)
jolt: mesh v118 local=(0.000,0.506,0.635) world=(0.000,0.506,0.635)
jolt: mesh v119 local=(0.000,1.013,0.635) world=(0.000,1.013,0.635)
jolt: mesh v120 local=(0.000,1.519,0.132) world=(0.000,1.519,0.132)
jolt: mesh v121 local=(0.000,1.519,0.635) world=(0.000,1.519,0.635)
jolt: mesh v122 local=(0.497,-1.519,0.132) world=(0.497,-1.519,0.132)
jolt: mesh v123 local=(0.497,-1.519,0.635) world=(0.497,-1.519,0.635)
jolt: mesh v124 local=(0.497,-1.013,0.635) world=(0.497,-1.013,0.635)
jolt: mesh v125 local=(0.497,-0.506,0.635) world=(0.497,-0.506,0.635)
jolt: mesh v126 local=(0.497,0.000,0.635) world=(0.497,0.000,0.635)
jolt: mesh v127 local=(0.497,0.506,0.635) world=(0.497,0.506,0.635)
jolt: mesh v128 local=(0.497,1.013,0.635) world=(0.497,1.013,0.635)
jolt: mesh v129 local=(0.497,1.519,0.132) world=(0.497,1.519,0.132)
jolt: mesh v130 local=(0.497,1.519,0.635) world=(0.497,1.519,0.635)
jolt: mesh v131 local=(0.994,-1.519,0.132) world=(0.994,-1.519,0.132)
jolt: mesh v132 local=(0.994,-1.519,0.635) world=(0.994,-1.519,0.635)
jolt: mesh v133 local=(0.994,-1.013,0.635) world=(0.994,-1.013,0.635)
jolt: mesh v134 local=(0.994,-0.506,0.635) world=(0.994,-0.506,0.635)
jolt: mesh v135 local=(0.994,0.000,0.635) world=(0.994,0.000,0.635)
jolt: mesh v136 local=(0.994,0.506,0.635) world=(0.994,0.506,0.635)
jolt: mesh v137 local=(0.994,1.013,0.635) world=(0.994,1.013,0.635)
jolt: mesh v138 local=(0.994,1.519,0.132) world=(0.994,1.519,0.132)
jolt: mesh v139 local=(0.994,1.519,0.635) world=(0.994,1.519,0.635)
jolt: mesh v140 local=(1.491,-1.519,0.132) world=(1.491,-1.519,0.132)
jolt: mesh v141 local=(1.491,-1.519,0.635) world=(1.491,-1.519,0.635)
jolt: mesh v142 local=(1.491,-1.013,0.635) world=(1.491,-1.013,0.635)
jolt: mesh v143 local=(1.491,-0.506,0.635) world=(1.491,-0.506,0.635)
jolt: mesh v144 local=(1.491,0.000,0.635) world=(1.491,0.000,0.635)
jolt: mesh v145 local=(1.491,0.506,0.635) world=(1.491,0.506,0.635)
jolt: mesh v146 local=(1.491,1.013,0.635) world=(1.491,1.013,0.635)
jolt: mesh v147 local=(1.491,1.519,0.132) world=(1.491,1.519,0.132)
jolt: mesh v148 local=(1.491,1.519,0.635) world=(1.491,1.519,0.635)
jolt: mesh v149 local=(1.988,-1.519,0.132) world=(1.988,-1.519,0.132)
jolt: mesh v150 local=(1.988,-1.519,0.635) world=(1.988,-1.519,0.635)
jolt: mesh v151 local=(1.988,-1.013,0.635) world=(1.988,-1.013,0.635)
jolt: mesh v152 local=(1.988,-0.506,0.635) world=(1.988,-0.506,0.635)
jolt: mesh v153 local=(1.988,0.000,0.635) world=(1.988,0.000,0.635)
jolt: mesh v154 local=(1.988,0.506,0.635) world=(1.988,0.506,0.635)
jolt: mesh v155 local=(1.988,1.013,0.635) world=(1.988,1.013,0.635)
jolt: mesh v156 local=(1.988,1.519,0.132) world=(1.988,1.519,0.132)
jolt: mesh v157 local=(1.988,1.519,0.635) world=(1.988,1.519,0.635)
jolt: mesh v158 local=(2.485,-1.519,0.132) world=(2.485,-1.519,0.132)
jolt: mesh v159 local=(2.485,-1.519,0.635) world=(2.485,-1.519,0.635)
jolt: mesh v160 local=(2.485,-1.013,0.635) world=(2.485,-1.013,0.635)
jolt: mesh v161 local=(2.485,-0.506,0.635) world=(2.485,-0.506,0.635)
jolt: mesh v162 local=(2.485,0.000,0.635) world=(2.485,0.000,0.635)
jolt: mesh v163 local=(2.485,0.506,0.635) world=(2.485,0.506,0.635)
jolt: mesh v164 local=(2.485,1.013,0.635) world=(2.485,1.013,0.635)
jolt: mesh v165 local=(2.485,1.519,0.132) world=(2.485,1.519,0.132)
jolt: mesh v166 local=(2.485,1.519,0.635) world=(2.485,1.519,0.635)
jolt: mesh v167 local=(2.982,-1.519,0.132) world=(2.982,-1.519,0.132)
jolt: mesh v168 local=(2.982,-1.519,0.635) world=(2.982,-1.519,0.635)
jolt: mesh v169 local=(2.982,-1.013,0.635) world=(2.982,-1.013,0.635)
jolt: mesh v170 local=(2.982,-0.506,0.635) world=(2.982,-0.506,0.635)
jolt: mesh v171 local=(2.982,0.000,0.635) world=(2.982,0.000,0.635)
jolt: mesh v172 local=(2.982,0.506,0.635) world=(2.982,0.506,0.635)
jolt: mesh v173 local=(2.982,1.013,0.635) world=(2.982,1.013,0.635)
jolt: mesh v174 local=(2.982,1.519,0.132) world=(2.982,1.519,0.132)
jolt: mesh v175 local=(2.982,1.519,0.635) world=(2.982,1.519,0.635)
jolt: mesh v176 local=(3.479,-1.519,0.132) world=(3.479,-1.519,0.132)
jolt: mesh v177 local=(3.479,-1.519,0.635) world=(3.479,-1.519,0.635)
jolt: mesh v178 local=(3.479,-1.013,0.635) world=(3.479,-1.013,0.635)
jolt: mesh v179 local=(3.479,-0.506,0.635) world=(3.479,-0.506,0.635)
jolt: mesh v180 local=(3.479,0.000,0.635) world=(3.479,0.000,0.635)
jolt: mesh v181 local=(3.479,0.506,0.635) world=(3.479,0.506,0.635)
jolt: mesh v182 local=(3.479,1.013,0.635) world=(3.479,1.013,0.635)
jolt: mesh v183 local=(3.479,1.519,0.132) world=(3.479,1.519,0.132)
jolt: mesh v184 local=(3.479,1.519,0.635) world=(3.479,1.519,0.635)
jolt: mesh v185 local=(3.976,-1.519,0.132) world=(3.976,-1.519,0.132)
jolt: mesh v186 local=(3.976,-1.519,0.635) world=(3.976,-1.519,0.635)
jolt: mesh v187 local=(3.976,-1.013,0.635) world=(3.976,-1.013,0.635)
jolt: mesh v188 local=(3.976,-0.506,0.635) world=(3.976,-0.506,0.635)
jolt: mesh v189 local=(3.976,0.000,0.635) world=(3.976,0.000,0.635)
jolt: mesh v190 local=(3.976,0.506,0.635) world=(3.976,0.506,0.635)
jolt: mesh v191 local=(3.976,1.013,0.635) world=(3.976,1.013,0.635)
jolt: mesh v192 local=(3.976,1.519,0.132) world=(3.976,1.519,0.132)
jolt: mesh v193 local=(3.976,1.519,0.635) world=(3.976,1.519,0.635)
jolt: mesh v194 local=(4.473,-1.519,0.132) world=(4.473,-1.519,0.132)
jolt: mesh v195 local=(4.473,-1.519,0.635) world=(4.473,-1.519,0.635)
jolt: mesh v196 local=(4.473,-1.013,0.635) world=(4.473,-1.013,0.635)
jolt: mesh v197 local=(4.473,-0.506,0.635) world=(4.473,-0.506,0.635)
jolt: mesh v198 local=(4.473,0.000,0.635) world=(4.473,0.000,0.635)
jolt: mesh v199 local=(4.473,0.506,0.635) world=(4.473,0.506,0.635)
jolt: mesh v200 local=(4.473,1.013,0.635) world=(4.473,1.013,0.635)
jolt: mesh v201 local=(4.473,1.519,0.132) world=(4.473,1.519,0.132)
jolt: mesh v202 local=(4.473,1.519,0.635) world=(4.473,1.519,0.635)
jolt: mesh v203 local=(4.970,-1.519,0.132) world=(4.970,-1.519,0.132)
jolt: mesh v204 local=(4.970,-1.519,0.635) world=(4.970,-1.519,0.635)
jolt: mesh v205 local=(4.970,-1.013,0.635) world=(4.970,-1.013,0.635)
jolt: mesh v206 local=(4.970,-0.506,0.635) world=(4.970,-0.506,0.635)
jolt: mesh v207 local=(4.970,0.000,0.635) world=(4.970,0.000,0.635)
jolt: mesh v208 local=(4.970,0.506,0.635) world=(4.970,0.506,0.635)
jolt: mesh v209 local=(4.970,1.013,0.635) world=(4.970,1.013,0.635)
jolt: mesh v210 local=(4.970,1.519,0.132) world=(4.970,1.519,0.132)
jolt: mesh v211 local=(4.970,1.519,0.635) world=(4.970,1.519,0.635)
jolt: mesh v212 local=(5.467,-1.519,0.132) world=(5.467,-1.519,0.132)
jolt: mesh v213 local=(5.467,-1.519,0.635) world=(5.467,-1.519,0.635)
jolt: mesh v214 local=(5.467,-1.013,0.635) world=(5.467,-1.013,0.635)
jolt: mesh v215 local=(5.467,-0.506,0.635) world=(5.467,-0.506,0.635)
jolt: mesh v216 local=(5.467,0.000,0.635) world=(5.467,0.000,0.635)
jolt: mesh v217 local=(5.467,0.506,0.635) world=(5.467,0.506,0.635)
jolt: mesh v218 local=(5.467,1.013,0.635) world=(5.467,1.013,0.635)
jolt: mesh v219 local=(5.467,1.519,0.132) world=(5.467,1.519,0.132)
jolt: mesh v220 local=(5.467,1.519,0.635) world=(5.467,1.519,0.635)
jolt: mesh v221 local=(5.964,-1.519,0.132) world=(5.964,-1.519,0.132)
jolt: mesh v222 local=(5.964,-1.519,0.635) world=(5.964,-1.519,0.635)
jolt: mesh v223 local=(5.964,-1.013,0.132) world=(5.964,-1.013,0.132)
jolt: mesh v224 local=(5.964,-1.013,0.635) world=(5.964,-1.013,0.635)
jolt: mesh v225 local=(5.964,-0.506,0.132) world=(5.964,-0.506,0.132)
jolt: mesh v226 local=(5.964,-0.506,0.635) world=(5.964,-0.506,0.635)
jolt: mesh v227 local=(5.964,0.000,0.132) world=(5.964,0.000,0.132)
jolt: mesh v228 local=(5.964,0.000,0.635) world=(5.964,0.000,0.635)
jolt: mesh v229 local=(5.964,0.506,0.132) world=(5.964,0.506,0.132)
jolt: mesh v230 local=(5.964,0.506,0.635) world=(5.964,0.506,0.635)
jolt: mesh v231 local=(5.964,1.013,0.132) world=(5.964,1.013,0.132)
jolt: mesh v232 local=(5.964,1.013,0.635) world=(5.964,1.013,0.635)
jolt: mesh v233 local=(5.964,1.519,0.132) world=(5.964,1.519,0.132)
jolt: mesh v234 local=(5.964,1.519,0.635) world=(5.964,1.519,0.635)
jolt: body MESH_STATIC verts=235 faces=410 id=16777219
LMalloc of 244 not 8-byte aligned, rounding up
LMalloc of 44 not 8-byte aligned, rounding up
LMalloc of 44 not 8-byte aligned, rounding up
LMalloc of 44 not 8-byte aligned, rounding up
LMalloc of 876 not 8-byte aligned, rounding up
RenderActor3DAnimates constructed with no animations!
LMalloc of 44 not 8-byte aligned, rounding up
LMalloc of 44 not 8-byte aligned, rounding up
MATL closed without all data read (bytesLeft = 792)
LMalloc of 44 not 8-byte aligned, rounding up
jolt: mesh actor_pos=(2.500,0.000,0.635)
jolt: mesh v0 local=(-0.773,-0.173,0.000) world=(1.727,-0.173,0.635)
jolt: mesh v1 local=(-0.772,0.204,0.000) world=(1.728,0.204,0.635)
jolt: mesh v2 local=(-0.650,-0.154,0.341) world=(1.850,-0.154,0.976)
jolt: mesh v3 local=(-0.587,0.263,0.256) world=(1.913,0.263,0.891)
jolt: mesh v4 local=(-0.435,-0.099,0.550) world=(2.065,-0.099,1.185)
jolt: mesh v5 local=(-0.372,-0.568,0.000) world=(2.128,-0.568,0.635)
jolt: mesh v6 local=(-0.354,0.491,0.000) world=(2.146,0.491,0.635)
jolt: mesh v7 local=(-0.318,0.270,0.550) world=(2.182,0.270,1.185)
jolt: mesh v8 local=(-0.274,-0.476,0.291) world=(2.226,-0.476,0.926)
jolt: mesh v9 local=(-0.235,0.488,0.323) world=(2.265,0.488,0.958)
jolt: mesh v10 local=(-0.116,-0.369,0.550) world=(2.384,-0.369,1.185)
jolt: mesh v11 local=(0.040,-0.580,0.000) world=(2.540,-0.580,0.635)
jolt: mesh v12 local=(0.116,0.369,0.550) world=(2.616,0.369,1.185)
jolt: mesh v13 local=(0.231,0.532,0.000) world=(2.731,0.532,0.635)
jolt: mesh v14 local=(0.244,0.485,0.335) world=(2.744,0.485,0.970)
jolt: mesh v15 local=(0.277,-0.475,0.310) world=(2.777,-0.475,0.945)
jolt: mesh v16 local=(0.318,-0.270,0.550) world=(2.818,-0.270,1.185)
jolt: mesh v17 local=(0.435,0.099,0.550) world=(2.935,0.099,1.185)
jolt: mesh v18 local=(0.515,-0.417,0.000) world=(3.015,-0.417,0.635)
jolt: mesh v19 local=(0.599,0.246,0.272) world=(3.099,0.246,0.907)
jolt: mesh v20 local=(0.611,-0.229,0.357) world=(3.111,-0.229,0.992)
jolt: mesh v21 local=(0.662,0.322,0.000) world=(3.162,0.322,0.635)
jolt: mesh v22 local=(0.741,-0.030,0.000) world=(3.241,-0.030,0.635)
jolt: body MESH_STATIC verts=23 faces=42 id=16777220
LMalloc of 244 not 8-byte aligned, rounding up
LMalloc of 44 not 8-byte aligned, rounding up
LMalloc of 44 not 8-byte aligned, rounding up
LMalloc of 44 not 8-byte aligned, rounding up
LMalloc of 3396 not 8-byte aligned, rounding up
RenderActor3DAnimates constructed with no animations!
LMalloc of 44 not 8-byte aligned, rounding up
LMalloc of 44 not 8-byte aligned, rounding up
MATL closed without all data read (bytesLeft = 1056)
LMalloc of 44 not 8-byte aligned, rounding up
jolt: mesh actor_pos=(2.500,0.000,1.185)
jolt: mesh v0 local=(-0.500,0.000,0.720) world=(2.000,0.000,1.905)
jolt: mesh v1 local=(-0.485,0.000,0.760) world=(2.015,0.000,1.945)
jolt: mesh v2 local=(-0.433,-0.250,0.720) world=(2.067,-0.250,1.905)
jolt: mesh v3 local=(-0.433,0.250,0.720) world=(2.067,0.250,1.905)
jolt: mesh v4 local=(-0.420,-0.242,0.760) world=(2.080,-0.242,1.945)
jolt: mesh v5 local=(-0.420,0.242,0.760) world=(2.080,0.242,1.945)
jolt: mesh v6 local=(-0.400,0.000,0.000) world=(2.100,0.000,1.185)
jolt: mesh v7 local=(-0.360,0.000,0.060) world=(2.140,0.000,1.245)
jolt: mesh v8 local=(-0.346,-0.200,0.000) world=(2.154,-0.200,1.185)
jolt: mesh v9 local=(-0.346,0.200,0.000) world=(2.154,0.200,1.185)
jolt: mesh v10 local=(-0.312,-0.180,0.060) world=(2.188,-0.180,1.245)
jolt: mesh v11 local=(-0.312,0.180,0.060) world=(2.188,0.180,1.245)
jolt: mesh v12 local=(-0.285,-0.093,0.060) world=(2.215,-0.093,1.245)
jolt: mesh v13 local=(-0.285,0.093,0.060) world=(2.215,0.093,1.245)
jolt: mesh v14 local=(-0.270,0.000,0.660) world=(2.230,0.000,1.845)
jolt: mesh v15 local=(-0.257,-0.083,0.660) world=(2.243,-0.083,1.845)
jolt: mesh v16 local=(-0.257,0.083,0.660) world=(2.243,0.083,1.845)
jolt: mesh v17 local=(-0.250,-0.433,0.720) world=(2.250,-0.433,1.905)
jolt: mesh v18 local=(-0.250,0.433,0.720) world=(2.250,0.433,1.905)
jolt: mesh v19 local=(-0.242,-0.420,0.760) world=(2.258,-0.420,1.945)
jolt: mesh v20 local=(-0.242,0.420,0.760) world=(2.258,0.420,1.945)
jolt: mesh v21 local=(-0.234,-0.135,0.660) world=(2.266,-0.135,1.845)
jolt: mesh v22 local=(-0.234,0.135,0.660) world=(2.266,0.135,1.845)
jolt: mesh v23 local=(-0.200,-0.346,0.000) world=(2.300,-0.346,1.185)
jolt: mesh v24 local=(-0.200,0.346,0.000) world=(2.300,0.346,1.185)
jolt: mesh v25 local=(-0.180,-0.312,0.060) world=(2.320,-0.312,1.245)
jolt: mesh v26 local=(-0.180,0.312,0.060) world=(2.320,0.312,1.245)
jolt: mesh v27 local=(-0.176,-0.243,0.060) world=(2.324,-0.243,1.245)
jolt: mesh v28 local=(-0.176,0.243,0.060) world=(2.324,0.243,1.245)
jolt: mesh v29 local=(-0.159,-0.218,0.660) world=(2.341,-0.218,1.845)
jolt: mesh v30 local=(-0.159,0.218,0.660) world=(2.341,0.218,1.845)
jolt: mesh v31 local=(-0.135,-0.234,0.660) world=(2.365,-0.234,1.845)
jolt: mesh v32 local=(-0.135,0.234,0.660) world=(2.365,0.234,1.845)
jolt: mesh v33 local=(0.000,-0.500,0.720) world=(2.500,-0.500,1.905)
jolt: mesh v34 local=(0.000,-0.485,0.760) world=(2.500,-0.485,1.945)
jolt: mesh v35 local=(0.000,-0.400,0.000) world=(2.500,-0.400,1.185)
jolt: mesh v36 local=(0.000,-0.360,0.060) world=(2.500,-0.360,1.245)
jolt: mesh v37 local=(0.000,-0.300,0.060) world=(2.500,-0.300,1.245)
jolt: mesh v38 local=(0.000,-0.270,0.660) world=(2.500,-0.270,1.845)
jolt: mesh v39 local=(0.000,0.270,0.660) world=(2.500,0.270,1.845)
jolt: mesh v40 local=(0.000,0.300,0.060) world=(2.500,0.300,1.245)
jolt: mesh v41 local=(0.000,0.360,0.060) world=(2.500,0.360,1.245)
jolt: mesh v42 local=(0.000,0.400,0.000) world=(2.500,0.400,1.185)
jolt: mesh v43 local=(0.000,0.485,0.760) world=(2.500,0.485,1.945)
jolt: mesh v44 local=(0.000,0.500,0.720) world=(2.500,0.500,1.905)
jolt: mesh v45 local=(0.135,-0.234,0.660) world=(2.635,-0.234,1.845)
jolt: mesh v46 local=(0.135,0.234,0.660) world=(2.635,0.234,1.845)
jolt: mesh v47 local=(0.159,-0.218,0.660) world=(2.659,-0.218,1.845)
jolt: mesh v48 local=(0.159,0.218,0.660) world=(2.659,0.218,1.845)
jolt: mesh v49 local=(0.176,-0.243,0.060) world=(2.676,-0.243,1.245)
jolt: mesh v50 local=(0.176,0.243,0.060) world=(2.676,0.243,1.245)
jolt: mesh v51 local=(0.180,-0.312,0.060) world=(2.680,-0.312,1.245)
jolt: mesh v52 local=(0.180,0.312,0.060) world=(2.680,0.312,1.245)
jolt: mesh v53 local=(0.200,-0.346,0.000) world=(2.700,-0.346,1.185)
jolt: mesh v54 local=(0.200,0.346,0.000) world=(2.700,0.346,1.185)
jolt: mesh v55 local=(0.234,-0.135,0.660) world=(2.734,-0.135,1.845)
jolt: mesh v56 local=(0.234,0.135,0.660) world=(2.734,0.135,1.845)
jolt: mesh v57 local=(0.242,-0.420,0.760) world=(2.742,-0.420,1.945)
jolt: mesh v58 local=(0.242,0.420,0.760) world=(2.742,0.420,1.945)
jolt: mesh v59 local=(0.250,-0.433,0.720) world=(2.750,-0.433,1.905)
jolt: mesh v60 local=(0.250,0.433,0.720) world=(2.750,0.433,1.905)
jolt: mesh v61 local=(0.257,-0.083,0.660) world=(2.757,-0.083,1.845)
jolt: mesh v62 local=(0.257,0.083,0.660) world=(2.757,0.083,1.845)
jolt: mesh v63 local=(0.270,0.000,0.660) world=(2.770,0.000,1.845)
jolt: mesh v64 local=(0.285,-0.093,0.060) world=(2.785,-0.093,1.245)
jolt: mesh v65 local=(0.285,0.093,0.060) world=(2.785,0.093,1.245)
jolt: mesh v66 local=(0.312,-0.180,0.060) world=(2.812,-0.180,1.245)
jolt: mesh v67 local=(0.312,0.180,0.060) world=(2.812,0.180,1.245)
jolt: mesh v68 local=(0.346,-0.200,0.000) world=(2.846,-0.200,1.185)
jolt: mesh v69 local=(0.346,0.200,0.000) world=(2.846,0.200,1.185)
jolt: mesh v70 local=(0.360,0.000,0.060) world=(2.860,0.000,1.245)
jolt: mesh v71 local=(0.400,0.000,0.000) world=(2.900,0.000,1.185)
jolt: mesh v72 local=(0.420,-0.242,0.760) world=(2.920,-0.242,1.945)
jolt: mesh v73 local=(0.420,0.242,0.760) world=(2.920,0.242,1.945)
jolt: mesh v74 local=(0.433,-0.250,0.720) world=(2.933,-0.250,1.905)
jolt: mesh v75 local=(0.433,0.250,0.720) world=(2.933,0.250,1.905)
jolt: mesh v76 local=(0.485,0.000,0.760) world=(2.985,0.000,1.945)
jolt: mesh v77 local=(0.500,0.000,0.720) world=(3.000,0.000,1.905)
jolt: body MESH_STATIC verts=78 faces=168 id=16777221
LMalloc of 244 not 8-byte aligned, rounding up
LMalloc of 44 not 8-byte aligned, rounding up
LMalloc of 44 not 8-byte aligned, rounding up
LMalloc of 44 not 8-byte aligned, rounding up
LMalloc of 2556 not 8-byte aligned, rounding up
RenderActor3DAnimates constructed with no animations!
LMalloc of 244 not 8-byte aligned, rounding up
LMalloc of 44 not 8-byte aligned, rounding up
LMalloc of 44 not 8-byte aligned, rounding up
LMalloc of 44 not 8-byte aligned, rounding up
LMalloc of 3396 not 8-byte aligned, rounding up
RenderActor3DAnimates constructed with no animations!
LMalloc of 244 not 8-byte aligned, rounding up
LMalloc of 44 not 8-byte aligned, rounding up
LMalloc of 44 not 8-byte aligned, rounding up
LMalloc of 44 not 8-byte aligned, rounding up
LMalloc of 2556 not 8-byte aligned, rounding up
RenderActor3DAnimates constructed with no animations!
LMalloc of 244 not 8-byte aligned, rounding up
LMalloc of 44 not 8-byte aligned, rounding up
LMalloc of 44 not 8-byte aligned, rounding up
LMalloc of 44 not 8-byte aligned, rounding up
LMalloc of 2556 not 8-byte aligned, rounding up
RenderActor3DAnimates constructed with no animations!
LMalloc of 244 not 8-byte aligned, rounding up
LMalloc of 44 not 8-byte aligned, rounding up
LMalloc of 44 not 8-byte aligned, rounding up
LMalloc of 44 not 8-byte aligned, rounding up
LMalloc of 1716 not 8-byte aligned, rounding up
RenderActor3DAnimates constructed with no animations!
LMalloc of 244 not 8-byte aligned, rounding up
LMalloc of 44 not 8-byte aligned, rounding up
LMalloc of 44 not 8-byte aligned, rounding up
LMalloc of 44 not 8-byte aligned, rounding up
LMalloc of 2556 not 8-byte aligned, rounding up
RenderActor3DAnimates constructed with no animations!
LMalloc of 244 not 8-byte aligned, rounding up
LMalloc of 44 not 8-byte aligned, rounding up
LMalloc of 44 not 8-byte aligned, rounding up
LMalloc of 44 not 8-byte aligned, rounding up
LMalloc of 276 not 8-byte aligned, rounding up
RenderActor3DAnimates constructed with no animations!
LMalloc of 44 not 8-byte aligned, rounding up
LMalloc of 44 not 8-byte aligned, rounding up
MATL closed without all data read (bytesLeft = 528)
LMalloc of 44 not 8-byte aligned, rounding up
jolt: mesh actor_pos=(0.000,0.000,0.000)
jolt: mesh v0 local=(-6.296,-1.851,-9.000) world=(-6.296,-1.851,-9.000)
jolt: mesh v1 local=(-6.296,-1.851,-0.010) world=(-6.296,-1.851,-0.010)
jolt: mesh v2 local=(-6.296,1.851,-9.000) world=(-6.296,1.851,-9.000)
jolt: mesh v3 local=(-6.296,1.851,-0.010) world=(-6.296,1.851,-0.010)
jolt: mesh v4 local=(6.296,-1.851,-9.000) world=(6.296,-1.851,-9.000)
jolt: mesh v5 local=(6.296,-1.851,-0.010) world=(6.296,-1.851,-0.010)
jolt: mesh v6 local=(6.296,1.851,-9.000) world=(6.296,1.851,-9.000)
jolt: mesh v7 local=(6.296,1.851,-0.010) world=(6.296,1.851,-0.010)
jolt: body MESH_STATIC verts=8 faces=12 id=16777222
LMalloc of 244 not 8-byte aligned, rounding up
LMalloc of 44 not 8-byte aligned, rounding up
LMalloc of 44 not 8-byte aligned, rounding up
LMalloc of 44 not 8-byte aligned, rounding up
LMalloc of 76 not 8-byte aligned, rounding up
RenderActor3DAnimates constructed with no animations!
LMalloc of 44 not 8-byte aligned, rounding up
LMalloc of 44 not 8-byte aligned, rounding up
MATL closed without all data read (bytesLeft = 264)
LMalloc of 44 not 8-byte aligned, rounding up
jolt: mesh actor_pos=(0.000,0.000,0.000)
jolt: mesh v0 local=(-20.000,4.000,-9.000) world=(-20.000,4.000,-9.000)
jolt: mesh v1 local=(-20.000,4.000,16.000) world=(-20.000,4.000,16.000)
jolt: mesh v2 local=(20.000,4.000,-9.000) world=(20.000,4.000,-9.000)
jolt: mesh v3 local=(20.000,4.000,16.000) world=(20.000,4.000,16.000)
jolt: body MESH_STATIC verts=4 faces=2 id=16777223
zforth: INDEXOF_CAMSHOT = 1921 (expect 1921)
zforth: INDEXOF_CAMSHOT = 1921 (expect 1921)
jolt: OptimizeBroadPhase done (8 static bodies)
audio: MusicPlayer — soundfont not found: florestan-subset.sf2
audio: sfx[0] not found: wflevels/qbert_practice/sfx/qbert_hop.wav
audio: sfx[1] not found: wflevels/qbert_practice/sfx/qbert_land.wav
audio: sfx[2] not found: wflevels/qbert_practice/sfx/qbert_fall.wav
audio: sfx[3] not found: wflevels/qbert_practice/sfx/qbert_swear.wav
audio: sfx[4] not found: wflevels/qbert_practice/sfx/qbert_round_clear.wav
audio: sfx[5] not found: wflevels/qbert_practice/sfx/qbert_kill.wav
audio: sfx[6] not found: wflevels/qbert_practice/sfx/qbert_disc.wav
DMalloc of 36 not 8-byte aligned, rounding up
delta too large: 0.3177490234
timeofday:1790996361:415814
lasttimeofday: 1790996361:98058
deltatime:0:317756
delta: 0.3177490234
ball pos: (-1.600, 0.000, 2.400)
ball pos: (-1.600, 0.000, 2.400)
ball pos: (-1.600, 0.000, 2.400)
ball pos: (-1.600, 0.000, 2.400)
frame-window: start-ns=99518935684911 end-ns=99523956288205
frame-profile: update frames=141 mean=8.0205 p50=7.8959 p95=9.9918 max=10.7283 cpu-ms
frame-profile: actors frames=141 mean=2.9181 p50=2.8432 p95=3.7370 max=3.8217 cpu-ms
frame-profile: director frames=141 mean=5.0229 p50=4.9230 p95=6.2500 max=6.9806 cpu-ms
frame-profile: render frames=141 mean=7.2014 p50=6.9982 p95=8.8629 max=13.8708 cpu-ms
frame-profile: school frames=141 mean=1.9802 p50=1.9221 p95=2.5746 max=2.6707 cpu-ms
frame-profile: pose frames=141 mean=2.2547 p50=2.2355 p95=3.0589 max=3.4695 cpu-ms
frame-profile: animation frames=141 mean=0.0000 p50=0.0000 p95=0.0000 max=0.0000 cpu-ms
frame-profile: total frames=141 mean=15.2219 p50=15.2181 p95=17.8057 max=21.3835 cpu-ms
frame-count: level-objects frames=141 mean=82.000
frame-count: render-actors frames=141 mean=68.000
frame-count: draws frames=141 mean=67.000
frame-count: triangles frames=141 mean=3817.447
frame-count: actor-mailbox-writes frames=141 mean=154.333
frame-count: fish-deformations frames=141 mean=0.000
ball pos: (-1.600, 0.000, 2.400)
ball pos: (-1.600, 0.000, 2.400)
ball pos: (-1.600, 0.000, 2.400)
ball pos: (-1.600, 0.000, 2.400)
ball pos: (-1.600, 0.000, 2.400)
ball pos: (-1.600, 0.000, 2.400)
frame-window: start-ns=99523956288205 end-ns=99528961098082
frame-profile: update frames=171 mean=7.7200 p50=7.4708 p95=9.7141 max=10.8837 cpu-ms
frame-profile: actors frames=171 mean=2.8078 p50=2.6833 p95=3.6346 max=3.8952 cpu-ms
frame-profile: director frames=171 mean=4.8331 p50=4.6900 p95=6.1287 max=7.0628 cpu-ms
frame-profile: render frames=171 mean=6.9927 p50=6.7333 p95=8.6095 max=10.4050 cpu-ms
frame-profile: school frames=171 mean=1.8955 p50=1.7613 p95=2.5344 max=2.6377 cpu-ms
frame-profile: pose frames=171 mean=2.1716 p50=2.1981 p95=2.9277 max=3.5238 cpu-ms
frame-profile: animation frames=171 mean=0.0000 p50=0.0000 p95=0.0000 max=0.0000 cpu-ms
frame-profile: total frames=171 mean=14.7127 p50=14.3603 p95=17.1388 max=19.0408 cpu-ms
frame-count: level-objects frames=171 mean=82.000
frame-count: render-actors frames=171 mean=68.000
frame-count: draws frames=171 mean=67.000
frame-count: triangles frames=171 mean=3813.930
frame-count: actor-mailbox-writes frames=171 mean=154.333
frame-count: fish-deformations frames=171 mean=0.000
ball pos: (-1.600, 0.000, 2.400)
ball pos: (-1.600, 0.000, 2.400)
ball pos: (-1.600, 0.000, 2.400)
ball pos: (-1.600, 0.000, 2.400)
ball pos: (-1.600, 0.000, 2.400)
ball pos: (-1.600, 0.000, 2.400)
ball pos: (-1.600, 0.000, 2.400)
ball pos: (-1.600, 0.000, 2.400)
ball pos: (-1.600, 0.000, 2.400)
frame-window: start-ns=99528961098082 end-ns=99533972763168
frame-profile: update frames=271 mean=7.2003 p50=6.8322 p95=9.5329 max=13.0841 cpu-ms
frame-profile: actors frames=271 mean=2.6019 p50=2.5116 p95=3.1752 max=5.0272 cpu-ms
frame-profile: director frames=271 mean=4.5238 p50=4.2159 p95=6.1721 max=9.0832 cpu-ms
frame-profile: render frames=271 mean=6.3267 p50=6.1945 p95=6.7298 max=11.4896 cpu-ms
frame-profile: school frames=271 mean=1.7949 p50=1.7197 p95=2.4965 max=4.4088 cpu-ms
frame-profile: pose frames=271 mean=1.9983 p50=1.7792 p95=2.4494 max=3.5044 cpu-ms
frame-profile: animation frames=271 mean=0.0000 p50=0.0000 p95=0.0000 max=0.0000 cpu-ms
frame-profile: total frames=271 mean=13.5270 p50=13.1365 p95=16.2583 max=23.7218 cpu-ms
frame-count: level-objects frames=271 mean=82.000
frame-count: render-actors frames=271 mean=68.000
frame-count: draws frames=271 mean=67.000
frame-count: triangles frames=271 mean=3808.860
frame-count: actor-mailbox-writes frames=271 mean=154.410
frame-count: fish-deformations frames=271 mean=0.000
ball pos: (-1.600, 0.000, 2.400)
ball pos: (-1.600, 0.000, 2.400)
ball pos: (-1.600, 0.000, 2.400)
ball pos: (-1.600, 0.000, 2.400)
ball pos: (-1.600, 0.000, 2.400)
ball pos: (-1.600, 0.000, 2.400)
ball pos: (-1.600, 0.000, 2.400)
ball pos: (-1.600, 0.000, 2.400)
ball pos: (-1.600, 0.000, 2.400)
frame-window: start-ns=99533972763168 end-ns=99538987728254
frame-profile: update frames=272 mean=7.1838 p50=6.8398 p95=9.4217 max=12.4615 cpu-ms
frame-profile: actors frames=272 mean=2.5756 p50=2.5127 p95=2.9048 max=4.6548 cpu-ms
frame-profile: director frames=272 mean=4.5328 p50=4.1930 p95=6.1934 max=9.4192 cpu-ms
frame-profile: render frames=272 mean=6.3332 p50=6.1960 p95=6.8265 max=9.5007 cpu-ms
frame-profile: school frames=272 mean=1.7810 p50=1.7014 p95=2.5817 max=4.9057 cpu-ms
frame-profile: pose frames=272 mean=2.0214 p50=1.7782 p95=2.5991 max=4.2482 cpu-ms
frame-profile: animation frames=272 mean=0.0000 p50=0.0000 p95=0.0000 max=0.0000 cpu-ms
frame-profile: total frames=272 mean=13.5170 p50=13.1394 p95=16.1668 max=19.1665 cpu-ms
frame-count: level-objects frames=272 mean=82.000
frame-count: render-actors frames=272 mean=68.000
frame-count: draws frames=272 mean=67.000
frame-count: triangles frames=272 mean=3818.912
frame-count: actor-mailbox-writes frames=272 mean=154.257
frame-count: fish-deformations frames=272 mean=0.000
ball pos: (-1.600, 0.000, 2.400)
ball pos: (-1.600, 0.000, 2.400)
ball pos: (-1.600, 0.000, 2.400)
ball pos: (-1.600, 0.000, 2.400)
ball pos: (-1.600, 0.000, 2.400)
ball pos: (-1.600, 0.000, 2.400)
ball pos: (-1.600, 0.000, 2.400)
ball pos: (-1.600, 0.000, 2.400)
ball pos: (-1.600, 0.000, 2.400)
frame-window: start-ns=99538987728254 end-ns=99543992705839
frame-profile: update frames=278 mean=7.1278 p50=6.8067 p95=9.2113 max=11.4570 cpu-ms
frame-profile: actors frames=278 mean=2.5525 p50=2.5041 p95=2.7590 max=4.0183 cpu-ms
frame-profile: director frames=278 mean=4.5006 p50=4.1980 p95=6.1902 max=7.6762 cpu-ms
frame-profile: render frames=278 mean=6.3228 p50=6.1797 p95=6.7661 max=10.2386 cpu-ms
frame-profile: school frames=278 mean=1.7525 p50=1.6997 p95=2.3593 max=3.2995 cpu-ms
frame-profile: pose frames=278 mean=2.0298 p50=1.7824 p95=2.6265 max=4.1777 cpu-ms
frame-profile: animation frames=278 mean=0.0000 p50=0.0000 p95=0.0000 max=0.0000 cpu-ms
frame-profile: total frames=278 mean=13.4506 p50=13.0733 p95=16.6106 max=18.5866 cpu-ms
frame-count: level-objects frames=278 mean=82.000
frame-count: render-actors frames=278 mean=68.000
frame-count: draws frames=278 mean=67.000
frame-count: triangles frames=278 mean=3818.719
frame-count: actor-mailbox-writes frames=278 mean=154.371
frame-count: fish-deformations frames=278 mean=0.000
ball pos: (-1.600, 0.000, 2.400)
ball pos: (-1.600, 0.000, 2.400)
ball pos: (-1.600, 0.000, 2.400)
ball pos: (-1.600, 0.000, 2.400)
ball pos: (-1.600, 0.000, 2.400)
ball pos: (-1.600, 0.000, 2.400)
ball pos: (-1.600, 0.000, 2.400)
ball pos: (-1.600, 0.000, 2.400)
ball pos: (-1.600, 0.000, 2.400)
frame-window: start-ns=99543992705839 end-ns=99549015235467
frame-profile: update frames=269 mean=7.2153 p50=6.8795 p95=9.2203 max=13.4625 cpu-ms
frame-profile: actors frames=269 mean=2.5939 p50=2.5308 p95=2.9108 max=4.4575 cpu-ms
frame-profile: director frames=269 mean=4.5457 p50=4.2202 p95=6.1133 max=10.3836 cpu-ms
frame-profile: render frames=269 mean=6.5407 p50=6.4157 p95=7.4167 max=9.6210 cpu-ms
frame-profile: school frames=269 mean=1.7907 p50=1.7177 p95=2.2935 max=4.5610 cpu-ms
frame-profile: pose frames=269 mean=2.0219 p50=1.7753 p95=2.7782 max=4.0631 cpu-ms
frame-profile: animation frames=269 mean=0.0000 p50=0.0000 p95=0.0000 max=0.0000 cpu-ms
frame-profile: total frames=269 mean=13.7560 p50=13.4841 p95=16.1603 max=19.8267 cpu-ms
frame-count: level-objects frames=269 mean=82.000
frame-count: render-actors frames=269 mean=68.000
frame-count: draws frames=269 mean=67.000
frame-count: triangles frames=269 mean=3816.401
frame-count: actor-mailbox-writes frames=269 mean=154.372
frame-count: fish-deformations frames=269 mean=0.000
ball pos: (-1.600, 0.000, 2.400)
ball pos: (-1.600, 0.000, 2.400)
ball pos: (-1.600, 0.000, 2.400)
ball pos: (-1.600, 0.000, 2.400)
ball pos: (-1.600, 0.000, 2.400)
ball pos: (-1.600, 0.000, 2.400)
ball pos: (-1.600, 0.000, 2.400)
ball pos: (-1.600, 0.000, 2.400)
ball pos: (-1.600, 0.000, 2.400)
frame-window: start-ns=99549015235467 end-ns=99554019429219
frame-profile: update frames=275 mean=7.1492 p50=6.8168 p95=9.1735 max=11.6693 cpu-ms
frame-profile: actors frames=275 mean=2.5491 p50=2.5044 p95=2.7229 max=4.4403 cpu-ms
frame-profile: director frames=275 mean=4.5257 p50=4.2132 p95=5.7940 max=8.7048 cpu-ms
frame-profile: render frames=275 mean=6.2886 p50=6.1732 p95=6.7347 max=9.6950 cpu-ms
frame-profile: school frames=275 mean=1.7959 p50=1.7191 p95=2.2922 max=4.8498 cpu-ms
frame-profile: pose frames=275 mean=2.0033 p50=1.7762 p95=2.5965 max=3.5124 cpu-ms
frame-profile: animation frames=275 mean=0.0000 p50=0.0000 p95=0.0000 max=0.0000 cpu-ms
frame-profile: total frames=275 mean=13.4378 p50=13.0363 p95=15.9476 max=18.8169 cpu-ms
frame-count: level-objects frames=275 mean=82.000
frame-count: render-actors frames=275 mean=68.000
frame-count: draws frames=275 mean=67.000
frame-count: triangles frames=275 mean=3815.320
frame-count: actor-mailbox-writes frames=275 mean=154.258
frame-count: fish-deformations frames=275 mean=0.000
ball pos: (-1.600, 0.000, 2.400)
ball pos: (-1.600, 0.000, 2.400)
ball pos: (-1.600, 0.000, 2.400)
ball pos: (-1.600, 0.000, 2.400)
ball pos: (-1.600, 0.000, 2.400)
ball pos: (-1.600, 0.000, 2.400)
ball pos: (-1.600, 0.000, 2.400)
ball pos: (-1.600, 0.000, 2.400)
ball pos: (-1.600, 0.000, 2.400)
ball pos: (-1.600, 0.000, 2.400)
frame-window: start-ns=99554019429219 end-ns=99559026249888
frame-profile: update frames=275 mean=7.1506 p50=6.8009 p95=9.0650 max=11.2903 cpu-ms
frame-profile: actors frames=275 mean=2.5830 p50=2.5000 p95=3.1254 max=6.8438 cpu-ms
frame-profile: director frames=275 mean=4.4929 p50=4.2025 p95=5.8868 max=8.1717 cpu-ms
frame-profile: render frames=275 mean=6.2569 p50=6.1817 p95=6.6482 max=8.9788 cpu-ms
frame-profile: school frames=275 mean=1.7632 p50=1.7039 p95=2.2159 max=3.3098 cpu-ms
frame-profile: pose frames=275 mean=2.0060 p50=1.7780 p95=2.5362 max=3.7423 cpu-ms
frame-profile: animation frames=275 mean=0.0000 p50=0.0000 p95=0.0000 max=0.0000 cpu-ms
frame-profile: total frames=275 mean=13.4074 p50=13.0316 p95=15.6515 max=17.4507 cpu-ms
frame-count: level-objects frames=275 mean=82.000
frame-count: render-actors frames=275 mean=68.000
frame-count: draws frames=275 mean=67.000
frame-count: triangles frames=275 mean=3819.615
frame-count: actor-mailbox-writes frames=275 mean=154.371
frame-count: fish-deformations frames=275 mean=0.000
ball pos: (-1.600, 0.000, 2.400)
ball pos: (-1.600, 0.000, 2.400)
ball pos: (-1.600, 0.000, 2.400)
ball pos: (-1.600, 0.000, 2.400)
ball pos: (-1.600, 0.000, 2.400)
ball pos: (-1.600, 0.000, 2.400)
ball pos: (-1.600, 0.000, 2.400)
ball pos: (-1.600, 0.000, 2.400)
ball pos: (-1.600, 0.000, 2.400)
frame-window: start-ns=99559026249888 end-ns=99564029940682
frame-profile: update frames=276 mean=7.0670 p50=6.8178 p95=7.8210 max=10.4526 cpu-ms
frame-profile: actors frames=276 mean=2.5433 p50=2.4945 p95=2.7522 max=3.8927 cpu-ms
frame-profile: director frames=276 mean=4.4486 p50=4.2154 p95=4.9540 max=7.6653 cpu-ms
frame-profile: render frames=276 mean=6.3145 p50=6.1899 p95=6.9204 max=9.5198 cpu-ms
frame-profile: school frames=276 mean=1.7576 p50=1.7176 p95=2.0573 max=3.2242 cpu-ms
frame-profile: pose frames=276 mean=1.9758 p50=1.7943 p95=2.3852 max=3.1276 cpu-ms
frame-profile: animation frames=276 mean=0.0000 p50=0.0000 p95=0.0000 max=0.0000 cpu-ms
frame-profile: total frames=276 mean=13.3815 p50=13.2393 p95=14.9707 max=16.7740 cpu-ms
frame-count: level-objects frames=276 mean=82.000
frame-count: render-actors frames=276 mean=68.000
frame-count: draws frames=276 mean=67.000
frame-count: triangles frames=276 mean=3815.438
frame-count: actor-mailbox-writes frames=276 mean=154.333
frame-count: fish-deformations frames=276 mean=0.000
ball pos: (-1.600, 0.000, 2.400)
ball pos: (-1.600, 0.000, 2.400)
ball pos: (-1.600, 0.000, 2.400)
ball pos: (-1.600, 0.000, 2.400)
ball pos: (-1.600, 0.000, 2.400)
ball pos: (-1.600, 0.000, 2.400)
ball pos: (-1.600, 0.000, 2.400)
ball pos: (-1.600, 0.000, 2.400)
ball pos: (-1.600, 0.000, 2.400)
frame-window: start-ns=99564029940682 end-ns=99569035248643
frame-profile: update frames=271 mean=7.2092 p50=6.8027 p95=9.6199 max=12.3227 cpu-ms
frame-profile: actors frames=271 mean=2.5638 p50=2.4925 p95=2.8353 max=4.3634 cpu-ms
frame-profile: director frames=271 mean=4.5703 p50=4.2212 p95=6.3738 max=9.5240 cpu-ms
frame-profile: render frames=271 mean=6.3669 p50=6.1918 p95=7.0515 max=10.5994 cpu-ms
frame-profile: school frames=271 mean=1.8009 p50=1.7003 p95=2.5810 max=5.0117 cpu-ms
frame-profile: pose frames=271 mean=2.0360 p50=1.7826 p95=2.6827 max=4.1414 cpu-ms
frame-profile: animation frames=271 mean=0.0000 p50=0.0000 p95=0.0000 max=0.0000 cpu-ms
frame-profile: total frames=271 mean=13.5761 p50=13.2593 p95=16.8713 max=18.4205 cpu-ms
frame-count: level-objects frames=271 mean=82.000
frame-count: render-actors frames=271 mean=68.000
frame-count: draws frames=271 mean=67.000
frame-count: triangles frames=271 mean=3810.343
frame-count: actor-mailbox-writes frames=271 mean=154.295
frame-count: fish-deformations frames=271 mean=0.000
ball pos: (-1.600, 0.000, 2.400)
ball pos: (-1.600, 0.000, 2.400)
ball pos: (-1.600, 0.000, 2.400)
ball pos: (-1.600, 0.000, 2.400)
ball pos: (-1.600, 0.000, 2.400)
ball pos: (-1.600, 0.000, 2.400)
ball pos: (-1.600, 0.000, 2.400)
ball pos: (-1.600, 0.000, 2.400)
ball pos: (-0.973, 0.000, 2.400)
frame-window: start-ns=99569035248643 end-ns=99574045735562
frame-profile: update frames=267 mean=7.0744 p50=6.8438 p95=7.6252 max=11.8652 cpu-ms
frame-profile: actors frames=267 mean=2.5531 p50=2.4996 p95=2.7532 max=4.4694 cpu-ms
frame-profile: director frames=267 mean=4.4480 p50=4.2104 p95=4.9080 max=7.5378 cpu-ms
frame-profile: render frames=267 mean=6.3738 p50=6.2062 p95=7.0326 max=10.0796 cpu-ms
frame-profile: school frames=267 mean=1.7442 p50=1.7123 p95=1.8692 max=3.1214 cpu-ms
frame-profile: pose frames=267 mean=1.9880 p50=1.7807 p95=2.4025 max=3.4968 cpu-ms
frame-profile: animation frames=267 mean=0.0000 p50=0.0000 p95=0.0000 max=0.0000 cpu-ms
frame-profile: total frames=267 mean=13.4482 p50=13.2138 p95=15.7119 max=18.0714 cpu-ms
frame-count: level-objects frames=267 mean=82.000
frame-count: render-actors frames=267 mean=68.000
frame-count: draws frames=267 mean=67.000
frame-count: triangles frames=267 mean=3819.509
frame-count: actor-mailbox-writes frames=267 mean=154.333
frame-count: fish-deformations frames=267 mean=0.000
ball pos: (0.481, 0.000, 2.400)
ball pos: (2.883, 0.000, 2.400)
ball pos: (4.917, 0.000, 2.400)
ball pos: (5.518, 0.000, 2.400)
ball pos: (5.542, 0.000, 2.400)
ball pos: (5.544, 0.000, 2.400)
ball pos: (5.544, 0.000, 2.400)
frame-window: start-ns=99574045735562 end-ns=99579060512689
frame-profile: update frames=213 mean=7.3972 p50=7.1462 p95=9.3256 max=10.9667 cpu-ms
frame-profile: actors frames=213 mean=2.6936 p50=2.5680 p95=3.6601 max=4.4940 cpu-ms
frame-profile: director frames=213 mean=4.6265 p50=4.3977 p95=6.0998 max=7.5412 cpu-ms
frame-profile: render frames=213 mean=6.6568 p50=6.4235 p95=7.9938 max=9.9306 cpu-ms
frame-profile: school frames=213 mean=1.8338 p50=1.7488 p95=2.4622 max=3.2032 cpu-ms
frame-profile: pose frames=213 mean=2.0433 p50=1.8150 p95=2.9127 max=3.4903 cpu-ms
frame-profile: animation frames=213 mean=0.0000 p50=0.0000 p95=0.0000 max=0.0000 cpu-ms
frame-profile: total frames=213 mean=14.0540 p50=13.6504 p95=16.7657 max=18.1902 cpu-ms
frame-count: level-objects frames=213 mean=82.000
frame-count: render-actors frames=213 mean=68.000
frame-count: draws frames=213 mean=67.000
frame-count: triangles frames=213 mean=3814.930
frame-count: actor-mailbox-writes frames=213 mean=154.333
frame-count: fish-deformations frames=213 mean=0.000
ball pos: (5.544, 0.000, 2.400)
ball pos: (5.544, 0.000, 2.400)
ball pos: (5.544, 0.000, 2.400)
ball pos: (5.544, 0.000, 2.400)
ball pos: (5.544, 0.000, 2.400)
ball pos: (5.544, 0.000, 2.400)
ball pos: (5.544, 0.000, 2.400)
ball pos: (5.544, 0.000, 2.400)
ball pos: (5.544, 0.000, 2.400)
frame-window: start-ns=99579060512689 end-ns=99584075830192
frame-profile: update frames=266 mean=7.1292 p50=6.8597 p95=8.5464 max=11.4608 cpu-ms
frame-profile: actors frames=266 mean=2.5736 p50=2.5249 p95=2.8347 max=4.3772 cpu-ms
frame-profile: director frames=266 mean=4.4802 p50=4.2129 p95=5.1868 max=8.5781 cpu-ms
frame-profile: render frames=266 mean=6.4249 p50=6.2261 p95=7.4080 max=9.5201 cpu-ms
frame-profile: school frames=266 mean=1.7437 p50=1.7006 p95=2.0140 max=3.1798 cpu-ms
frame-profile: pose frames=266 mean=2.0163 p50=1.7920 p95=2.4126 max=4.2119 cpu-ms
frame-profile: animation frames=266 mean=0.0000 p50=0.0000 p95=0.0000 max=0.0000 cpu-ms
frame-profile: total frames=266 mean=13.5541 p50=13.3216 p95=15.8244 max=17.6808 cpu-ms
frame-count: level-objects frames=266 mean=82.000
frame-count: render-actors frames=266 mean=68.000
frame-count: draws frames=266 mean=67.000
frame-count: triangles frames=266 mean=3831.673
frame-count: actor-mailbox-writes frames=266 mean=154.372
frame-count: fish-deformations frames=266 mean=0.000
ball pos: (5.544, 0.000, 2.400)
ball pos: (5.544, 0.000, 2.400)
ball pos: (5.544, 0.000, 2.400)
ball pos: (5.544, 0.000, 2.400)
ball pos: (5.544, 0.000, 2.400)
ball pos: (5.544, 0.000, 2.400)
ball pos: (5.544, 0.000, 2.400)
ball pos: (5.544, 0.000, 2.400)
frame-window: start-ns=99584075830192 end-ns=99589087633653
frame-profile: update frames=263 mean=7.1485 p50=6.8673 p95=8.7451 max=12.5156 cpu-ms
frame-profile: actors frames=263 mean=2.5834 p50=2.5127 p95=2.9347 max=4.3771 cpu-ms
frame-profile: director frames=263 mean=4.4895 p50=4.2017 p95=5.4318 max=9.4497 cpu-ms
frame-profile: render frames=263 mean=6.4173 p50=6.2462 p95=7.2551 max=9.1205 cpu-ms
frame-profile: school frames=263 mean=1.7747 p50=1.7140 p95=2.2336 max=4.9784 cpu-ms
frame-profile: pose frames=263 mean=1.9935 p50=1.7819 p95=2.3970 max=3.6997 cpu-ms
frame-profile: animation frames=263 mean=0.0000 p50=0.0000 p95=0.0000 max=0.0000 cpu-ms
frame-profile: total frames=263 mean=13.5658 p50=13.3143 p95=15.6251 max=18.4957 cpu-ms
frame-count: level-objects frames=263 mean=82.000
frame-count: render-actors frames=263 mean=68.000
frame-count: draws frames=263 mean=67.000
frame-count: triangles frames=263 mean=3817.738
frame-count: actor-mailbox-writes frames=263 mean=154.373
frame-count: fish-deformations frames=263 mean=0.000
ball pos: (5.544, 0.000, 2.400)
ball pos: (5.544, 0.000, 2.400)
ball pos: (5.544, 0.000, 2.400)
ball pos: (5.544, 0.000, 2.400)
ball pos: (5.544, 0.000, 2.400)
ball pos: (5.544, 0.000, 2.400)
ball pos: (5.544, 0.000, 2.400)
ball pos: (5.544, 0.000, 2.400)
ball pos: (5.544, 0.000, 2.400)
frame-window: start-ns=99589087633653 end-ns=99594092786072
frame-profile: update frames=265 mean=7.2669 p50=6.8645 p95=9.9392 max=11.7348 cpu-ms
frame-profile: actors frames=265 mean=2.6125 p50=2.5010 p95=3.5828 max=4.3884 cpu-ms
frame-profile: director frames=265 mean=4.5782 p50=4.2264 p95=6.1261 max=8.9585 cpu-ms
frame-profile: render frames=265 mean=6.4852 p50=6.2165 p95=7.8453 max=11.8488 cpu-ms
frame-profile: school frames=265 mean=1.8095 p50=1.7162 p95=2.5417 max=5.0233 cpu-ms
frame-profile: pose frames=265 mean=2.0259 p50=1.7680 p95=2.7697 max=4.2015 cpu-ms
frame-profile: animation frames=265 mean=0.0000 p50=0.0000 p95=0.0000 max=0.0000 cpu-ms
frame-profile: total frames=265 mean=13.7522 p50=13.3192 p95=16.7547 max=23.4081 cpu-ms
frame-count: level-objects frames=265 mean=82.000
frame-count: render-actors frames=265 mean=68.000
frame-count: draws frames=265 mean=67.000
frame-count: triangles frames=265 mean=3825.777
frame-count: actor-mailbox-writes frames=265 mean=154.294
frame-count: fish-deformations frames=265 mean=0.000
ball pos: (5.544, 0.000, 2.400)
ball pos: (5.544, 0.000, 2.400)
ball pos: (5.544, 0.000, 2.400)
ball pos: (5.544, 0.000, 2.400)
ball pos: (5.544, 0.000, 2.400)
ball pos: (5.544, 0.000, 2.400)
ball pos: (5.544, 0.000, 2.400)
ball pos: (5.544, 0.000, 2.400)
ball pos: (5.544, 0.000, 2.400)
frame-window: start-ns=99594092786072 end-ns=99599114405657
frame-profile: update frames=273 mean=7.0636 p50=6.8074 p95=7.8139 max=11.0547 cpu-ms
frame-profile: actors frames=273 mean=2.5492 p50=2.4983 p95=2.7504 max=4.1755 cpu-ms
frame-profile: director frames=273 mean=4.4395 p50=4.1973 p95=5.0744 max=8.2375 cpu-ms
frame-profile: render frames=273 mean=6.3086 p50=6.2131 p95=6.8288 max=7.8948 cpu-ms
frame-profile: school frames=273 mean=1.7431 p50=1.7002 p95=1.8813 max=3.2195 cpu-ms
frame-profile: pose frames=273 mean=1.9853 p50=1.7857 p95=2.3873 max=4.1800 cpu-ms
frame-profile: animation frames=273 mean=0.0000 p50=0.0000 p95=0.0000 max=0.0000 cpu-ms
frame-profile: total frames=273 mean=13.3722 p50=13.1443 p95=14.6427 max=18.2201 cpu-ms
frame-count: level-objects frames=273 mean=82.000
frame-count: render-actors frames=273 mean=68.000
frame-count: draws frames=273 mean=67.000
frame-count: triangles frames=273 mean=3826.905
frame-count: actor-mailbox-writes frames=273 mean=154.333
frame-count: fish-deformations frames=273 mean=0.000
ball pos: (5.544, 0.000, 2.400)
ball pos: (5.544, 0.000, 2.400)
ball pos: (5.544, 0.000, 2.400)
ball pos: (5.544, 0.000, 2.400)
ball pos: (5.544, 0.000, 2.400)
ball pos: (5.233, -0.272, 2.400)
ball pos: (3.693, -0.368, 2.400)
ball pos: (0.928, -0.373, 2.400)
frame-window: start-ns=99599114405657 end-ns=99604119365910
frame-profile: update frames=221 mean=7.2523 p50=6.9673 p95=8.6376 max=10.7309 cpu-ms
frame-profile: actors frames=221 mean=2.6333 p50=2.5612 p95=3.1150 max=3.9408 cpu-ms
frame-profile: director frames=221 mean=4.5435 p50=4.2641 p95=5.6054 max=7.4511 cpu-ms
frame-profile: render frames=221 mean=6.4359 p50=6.2313 p95=7.6254 max=8.8120 cpu-ms
frame-profile: school frames=221 mean=1.7881 p50=1.7291 p95=2.2639 max=2.6980 cpu-ms
frame-profile: pose frames=221 mean=2.0300 p50=1.7928 p95=2.6283 max=4.2096 cpu-ms
frame-profile: animation frames=221 mean=0.0000 p50=0.0000 p95=0.0000 max=0.0000 cpu-ms
frame-profile: total frames=221 mean=13.6881 p50=13.4041 p95=16.1822 max=18.3752 cpu-ms
frame-count: level-objects frames=221 mean=82.000
frame-count: render-actors frames=221 mean=68.000
frame-count: draws frames=221 mean=67.000
frame-count: triangles frames=221 mean=3812.443
frame-count: actor-mailbox-writes frames=221 mean=154.380
frame-count: fish-deformations frames=221 mean=0.000
ball pos: (-1.348, -0.373, 2.400)
ball pos: (-2.242, -0.373, 2.400)
ball pos: (-3.522, -0.373, 2.400)
ball pos: (-4.956, -0.373, 2.400)
ball pos: (-5.488, -0.373, 2.400)
ball pos: (-5.539, -0.373, 2.400)
ball pos: (-5.544, -0.373, 2.400)
ball pos: (-5.544, -0.373, 2.400)
frame-window: start-ns=99604119365910 end-ns=99609127191287
frame-profile: update frames=258 mean=7.1432 p50=6.8854 p95=8.5054 max=11.4166 cpu-ms
frame-profile: actors frames=258 mean=2.6340 p50=2.5605 p95=3.0181 max=7.0028 cpu-ms
frame-profile: director frames=258 mean=4.4336 p50=4.2402 p95=5.3065 max=8.0058 cpu-ms
frame-profile: render frames=258 mean=6.4168 p50=6.2503 p95=7.3410 max=8.5052 cpu-ms
frame-profile: school frames=258 mean=1.7076 p50=1.6961 p95=2.0790 max=3.0981 cpu-ms
frame-profile: pose frames=258 mean=1.9958 p50=1.7938 p95=2.4047 max=3.6061 cpu-ms
frame-profile: animation frames=258 mean=0.0000 p50=0.0000 p95=0.0000 max=0.0000 cpu-ms
frame-profile: total frames=258 mean=13.5600 p50=13.3570 p95=15.3794 max=18.1108 cpu-ms
frame-count: level-objects frames=258 mean=82.000
frame-count: render-actors frames=258 mean=68.000
frame-count: draws frames=258 mean=67.000
frame-count: triangles frames=258 mean=3833.698
frame-count: actor-mailbox-writes frames=258 mean=154.333
frame-count: fish-deformations frames=258 mean=0.000
ball pos: (-5.544, -0.373, 2.400)
ball pos: (-5.544, -0.373, 2.400)
ball pos: (-5.544, -0.373, 2.400)
ball pos: (-5.544, -0.373, 2.400)
ball pos: (-5.544, -0.373, 2.400)
ball pos: (-5.544, -0.373, 2.400)
ball pos: (-5.544, -0.373, 2.400)
ball pos: (-5.544, -0.373, 2.400)
ball pos: (-5.544, -0.373, 2.400)
frame-window: start-ns=99609127191287 end-ns=99614133462873
frame-profile: update frames=264 mean=7.1253 p50=6.8873 p95=8.2357 max=10.4397 cpu-ms
frame-profile: actors frames=264 mean=2.5887 p50=2.5327 p95=2.9016 max=4.3271 cpu-ms
frame-profile: director frames=264 mean=4.4612 p50=4.2154 p95=5.0699 max=7.2282 cpu-ms
frame-profile: render frames=264 mean=6.4506 p50=6.2751 p95=7.1788 max=9.0684 cpu-ms
frame-profile: school frames=264 mean=1.7517 p50=1.7142 p95=2.1310 max=3.0133 cpu-ms
frame-profile: pose frames=264 mean=1.9918 p50=1.7813 p95=2.4102 max=3.5280 cpu-ms
frame-profile: animation frames=264 mean=0.0000 p50=0.0000 p95=0.0000 max=0.0000 cpu-ms
frame-profile: total frames=264 mean=13.5760 p50=13.3756 p95=15.5752 max=17.2942 cpu-ms
frame-count: level-objects frames=264 mean=82.000
frame-count: render-actors frames=264 mean=68.000
frame-count: draws frames=264 mean=67.000
frame-count: triangles frames=264 mean=3829.064
frame-count: actor-mailbox-writes frames=264 mean=154.333
frame-count: fish-deformations frames=264 mean=0.000
ball pos: (-5.544, -0.373, 2.400)
ball pos: (-5.544, -0.373, 2.400)
ball pos: (-5.304, -0.089, 2.400)
ball pos: (-4.028, 0.048, 2.400)
ball pos: (-2.571, 0.057, 2.400)
ball pos: (-1.116, 0.058, 2.400)
ball pos: (0.328, 0.058, 2.400)
ball pos: (2.375, 0.058, 2.400)
frame-window: start-ns=99614133462873 end-ns=99619138082917
frame-profile: update frames=235 mean=7.1936 p50=6.9417 p95=8.3063 max=11.0550 cpu-ms
frame-profile: actors frames=235 mean=2.6167 p50=2.5591 p95=2.8925 max=4.0637 cpu-ms
frame-profile: director frames=235 mean=4.5016 p50=4.2632 p95=5.2149 max=7.9142 cpu-ms
frame-profile: render frames=235 mean=6.4146 p50=6.2305 p95=7.2195 max=8.8174 cpu-ms
frame-profile: school frames=235 mean=1.7724 p50=1.7312 p95=2.1014 max=3.2878 cpu-ms
frame-profile: pose frames=235 mean=1.9979 p50=1.7945 p95=2.4031 max=3.6379 cpu-ms
frame-profile: animation frames=235 mean=0.0000 p50=0.0000 p95=0.0000 max=0.0000 cpu-ms
frame-profile: total frames=235 mean=13.6082 p50=13.4011 p95=15.3209 max=18.1589 cpu-ms
frame-count: level-objects frames=235 mean=82.000
frame-count: render-actors frames=235 mean=68.000
frame-count: draws frames=235 mean=67.000
frame-count: triangles frames=235 mean=3814.979
frame-count: actor-mailbox-writes frames=235 mean=154.289
frame-count: fish-deformations frames=235 mean=0.000
ball pos: (4.834, 0.058, 2.400)
ball pos: (5.512, 0.058, 2.400)
ball pos: (5.542, 0.058, 2.400)
ball pos: (5.544, 0.058, 2.400)
ball pos: (5.544, 0.058, 2.400)
ball pos: (5.544, 0.058, 2.400)
ball pos: (5.544, 0.058, 2.400)
ball pos: (5.544, 0.058, 2.400)
frame-window: start-ns=99619138082917 end-ns=99624139376253
frame-profile: update frames=251 mean=7.0842 p50=6.8196 p95=8.3424 max=10.3596 cpu-ms
frame-profile: actors frames=251 mean=2.5907 p50=2.5347 p95=2.9583 max=3.9596 cpu-ms
frame-profile: director frames=251 mean=4.4174 p50=4.2101 p95=5.1860 max=6.5933 cpu-ms
frame-profile: render frames=251 mean=6.4552 p50=6.2354 p95=7.5955 max=9.6583 cpu-ms
frame-profile: school frames=251 mean=1.6997 p50=1.6855 p95=1.9535 max=2.5747 cpu-ms
frame-profile: pose frames=251 mean=1.9975 p50=1.8000 p95=2.4521 max=3.3832 cpu-ms
frame-profile: animation frames=251 mean=0.0000 p50=0.0000 p95=0.0000 max=0.0000 cpu-ms
frame-profile: total frames=251 mean=13.5394 p50=13.3115 p95=15.3090 max=17.5081 cpu-ms
frame-count: level-objects frames=251 mean=82.000
frame-count: render-actors frames=251 mean=68.000
frame-count: draws frames=251 mean=67.000
frame-count: triangles frames=251 mean=3836.347
frame-count: actor-mailbox-writes frames=251 mean=154.375
frame-count: fish-deformations frames=251 mean=0.000
ball pos: (5.544, 0.058, 2.400)
ball pos: (5.544, 0.058, 2.400)
ball pos: (5.544, 0.058, 2.400)
ball pos: (5.544, 0.058, 2.400)
ball pos: (5.544, 0.058, 2.400)
ball pos: (5.544, 0.058, 2.400)
ball pos: (5.544, 0.058, 2.400)
ball pos: (5.544, 0.058, 2.400)
ball pos: (5.544, 0.058, 2.400)
frame-window: start-ns=99624139376253 end-ns=99629151104755
frame-profile: update frames=253 mean=7.1743 p50=6.9071 p95=8.7267 max=11.3402 cpu-ms
frame-profile: actors frames=253 mean=2.6060 p50=2.5482 p95=2.9042 max=4.6342 cpu-ms
frame-profile: director frames=253 mean=4.4911 p50=4.2122 p95=5.6605 max=8.3206 cpu-ms
frame-profile: render frames=253 mean=6.4893 p50=6.3224 p95=7.2432 max=10.5267 cpu-ms
frame-profile: school frames=253 mean=1.7599 p50=1.7119 p95=2.1773 max=3.2068 cpu-ms
frame-profile: pose frames=253 mean=2.0086 p50=1.7842 p95=2.5548 max=4.1425 cpu-ms
frame-profile: animation frames=253 mean=0.0000 p50=0.0000 p95=0.0000 max=0.0000 cpu-ms
frame-profile: total frames=253 mean=13.6636 p50=13.4249 p95=15.8964 max=17.8699 cpu-ms
frame-count: level-objects frames=253 mean=82.000
frame-count: render-actors frames=253 mean=68.000
frame-count: draws frames=253 mean=67.000
frame-count: triangles frames=253 mean=3828.676
frame-count: actor-mailbox-writes frames=253 mean=154.292
frame-count: fish-deformations frames=253 mean=0.000
ball pos: (5.544, 0.058, 2.400)
ball pos: (5.544, 0.058, 2.400)
ball pos: (5.544, 0.058, 2.400)
ball pos: (5.544, 0.058, 2.400)
ball pos: (5.544, 0.058, 2.400)
ball pos: (5.544, 0.058, 2.400)
