[  1%] Built target zforth
[  2%] Built target wf_property_core_build
[ 11%] Built target lua54
[ 48%] Built target Jolt
[ 48%] Building CXX object CMakeFiles/wfengine.dir/wfsource/source/pigsys/_atexit.cc.o
[ 48%] Building CXX object CMakeFiles/wfengine.dir/wfsource/source/pigsys/endian.cc.o
[ 48%] Building CXX object CMakeFiles/wfengine.dir/wfsource/source/pigsys/_cf_linux.cc.o
[ 49%] Building CXX object CMakeFiles/wfengine.dir/wfsource/source/pigsys/assert.cc.o
/home/will/WorldFoundry-wbniv/.worktrees/teleport-audit/wfsource/source/pigsys/assert.cc:25:130: note: ‘#pragma message: TODO: HAL should probably provide an interface to the debugger [very simple to start with--like is it there?]’
   25 | #pragma message( "TODO: HAL should probably provide an interface to the debugger [very simple to start with--like is it there?]" )
      |                                                                                                                                  ^
[ 49%] Building CXX object CMakeFiles/wfengine.dir/wfsource/source/pigsys/fatal.cc.o
[ 50%] Building CXX object CMakeFiles/wfengine.dir/wfsource/source/pigsys/new.cc.o
[ 50%] Building CXX object CMakeFiles/wfengine.dir/wfsource/source/pigsys/pigsys.cc.o
[ 50%] Building CXX object CMakeFiles/wfengine.dir/wfsource/source/pigsys/stack.cc.o
[ 50%] Building CXX object CMakeFiles/wfengine.dir/wfsource/source/streams/binstrm.cc.o
[ 51%] Building CXX object CMakeFiles/wfengine.dir/wfsource/source/cpplib/range.cc.o
[ 51%] Building CXX object CMakeFiles/wfengine.dir/wfsource/source/math/angle.cc.o
[ 51%] Building CXX object CMakeFiles/wfengine.dir/wfsource/source/math/euler.cc.o
[ 52%] Building CXX object CMakeFiles/wfengine.dir/wfsource/source/math/matrix34.cc.o
/home/will/WorldFoundry-wbniv/.worktrees/teleport-audit/wfsource/source/streams/binstrm.cc: In member function ‘const binistream& binistream::operator=(const binistream&)’:
/home/will/WorldFoundry-wbniv/.worktrees/teleport-audit/wfsource/source/streams/binstrm.cc:277:38: note: ‘#pragma message: KTS: do this right’
  277 | #pragma message ("KTS: do this right")
      |                                      ^
[ 52%] Building CXX object CMakeFiles/wfengine.dir/wfsource/source/math/plane.cc.o
[ 52%] Building CXX object CMakeFiles/wfengine.dir/wfsource/source/math/scalar.cc.o
[ 52%] Building CXX object CMakeFiles/wfengine.dir/wfsource/source/math/vector2.cc.o
[ 53%] Building CXX object CMakeFiles/wfengine.dir/wfsource/source/math/vector3.cc.o
/home/will/WorldFoundry-wbniv/.worktrees/teleport-audit/wfsource/source/math/scalar.cc:55:69: note: ‘#pragma message: /home/will/WorldFoundry-wbniv/.worktrees/teleport-audit/wfsource/source/math/scalar.cc: better Scalar min and max definitions’
   55 | #pragma message( __FILE__ ": better Scalar min and max definitions" )
      |                                                                     ^
[ 53%] Building CXX object CMakeFiles/wfengine.dir/wfsource/source/memory/dmalloc.cc.o
[ 53%] Building CXX object CMakeFiles/wfengine.dir/wfsource/source/memory/lmalloc.cc.o
[ 53%] Building CXX object CMakeFiles/wfengine.dir/wfsource/source/memory/memory.cc.o
/home/will/WorldFoundry-wbniv/.worktrees/teleport-audit/wfsource/source/memory/dmalloc.cc: In member function ‘virtual void* DMalloc::Allocate(size_t)’:
/home/will/WorldFoundry-wbniv/.worktrees/teleport-audit/wfsource/source/memory/dmalloc.cc:187:98: note: ‘#pragma message: KTS /home/will/WorldFoundry-wbniv/.worktrees/teleport-audit/wfsource/source/memory/dmalloc.cc: consider doing this in 2 loops, checking for exact fit first’
  187 | #pragma message ("KTS " __FILE__ ": consider doing this in 2 loops, checking for exact fit first")
      |                                                                                                  ^
/home/will/WorldFoundry-wbniv/.worktrees/teleport-audit/wfsource/source/memory/dmalloc.cc: In member function ‘virtual void DMalloc::Free(const void*)’:
/home/will/WorldFoundry-wbniv/.worktrees/teleport-audit/wfsource/source/memory/dmalloc.cc:307:77: note: ‘#pragma message: /home/will/WorldFoundry-wbniv/.worktrees/teleport-audit/wfsource/source/memory/dmalloc.cc: this code always causes crash in release mode’
  307 | #pragma message( __FILE__ ": this code always causes crash in release mode" )
      |                                                                             ^
[ 54%] Building CXX object CMakeFiles/wfengine.dir/wfsource/source/memory/mempool.cc.o
[ 54%] Building CXX object CMakeFiles/wfengine.dir/wfsource/source/memory/pooltest.cc.o
/home/will/WorldFoundry-wbniv/.worktrees/teleport-audit/wfsource/source/memory/lmalloc.cc: In destructor ‘virtual LMalloc::~LMalloc()’:
/home/will/WorldFoundry-wbniv/.worktrees/teleport-audit/wfsource/source/memory/lmalloc.cc:204:69: note: ‘#pragma message: spew `DEL' tracking messages for all allocations’
  204 | #pragma message( "spew `DEL' tracking messages for all allocations" )
      |                                                                     ^
[ 54%] Building CXX object CMakeFiles/wfengine.dir/wfsource/source/memory/realmalloc.cc.o
[ 55%] Building CXX object CMakeFiles/wfengine.dir/wfsource/source/iff/disktoc.cc.o
[ 55%] Building CXX object CMakeFiles/wfengine.dir/wfsource/source/iff/iffread.cc.o
[ 55%] Building CXX object CMakeFiles/wfengine.dir/wfsource/source/mailbox/mailbox.cc.o
/home/will/WorldFoundry-wbniv/.worktrees/teleport-audit/wfsource/source/memory/realmalloc.cc: In destructor ‘virtual RealMalloc::~RealMalloc()’:
/home/will/WorldFoundry-wbniv/.worktrees/teleport-audit/wfsource/source/memory/realmalloc.cc:99:69: note: ‘#pragma message: spew `DEL' tracking messages for all allocations’
   99 | #pragma message( "spew `DEL' tracking messages for all allocations" )
      |                                                                     ^
/home/will/WorldFoundry-wbniv/.worktrees/teleport-audit/wfsource/source/iff/disktoc.cc: In member function ‘void DiskTOC::LoadTOC(_DiskFile&, int32)’:
/home/will/WorldFoundry-wbniv/.worktrees/teleport-audit/wfsource/source/iff/disktoc.cc:108:83: note: ‘#pragma message: KTS /home/will/WorldFoundry-wbniv/.worktrees/teleport-audit/wfsource/source/iff/disktoc.cc: make this use a Memory& for the current level’
  108 | #pragma message ("KTS " __FILE__ ": make this use a Memory& for the current level")
      |                                                                                   ^
[ 55%] Building CXX object CMakeFiles/wfengine.dir/wfsource/source/hal/_list.cc.o
[ 56%] Building CXX object CMakeFiles/wfengine.dir/wfsource/source/hal/asset_accessor.cc.o
/home/will/WorldFoundry-wbniv/.worktrees/teleport-audit/wfsource/source/iff/iffread.cc: In member function ‘void IFFChunkIter::ReadBytes(void*, int)’:
/home/will/WorldFoundry-wbniv/.worktrees/teleport-audit/wfsource/source/iff/iffread.cc:112:70: note: ‘#pragma message: KTS /home/will/WorldFoundry-wbniv/.worktrees/teleport-audit/wfsource/source/iff/iffread.cc: call lower level multi-byte read’
  112 | #pragma message ("KTS " __FILE__ ": call lower level multi-byte read")
      |                                                                      ^
/home/will/WorldFoundry-wbniv/.worktrees/teleport-audit/wfsource/source/iff/iffread.cc: In member function ‘void IFFChunkIter::SkipBytes(int)’:
/home/will/WorldFoundry-wbniv/.worktrees/teleport-audit/wfsource/source/iff/iffread.cc:142:70: note: ‘#pragma message: KTS /home/will/WorldFoundry-wbniv/.worktrees/teleport-audit/wfsource/source/iff/iffread.cc: call lower level multi-byte read’
  142 | #pragma message ("KTS " __FILE__ ": call lower level multi-byte read")
      |                                                                      ^
[ 56%] Building CXX object CMakeFiles/wfengine.dir/wfsource/source/hal/dfhd.cc.o
[ 56%] Building CXX object CMakeFiles/wfengine.dir/wfsource/source/hal/diskfile.cc.o
[ 57%] Building CXX object CMakeFiles/wfengine.dir/wfsource/source/hal/general.cc.o
[ 57%] Building CXX object CMakeFiles/wfengine.dir/wfsource/source/hal/hal.cc.o
[ 57%] Building CXX object CMakeFiles/wfengine.dir/wfsource/source/hal/mempool.cc.o
[ 57%] Building CXX object CMakeFiles/wfengine.dir/wfsource/source/hal/message.cc.o
[ 58%] Building CXX object CMakeFiles/wfengine.dir/wfsource/source/hal/salloc.cc.o
[ 58%] Building CXX object CMakeFiles/wfengine.dir/wfsource/source/hal/sjoystic.cc.o
[ 58%] Building CXX object CMakeFiles/wfengine.dir/wfsource/source/hal/time.cc.o
/home/will/WorldFoundry-wbniv/.worktrees/teleport-audit/wfsource/source/hal/salloc.cc: In destructor ‘SAlloc::~SAlloc()’:
/home/will/WorldFoundry-wbniv/.worktrees/teleport-audit/wfsource/source/hal/salloc.cc:53:56: note: ‘#pragma message: kts: who should free SAllocs memory?’
   53 | #pragma message ("kts: who should free SAllocs memory?")
      |                                                        ^
[ 58%] Building CXX object CMakeFiles/wfengine.dir/wfsource/source/hal/linux/asset_accessor_posix.cc.o
[ 60%] Building CXX object CMakeFiles/wfengine.dir/wfsource/source/hal/linux/audio.cc.o
[ 60%] Building CXX object CMakeFiles/wfengine.dir/wfsource/source/hal/linux/input.cc.o
[ 60%] Building CXX object CMakeFiles/wfengine.dir/wfsource/source/hal/linux/lifecycle.cc.o
[ 61%] Building CXX object CMakeFiles/wfengine.dir/wfsource/source/hal/linux/platform_init.cc.o
[ 61%] Building CXX object CMakeFiles/wfengine.dir/wfsource/source/hal/linux/steam.cc.o
[ 61%] Building CXX object CMakeFiles/wfengine.dir/wfsource/source/gfx/callbacks.cc.o
[ 61%] Building CXX object CMakeFiles/wfengine.dir/wfsource/source/gfx/camera.cc.o
[ 62%] Building CXX object CMakeFiles/wfengine.dir/wfsource/source/gfx/ccyc.cc.o
[ 62%] Building CXX object CMakeFiles/wfengine.dir/wfsource/source/gfx/ccycle.cc.o
[ 62%] Building CXX object CMakeFiles/wfengine.dir/wfsource/source/gfx/color.cc.o
In file included from /home/will/WorldFoundry-wbniv/.worktrees/teleport-audit/wfsource/source/gfx/viewport.hp:103,
                 from /home/will/WorldFoundry-wbniv/.worktrees/teleport-audit/wfsource/source/gfx/camera.hp:35,
                 from /home/will/WorldFoundry-wbniv/.worktrees/teleport-audit/wfsource/source/gfx/camera.cc:27:
/home/will/WorldFoundry-wbniv/.worktrees/teleport-audit/wfsource/source/gfx/viewport.hpi: In member function ‘void ViewPort::Render()’:
/home/will/WorldFoundry-wbniv/.worktrees/teleport-audit/wfsource/source/gfx/viewport.hpi:114:67: note: ‘#pragma message: KTS /home/will/WorldFoundry-wbniv/.worktrees/teleport-audit/wfsource/source/gfx/viewport.hpi: write viewport gl render code’
  114 | #pragma message ("KTS " __FILE__ ": write viewport gl render code")
      |                                                                   ^
In file included from /home/will/WorldFoundry-wbniv/.worktrees/teleport-audit/wfsource/source/gfx/face.hp:67,
                 from /home/will/WorldFoundry-wbniv/.worktrees/teleport-audit/wfsource/source/gfx/rendobj3.hp:39,
                 from /home/will/WorldFoundry-wbniv/.worktrees/teleport-audit/wfsource/source/gfx/camera.hp:36:
/home/will/WorldFoundry-wbniv/.worktrees/teleport-audit/wfsource/source/gfx/face.hpi: At global scope:
/home/will/WorldFoundry-wbniv/.worktrees/teleport-audit/wfsource/source/gfx/face.hpi:26:71: note: ‘#pragma message: KTS /home/will/WorldFoundry-wbniv/.worktrees/teleport-audit/wfsource/source/gfx/face.hpi: move this into the math directory’
   26 | #pragma message ("KTS " __FILE__ ": move this into the math directory")
      |                                                                       ^
In file included from /home/will/WorldFoundry-wbniv/.worktrees/teleport-audit/wfsource/source/gfx/rendobj3.hp:44:
/home/will/WorldFoundry-wbniv/.worktrees/teleport-audit/wfsource/source/gfx/handle.hp:12:73: note: ‘#pragma message: WBN: merge various ID/FOURCC classes into single one’
   12 | #pragma message( "WBN: merge various ID/FOURCC classes into single one" )
      |                                                                         ^
In file included from /home/will/WorldFoundry-wbniv/.worktrees/teleport-audit/wfsource/source/gfx/rendobj3.hp:45:
/home/will/WorldFoundry-wbniv/.worktrees/teleport-audit/wfsource/source/gfx/material.hp:194:135: note: ‘#pragma message: /home/will/WorldFoundry-wbniv/.worktrees/teleport-audit/wfsource/source/gfx/material.hp KTS: MAX_RENDERERS hard coded to 8 to prevent cyclic dependencies, consider moving renderers into Material’
  194 | #pragma message(__FILE__ " KTS: MAX_RENDERERS hard coded to 8 to prevent cyclic dependencies, consider moving renderers into Material")
      |                                                                                                                                       ^
[ 63%] Building CXX object CMakeFiles/wfengine.dir/wfsource/source/gfx/display.cc.o
[ 63%] Building CXX object CMakeFiles/wfengine.dir/wfsource/source/gfx/handle.cc.o
[ 63%] Building CXX object CMakeFiles/wfengine.dir/wfsource/source/gfx/material.cc.o
[ 63%] Building CXX object CMakeFiles/wfengine.dir/wfsource/source/gfx/pixelmap.cc.o
In file included from /home/will/WorldFoundry-wbniv/.worktrees/teleport-audit/wfsource/source/gfx/handle.cc:3:
/home/will/WorldFoundry-wbniv/.worktrees/teleport-audit/wfsource/source/gfx/handle.hp:12:73: note: ‘#pragma message: WBN: merge various ID/FOURCC classes into single one’
   12 | #pragma message( "WBN: merge various ID/FOURCC classes into single one" )
      |                                                                         ^
[ 64%] Building CXX object CMakeFiles/wfengine.dir/wfsource/source/gfx/rendmatt.cc.o
In file included from /home/will/WorldFoundry-wbniv/.worktrees/teleport-audit/wfsource/source/gfx/material.cc:27:
/home/will/WorldFoundry-wbniv/.worktrees/teleport-audit/wfsource/source/gfx/material.hp:194:135: note: ‘#pragma message: /home/will/WorldFoundry-wbniv/.worktrees/teleport-audit/wfsource/source/gfx/material.hp KTS: MAX_RENDERERS hard coded to 8 to prevent cyclic dependencies, consider moving renderers into Material’
  194 | #pragma message(__FILE__ " KTS: MAX_RENDERERS hard coded to 8 to prevent cyclic dependencies, consider moving renderers into Material")
      |                                                                                                                                       ^
In file included from /home/will/WorldFoundry-wbniv/.worktrees/teleport-audit/wfsource/source/gfx/face.hp:67,
                 from /home/will/WorldFoundry-wbniv/.worktrees/teleport-audit/wfsource/source/gfx/rendobj3.hp:39,
                 from /home/will/WorldFoundry-wbniv/.worktrees/teleport-audit/wfsource/source/gfx/material.hpi:26,
                 from /home/will/WorldFoundry-wbniv/.worktrees/teleport-audit/wfsource/source/gfx/material.hp:201:
/home/will/WorldFoundry-wbniv/.worktrees/teleport-audit/wfsource/source/gfx/face.hpi:26:71: note: ‘#pragma message: KTS /home/will/WorldFoundry-wbniv/.worktrees/teleport-audit/wfsource/source/gfx/face.hpi: move this into the math directory’
   26 | #pragma message ("KTS " __FILE__ ": move this into the math directory")
      |                                                                       ^
In file included from /home/will/WorldFoundry-wbniv/.worktrees/teleport-audit/wfsource/source/gfx/viewport.hp:103,
                 from /home/will/WorldFoundry-wbniv/.worktrees/teleport-audit/wfsource/source/gfx/rendobj3.hp:41:
/home/will/WorldFoundry-wbniv/.worktrees/teleport-audit/wfsource/source/gfx/viewport.hpi: In member function ‘void ViewPort::Render()’:
/home/will/WorldFoundry-wbniv/.worktrees/teleport-audit/wfsource/source/gfx/viewport.hpi:114:67: note: ‘#pragma message: KTS /home/will/WorldFoundry-wbniv/.worktrees/teleport-audit/wfsource/source/gfx/viewport.hpi: write viewport gl render code’
  114 | #pragma message ("KTS " __FILE__ ": write viewport gl render code")
      |                                                                   ^
In file included from /home/will/WorldFoundry-wbniv/.worktrees/teleport-audit/wfsource/source/gfx/rendobj3.hp:44:
/home/will/WorldFoundry-wbniv/.worktrees/teleport-audit/wfsource/source/gfx/handle.hp: At global scope:
/home/will/WorldFoundry-wbniv/.worktrees/teleport-audit/wfsource/source/gfx/handle.hp:12:73: note: ‘#pragma message: WBN: merge various ID/FOURCC classes into single one’
   12 | #pragma message( "WBN: merge various ID/FOURCC classes into single one" )
      |                                                                         ^
/home/will/WorldFoundry-wbniv/.worktrees/teleport-audit/wfsource/source/gfx/material.cc: In member function ‘void Material::InitPrimitive(Primitive&, const Vertex3D&, const Vertex3D&, const Vertex3D&) const’:
/home/will/WorldFoundry-wbniv/.worktrees/teleport-audit/wfsource/source/gfx/material.cc:310:85: note: ‘#pragma message: KTS: handle 4 & 8 bit textures as soon as I get data from textile’
  310 | #pragma message ("KTS: handle 4 & 8 bit textures as soon as I get data from textile")
      |                                                                                     ^
In file included from /home/will/WorldFoundry-wbniv/.worktrees/teleport-audit/wfsource/source/gfx/face.hp:67,
                 from /home/will/WorldFoundry-wbniv/.worktrees/teleport-audit/wfsource/source/gfx/rendobj3.hp:39,
                 from /home/will/WorldFoundry-wbniv/.worktrees/teleport-audit/wfsource/source/gfx/gl/display.cc:45,
                 from /home/will/WorldFoundry-wbniv/.worktrees/teleport-audit/wfsource/source/gfx/display.cc:45:
/home/will/WorldFoundry-wbniv/.worktrees/teleport-audit/wfsource/source/gfx/face.hpi:26:71: note: ‘#pragma message: KTS /home/will/WorldFoundry-wbniv/.worktrees/teleport-audit/wfsource/source/gfx/face.hpi: move this into the math directory’
   26 | #pragma message ("KTS " __FILE__ ": move this into the math directory")
      |                                                                       ^
In file included from /home/will/WorldFoundry-wbniv/.worktrees/teleport-audit/wfsource/source/gfx/viewport.hp:103,
                 from /home/will/WorldFoundry-wbniv/.worktrees/teleport-audit/wfsource/source/gfx/rendobj3.hp:41:
/home/will/WorldFoundry-wbniv/.worktrees/teleport-audit/wfsource/source/gfx/viewport.hpi: In member function ‘void ViewPort::Render()’:
/home/will/WorldFoundry-wbniv/.worktrees/teleport-audit/wfsource/source/gfx/viewport.hpi:114:67: note: ‘#pragma message: KTS /home/will/WorldFoundry-wbniv/.worktrees/teleport-audit/wfsource/source/gfx/viewport.hpi: write viewport gl render code’
  114 | #pragma message ("KTS " __FILE__ ": write viewport gl render code")
      |                                                                   ^
In file included from /home/will/WorldFoundry-wbniv/.worktrees/teleport-audit/wfsource/source/gfx/rendobj3.hp:44:
/home/will/WorldFoundry-wbniv/.worktrees/teleport-audit/wfsource/source/gfx/handle.hp: At global scope:
/home/will/WorldFoundry-wbniv/.worktrees/teleport-audit/wfsource/source/gfx/handle.hp:12:73: note: ‘#pragma message: WBN: merge various ID/FOURCC classes into single one’
   12 | #pragma message( "WBN: merge various ID/FOURCC classes into single one" )
      |                                                                         ^
In file included from /home/will/WorldFoundry-wbniv/.worktrees/teleport-audit/wfsource/source/gfx/rendobj3.hp:45:
/home/will/WorldFoundry-wbniv/.worktrees/teleport-audit/wfsource/source/gfx/material.hp:194:135: note: ‘#pragma message: /home/will/WorldFoundry-wbniv/.worktrees/teleport-audit/wfsource/source/gfx/material.hp KTS: MAX_RENDERERS hard coded to 8 to prevent cyclic dependencies, consider moving renderers into Material’
  194 | #pragma message(__FILE__ " KTS: MAX_RENDERERS hard coded to 8 to prevent cyclic dependencies, consider moving renderers into Material")
      |                                                                                                                                       ^
[ 64%] Building CXX object CMakeFiles/wfengine.dir/wfsource/source/gfx/rendobj2.cc.o
[ 64%] Building CXX object CMakeFiles/wfengine.dir/wfsource/source/gfx/rendobj3.cc.o
In file included from /home/will/WorldFoundry-wbniv/.worktrees/teleport-audit/wfsource/source/gfx/rendmatt.hp:32,
                 from /home/will/WorldFoundry-wbniv/.worktrees/teleport-audit/wfsource/source/gfx/rendmatt.cc:27:
/home/will/WorldFoundry-wbniv/.worktrees/teleport-audit/wfsource/source/gfx/material.hp:194:135: note: ‘#pragma message: /home/will/WorldFoundry-wbniv/.worktrees/teleport-audit/wfsource/source/gfx/material.hp KTS: MAX_RENDERERS hard coded to 8 to prevent cyclic dependencies, consider moving renderers into Material’
  194 | #pragma message(__FILE__ " KTS: MAX_RENDERERS hard coded to 8 to prevent cyclic dependencies, consider moving renderers into Material")
      |                                                                                                                                       ^
In file included from /home/will/WorldFoundry-wbniv/.worktrees/teleport-audit/wfsource/source/gfx/face.hp:67,
                 from /home/will/WorldFoundry-wbniv/.worktrees/teleport-audit/wfsource/source/gfx/rendobj3.hp:39,
                 from /home/will/WorldFoundry-wbniv/.worktrees/teleport-audit/wfsource/source/gfx/material.hpi:26,
                 from /home/will/WorldFoundry-wbniv/.worktrees/teleport-audit/wfsource/source/gfx/material.hp:201:
/home/will/WorldFoundry-wbniv/.worktrees/teleport-audit/wfsource/source/gfx/face.hpi:26:71: note: ‘#pragma message: KTS /home/will/WorldFoundry-wbniv/.worktrees/teleport-audit/wfsource/source/gfx/face.hpi: move this into the math directory’
   26 | #pragma message ("KTS " __FILE__ ": move this into the math directory")
      |                                                                       ^
In file included from /home/will/WorldFoundry-wbniv/.worktrees/teleport-audit/wfsource/source/gfx/viewport.hp:103,
                 from /home/will/WorldFoundry-wbniv/.worktrees/teleport-audit/wfsource/source/gfx/rendobj3.hp:41:
/home/will/WorldFoundry-wbniv/.worktrees/teleport-audit/wfsource/source/gfx/viewport.hpi: In member function ‘void ViewPort::Render()’:
/home/will/WorldFoundry-wbniv/.worktrees/teleport-audit/wfsource/source/gfx/viewport.hpi:114:67: note: ‘#pragma message: KTS /home/will/WorldFoundry-wbniv/.worktrees/teleport-audit/wfsource/source/gfx/viewport.hpi: write viewport gl render code’
  114 | #pragma message ("KTS " __FILE__ ": write viewport gl render code")
      |                                                                   ^
In file included from /home/will/WorldFoundry-wbniv/.worktrees/teleport-audit/wfsource/source/gfx/rendobj3.hp:44:
/home/will/WorldFoundry-wbniv/.worktrees/teleport-audit/wfsource/source/gfx/handle.hp: At global scope:
/home/will/WorldFoundry-wbniv/.worktrees/teleport-audit/wfsource/source/gfx/handle.hp:12:73: note: ‘#pragma message: WBN: merge various ID/FOURCC classes into single one’
   12 | #pragma message( "WBN: merge various ID/FOURCC classes into single one" )
      |                                                                         ^
/home/will/WorldFoundry-wbniv/.worktrees/teleport-audit/wfsource/source/gfx/rendmatt.cc:33:57: note: ‘#pragma message: move to correct place when completed’
   33 | #pragma message( "move to correct place when completed" )
      |                                                         ^
[ 64%] Building CXX object CMakeFiles/wfengine.dir/wfsource/source/gfx/rmuv.cc.o
In file included from /home/will/WorldFoundry-wbniv/.worktrees/teleport-audit/wfsource/source/gfx/face.hp:67,
                 from /home/will/WorldFoundry-wbniv/.worktrees/teleport-audit/wfsource/source/gfx/rendobj2.hp:36,
                 from /home/will/WorldFoundry-wbniv/.worktrees/teleport-audit/wfsource/source/gfx/rendobj2.cc:28:
/home/will/WorldFoundry-wbniv/.worktrees/teleport-audit/wfsource/source/gfx/face.hpi:26:71: note: ‘#pragma message: KTS /home/will/WorldFoundry-wbniv/.worktrees/teleport-audit/wfsource/source/gfx/face.hpi: move this into the math directory’
   26 | #pragma message ("KTS " __FILE__ ": move this into the math directory")
      |                                                                       ^
[ 65%] Building CXX object CMakeFiles/wfengine.dir/wfsource/source/gfx/texture.cc.o
In file included from /home/will/WorldFoundry-wbniv/.worktrees/teleport-audit/wfsource/source/gfx/viewport.hp:103,
                 from /home/will/WorldFoundry-wbniv/.worktrees/teleport-audit/wfsource/source/gfx/rendobj2.hp:38:
/home/will/WorldFoundry-wbniv/.worktrees/teleport-audit/wfsource/source/gfx/viewport.hpi: In member function ‘void ViewPort::Render()’:
/home/will/WorldFoundry-wbniv/.worktrees/teleport-audit/wfsource/source/gfx/viewport.hpi:114:67: note: ‘#pragma message: KTS /home/will/WorldFoundry-wbniv/.worktrees/teleport-audit/wfsource/source/gfx/viewport.hpi: write viewport gl render code’
  114 | #pragma message ("KTS " __FILE__ ": write viewport gl render code")
      |                                                                   ^
In file included from /home/will/WorldFoundry-wbniv/.worktrees/teleport-audit/wfsource/source/gfx/rendobj2.cc:29:
/home/will/WorldFoundry-wbniv/.worktrees/teleport-audit/wfsource/source/gfx/material.hp: At global scope:
/home/will/WorldFoundry-wbniv/.worktrees/teleport-audit/wfsource/source/gfx/material.hp:194:135: note: ‘#pragma message: /home/will/WorldFoundry-wbniv/.worktrees/teleport-audit/wfsource/source/gfx/material.hp KTS: MAX_RENDERERS hard coded to 8 to prevent cyclic dependencies, consider moving renderers into Material’
  194 | #pragma message(__FILE__ " KTS: MAX_RENDERERS hard coded to 8 to prevent cyclic dependencies, consider moving renderers into Material")
      |                                                                                                                                       ^
In file included from /home/will/WorldFoundry-wbniv/.worktrees/teleport-audit/wfsource/source/gfx/rendobj3.hp:44,
                 from /home/will/WorldFoundry-wbniv/.worktrees/teleport-audit/wfsource/source/gfx/material.hpi:26,
                 from /home/will/WorldFoundry-wbniv/.worktrees/teleport-audit/wfsource/source/gfx/material.hp:201:
/home/will/WorldFoundry-wbniv/.worktrees/teleport-audit/wfsource/source/gfx/handle.hp:12:73: note: ‘#pragma message: WBN: merge various ID/FOURCC classes into single one’
   12 | #pragma message( "WBN: merge various ID/FOURCC classes into single one" )
      |                                                                         ^
In file included from /home/will/WorldFoundry-wbniv/.worktrees/teleport-audit/wfsource/source/gfx/face.hp:67,
                 from /home/will/WorldFoundry-wbniv/.worktrees/teleport-audit/wfsource/source/gfx/rendobj3.hp:39,
                 from /home/will/WorldFoundry-wbniv/.worktrees/teleport-audit/wfsource/source/gfx/rendobj3.cc:28:
/home/will/WorldFoundry-wbniv/.worktrees/teleport-audit/wfsource/source/gfx/face.hpi:26:71: note: ‘#pragma message: KTS /home/will/WorldFoundry-wbniv/.worktrees/teleport-audit/wfsource/source/gfx/face.hpi: move this into the math directory’
   26 | #pragma message ("KTS " __FILE__ ": move this into the math directory")
      |                                                                       ^
In file included from /home/will/WorldFoundry-wbniv/.worktrees/teleport-audit/wfsource/source/gfx/viewport.hp:103,
                 from /home/will/WorldFoundry-wbniv/.worktrees/teleport-audit/wfsource/source/gfx/rendobj3.hp:41:
/home/will/WorldFoundry-wbniv/.worktrees/teleport-audit/wfsource/source/gfx/viewport.hpi: In member function ‘void ViewPort::Render()’:
/home/will/WorldFoundry-wbniv/.worktrees/teleport-audit/wfsource/source/gfx/viewport.hpi:114:67: note: ‘#pragma message: KTS /home/will/WorldFoundry-wbniv/.worktrees/teleport-audit/wfsource/source/gfx/viewport.hpi: write viewport gl render code’
  114 | #pragma message ("KTS " __FILE__ ": write viewport gl render code")
      |                                                                   ^
In file included from /home/will/WorldFoundry-wbniv/.worktrees/teleport-audit/wfsource/source/gfx/rendobj3.hp:44:
/home/will/WorldFoundry-wbniv/.worktrees/teleport-audit/wfsource/source/gfx/handle.hp: At global scope:
/home/will/WorldFoundry-wbniv/.worktrees/teleport-audit/wfsource/source/gfx/handle.hp:12:73: note: ‘#pragma message: WBN: merge various ID/FOURCC classes into single one’
   12 | #pragma message( "WBN: merge various ID/FOURCC classes into single one" )
      |                                                                         ^
In file included from /home/will/WorldFoundry-wbniv/.worktrees/teleport-audit/wfsource/source/gfx/rendobj3.hp:45:
/home/will/WorldFoundry-wbniv/.worktrees/teleport-audit/wfsource/source/gfx/material.hp:194:135: note: ‘#pragma message: /home/will/WorldFoundry-wbniv/.worktrees/teleport-audit/wfsource/source/gfx/material.hp KTS: MAX_RENDERERS hard coded to 8 to prevent cyclic dependencies, consider moving renderers into Material’
  194 | #pragma message(__FILE__ " KTS: MAX_RENDERERS hard coded to 8 to prevent cyclic dependencies, consider moving renderers into Material")
      |                                                                                                                                       ^
/home/will/WorldFoundry-wbniv/.worktrees/teleport-audit/wfsource/source/gfx/rendobj3.cc: In constructor ‘RenderObject3D::RenderObject3D(Memory&, const RenderObject3D&)’:
/home/will/WorldFoundry-wbniv/.worktrees/teleport-audit/wfsource/source/gfx/rendobj3.cc:65:54: note: ‘#pragma message: /home/will/WorldFoundry-wbniv/.worktrees/teleport-audit/wfsource/source/gfx/rendobj3.cc: use reference counting’
   65 | #pragma message( __FILE__ ": use reference counting" )
      |                                                      ^
/home/will/WorldFoundry-wbniv/.worktrees/teleport-audit/wfsource/source/gfx/rendobj3.cc: In constructor ‘RenderObject3D::RenderObject3D(Memory&, binistream&, int32, const GfxCallbacks&)’:
/home/will/WorldFoundry-wbniv/.worktrees/teleport-audit/wfsource/source/gfx/rendobj3.cc:194:140: note: ‘#pragma message: KTS: figure out how to share common resources between multiple models (or at least more than instance of the same model)’
  194 | #pragma message ("KTS: figure out how to share common resources between multiple models (or at least more than instance of the same model)")
      |                                                                                                                                            ^
/home/will/WorldFoundry-wbniv/.worktrees/teleport-audit/wfsource/source/gfx/rendobj3.cc:205:78: note: ‘#pragma message: KTS: this causes two memory copies, is there a better way?’
  205 | #pragma message ("KTS: this causes two memory copies, is there a better way?")
      |                                                                              ^
/home/will/WorldFoundry-wbniv/.worktrees/teleport-audit/wfsource/source/gfx/rendobj3.cc:274:78: note: ‘#pragma message: KTS: this causes two memory copies, is there a better way?’
  274 | #pragma message ("KTS: this causes two memory copies, is there a better way?")
      |                                                                              ^
[ 65%] Building CXX object CMakeFiles/wfengine.dir/wfsource/source/gfx/viewport.cc.o
[ 65%] Building CXX object CMakeFiles/wfengine.dir/wfsource/source/gfx/vmem.cc.o
/home/will/WorldFoundry-wbniv/.worktrees/teleport-audit/wfsource/source/gfx/texture.cc: In function ‘void LoadTexture(binistream&, PixelMap&)’:
/home/will/WorldFoundry-wbniv/.worktrees/teleport-audit/wfsource/source/gfx/texture.cc:67:93: note: ‘#pragma message: KTS: add lots of tga validation here, for now assumes 16 bit uncompressed’
   67 | #pragma message ("KTS: add lots of tga validation here, for now assumes 16 bit uncompressed")
      |                                                                                             ^
[ 66%] Building CXX object CMakeFiles/wfengine.dir/wfsource/source/gfx/gl/host_gl_context.cc.o
[ 66%] Building CXX object CMakeFiles/wfengine.dir/wfsource/source/gfx/glpipeline/backend_factory.cc.o
[ 66%] Building CXX object CMakeFiles/wfengine.dir/wfsource/source/gfx/glpipeline/backend_modern.cc.o
In file included from /home/will/WorldFoundry-wbniv/.worktrees/teleport-audit/wfsource/source/gfx/viewport.hp:103,
                 from /home/will/WorldFoundry-wbniv/.worktrees/teleport-audit/wfsource/source/gfx/viewport.cc:27:
/home/will/WorldFoundry-wbniv/.worktrees/teleport-audit/wfsource/source/gfx/viewport.hpi: In member function ‘void ViewPort::Render()’:
/home/will/WorldFoundry-wbniv/.worktrees/teleport-audit/wfsource/source/gfx/viewport.hpi:114:67: note: ‘#pragma message: KTS /home/will/WorldFoundry-wbniv/.worktrees/teleport-audit/wfsource/source/gfx/viewport.hpi: write viewport gl render code’
  114 | #pragma message ("KTS " __FILE__ ": write viewport gl render code")
      |                                                                   ^
[ 66%] Building CXX object CMakeFiles/wfengine.dir/wfsource/source/gfx/glpipeline/rendfcl.cc.o
[ 67%] Building CXX object CMakeFiles/wfengine.dir/wfsource/source/gfx/glpipeline/rendfcp.cc.o
In file included from /home/will/WorldFoundry-wbniv/.worktrees/teleport-audit/wfsource/source/gfx/face.hp:67,
                 from /home/will/WorldFoundry-wbniv/.worktrees/teleport-audit/wfsource/source/gfx/rendobj3.hp:39,
                 from /home/will/WorldFoundry-wbniv/.worktrees/teleport-audit/wfsource/source/gfx/glpipeline/rendfcl.cc:14:
/home/will/WorldFoundry-wbniv/.worktrees/teleport-audit/wfsource/source/gfx/face.hpi:26:71: note: ‘#pragma message: KTS /home/will/WorldFoundry-wbniv/.worktrees/teleport-audit/wfsource/source/gfx/face.hpi: move this into the math directory’
   26 | #pragma message ("KTS " __FILE__ ": move this into the math directory")
      |                                                                       ^
In file included from /home/will/WorldFoundry-wbniv/.worktrees/teleport-audit/wfsource/source/gfx/viewport.hp:103,
                 from /home/will/WorldFoundry-wbniv/.worktrees/teleport-audit/wfsource/source/gfx/rendobj3.hp:41:
/home/will/WorldFoundry-wbniv/.worktrees/teleport-audit/wfsource/source/gfx/viewport.hpi: In member function ‘void ViewPort::Render()’:
/home/will/WorldFoundry-wbniv/.worktrees/teleport-audit/wfsource/source/gfx/viewport.hpi:114:67: note: ‘#pragma message: KTS /home/will/WorldFoundry-wbniv/.worktrees/teleport-audit/wfsource/source/gfx/viewport.hpi: write viewport gl render code’
  114 | #pragma message ("KTS " __FILE__ ": write viewport gl render code")
      |                                                                   ^
In file included from /home/will/WorldFoundry-wbniv/.worktrees/teleport-audit/wfsource/source/gfx/rendobj3.hp:44:
/home/will/WorldFoundry-wbniv/.worktrees/teleport-audit/wfsource/source/gfx/handle.hp: At global scope:
/home/will/WorldFoundry-wbniv/.worktrees/teleport-audit/wfsource/source/gfx/handle.hp:12:73: note: ‘#pragma message: WBN: merge various ID/FOURCC classes into single one’
   12 | #pragma message( "WBN: merge various ID/FOURCC classes into single one" )
      |                                                                         ^
In file included from /home/will/WorldFoundry-wbniv/.worktrees/teleport-audit/wfsource/source/gfx/rendobj3.hp:45:
/home/will/WorldFoundry-wbniv/.worktrees/teleport-audit/wfsource/source/gfx/material.hp:194:135: note: ‘#pragma message: /home/will/WorldFoundry-wbniv/.worktrees/teleport-audit/wfsource/source/gfx/material.hp KTS: MAX_RENDERERS hard coded to 8 to prevent cyclic dependencies, consider moving renderers into Material’
  194 | #pragma message(__FILE__ " KTS: MAX_RENDERERS hard coded to 8 to prevent cyclic dependencies, consider moving renderers into Material")
      |                                                                                                                                       ^
[ 67%] Building CXX object CMakeFiles/wfengine.dir/wfsource/source/gfx/glpipeline/rendftl.cc.o
[ 67%] Building CXX object CMakeFiles/wfengine.dir/wfsource/source/gfx/glpipeline/rendftp.cc.o
[ 68%] Building CXX object CMakeFiles/wfengine.dir/wfsource/source/gfx/glpipeline/rendgcl.cc.o
In file included from /home/will/WorldFoundry-wbniv/.worktrees/teleport-audit/wfsource/source/gfx/face.hp:67,
                 from /home/will/WorldFoundry-wbniv/.worktrees/teleport-audit/wfsource/source/gfx/rendobj3.hp:39,
                 from /home/will/WorldFoundry-wbniv/.worktrees/teleport-audit/wfsource/source/gfx/glpipeline/rendfcp.cc:14:
/home/will/WorldFoundry-wbniv/.worktrees/teleport-audit/wfsource/source/gfx/face.hpi:26:71: note: ‘#pragma message: KTS /home/will/WorldFoundry-wbniv/.worktrees/teleport-audit/wfsource/source/gfx/face.hpi: move this into the math directory’
   26 | #pragma message ("KTS " __FILE__ ": move this into the math directory")
      |                                                                       ^
In file included from /home/will/WorldFoundry-wbniv/.worktrees/teleport-audit/wfsource/source/gfx/viewport.hp:103,
                 from /home/will/WorldFoundry-wbniv/.worktrees/teleport-audit/wfsource/source/gfx/rendobj3.hp:41:
/home/will/WorldFoundry-wbniv/.worktrees/teleport-audit/wfsource/source/gfx/viewport.hpi: In member function ‘void ViewPort::Render()’:
/home/will/WorldFoundry-wbniv/.worktrees/teleport-audit/wfsource/source/gfx/viewport.hpi:114:67: note: ‘#pragma message: KTS /home/will/WorldFoundry-wbniv/.worktrees/teleport-audit/wfsource/source/gfx/viewport.hpi: write viewport gl render code’
  114 | #pragma message ("KTS " __FILE__ ": write viewport gl render code")
      |                                                                   ^
In file included from /home/will/WorldFoundry-wbniv/.worktrees/teleport-audit/wfsource/source/gfx/rendobj3.hp:44:
/home/will/WorldFoundry-wbniv/.worktrees/teleport-audit/wfsource/source/gfx/handle.hp: At global scope:
/home/will/WorldFoundry-wbniv/.worktrees/teleport-audit/wfsource/source/gfx/handle.hp:12:73: note: ‘#pragma message: WBN: merge various ID/FOURCC classes into single one’
   12 | #pragma message( "WBN: merge various ID/FOURCC classes into single one" )
      |                                                                         ^
In file included from /home/will/WorldFoundry-wbniv/.worktrees/teleport-audit/wfsource/source/gfx/rendobj3.hp:45:
/home/will/WorldFoundry-wbniv/.worktrees/teleport-audit/wfsource/source/gfx/material.hp:194:135: note: ‘#pragma message: /home/will/WorldFoundry-wbniv/.worktrees/teleport-audit/wfsource/source/gfx/material.hp KTS: MAX_RENDERERS hard coded to 8 to prevent cyclic dependencies, consider moving renderers into Material’
  194 | #pragma message(__FILE__ " KTS: MAX_RENDERERS hard coded to 8 to prevent cyclic dependencies, consider moving renderers into Material")
      |                                                                                                                                       ^
[ 68%] Building CXX object CMakeFiles/wfengine.dir/wfsource/source/gfx/glpipeline/rendgcp.cc.o
In file included from /home/will/WorldFoundry-wbniv/.worktrees/teleport-audit/wfsource/source/gfx/face.hp:67,
                 from /home/will/WorldFoundry-wbniv/.worktrees/teleport-audit/wfsource/source/gfx/rendobj3.hp:39,
                 from /home/will/WorldFoundry-wbniv/.worktrees/teleport-audit/wfsource/source/gfx/glpipeline/rendftl.cc:14:
/home/will/WorldFoundry-wbniv/.worktrees/teleport-audit/wfsource/source/gfx/face.hpi:26:71: note: ‘#pragma message: KTS /home/will/WorldFoundry-wbniv/.worktrees/teleport-audit/wfsource/source/gfx/face.hpi: move this into the math directory’
   26 | #pragma message ("KTS " __FILE__ ": move this into the math directory")
      |                                                                       ^
In file included from /home/will/WorldFoundry-wbniv/.worktrees/teleport-audit/wfsource/source/gfx/viewport.hp:103,
                 from /home/will/WorldFoundry-wbniv/.worktrees/teleport-audit/wfsource/source/gfx/rendobj3.hp:41:
/home/will/WorldFoundry-wbniv/.worktrees/teleport-audit/wfsource/source/gfx/viewport.hpi: In member function ‘void ViewPort::Render()’:
/home/will/WorldFoundry-wbniv/.worktrees/teleport-audit/wfsource/source/gfx/viewport.hpi:114:67: note: ‘#pragma message: KTS /home/will/WorldFoundry-wbniv/.worktrees/teleport-audit/wfsource/source/gfx/viewport.hpi: write viewport gl render code’
  114 | #pragma message ("KTS " __FILE__ ": write viewport gl render code")
      |                                                                   ^
In file included from /home/will/WorldFoundry-wbniv/.worktrees/teleport-audit/wfsource/source/gfx/rendobj3.hp:44:
/home/will/WorldFoundry-wbniv/.worktrees/teleport-audit/wfsource/source/gfx/handle.hp: At global scope:
/home/will/WorldFoundry-wbniv/.worktrees/teleport-audit/wfsource/source/gfx/handle.hp:12:73: note: ‘#pragma message: WBN: merge various ID/FOURCC classes into single one’
   12 | #pragma message( "WBN: merge various ID/FOURCC classes into single one" )
      |                                                                         ^
In file included from /home/will/WorldFoundry-wbniv/.worktrees/teleport-audit/wfsource/source/gfx/rendobj3.hp:45:
/home/will/WorldFoundry-wbniv/.worktrees/teleport-audit/wfsource/source/gfx/material.hp:194:135: note: ‘#pragma message: /home/will/WorldFoundry-wbniv/.worktrees/teleport-audit/wfsource/source/gfx/material.hp KTS: MAX_RENDERERS hard coded to 8 to prevent cyclic dependencies, consider moving renderers into Material’
  194 | #pragma message(__FILE__ " KTS: MAX_RENDERERS hard coded to 8 to prevent cyclic dependencies, consider moving renderers into Material")
      |                                                                                                                                       ^
[ 68%] Building CXX object CMakeFiles/wfengine.dir/wfsource/source/gfx/glpipeline/rendgtl.cc.o
In file included from /home/will/WorldFoundry-wbniv/.worktrees/teleport-audit/wfsource/source/gfx/face.hp:67,
                 from /home/will/WorldFoundry-wbniv/.worktrees/teleport-audit/wfsource/source/gfx/rendobj3.hp:39,
                 from /home/will/WorldFoundry-wbniv/.worktrees/teleport-audit/wfsource/source/gfx/glpipeline/rendftp.cc:14:
/home/will/WorldFoundry-wbniv/.worktrees/teleport-audit/wfsource/source/gfx/face.hpi:26:71: note: ‘#pragma message: KTS /home/will/WorldFoundry-wbniv/.worktrees/teleport-audit/wfsource/source/gfx/face.hpi: move this into the math directory’
   26 | #pragma message ("KTS " __FILE__ ": move this into the math directory")
      |                                                                       ^
In file included from /home/will/WorldFoundry-wbniv/.worktrees/teleport-audit/wfsource/source/gfx/face.hp:67,
                 from /home/will/WorldFoundry-wbniv/.worktrees/teleport-audit/wfsource/source/gfx/rendobj3.hp:39,
                 from /home/will/WorldFoundry-wbniv/.worktrees/teleport-audit/wfsource/source/gfx/glpipeline/rendgcl.cc:14:
/home/will/WorldFoundry-wbniv/.worktrees/teleport-audit/wfsource/source/gfx/face.hpi:26:71: note: ‘#pragma message: KTS /home/will/WorldFoundry-wbniv/.worktrees/teleport-audit/wfsource/source/gfx/face.hpi: move this into the math directory’
   26 | #pragma message ("KTS " __FILE__ ": move this into the math directory")
      |                                                                       ^
In file included from /home/will/WorldFoundry-wbniv/.worktrees/teleport-audit/wfsource/source/gfx/viewport.hp:103,
                 from /home/will/WorldFoundry-wbniv/.worktrees/teleport-audit/wfsource/source/gfx/rendobj3.hp:41:
/home/will/WorldFoundry-wbniv/.worktrees/teleport-audit/wfsource/source/gfx/viewport.hpi: In member function ‘void ViewPort::Render()’:
/home/will/WorldFoundry-wbniv/.worktrees/teleport-audit/wfsource/source/gfx/viewport.hpi:114:67: note: ‘#pragma message: KTS /home/will/WorldFoundry-wbniv/.worktrees/teleport-audit/wfsource/source/gfx/viewport.hpi: write viewport gl render code’
  114 | #pragma message ("KTS " __FILE__ ": write viewport gl render code")
      |                                                                   ^
In file included from /home/will/WorldFoundry-wbniv/.worktrees/teleport-audit/wfsource/source/gfx/rendobj3.hp:44:
/home/will/WorldFoundry-wbniv/.worktrees/teleport-audit/wfsource/source/gfx/handle.hp: At global scope:
/home/will/WorldFoundry-wbniv/.worktrees/teleport-audit/wfsource/source/gfx/handle.hp:12:73: note: ‘#pragma message: WBN: merge various ID/FOURCC classes into single one’
   12 | #pragma message( "WBN: merge various ID/FOURCC classes into single one" )
      |                                                                         ^
In file included from /home/will/WorldFoundry-wbniv/.worktrees/teleport-audit/wfsource/source/gfx/viewport.hp:103,
                 from /home/will/WorldFoundry-wbniv/.worktrees/teleport-audit/wfsource/source/gfx/rendobj3.hp:41:
/home/will/WorldFoundry-wbniv/.worktrees/teleport-audit/wfsource/source/gfx/viewport.hpi: In member function ‘void ViewPort::Render()’:
/home/will/WorldFoundry-wbniv/.worktrees/teleport-audit/wfsource/source/gfx/viewport.hpi:114:67: note: ‘#pragma message: KTS /home/will/WorldFoundry-wbniv/.worktrees/teleport-audit/wfsource/source/gfx/viewport.hpi: write viewport gl render code’
  114 | #pragma message ("KTS " __FILE__ ": write viewport gl render code")
      |                                                                   ^
In file included from /home/will/WorldFoundry-wbniv/.worktrees/teleport-audit/wfsource/source/gfx/rendobj3.hp:44:
/home/will/WorldFoundry-wbniv/.worktrees/teleport-audit/wfsource/source/gfx/handle.hp: At global scope:
/home/will/WorldFoundry-wbniv/.worktrees/teleport-audit/wfsource/source/gfx/handle.hp:12:73: note: ‘#pragma message: WBN: merge various ID/FOURCC classes into single one’
   12 | #pragma message( "WBN: merge various ID/FOURCC classes into single one" )
      |                                                                         ^
In file included from /home/will/WorldFoundry-wbniv/.worktrees/teleport-audit/wfsource/source/gfx/rendobj3.hp:45:
/home/will/WorldFoundry-wbniv/.worktrees/teleport-audit/wfsource/source/gfx/material.hp:194:135: note: ‘#pragma message: /home/will/WorldFoundry-wbniv/.worktrees/teleport-audit/wfsource/source/gfx/material.hp KTS: MAX_RENDERERS hard coded to 8 to prevent cyclic dependencies, consider moving renderers into Material’
  194 | #pragma message(__FILE__ " KTS: MAX_RENDERERS hard coded to 8 to prevent cyclic dependencies, consider moving renderers into Material")
      |                                                                                                                                       ^
In file included from /home/will/WorldFoundry-wbniv/.worktrees/teleport-audit/wfsource/source/gfx/rendobj3.hp:45:
/home/will/WorldFoundry-wbniv/.worktrees/teleport-audit/wfsource/source/gfx/material.hp:194:135: note: ‘#pragma message: /home/will/WorldFoundry-wbniv/.worktrees/teleport-audit/wfsource/source/gfx/material.hp KTS: MAX_RENDERERS hard coded to 8 to prevent cyclic dependencies, consider moving renderers into Material’
  194 | #pragma message(__FILE__ " KTS: MAX_RENDERERS hard coded to 8 to prevent cyclic dependencies, consider moving renderers into Material")
      |                                                                                                                                       ^
[ 68%] Building CXX object CMakeFiles/wfengine.dir/wfsource/source/gfx/glpipeline/rendgtp.cc.o
[ 69%] Building CXX object CMakeFiles/wfengine.dir/wfsource/source/input/inputdig.cc.o
In file included from /home/will/WorldFoundry-wbniv/.worktrees/teleport-audit/wfsource/source/gfx/face.hp:67,
                 from /home/will/WorldFoundry-wbniv/.worktrees/teleport-audit/wfsource/source/gfx/rendobj3.hp:39,
                 from /home/will/WorldFoundry-wbniv/.worktrees/teleport-audit/wfsource/source/gfx/glpipeline/rendgcp.cc:14:
/home/will/WorldFoundry-wbniv/.worktrees/teleport-audit/wfsource/source/gfx/face.hpi:26:71: note: ‘#pragma message: KTS /home/will/WorldFoundry-wbniv/.worktrees/teleport-audit/wfsource/source/gfx/face.hpi: move this into the math directory’
   26 | #pragma message ("KTS " __FILE__ ": move this into the math directory")
      |                                                                       ^
In file included from /home/will/WorldFoundry-wbniv/.worktrees/teleport-audit/wfsource/source/gfx/viewport.hp:103,
                 from /home/will/WorldFoundry-wbniv/.worktrees/teleport-audit/wfsource/source/gfx/rendobj3.hp:41:
/home/will/WorldFoundry-wbniv/.worktrees/teleport-audit/wfsource/source/gfx/viewport.hpi: In member function ‘void ViewPort::Render()’:
/home/will/WorldFoundry-wbniv/.worktrees/teleport-audit/wfsource/source/gfx/viewport.hpi:114:67: note: ‘#pragma message: KTS /home/will/WorldFoundry-wbniv/.worktrees/teleport-audit/wfsource/source/gfx/viewport.hpi: write viewport gl render code’
  114 | #pragma message ("KTS " __FILE__ ": write viewport gl render code")
      |                                                                   ^
In file included from /home/will/WorldFoundry-wbniv/.worktrees/teleport-audit/wfsource/source/gfx/rendobj3.hp:44:
/home/will/WorldFoundry-wbniv/.worktrees/teleport-audit/wfsource/source/gfx/handle.hp: At global scope:
/home/will/WorldFoundry-wbniv/.worktrees/teleport-audit/wfsource/source/gfx/handle.hp:12:73: note: ‘#pragma message: WBN: merge various ID/FOURCC classes into single one’
   12 | #pragma message( "WBN: merge various ID/FOURCC classes into single one" )
      |                                                                         ^
In file included from /home/will/WorldFoundry-wbniv/.worktrees/teleport-audit/wfsource/source/gfx/rendobj3.hp:45:
/home/will/WorldFoundry-wbniv/.worktrees/teleport-audit/wfsource/source/gfx/material.hp:194:135: note: ‘#pragma message: /home/will/WorldFoundry-wbniv/.worktrees/teleport-audit/wfsource/source/gfx/material.hp KTS: MAX_RENDERERS hard coded to 8 to prevent cyclic dependencies, consider moving renderers into Material’
  194 | #pragma message(__FILE__ " KTS: MAX_RENDERERS hard coded to 8 to prevent cyclic dependencies, consider moving renderers into Material")
      |                                                                                                                                       ^
[ 69%] Building CXX object CMakeFiles/wfengine.dir/wfsource/source/asset/assets.cc.o
In file included from /home/will/WorldFoundry-wbniv/.worktrees/teleport-audit/wfsource/source/gfx/face.hp:67,
                 from /home/will/WorldFoundry-wbniv/.worktrees/teleport-audit/wfsource/source/gfx/rendobj3.hp:39,
                 from /home/will/WorldFoundry-wbniv/.worktrees/teleport-audit/wfsource/source/gfx/glpipeline/rendgtl.cc:14:
/home/will/WorldFoundry-wbniv/.worktrees/teleport-audit/wfsource/source/gfx/face.hpi:26:71: note: ‘#pragma message: KTS /home/will/WorldFoundry-wbniv/.worktrees/teleport-audit/wfsource/source/gfx/face.hpi: move this into the math directory’
   26 | #pragma message ("KTS " __FILE__ ": move this into the math directory")
      |                                                                       ^
In file included from /home/will/WorldFoundry-wbniv/.worktrees/teleport-audit/wfsource/source/gfx/viewport.hp:103,
                 from /home/will/WorldFoundry-wbniv/.worktrees/teleport-audit/wfsource/source/gfx/rendobj3.hp:41:
/home/will/WorldFoundry-wbniv/.worktrees/teleport-audit/wfsource/source/gfx/viewport.hpi: In member function ‘void ViewPort::Render()’:
/home/will/WorldFoundry-wbniv/.worktrees/teleport-audit/wfsource/source/gfx/viewport.hpi:114:67: note: ‘#pragma message: KTS /home/will/WorldFoundry-wbniv/.worktrees/teleport-audit/wfsource/source/gfx/viewport.hpi: write viewport gl render code’
  114 | #pragma message ("KTS " __FILE__ ": write viewport gl render code")
      |                                                                   ^
In file included from /home/will/WorldFoundry-wbniv/.worktrees/teleport-audit/wfsource/source/gfx/rendobj3.hp:44:
/home/will/WorldFoundry-wbniv/.worktrees/teleport-audit/wfsource/source/gfx/handle.hp: At global scope:
/home/will/WorldFoundry-wbniv/.worktrees/teleport-audit/wfsource/source/gfx/handle.hp:12:73: note: ‘#pragma message: WBN: merge various ID/FOURCC classes into single one’
   12 | #pragma message( "WBN: merge various ID/FOURCC classes into single one" )
      |                                                                         ^
In file included from /home/will/WorldFoundry-wbniv/.worktrees/teleport-audit/wfsource/source/gfx/rendobj3.hp:45:
/home/will/WorldFoundry-wbniv/.worktrees/teleport-audit/wfsource/source/gfx/material.hp:194:135: note: ‘#pragma message: /home/will/WorldFoundry-wbniv/.worktrees/teleport-audit/wfsource/source/gfx/material.hp KTS: MAX_RENDERERS hard coded to 8 to prevent cyclic dependencies, consider moving renderers into Material’
  194 | #pragma message(__FILE__ " KTS: MAX_RENDERERS hard coded to 8 to prevent cyclic dependencies, consider moving renderers into Material")
      |                                                                                                                                       ^
[ 69%] Building CXX object CMakeFiles/wfengine.dir/wfsource/source/asset/assslot.cc.o
[ 69%] Building CXX object CMakeFiles/wfengine.dir/wfsource/source/baseobject/baseobject.cc.o
In file included from /home/will/WorldFoundry-wbniv/.worktrees/teleport-audit/wfsource/source/gfx/face.hp:67,
                 from /home/will/WorldFoundry-wbniv/.worktrees/teleport-audit/wfsource/source/gfx/rendobj3.hp:39,
                 from /home/will/WorldFoundry-wbniv/.worktrees/teleport-audit/wfsource/source/gfx/glpipeline/rendgtp.cc:28:
/home/will/WorldFoundry-wbniv/.worktrees/teleport-audit/wfsource/source/gfx/face.hpi:26:71: note: ‘#pragma message: KTS /home/will/WorldFoundry-wbniv/.worktrees/teleport-audit/wfsource/source/gfx/face.hpi: move this into the math directory’
   26 | #pragma message ("KTS " __FILE__ ": move this into the math directory")
      |                                                                       ^
In file included from /home/will/WorldFoundry-wbniv/.worktrees/teleport-audit/wfsource/source/gfx/viewport.hp:103,
                 from /home/will/WorldFoundry-wbniv/.worktrees/teleport-audit/wfsource/source/gfx/rendobj3.hp:41:
/home/will/WorldFoundry-wbniv/.worktrees/teleport-audit/wfsource/source/gfx/viewport.hpi: In member function ‘void ViewPort::Render()’:
/home/will/WorldFoundry-wbniv/.worktrees/teleport-audit/wfsource/source/gfx/viewport.hpi:114:67: note: ‘#pragma message: KTS /home/will/WorldFoundry-wbniv/.worktrees/teleport-audit/wfsource/source/gfx/viewport.hpi: write viewport gl render code’
  114 | #pragma message ("KTS " __FILE__ ": write viewport gl render code")
      |                                                                   ^
In file included from /home/will/WorldFoundry-wbniv/.worktrees/teleport-audit/wfsource/source/gfx/rendobj3.hp:44:
/home/will/WorldFoundry-wbniv/.worktrees/teleport-audit/wfsource/source/gfx/handle.hp: At global scope:
/home/will/WorldFoundry-wbniv/.worktrees/teleport-audit/wfsource/source/gfx/handle.hp:12:73: note: ‘#pragma message: WBN: merge various ID/FOURCC classes into single one’
   12 | #pragma message( "WBN: merge various ID/FOURCC classes into single one" )
      |                                                                         ^
In file included from /home/will/WorldFoundry-wbniv/.worktrees/teleport-audit/wfsource/source/gfx/rendobj3.hp:45:
/home/will/WorldFoundry-wbniv/.worktrees/teleport-audit/wfsource/source/gfx/material.hp:194:135: note: ‘#pragma message: /home/will/WorldFoundry-wbniv/.worktrees/teleport-audit/wfsource/source/gfx/material.hp KTS: MAX_RENDERERS hard coded to 8 to prevent cyclic dependencies, consider moving renderers into Material’
  194 | #pragma message(__FILE__ " KTS: MAX_RENDERERS hard coded to 8 to prevent cyclic dependencies, consider moving renderers into Material")
      |                                                                                                                                       ^
[ 70%] Building CXX object CMakeFiles/wfengine.dir/wfsource/source/baseobject/commonblock.cc.o
In file included from /home/will/WorldFoundry-wbniv/.worktrees/teleport-audit/wfsource/source/asset/assets.cc:27:
/home/will/WorldFoundry-wbniv/.worktrees/teleport-audit/wfsource/source/asset/assets.hp:130:94: note: ‘#pragma message: KTS /home/will/WorldFoundry-wbniv/.worktrees/teleport-audit/wfsource/source/asset/assets.hp: can only have 1024 assets until this kludge is removed ’
  130 |  #pragma message ("KTS " __FILE__ ": can only have 1024 assets until this kludge is removed ")
      |                                                                                              ^
In file included from /home/will/WorldFoundry-wbniv/.worktrees/teleport-audit/wfsource/source/asset/assslot.hpi:25,
                 from /home/will/WorldFoundry-wbniv/.worktrees/teleport-audit/wfsource/source/asset/assslot.hp:104,
                 from /home/will/WorldFoundry-wbniv/.worktrees/teleport-audit/wfsource/source/asset/assslot.cc:26:
/home/will/WorldFoundry-wbniv/.worktrees/teleport-audit/wfsource/source/asset/assets.hp:130:94: note: ‘#pragma message: KTS /home/will/WorldFoundry-wbniv/.worktrees/teleport-audit/wfsource/source/asset/assets.hp: can only have 1024 assets until this kludge is removed ’
  130 |  #pragma message ("KTS " __FILE__ ": can only have 1024 assets until this kludge is removed ")
      |                                                                                              ^
/home/will/WorldFoundry-wbniv/.worktrees/teleport-audit/wfsource/source/asset/assslot.cc: In constructor ‘AssetSlot::AssetSlot(int, int, binistream&, int, void*, int, VideoMemory&)’:
/home/will/WorldFoundry-wbniv/.worktrees/teleport-audit/wfsource/source/asset/assslot.cc:74:120: note: ‘#pragma message: KTS: remove this extra copy, and just load the room data into the room slot, and calc pointers to it’
   74 | #pragma message ("KTS: remove this extra copy, and just load the room data into the room slot, and calc pointers to it")
      |                                                                                                                        ^
/home/will/WorldFoundry-wbniv/.worktrees/teleport-audit/wfsource/source/asset/assslot.cc: In destructor ‘AssetSlot::~AssetSlot()’:
/home/will/WorldFoundry-wbniv/.worktrees/teleport-audit/wfsource/source/asset/assslot.cc:141:147: note: ‘#pragma message: KTS: how do I control the order of destruction? (I need to make sure the RMUV has been destroyed by the time the next line runs’
  141 | #pragma message ("KTS: how do I control the order of destruction? (I need to make sure the RMUV has been destroyed by the time the next line runs")
      |                                                                                                                                                   ^
[ 70%] Building CXX object CMakeFiles/wfengine.dir/wfsource/source/baseobject/msgport.cc.o
[ 70%] Building CXX object CMakeFiles/wfengine.dir/wfsource/source/movement/movefoll.cc.o
[ 71%] Building CXX object CMakeFiles/wfengine.dir/wfsource/source/movement/movement.cc.o
[ 71%] Building CXX object CMakeFiles/wfengine.dir/wfsource/source/movement/movementmanager.cc.o
/home/will/WorldFoundry-wbniv/.worktrees/teleport-audit/wfsource/source/baseobject/msgport.cc: In member function ‘bool MsgPort::PutMsg(int16, uintptr_t)’:
/home/will/WorldFoundry-wbniv/.worktrees/teleport-audit/wfsource/source/baseobject/msgport.cc:68:92: note: ‘#pragma message: KTS /home/will/WorldFoundry-wbniv/.worktrees/teleport-audit/wfsource/source/baseobject/msgport.cc: this needs to occur somewhere which knows about actors’
   68 | #pragma message ("KTS " __FILE__ ": this needs to occur somewhere which knows about actors")
      |                                                                                            ^
/home/will/WorldFoundry-wbniv/.worktrees/teleport-audit/wfsource/source/baseobject/msgport.cc: In member function ‘bool MsgPort::PutMsg(int16, const void*, uint32)’:
/home/will/WorldFoundry-wbniv/.worktrees/teleport-audit/wfsource/source/baseobject/msgport.cc:92:92: note: ‘#pragma message: KTS /home/will/WorldFoundry-wbniv/.worktrees/teleport-audit/wfsource/source/baseobject/msgport.cc: this needs to occur somewhere which knows about actors’
   92 | #pragma message ("KTS " __FILE__ ": this needs to occur somewhere which knows about actors")
      |                                                                                            ^
[ 71%] Building CXX object CMakeFiles/wfengine.dir/wfsource/source/movement/movementobject.cc.o
In file included from /home/will/WorldFoundry-wbniv/.worktrees/teleport-audit/wfsource/source/movement/movefoll.cc:28:
/home/will/WorldFoundry-wbniv/.worktrees/teleport-audit/wfsource/source/oas/movement.h:31:74: note: ‘#pragma message: Is there an automatic way to create this enum from oas?’
   31 | #pragma message("Is there an automatic way to create this enum from oas?")
      |                                                                          ^
In file included from /home/will/WorldFoundry-wbniv/.worktrees/teleport-audit/wfsource/source/movement/movementobject.hp:117,
                 from /home/will/WorldFoundry-wbniv/.worktrees/teleport-audit/wfsource/source/movement/movement.hp:37,
                 from /home/will/WorldFoundry-wbniv/.worktrees/teleport-audit/wfsource/source/movement/movefoll.hp:8,
                 from /home/will/WorldFoundry-wbniv/.worktrees/teleport-audit/wfsource/source/movement/movefoll.cc:29:
/home/will/WorldFoundry-wbniv/.worktrees/teleport-audit/wfsource/source/movement/movementobject.hpi: In constructor ‘MovementObject::MovementObject(const SObjectStartupData*, const void*, const CommonBlock&, const Clock&)’:
/home/will/WorldFoundry-wbniv/.worktrees/teleport-audit/wfsource/source/movement/movementobject.hpi:54:114: note: ‘#pragma message: kts fix: pathed objects get their position set in game/actor.cc since we cant do it here (yet)’
   54 | #pragma message ("kts fix: pathed objects get their position set in game/actor.cc since we cant do it here (yet)")
      |                                                                                                                  ^
[ 71%] Building CXX object CMakeFiles/wfengine.dir/wfsource/source/movement/movepath.cc.o
In file included from /home/will/WorldFoundry-wbniv/.worktrees/teleport-audit/wfsource/source/movement/movementobject.hpi:31,
                 from /home/will/WorldFoundry-wbniv/.worktrees/teleport-audit/wfsource/source/movement/movementobject.hp:117,
                 from /home/will/WorldFoundry-wbniv/.worktrees/teleport-audit/wfsource/source/movement/movement.hp:37,
                 from /home/will/WorldFoundry-wbniv/.worktrees/teleport-audit/wfsource/source/movement/movement.cc:37:
/home/will/WorldFoundry-wbniv/.worktrees/teleport-audit/wfsource/source/oas/movement.h:31:74: note: ‘#pragma message: Is there an automatic way to create this enum from oas?’
   31 | #pragma message("Is there an automatic way to create this enum from oas?")
      |                                                                          ^
/home/will/WorldFoundry-wbniv/.worktrees/teleport-audit/wfsource/source/movement/movementobject.hpi: In constructor ‘MovementObject::MovementObject(const SObjectStartupData*, const void*, const CommonBlock&, const Clock&)’:
/home/will/WorldFoundry-wbniv/.worktrees/teleport-audit/wfsource/source/movement/movementobject.hpi:54:114: note: ‘#pragma message: kts fix: pathed objects get their position set in game/actor.cc since we cant do it here (yet)’
   54 | #pragma message ("kts fix: pathed objects get their position set in game/actor.cc since we cant do it here (yet)")
      |                                                                                                                  ^
/home/will/WorldFoundry-wbniv/.worktrees/teleport-audit/wfsource/source/movement/movement.cc: In member function ‘virtual void ClimbHandler::init(MovementManager&, MovementObject&)’:
/home/will/WorldFoundry-wbniv/.worktrees/teleport-audit/wfsource/source/movement/movement.cc:974:66: note: ‘#pragma message: Replace this code with something in AirHandler!’
  974 | #pragma message("Replace this code with something in AirHandler!")
      |                                                                  ^
In file included from /home/will/WorldFoundry-wbniv/.worktrees/teleport-audit/wfsource/source/movement/movementobject.hpi:31,
                 from /home/will/WorldFoundry-wbniv/.worktrees/teleport-audit/wfsource/source/movement/movementobject.hp:117,
                 from /home/will/WorldFoundry-wbniv/.worktrees/teleport-audit/wfsource/source/movement/movementmanager.hp:32,
                 from /home/will/WorldFoundry-wbniv/.worktrees/teleport-audit/wfsource/source/movement/movementmanager.cc:27:
/home/will/WorldFoundry-wbniv/.worktrees/teleport-audit/wfsource/source/oas/movement.h:31:74: note: ‘#pragma message: Is there an automatic way to create this enum from oas?’
   31 | #pragma message("Is there an automatic way to create this enum from oas?")
      |                                                                          ^
/home/will/WorldFoundry-wbniv/.worktrees/teleport-audit/wfsource/source/movement/movementobject.hpi: In constructor ‘MovementObject::MovementObject(const SObjectStartupData*, const void*, const CommonBlock&, const Clock&)’:
/home/will/WorldFoundry-wbniv/.worktrees/teleport-audit/wfsource/source/movement/movementobject.hpi:54:114: note: ‘#pragma message: kts fix: pathed objects get their position set in game/actor.cc since we cant do it here (yet)’
   54 | #pragma message ("kts fix: pathed objects get their position set in game/actor.cc since we cant do it here (yet)")
      |                                                                                                                  ^
[ 72%] Building CXX object CMakeFiles/wfengine.dir/wfsource/source/movement/movevehicle.cc.o
In file included from /home/will/WorldFoundry-wbniv/.worktrees/teleport-audit/wfsource/source/movement/movementobject.hpi:31,
                 from /home/will/WorldFoundry-wbniv/.worktrees/teleport-audit/wfsource/source/movement/movementobject.hp:117,
                 from /home/will/WorldFoundry-wbniv/.worktrees/teleport-audit/wfsource/source/movement/movementobject.cc:31:
/home/will/WorldFoundry-wbniv/.worktrees/teleport-audit/wfsource/source/oas/movement.h:31:74: note: ‘#pragma message: Is there an automatic way to create this enum from oas?’
   31 | #pragma message("Is there an automatic way to create this enum from oas?")
      |                                                                          ^
/home/will/WorldFoundry-wbniv/.worktrees/teleport-audit/wfsource/source/movement/movementobject.hpi: In constructor ‘MovementObject::MovementObject(const SObjectStartupData*, const void*, const CommonBlock&, const Clock&)’:
/home/will/WorldFoundry-wbniv/.worktrees/teleport-audit/wfsource/source/movement/movementobject.hpi:54:114: note: ‘#pragma message: kts fix: pathed objects get their position set in game/actor.cc since we cant do it here (yet)’
   54 | #pragma message ("kts fix: pathed objects get their position set in game/actor.cc since we cant do it here (yet)")
      |                                                                                                                  ^
In file included from /home/will/WorldFoundry-wbniv/.worktrees/teleport-audit/wfsource/source/movement/movementobject.hpi:31,
                 from /home/will/WorldFoundry-wbniv/.worktrees/teleport-audit/wfsource/source/movement/movementobject.hp:117,
                 from /home/will/WorldFoundry-wbniv/.worktrees/teleport-audit/wfsource/source/movement/movement.hp:37,
                 from /home/will/WorldFoundry-wbniv/.worktrees/teleport-audit/wfsource/source/movement/movepath.cc:30:
/home/will/WorldFoundry-wbniv/.worktrees/teleport-audit/wfsource/source/oas/movement.h:31:74: note: ‘#pragma message: Is there an automatic way to create this enum from oas?’
   31 | #pragma message("Is there an automatic way to create this enum from oas?")
      |                                                                          ^
/home/will/WorldFoundry-wbniv/.worktrees/teleport-audit/wfsource/source/movement/movementobject.hpi: In constructor ‘MovementObject::MovementObject(const SObjectStartupData*, const void*, const CommonBlock&, const Clock&)’:
/home/will/WorldFoundry-wbniv/.worktrees/teleport-audit/wfsource/source/movement/movementobject.hpi:54:114: note: ‘#pragma message: kts fix: pathed objects get their position set in game/actor.cc since we cant do it here (yet)’
   54 | #pragma message ("kts fix: pathed objects get their position set in game/actor.cc since we cant do it here (yet)")
      |                                                                                                                  ^
/home/will/WorldFoundry-wbniv/.worktrees/teleport-audit/wfsource/source/movement/movepath.cc: In member function ‘virtual void PathHandler::predictPosition(MovementManager&, MovementObject&, const Clock&, const BaseObjectList&)’:
/home/will/WorldFoundry-wbniv/.worktrees/teleport-audit/wfsource/source/movement/movepath.cc:159:97: note: ‘#pragma message: WARNING:  Warpback objects won't work with a path less than 0.5 seconds long!!’
  159 | #pragma message("WARNING:  Warpback objects won't work with a path less than 0.5 seconds long!!")
      |                                                                                                 ^
/home/will/WorldFoundry-wbniv/.worktrees/teleport-audit/wfsource/source/movement/movepath.cc:160:96: note: ‘#pragma message:           Also, the linear velocity must be constant across the entire path!!’
  160 | #pragma message("          Also, the linear velocity must be constant across the entire path!!")
      |                                                                                                ^
[ 72%] Building CXX object CMakeFiles/wfengine.dir/wfsource/source/room/actroit.cc.o
[ 72%] Building CXX object CMakeFiles/wfengine.dir/wfsource/source/room/actrooms.cc.o
[ 73%] Building CXX object CMakeFiles/wfengine.dir/wfsource/source/room/room.cc.o
In file included from /home/will/WorldFoundry-wbniv/.worktrees/teleport-audit/wfsource/source/movement/movementobject.hpi:31,
                 from /home/will/WorldFoundry-wbniv/.worktrees/teleport-audit/wfsource/source/movement/movementobject.hp:117,
                 from /home/will/WorldFoundry-wbniv/.worktrees/teleport-audit/wfsource/source/movement/movement.hp:37,
                 from /home/will/WorldFoundry-wbniv/.worktrees/teleport-audit/wfsource/source/movement/movevehicle.hp:10,
                 from /home/will/WorldFoundry-wbniv/.worktrees/teleport-audit/wfsource/source/movement/movevehicle.cc:14:
/home/will/WorldFoundry-wbniv/.worktrees/teleport-audit/wfsource/source/oas/movement.h:31:74: note: ‘#pragma message: Is there an automatic way to create this enum from oas?’
   31 | #pragma message("Is there an automatic way to create this enum from oas?")
      |                                                                          ^
/home/will/WorldFoundry-wbniv/.worktrees/teleport-audit/wfsource/source/movement/movementobject.hpi: In constructor ‘MovementObject::MovementObject(const SObjectStartupData*, const void*, const CommonBlock&, const Clock&)’:
/home/will/WorldFoundry-wbniv/.worktrees/teleport-audit/wfsource/source/movement/movementobject.hpi:54:114: note: ‘#pragma message: kts fix: pathed objects get their position set in game/actor.cc since we cant do it here (yet)’
   54 | #pragma message ("kts fix: pathed objects get their position set in game/actor.cc since we cant do it here (yet)")
      |                                                                                                                  ^
[ 73%] Building CXX object CMakeFiles/wfengine.dir/wfsource/source/room/rooms.cc.o
In file included from /home/will/WorldFoundry-wbniv/.worktrees/teleport-audit/wfsource/source/room/room.hp:48,
                 from /home/will/WorldFoundry-wbniv/.worktrees/teleport-audit/wfsource/source/room/actroit.hp:30,
                 from /home/will/WorldFoundry-wbniv/.worktrees/teleport-audit/wfsource/source/room/actroit.cc:26:
/home/will/WorldFoundry-wbniv/.worktrees/teleport-audit/wfsource/source/asset/assets.hp:130:94: note: ‘#pragma message: KTS /home/will/WorldFoundry-wbniv/.worktrees/teleport-audit/wfsource/source/asset/assets.hp: can only have 1024 assets until this kludge is removed ’
  130 |  #pragma message ("KTS " __FILE__ ": can only have 1024 assets until this kludge is removed ")
      |                                                                                              ^
In file included from /home/will/WorldFoundry-wbniv/.worktrees/teleport-audit/wfsource/source/asset/assslot.hpi:25,
                 from /home/will/WorldFoundry-wbniv/.worktrees/teleport-audit/wfsource/source/asset/assslot.hp:104,
                 from /home/will/WorldFoundry-wbniv/.worktrees/teleport-audit/wfsource/source/room/actrooms.cc:29:
/home/will/WorldFoundry-wbniv/.worktrees/teleport-audit/wfsource/source/asset/assets.hp:130:94: note: ‘#pragma message: KTS /home/will/WorldFoundry-wbniv/.worktrees/teleport-audit/wfsource/source/asset/assets.hp: can only have 1024 assets until this kludge is removed ’
  130 |  #pragma message ("KTS " __FILE__ ": can only have 1024 assets until this kludge is removed ")
      |                                                                                              ^
In file included from /home/will/WorldFoundry-wbniv/.worktrees/teleport-audit/wfsource/source/asset/assslot.hpi:25,
                 from /home/will/WorldFoundry-wbniv/.worktrees/teleport-audit/wfsource/source/asset/assslot.hp:104,
                 from /home/will/WorldFoundry-wbniv/.worktrees/teleport-audit/wfsource/source/room/room.cc:41:
/home/will/WorldFoundry-wbniv/.worktrees/teleport-audit/wfsource/source/asset/assets.hp:130:94: note: ‘#pragma message: KTS /home/will/WorldFoundry-wbniv/.worktrees/teleport-audit/wfsource/source/asset/assets.hp: can only have 1024 assets until this kludge is removed ’
  130 |  #pragma message ("KTS " __FILE__ ": can only have 1024 assets until this kludge is removed ")
      |                                                                                              ^
[ 73%] Building CXX object CMakeFiles/wfengine.dir/wfsource/source/physics/activate.cc.o
In file included from /home/will/WorldFoundry-wbniv/.worktrees/teleport-audit/wfsource/source/room/room.hp:48,
                 from /home/will/WorldFoundry-wbniv/.worktrees/teleport-audit/wfsource/source/room/rooms.hp:34,
                 from /home/will/WorldFoundry-wbniv/.worktrees/teleport-audit/wfsource/source/room/rooms.cc:24:
/home/will/WorldFoundry-wbniv/.worktrees/teleport-audit/wfsource/source/asset/assets.hp:130:94: note: ‘#pragma message: KTS /home/will/WorldFoundry-wbniv/.worktrees/teleport-audit/wfsource/source/asset/assets.hp: can only have 1024 assets until this kludge is removed ’
  130 |  #pragma message ("KTS " __FILE__ ": can only have 1024 assets until this kludge is removed ")
      |                                                                                              ^
[ 73%] Building CXX object CMakeFiles/wfengine.dir/wfsource/source/physics/colbox.cc.o
[ 74%] Building CXX object CMakeFiles/wfengine.dir/wfsource/source/physics/collision.cc.o
[ 74%] Building CXX object CMakeFiles/wfengine.dir/wfsource/source/physics/colspace.cc.o
[ 74%] Building CXX object CMakeFiles/wfengine.dir/wfsource/source/physics/physical.cc.o
/home/will/WorldFoundry-wbniv/.worktrees/teleport-audit/wfsource/source/physics/colbox.cc:69:92: note: ‘#pragma message: ColBox::CheckCollision() should be changed to not allow coincident edges!’
   69 | #pragma message("ColBox::CheckCollision() should be changed to not allow coincident edges!")
      |                                                                                            ^
In file included from /home/will/WorldFoundry-wbniv/.worktrees/teleport-audit/wfsource/source/physics/collision.cc:10:
/home/will/WorldFoundry-wbniv/.worktrees/teleport-audit/wfsource/source/oas/movement.h:31:74: note: ‘#pragma message: Is there an automatic way to create this enum from oas?’
   31 | #pragma message("Is there an automatic way to create this enum from oas?")
      |                                                                          ^
/home/will/WorldFoundry-wbniv/.worktrees/teleport-audit/wfsource/source/physics/collision.cc: In function ‘void SortCollisionEventList(const Clock&)’:
/home/will/WorldFoundry-wbniv/.worktrees/teleport-audit/wfsource/source/physics/collision.cc:40:93: note: ‘#pragma message: PERFORMANCE WARNING:  This sort routine really sucks.  Write a better one.’
   40 | #pragma message("PERFORMANCE WARNING:  This sort routine really sucks.  Write a better one.")
      |                                                                                             ^
[ 74%] Building CXX object CMakeFiles/wfengine.dir/wfsource/source/physics/physicalobject.cc.o
[ 75%] Building CXX object CMakeFiles/wfengine.dir/wfsource/source/anim/anim.cc.o
[ 75%] Building CXX object CMakeFiles/wfengine.dir/wfsource/source/anim/animcycl.cc.o
[ 75%] Building CXX object CMakeFiles/wfengine.dir/wfsource/source/anim/animmang.cc.o
[ 76%] Building CXX object CMakeFiles/wfengine.dir/wfsource/source/anim/channel.cc.o
In file included from /home/will/WorldFoundry-wbniv/.worktrees/teleport-audit/wfsource/source/gfx/face.hp:67,
                 from /home/will/WorldFoundry-wbniv/.worktrees/teleport-audit/wfsource/source/gfx/rendobj3.hp:39,
                 from /home/will/WorldFoundry-wbniv/.worktrees/teleport-audit/wfsource/source/anim/anim.hp:41,
                 from /home/will/WorldFoundry-wbniv/.worktrees/teleport-audit/wfsource/source/anim/anim.cc:27:
/home/will/WorldFoundry-wbniv/.worktrees/teleport-audit/wfsource/source/gfx/face.hpi:26:71: note: ‘#pragma message: KTS /home/will/WorldFoundry-wbniv/.worktrees/teleport-audit/wfsource/source/gfx/face.hpi: move this into the math directory’
   26 | #pragma message ("KTS " __FILE__ ": move this into the math directory")
      |                                                                       ^
In file included from /home/will/WorldFoundry-wbniv/.worktrees/teleport-audit/wfsource/source/gfx/viewport.hp:103,
                 from /home/will/WorldFoundry-wbniv/.worktrees/teleport-audit/wfsource/source/gfx/rendobj3.hp:41:
/home/will/WorldFoundry-wbniv/.worktrees/teleport-audit/wfsource/source/gfx/viewport.hpi: In member function ‘void ViewPort::Render()’:
/home/will/WorldFoundry-wbniv/.worktrees/teleport-audit/wfsource/source/gfx/viewport.hpi:114:67: note: ‘#pragma message: KTS /home/will/WorldFoundry-wbniv/.worktrees/teleport-audit/wfsource/source/gfx/viewport.hpi: write viewport gl render code’
  114 | #pragma message ("KTS " __FILE__ ": write viewport gl render code")
      |                                                                   ^
In file included from /home/will/WorldFoundry-wbniv/.worktrees/teleport-audit/wfsource/source/gfx/rendobj3.hp:44:
/home/will/WorldFoundry-wbniv/.worktrees/teleport-audit/wfsource/source/gfx/handle.hp: At global scope:
/home/will/WorldFoundry-wbniv/.worktrees/teleport-audit/wfsource/source/gfx/handle.hp:12:73: note: ‘#pragma message: WBN: merge various ID/FOURCC classes into single one’
   12 | #pragma message( "WBN: merge various ID/FOURCC classes into single one" )
      |                                                                         ^
In file included from /home/will/WorldFoundry-wbniv/.worktrees/teleport-audit/wfsource/source/gfx/rendobj3.hp:45:
/home/will/WorldFoundry-wbniv/.worktrees/teleport-audit/wfsource/source/gfx/material.hp:194:135: note: ‘#pragma message: /home/will/WorldFoundry-wbniv/.worktrees/teleport-audit/wfsource/source/gfx/material.hp KTS: MAX_RENDERERS hard coded to 8 to prevent cyclic dependencies, consider moving renderers into Material’
  194 | #pragma message(__FILE__ " KTS: MAX_RENDERERS hard coded to 8 to prevent cyclic dependencies, consider moving renderers into Material")
      |                                                                                                                                       ^
In file included from /home/will/WorldFoundry-wbniv/.worktrees/teleport-audit/wfsource/source/gfx/face.hp:67,
                 from /home/will/WorldFoundry-wbniv/.worktrees/teleport-audit/wfsource/source/gfx/rendobj3.hp:39,
                 from /home/will/WorldFoundry-wbniv/.worktrees/teleport-audit/wfsource/source/anim/animcycl.hp:33,
                 from /home/will/WorldFoundry-wbniv/.worktrees/teleport-audit/wfsource/source/anim/animcycl.cc:27:
/home/will/WorldFoundry-wbniv/.worktrees/teleport-audit/wfsource/source/gfx/face.hpi:26:71: note: ‘#pragma message: KTS /home/will/WorldFoundry-wbniv/.worktrees/teleport-audit/wfsource/source/gfx/face.hpi: move this into the math directory’
   26 | #pragma message ("KTS " __FILE__ ": move this into the math directory")
      |                                                                       ^
In file included from /home/will/WorldFoundry-wbniv/.worktrees/teleport-audit/wfsource/source/gfx/viewport.hp:103,
                 from /home/will/WorldFoundry-wbniv/.worktrees/teleport-audit/wfsource/source/gfx/rendobj3.hp:41:
/home/will/WorldFoundry-wbniv/.worktrees/teleport-audit/wfsource/source/gfx/viewport.hpi: In member function ‘void ViewPort::Render()’:
/home/will/WorldFoundry-wbniv/.worktrees/teleport-audit/wfsource/source/gfx/viewport.hpi:114:67: note: ‘#pragma message: KTS /home/will/WorldFoundry-wbniv/.worktrees/teleport-audit/wfsource/source/gfx/viewport.hpi: write viewport gl render code’
  114 | #pragma message ("KTS " __FILE__ ": write viewport gl render code")
      |                                                                   ^
In file included from /home/will/WorldFoundry-wbniv/.worktrees/teleport-audit/wfsource/source/gfx/rendobj3.hp:44:
/home/will/WorldFoundry-wbniv/.worktrees/teleport-audit/wfsource/source/gfx/handle.hp: At global scope:
/home/will/WorldFoundry-wbniv/.worktrees/teleport-audit/wfsource/source/gfx/handle.hp:12:73: note: ‘#pragma message: WBN: merge various ID/FOURCC classes into single one’
   12 | #pragma message( "WBN: merge various ID/FOURCC classes into single one" )
      |                                                                         ^
In file included from /home/will/WorldFoundry-wbniv/.worktrees/teleport-audit/wfsource/source/gfx/rendobj3.hp:45:
/home/will/WorldFoundry-wbniv/.worktrees/teleport-audit/wfsource/source/gfx/material.hp:194:135: note: ‘#pragma message: /home/will/WorldFoundry-wbniv/.worktrees/teleport-audit/wfsource/source/gfx/material.hp KTS: MAX_RENDERERS hard coded to 8 to prevent cyclic dependencies, consider moving renderers into Material’
  194 | #pragma message(__FILE__ " KTS: MAX_RENDERERS hard coded to 8 to prevent cyclic dependencies, consider moving renderers into Material")
      |                                                                                                                                       ^
In file included from /home/will/WorldFoundry-wbniv/.worktrees/teleport-audit/wfsource/source/movement/movementobject.hpi:31,
                 from /home/will/WorldFoundry-wbniv/.worktrees/teleport-audit/wfsource/source/movement/movementobject.hp:117,
                 from /home/will/WorldFoundry-wbniv/.worktrees/teleport-audit/wfsource/source/anim/animmang.hp:37,
                 from /home/will/WorldFoundry-wbniv/.worktrees/teleport-audit/wfsource/source/anim/animcycl.hp:36:
/home/will/WorldFoundry-wbniv/.worktrees/teleport-audit/wfsource/source/oas/movement.h:31:74: note: ‘#pragma message: Is there an automatic way to create this enum from oas?’
   31 | #pragma message("Is there an automatic way to create this enum from oas?")
      |                                                                          ^
/home/will/WorldFoundry-wbniv/.worktrees/teleport-audit/wfsource/source/movement/movementobject.hpi: In constructor ‘MovementObject::MovementObject(const SObjectStartupData*, const void*, const CommonBlock&, const Clock&)’:
/home/will/WorldFoundry-wbniv/.worktrees/teleport-audit/wfsource/source/movement/movementobject.hpi:54:114: note: ‘#pragma message: kts fix: pathed objects get their position set in game/actor.cc since we cant do it here (yet)’
   54 | #pragma message ("kts fix: pathed objects get their position set in game/actor.cc since we cant do it here (yet)")
      |                                                                                                                  ^
/home/will/WorldFoundry-wbniv/.worktrees/teleport-audit/wfsource/source/anim/animcycl.cc: In constructor ‘AnimationCycleArray::AnimationCycleArray(Memory&, binistream&, const RenderObject3D&)’:
/home/will/WorldFoundry-wbniv/.worktrees/teleport-audit/wfsource/source/anim/animcycl.cc:62:86: note: ‘#pragma message: KTS: no redundancy checking, making new animations for each object’
   62 | #pragma message ("KTS: no redundancy checking, making new animations for each object")
      |                                                                                      ^
[ 76%] Building CXX object CMakeFiles/wfengine.dir/wfsource/source/anim/path.cc.o
[ 76%] Building CXX object CMakeFiles/wfengine.dir/wfsource/source/timer/clock.cc.o
/home/will/WorldFoundry-wbniv/.worktrees/teleport-audit/wfsource/source/anim/channel.cc: In member function ‘virtual int32 LinearChannel::Value(Scalar, int32)’:
/home/will/WorldFoundry-wbniv/.worktrees/teleport-audit/wfsource/source/anim/channel.cc:87:93: note: ‘#pragma message: PERFORMANCE WARNING: For long channels, a faster search is needed here!!!!’
   87 | #pragma message("PERFORMANCE WARNING: For long channels, a faster search is needed here!!!!")
      |                                                                                             ^
In file included from /home/will/WorldFoundry-wbniv/.worktrees/teleport-audit/wfsource/source/gfx/viewport.hp:103,
                 from /home/will/WorldFoundry-wbniv/.worktrees/teleport-audit/wfsource/source/gfx/camera.hp:35,
                 from /home/will/WorldFoundry-wbniv/.worktrees/teleport-audit/wfsource/source/renderassets/rendacto.hp:47,
                 from /home/will/WorldFoundry-wbniv/.worktrees/teleport-audit/wfsource/source/anim/animmang.cc:26:
/home/will/WorldFoundry-wbniv/.worktrees/teleport-audit/wfsource/source/gfx/viewport.hpi: In member function ‘void ViewPort::Render()’:
/home/will/WorldFoundry-wbniv/.worktrees/teleport-audit/wfsource/source/gfx/viewport.hpi:114:67: note: ‘#pragma message: KTS /home/will/WorldFoundry-wbniv/.worktrees/teleport-audit/wfsource/source/gfx/viewport.hpi: write viewport gl render code’
  114 | #pragma message ("KTS " __FILE__ ": write viewport gl render code")
      |                                                                   ^
In file included from /home/will/WorldFoundry-wbniv/.worktrees/teleport-audit/wfsource/source/gfx/face.hp:67,
                 from /home/will/WorldFoundry-wbniv/.worktrees/teleport-audit/wfsource/source/gfx/rendobj3.hp:39,
                 from /home/will/WorldFoundry-wbniv/.worktrees/teleport-audit/wfsource/source/gfx/camera.hp:36:
/home/will/WorldFoundry-wbniv/.worktrees/teleport-audit/wfsource/source/gfx/face.hpi: At global scope:
/home/will/WorldFoundry-wbniv/.worktrees/teleport-audit/wfsource/source/gfx/face.hpi:26:71: note: ‘#pragma message: KTS /home/will/WorldFoundry-wbniv/.worktrees/teleport-audit/wfsource/source/gfx/face.hpi: move this into the math directory’
   26 | #pragma message ("KTS " __FILE__ ": move this into the math directory")
      |                                                                       ^
In file included from /home/will/WorldFoundry-wbniv/.worktrees/teleport-audit/wfsource/source/gfx/rendobj3.hp:44:
/home/will/WorldFoundry-wbniv/.worktrees/teleport-audit/wfsource/source/gfx/handle.hp:12:73: note: ‘#pragma message: WBN: merge various ID/FOURCC classes into single one’
   12 | #pragma message( "WBN: merge various ID/FOURCC classes into single one" )
      |                                                                         ^
In file included from /home/will/WorldFoundry-wbniv/.worktrees/teleport-audit/wfsource/source/gfx/rendobj3.hp:45:
/home/will/WorldFoundry-wbniv/.worktrees/teleport-audit/wfsource/source/gfx/material.hp:194:135: note: ‘#pragma message: /home/will/WorldFoundry-wbniv/.worktrees/teleport-audit/wfsource/source/gfx/material.hp KTS: MAX_RENDERERS hard coded to 8 to prevent cyclic dependencies, consider moving renderers into Material’
  194 | #pragma message(__FILE__ " KTS: MAX_RENDERERS hard coded to 8 to prevent cyclic dependencies, consider moving renderers into Material")
      |                                                                                                                                       ^
In file included from /home/will/WorldFoundry-wbniv/.worktrees/teleport-audit/wfsource/source/movement/movementobject.hpi:31,
                 from /home/will/WorldFoundry-wbniv/.worktrees/teleport-audit/wfsource/source/movement/movementobject.hp:117,
                 from /home/will/WorldFoundry-wbniv/.worktrees/teleport-audit/wfsource/source/anim/animmang.hp:37,
                 from /home/will/WorldFoundry-wbniv/.worktrees/teleport-audit/wfsource/source/anim/animcycl.hp:36,
                 from /home/will/WorldFoundry-wbniv/.worktrees/teleport-audit/wfsource/source/renderassets/rendacto.hp:51:
/home/will/WorldFoundry-wbniv/.worktrees/teleport-audit/wfsource/source/oas/movement.h:31:74: note: ‘#pragma message: Is there an automatic way to create this enum from oas?’
   31 | #pragma message("Is there an automatic way to create this enum from oas?")
      |                                                                          ^
/home/will/WorldFoundry-wbniv/.worktrees/teleport-audit/wfsource/source/movement/movementobject.hpi: In constructor ‘MovementObject::MovementObject(const SObjectStartupData*, const void*, const CommonBlock&, const Clock&)’:
/home/will/WorldFoundry-wbniv/.worktrees/teleport-audit/wfsource/source/movement/movementobject.hpi:54:114: note: ‘#pragma message: kts fix: pathed objects get their position set in game/actor.cc since we cant do it here (yet)’
   54 | #pragma message ("kts fix: pathed objects get their position set in game/actor.cc since we cant do it here (yet)")
      |                                                                                                                  ^
In file included from /home/will/WorldFoundry-wbniv/.worktrees/teleport-audit/wfsource/source/renderassets/rendacto.hp:54:
/home/will/WorldFoundry-wbniv/.worktrees/teleport-audit/wfsource/source/asset/assets.hp: At global scope:
/home/will/WorldFoundry-wbniv/.worktrees/teleport-audit/wfsource/source/asset/assets.hp:130:94: note: ‘#pragma message: KTS /home/will/WorldFoundry-wbniv/.worktrees/teleport-audit/wfsource/source/asset/assets.hp: can only have 1024 assets until this kludge is removed ’
  130 |  #pragma message ("KTS " __FILE__ ": can only have 1024 assets until this kludge is removed ")
      |                                                                                              ^
/home/will/WorldFoundry-wbniv/.worktrees/teleport-audit/wfsource/source/anim/animmang.cc: In member function ‘virtual void AnimationManagerActual::UpdateAnimation(RenderActor*, const QInputDigital&, PhysicalObject&, BaseObjectIteratorWrapper&, const MovementHandlerData*, const Clock&)’:
/home/will/WorldFoundry-wbniv/.worktrees/teleport-audit/wfsource/source/anim/animmang.cc:265:40: note: ‘#pragma message: KTS: new anim system’
  265 | #pragma message ("KTS: new anim system")
      |                                        ^
[ 76%] Building CXX object CMakeFiles/wfengine.dir/wfsource/source/game/actbox.cc.o
[ 77%] Building CXX object CMakeFiles/wfengine.dir/wfsource/source/game/actboxor.cc.o
[ 77%] Building CXX object CMakeFiles/wfengine.dir/wfsource/source/game/actor.cc.o
[ 77%] Building CXX object CMakeFiles/wfengine.dir/wfsource/source/game/callbacks.cc.o
In file included from /home/will/WorldFoundry-wbniv/.worktrees/teleport-audit/wfsource/source/movement/movementobject.hpi:31,
                 from /home/will/WorldFoundry-wbniv/.worktrees/teleport-audit/wfsource/source/movement/movementobject.hp:117,
                 from /home/will/WorldFoundry-wbniv/.worktrees/teleport-audit/wfsource/source/game/actor.hp:37,
                 from /home/will/WorldFoundry-wbniv/.worktrees/teleport-audit/wfsource/source/game/actbox.hp:46,
                 from /home/will/WorldFoundry-wbniv/.worktrees/teleport-audit/wfsource/source/game/actbox.cc:42:
/home/will/WorldFoundry-wbniv/.worktrees/teleport-audit/wfsource/source/oas/movement.h:31:74: note: ‘#pragma message: Is there an automatic way to create this enum from oas?’
   31 | #pragma message("Is there an automatic way to create this enum from oas?")
      |                                                                          ^
/home/will/WorldFoundry-wbniv/.worktrees/teleport-audit/wfsource/source/movement/movementobject.hpi: In constructor ‘MovementObject::MovementObject(const SObjectStartupData*, const void*, const CommonBlock&, const Clock&)’:
/home/will/WorldFoundry-wbniv/.worktrees/teleport-audit/wfsource/source/movement/movementobject.hpi:54:114: note: ‘#pragma message: kts fix: pathed objects get their position set in game/actor.cc since we cant do it here (yet)’
   54 | #pragma message ("kts fix: pathed objects get their position set in game/actor.cc since we cant do it here (yet)")
      |                                                                                                                  ^
In file included from /home/will/WorldFoundry-wbniv/.worktrees/teleport-audit/wfsource/source/gfx/viewport.hp:103,
                 from /home/will/WorldFoundry-wbniv/.worktrees/teleport-audit/wfsource/source/gfx/camera.hp:35,
                 from /home/will/WorldFoundry-wbniv/.worktrees/teleport-audit/wfsource/source/renderassets/rendacto.hp:47,
                 from /home/will/WorldFoundry-wbniv/.worktrees/teleport-audit/wfsource/source/game/actor.hp:51:
/home/will/WorldFoundry-wbniv/.worktrees/teleport-audit/wfsource/source/gfx/viewport.hpi: In member function ‘void ViewPort::Render()’:
/home/will/WorldFoundry-wbniv/.worktrees/teleport-audit/wfsource/source/gfx/viewport.hpi:114:67: note: ‘#pragma message: KTS /home/will/WorldFoundry-wbniv/.worktrees/teleport-audit/wfsource/source/gfx/viewport.hpi: write viewport gl render code’
  114 | #pragma message ("KTS " __FILE__ ": write viewport gl render code")
      |                                                                   ^
In file included from /home/will/WorldFoundry-wbniv/.worktrees/teleport-audit/wfsource/source/gfx/face.hp:67,
                 from /home/will/WorldFoundry-wbniv/.worktrees/teleport-audit/wfsource/source/gfx/rendobj3.hp:39,
                 from /home/will/WorldFoundry-wbniv/.worktrees/teleport-audit/wfsource/source/gfx/camera.hp:36:
/home/will/WorldFoundry-wbniv/.worktrees/teleport-audit/wfsource/source/gfx/face.hpi: At global scope:
/home/will/WorldFoundry-wbniv/.worktrees/teleport-audit/wfsource/source/gfx/face.hpi:26:71: note: ‘#pragma message: KTS /home/will/WorldFoundry-wbniv/.worktrees/teleport-audit/wfsource/source/gfx/face.hpi: move this into the math directory’
   26 | #pragma message ("KTS " __FILE__ ": move this into the math directory")
      |                                                                       ^
In file included from /home/will/WorldFoundry-wbniv/.worktrees/teleport-audit/wfsource/source/gfx/rendobj3.hp:44:
/home/will/WorldFoundry-wbniv/.worktrees/teleport-audit/wfsource/source/gfx/handle.hp:12:73: note: ‘#pragma message: WBN: merge various ID/FOURCC classes into single one’
   12 | #pragma message( "WBN: merge various ID/FOURCC classes into single one" )
      |                                                                         ^
In file included from /home/will/WorldFoundry-wbniv/.worktrees/teleport-audit/wfsource/source/gfx/rendobj3.hp:45:
/home/will/WorldFoundry-wbniv/.worktrees/teleport-audit/wfsource/source/gfx/material.hp:194:135: note: ‘#pragma message: /home/will/WorldFoundry-wbniv/.worktrees/teleport-audit/wfsource/source/gfx/material.hp KTS: MAX_RENDERERS hard coded to 8 to prevent cyclic dependencies, consider moving renderers into Material’
  194 | #pragma message(__FILE__ " KTS: MAX_RENDERERS hard coded to 8 to prevent cyclic dependencies, consider moving renderers into Material")
      |                                                                                                                                       ^
In file included from /home/will/WorldFoundry-wbniv/.worktrees/teleport-audit/wfsource/source/renderassets/rendacto.hp:54:
/home/will/WorldFoundry-wbniv/.worktrees/teleport-audit/wfsource/source/asset/assets.hp:130:94: note: ‘#pragma message: KTS /home/will/WorldFoundry-wbniv/.worktrees/teleport-audit/wfsource/source/asset/assets.hp: can only have 1024 assets until this kludge is removed ’
  130 |  #pragma message ("KTS " __FILE__ ": can only have 1024 assets until this kludge is removed ")
      |                                                                                              ^
/home/will/WorldFoundry-wbniv/.worktrees/teleport-audit/wfsource/source/game/actor.hp:254:105: note: ‘#pragma message: /home/will/WorldFoundry-wbniv/.worktrees/teleport-audit/wfsource/source/game/actor.hp: I guess I should make protected accessor functions for these data members’
  254 | #pragma message( __FILE__ ": I guess I should make protected accessor functions for these data members" )
      |                                                                                                         ^
In file included from /home/will/WorldFoundry-wbniv/.worktrees/teleport-audit/wfsource/source/game/actbox.cc:46:
/home/will/WorldFoundry-wbniv/.worktrees/teleport-audit/wfsource/source/game/level.hp:245:58: note: ‘#pragma message: /home/will/WorldFoundry-wbniv/.worktrees/teleport-audit/wfsource/source/game/level.hp: remove _idealMainCharacter’
  245 | #pragma message( __FILE__ ": remove _idealMainCharacter" )
      |                                                          ^
In file included from /home/will/WorldFoundry-wbniv/.worktrees/teleport-audit/wfsource/source/game/level.hp:52,
                 from /home/will/WorldFoundry-wbniv/.worktrees/teleport-audit/wfsource/source/game/actboxor.hp:42,
                 from /home/will/WorldFoundry-wbniv/.worktrees/teleport-audit/wfsource/source/game/actboxor.cc:40:
/home/will/WorldFoundry-wbniv/.worktrees/teleport-audit/wfsource/source/asset/assets.hp:130:94: note: ‘#pragma message: KTS /home/will/WorldFoundry-wbniv/.worktrees/teleport-audit/wfsource/source/asset/assets.hp: can only have 1024 assets until this kludge is removed ’
  130 |  #pragma message ("KTS " __FILE__ ": can only have 1024 assets until this kludge is removed ")
      |                                                                                              ^
In file included from /home/will/WorldFoundry-wbniv/.worktrees/teleport-audit/wfsource/source/gfx/viewport.hp:103,
                 from /home/will/WorldFoundry-wbniv/.worktrees/teleport-audit/wfsource/source/game/level.hp:57:
/home/will/WorldFoundry-wbniv/.worktrees/teleport-audit/wfsource/source/gfx/viewport.hpi: In member function ‘void ViewPort::Render()’:
/home/will/WorldFoundry-wbniv/.worktrees/teleport-audit/wfsource/source/gfx/viewport.hpi:114:67: note: ‘#pragma message: KTS /home/will/WorldFoundry-wbniv/.worktrees/teleport-audit/wfsource/source/gfx/viewport.hpi: write viewport gl render code’
  114 | #pragma message ("KTS " __FILE__ ": write viewport gl render code")
      |                                                                   ^
In file included from /home/will/WorldFoundry-wbniv/.worktrees/teleport-audit/wfsource/source/gfx/rendmatt.hp:32,
                 from /home/will/WorldFoundry-wbniv/.worktrees/teleport-audit/wfsource/source/game/level.hp:58:
/home/will/WorldFoundry-wbniv/.worktrees/teleport-audit/wfsource/source/gfx/material.hp: At global scope:
/home/will/WorldFoundry-wbniv/.worktrees/teleport-audit/wfsource/source/gfx/material.hp:194:135: note: ‘#pragma message: /home/will/WorldFoundry-wbniv/.worktrees/teleport-audit/wfsource/source/gfx/material.hp KTS: MAX_RENDERERS hard coded to 8 to prevent cyclic dependencies, consider moving renderers into Material’
  194 | #pragma message(__FILE__ " KTS: MAX_RENDERERS hard coded to 8 to prevent cyclic dependencies, consider moving renderers into Material")
      |                                                                                                                                       ^
In file included from /home/will/WorldFoundry-wbniv/.worktrees/teleport-audit/wfsource/source/gfx/face.hp:67,
                 from /home/will/WorldFoundry-wbniv/.worktrees/teleport-audit/wfsource/source/gfx/rendobj3.hp:39,
                 from /home/will/WorldFoundry-wbniv/.worktrees/teleport-audit/wfsource/source/gfx/material.hpi:26,
                 from /home/will/WorldFoundry-wbniv/.worktrees/teleport-audit/wfsource/source/gfx/material.hp:201:
/home/will/WorldFoundry-wbniv/.worktrees/teleport-audit/wfsource/source/gfx/face.hpi:26:71: note: ‘#pragma message: KTS /home/will/WorldFoundry-wbniv/.worktrees/teleport-audit/wfsource/source/gfx/face.hpi: move this into the math directory’
   26 | #pragma message ("KTS " __FILE__ ": move this into the math directory")
      |                                                                       ^
In file included from /home/will/WorldFoundry-wbniv/.worktrees/teleport-audit/wfsource/source/gfx/rendobj3.hp:44:
/home/will/WorldFoundry-wbniv/.worktrees/teleport-audit/wfsource/source/gfx/handle.hp:12:73: note: ‘#pragma message: WBN: merge various ID/FOURCC classes into single one’
   12 | #pragma message( "WBN: merge various ID/FOURCC classes into single one" )
      |                                                                         ^
In file included from /home/will/WorldFoundry-wbniv/.worktrees/teleport-audit/wfsource/source/movement/movementobject.hpi:31,
                 from /home/will/WorldFoundry-wbniv/.worktrees/teleport-audit/wfsource/source/movement/movementobject.hp:117,
                 from /home/will/WorldFoundry-wbniv/.worktrees/teleport-audit/wfsource/source/game/actor.hp:37,
                 from /home/will/WorldFoundry-wbniv/.worktrees/teleport-audit/wfsource/source/game/level.hp:65:
/home/will/WorldFoundry-wbniv/.worktrees/teleport-audit/wfsource/source/oas/movement.h:31:74: note: ‘#pragma message: Is there an automatic way to create this enum from oas?’
   31 | #pragma message("Is there an automatic way to create this enum from oas?")
      |                                                                          ^
/home/will/WorldFoundry-wbniv/.worktrees/teleport-audit/wfsource/source/movement/movementobject.hpi: In constructor ‘MovementObject::MovementObject(const SObjectStartupData*, const void*, const CommonBlock&, const Clock&)’:
/home/will/WorldFoundry-wbniv/.worktrees/teleport-audit/wfsource/source/movement/movementobject.hpi:54:114: note: ‘#pragma message: kts fix: pathed objects get their position set in game/actor.cc since we cant do it here (yet)’
   54 | #pragma message ("kts fix: pathed objects get their position set in game/actor.cc since we cant do it here (yet)")
      |                                                                                                                  ^
In file included from /home/will/WorldFoundry-wbniv/.worktrees/teleport-audit/wfsource/source/gfx/face.hp:67,
                 from /home/will/WorldFoundry-wbniv/.worktrees/teleport-audit/wfsource/source/gfx/rendobj3.hp:39,
                 from /home/will/WorldFoundry-wbniv/.worktrees/teleport-audit/wfsource/source/game/actor.cc:30:
/home/will/WorldFoundry-wbniv/.worktrees/teleport-audit/wfsource/source/gfx/face.hpi:26:71: note: ‘#pragma message: KTS /home/will/WorldFoundry-wbniv/.worktrees/teleport-audit/wfsource/source/gfx/face.hpi: move this into the math directory’
   26 | #pragma message ("KTS " __FILE__ ": move this into the math directory")
      |                                                                       ^
In file included from /home/will/WorldFoundry-wbniv/.worktrees/teleport-audit/wfsource/source/gfx/viewport.hp:103,
                 from /home/will/WorldFoundry-wbniv/.worktrees/teleport-audit/wfsource/source/gfx/rendobj3.hp:41:
/home/will/WorldFoundry-wbniv/.worktrees/teleport-audit/wfsource/source/gfx/viewport.hpi: In member function ‘void ViewPort::Render()’:
/home/will/WorldFoundry-wbniv/.worktrees/teleport-audit/wfsource/source/gfx/viewport.hpi:114:67: note: ‘#pragma message: KTS /home/will/WorldFoundry-wbniv/.worktrees/teleport-audit/wfsource/source/gfx/viewport.hpi: write viewport gl render code’
  114 | #pragma message ("KTS " __FILE__ ": write viewport gl render code")
      |                                                                   ^
In file included from /home/will/WorldFoundry-wbniv/.worktrees/teleport-audit/wfsource/source/gfx/rendobj3.hp:44:
/home/will/WorldFoundry-wbniv/.worktrees/teleport-audit/wfsource/source/gfx/handle.hp: At global scope:
/home/will/WorldFoundry-wbniv/.worktrees/teleport-audit/wfsource/source/gfx/handle.hp:12:73: note: ‘#pragma message: WBN: merge various ID/FOURCC classes into single one’
   12 | #pragma message( "WBN: merge various ID/FOURCC classes into single one" )
      |                                                                         ^
In file included from /home/will/WorldFoundry-wbniv/.worktrees/teleport-audit/wfsource/source/gfx/rendobj3.hp:45:
/home/will/WorldFoundry-wbniv/.worktrees/teleport-audit/wfsource/source/gfx/material.hp:194:135: note: ‘#pragma message: /home/will/WorldFoundry-wbniv/.worktrees/teleport-audit/wfsource/source/gfx/material.hp KTS: MAX_RENDERERS hard coded to 8 to prevent cyclic dependencies, consider moving renderers into Material’
  194 | #pragma message(__FILE__ " KTS: MAX_RENDERERS hard coded to 8 to prevent cyclic dependencies, consider moving renderers into Material")
      |                                                                                                                                       ^
/home/will/WorldFoundry-wbniv/.worktrees/teleport-audit/wfsource/source/game/actor.hp: At global scope:
/home/will/WorldFoundry-wbniv/.worktrees/teleport-audit/wfsource/source/game/actor.hp:254:105: note: ‘#pragma message: /home/will/WorldFoundry-wbniv/.worktrees/teleport-audit/wfsource/source/game/actor.hp: I guess I should make protected accessor functions for these data members’
  254 | #pragma message( __FILE__ ": I guess I should make protected accessor functions for these data members" )
      |                                                                                                         ^
In file included from /home/will/WorldFoundry-wbniv/.worktrees/teleport-audit/wfsource/source/movement/movementobject.hpi:31,
                 from /home/will/WorldFoundry-wbniv/.worktrees/teleport-audit/wfsource/source/movement/movementobject.hp:117,
                 from /home/will/WorldFoundry-wbniv/.worktrees/teleport-audit/wfsource/source/movement/movement.hp:37,
                 from /home/will/WorldFoundry-wbniv/.worktrees/teleport-audit/wfsource/source/game/actor.cc:37:
/home/will/WorldFoundry-wbniv/.worktrees/teleport-audit/wfsource/source/oas/movement.h:31:74: note: ‘#pragma message: Is there an automatic way to create this enum from oas?’
   31 | #pragma message("Is there an automatic way to create this enum from oas?")
      |                                                                          ^
/home/will/WorldFoundry-wbniv/.worktrees/teleport-audit/wfsource/source/movement/movementobject.hpi: In constructor ‘MovementObject::MovementObject(const SObjectStartupData*, const void*, const CommonBlock&, const Clock&)’:
/home/will/WorldFoundry-wbniv/.worktrees/teleport-audit/wfsource/source/movement/movementobject.hpi:54:114: note: ‘#pragma message: kts fix: pathed objects get their position set in game/actor.cc since we cant do it here (yet)’
   54 | #pragma message ("kts fix: pathed objects get their position set in game/actor.cc since we cant do it here (yet)")
      |                                                                                                                  ^
In file included from /home/will/WorldFoundry-wbniv/.worktrees/teleport-audit/wfsource/source/room/room.hp:48,
                 from /home/will/WorldFoundry-wbniv/.worktrees/teleport-audit/wfsource/source/room/rooms.hp:34,
                 from /home/will/WorldFoundry-wbniv/.worktrees/teleport-audit/wfsource/source/game/actor.cc:39:
/home/will/WorldFoundry-wbniv/.worktrees/teleport-audit/wfsource/source/asset/assets.hp: At global scope:
/home/will/WorldFoundry-wbniv/.worktrees/teleport-audit/wfsource/source/asset/assets.hp:130:94: note: ‘#pragma message: KTS /home/will/WorldFoundry-wbniv/.worktrees/teleport-audit/wfsource/source/asset/assets.hp: can only have 1024 assets until this kludge is removed ’
  130 |  #pragma message ("KTS " __FILE__ ": can only have 1024 assets until this kludge is removed ")
      |                                                                                              ^
[ 78%] Building CXX object CMakeFiles/wfengine.dir/wfsource/source/game/camera.cc.o
In file included from /home/will/WorldFoundry-wbniv/.worktrees/teleport-audit/wfsource/source/game/callbacks.hp:31,
                 from /home/will/WorldFoundry-wbniv/.worktrees/teleport-audit/wfsource/source/game/callbacks.cc:25:
/home/will/WorldFoundry-wbniv/.worktrees/teleport-audit/wfsource/source/asset/assets.hp:130:94: note: ‘#pragma message: KTS /home/will/WorldFoundry-wbniv/.worktrees/teleport-audit/wfsource/source/asset/assets.hp: can only have 1024 assets until this kludge is removed ’
  130 |  #pragma message ("KTS " __FILE__ ": can only have 1024 assets until this kludge is removed ")
      |                                                                                              ^
/home/will/WorldFoundry-wbniv/.worktrees/teleport-audit/wfsource/source/game/level.hp:245:58: note: ‘#pragma message: /home/will/WorldFoundry-wbniv/.worktrees/teleport-audit/wfsource/source/game/level.hp: remove _idealMainCharacter’
  245 | #pragma message( __FILE__ ": remove _idealMainCharacter" )
      |                                                          ^
In file included from /home/will/WorldFoundry-wbniv/.worktrees/teleport-audit/wfsource/source/game/level.hp:65,
                 from /home/will/WorldFoundry-wbniv/.worktrees/teleport-audit/wfsource/source/game/actor.cc:58:
/home/will/WorldFoundry-wbniv/.worktrees/teleport-audit/wfsource/source/game/actor.hp:254:105: note: ‘#pragma message: /home/will/WorldFoundry-wbniv/.worktrees/teleport-audit/wfsource/source/game/actor.hp: I guess I should make protected accessor functions for these data members’
  254 | #pragma message( __FILE__ ": I guess I should make protected accessor functions for these data members" )
      |                                                                                                         ^
/home/will/WorldFoundry-wbniv/.worktrees/teleport-audit/wfsource/source/game/level.hp:245:58: note: ‘#pragma message: /home/will/WorldFoundry-wbniv/.worktrees/teleport-audit/wfsource/source/game/level.hp: remove _idealMainCharacter’
  245 | #pragma message( __FILE__ ": remove _idealMainCharacter" )
      |                                                          ^
[ 78%] Building CXX object CMakeFiles/wfengine.dir/wfsource/source/game/camshot.cc.o
/home/will/WorldFoundry-wbniv/.worktrees/teleport-audit/wfsource/source/game/actor.cc: In member function ‘virtual void Actor::BindAssets(Memory&)’:
/home/will/WorldFoundry-wbniv/.worktrees/teleport-audit/wfsource/source/game/actor.cc:445:113: note: ‘#pragma message: KTS: this sux, how should I notice redundant models, and how do I not have to new everything?’
  445 | #pragma message ("KTS: this sux, how should I notice redundant models, and how do I not have to new everything?")
      |                                                                                                                 ^
/home/will/WorldFoundry-wbniv/.worktrees/teleport-audit/wfsource/source/game/actor.cc: In constructor ‘Actor::Actor(const SObjectStartupData*)’:
/home/will/WorldFoundry-wbniv/.worktrees/teleport-audit/wfsource/source/game/actor.cc:778:89: note: ‘#pragma message: /home/will/WorldFoundry-wbniv/.worktrees/teleport-audit/wfsource/source/game/actor.cc: probably should have movepath handler initializer do this’
  778 | #pragma message( __FILE__ ": probably should have movepath handler initializer do this" )
      |                                                                                         ^
/home/will/WorldFoundry-wbniv/.worktrees/teleport-audit/wfsource/source/game/actor.cc: In destructor ‘virtual Actor::~Actor()’:
/home/will/WorldFoundry-wbniv/.worktrees/teleport-audit/wfsource/source/game/actor.cc:858:155: note: ‘#pragma message: /home/will/WorldFoundry-wbniv/.worktrees/teleport-audit/wfsource/source/game/actor.cc: should override delete for this class and move this if in it -- clients can then just use delete _nonStatPlat->_animManager’
  858 | #pragma message( __FILE__ ": should override delete for this class and move this if in it -- clients can then just use delete _nonStatPlat->_animManager" )
      |                                                                                                                                                           ^
/home/will/WorldFoundry-wbniv/.worktrees/teleport-audit/wfsource/source/game/actor.cc: In member function ‘virtual void Actor::update()’:
/home/will/WorldFoundry-wbniv/.worktrees/teleport-audit/wfsource/source/game/actor.cc:938:89: note: ‘#pragma message: /home/will/WorldFoundry-wbniv/.worktrees/teleport-audit/wfsource/source/game/actor.cc: should we do mailboxes and/or messages for sound effects?’
  938 | #pragma message( __FILE__ ": should we do mailboxes and/or messages for sound effects?" )
      |                                                                                         ^
/home/will/WorldFoundry-wbniv/.worktrees/teleport-audit/wfsource/source/game/actor.cc: In member function ‘Scalar Actor::GetDistanceTo(const Actor*) const’:
/home/will/WorldFoundry-wbniv/.worktrees/teleport-audit/wfsource/source/game/actor.cc:1196:70: note: ‘#pragma message: KTS: use the distance function in vector3 instead!’
 1196 | #pragma message ("KTS: use the distance function in vector3 instead!")
      |                                                                      ^
/home/will/WorldFoundry-wbniv/.worktrees/teleport-audit/wfsource/source/game/actor.cc: In member function ‘void Actor::WriteSystemMailbox(int, Scalar)’:
/home/will/WorldFoundry-wbniv/.worktrees/teleport-audit/wfsource/source/game/actor.cc:1660:135: note: ‘#pragma message: /home/will/WorldFoundry-wbniv/.worktrees/teleport-audit/wfsource/source/game/actor.cc: can _input be used instead of _inputScript? Then _inputScript wouldn't need to be stored in class Actor’
 1660 | #pragma message( __FILE__ ": can _input be used instead of _inputScript? Then _inputScript wouldn't need to be stored in class Actor" )
      |                                                                                                                                       ^
/home/will/WorldFoundry-wbniv/.worktrees/teleport-audit/wfsource/source/game/actor.cc: At global scope:
/home/will/WorldFoundry-wbniv/.worktrees/teleport-audit/wfsource/source/game/actor.cc:1925:96: note: ‘#pragma message: Put assertions in PutMsg() so that no messages are being sent to StatPlat's’
 1925 | #pragma message( "Put assertions in PutMsg() so that no messages are being sent to StatPlat's" )
      |                                                                                                ^
[ 78%] Building CXX object CMakeFiles/wfengine.dir/wfsource/source/game/destroyer.cc.o
In file included from /home/will/WorldFoundry-wbniv/.worktrees/teleport-audit/wfsource/source/movement/movementobject.hpi:31,
                 from /home/will/WorldFoundry-wbniv/.worktrees/teleport-audit/wfsource/source/movement/movementobject.hp:117,
                 from /home/will/WorldFoundry-wbniv/.worktrees/teleport-audit/wfsource/source/movement/movement.hp:37,
                 from /home/will/WorldFoundry-wbniv/.worktrees/teleport-audit/wfsource/source/game/camera.cc:28:
/home/will/WorldFoundry-wbniv/.worktrees/teleport-audit/wfsource/source/oas/movement.h:31:74: note: ‘#pragma message: Is there an automatic way to create this enum from oas?’
   31 | #pragma message("Is there an automatic way to create this enum from oas?")
      |                                                                          ^
/home/will/WorldFoundry-wbniv/.worktrees/teleport-audit/wfsource/source/movement/movementobject.hpi: In constructor ‘MovementObject::MovementObject(const SObjectStartupData*, const void*, const CommonBlock&, const Clock&)’:
/home/will/WorldFoundry-wbniv/.worktrees/teleport-audit/wfsource/source/movement/movementobject.hpi:54:114: note: ‘#pragma message: kts fix: pathed objects get their position set in game/actor.cc since we cant do it here (yet)’
   54 | #pragma message ("kts fix: pathed objects get their position set in game/actor.cc since we cant do it here (yet)")
      |                                                                                                                  ^
In file included from /home/will/WorldFoundry-wbniv/.worktrees/teleport-audit/wfsource/source/gfx/viewport.hp:103,
                 from /home/will/WorldFoundry-wbniv/.worktrees/teleport-audit/wfsource/source/gfx/camera.hp:35,
                 from /home/will/WorldFoundry-wbniv/.worktrees/teleport-audit/wfsource/source/renderassets/rendacto.hp:47,
                 from /home/will/WorldFoundry-wbniv/.worktrees/teleport-audit/wfsource/source/game/camera.hp:29,
                 from /home/will/WorldFoundry-wbniv/.worktrees/teleport-audit/wfsource/source/game/camera.cc:30:
/home/will/WorldFoundry-wbniv/.worktrees/teleport-audit/wfsource/source/gfx/viewport.hpi: In member function ‘void ViewPort::Render()’:
/home/will/WorldFoundry-wbniv/.worktrees/teleport-audit/wfsource/source/gfx/viewport.hpi:114:67: note: ‘#pragma message: KTS /home/will/WorldFoundry-wbniv/.worktrees/teleport-audit/wfsource/source/gfx/viewport.hpi: write viewport gl render code’
  114 | #pragma message ("KTS " __FILE__ ": write viewport gl render code")
      |                                                                   ^
In file included from /home/will/WorldFoundry-wbniv/.worktrees/teleport-audit/wfsource/source/gfx/face.hp:67,
                 from /home/will/WorldFoundry-wbniv/.worktrees/teleport-audit/wfsource/source/gfx/rendobj3.hp:39,
                 from /home/will/WorldFoundry-wbniv/.worktrees/teleport-audit/wfsource/source/gfx/camera.hp:36:
/home/will/WorldFoundry-wbniv/.worktrees/teleport-audit/wfsource/source/gfx/face.hpi: At global scope:
/home/will/WorldFoundry-wbniv/.worktrees/teleport-audit/wfsource/source/gfx/face.hpi:26:71: note: ‘#pragma message: KTS /home/will/WorldFoundry-wbniv/.worktrees/teleport-audit/wfsource/source/gfx/face.hpi: move this into the math directory’
   26 | #pragma message ("KTS " __FILE__ ": move this into the math directory")
      |                                                                       ^
In file included from /home/will/WorldFoundry-wbniv/.worktrees/teleport-audit/wfsource/source/gfx/rendobj3.hp:44:
/home/will/WorldFoundry-wbniv/.worktrees/teleport-audit/wfsource/source/gfx/handle.hp:12:73: note: ‘#pragma message: WBN: merge various ID/FOURCC classes into single one’
   12 | #pragma message( "WBN: merge various ID/FOURCC classes into single one" )
      |                                                                         ^
In file included from /home/will/WorldFoundry-wbniv/.worktrees/teleport-audit/wfsource/source/gfx/rendobj3.hp:45:
/home/will/WorldFoundry-wbniv/.worktrees/teleport-audit/wfsource/source/gfx/material.hp:194:135: note: ‘#pragma message: /home/will/WorldFoundry-wbniv/.worktrees/teleport-audit/wfsource/source/gfx/material.hp KTS: MAX_RENDERERS hard coded to 8 to prevent cyclic dependencies, consider moving renderers into Material’
  194 | #pragma message(__FILE__ " KTS: MAX_RENDERERS hard coded to 8 to prevent cyclic dependencies, consider moving renderers into Material")
      |                                                                                                                                       ^
In file included from /home/will/WorldFoundry-wbniv/.worktrees/teleport-audit/wfsource/source/renderassets/rendacto.hp:54:
/home/will/WorldFoundry-wbniv/.worktrees/teleport-audit/wfsource/source/asset/assets.hp:130:94: note: ‘#pragma message: KTS /home/will/WorldFoundry-wbniv/.worktrees/teleport-audit/wfsource/source/asset/assets.hp: can only have 1024 assets until this kludge is removed ’
  130 |  #pragma message ("KTS " __FILE__ ": can only have 1024 assets until this kludge is removed ")
      |                                                                                              ^
In file included from /home/will/WorldFoundry-wbniv/.worktrees/teleport-audit/wfsource/source/game/camera.hp:32:
/home/will/WorldFoundry-wbniv/.worktrees/teleport-audit/wfsource/source/game/actor.hp:254:105: note: ‘#pragma message: /home/will/WorldFoundry-wbniv/.worktrees/teleport-audit/wfsource/source/game/actor.hp: I guess I should make protected accessor functions for these data members’
  254 | #pragma message( __FILE__ ": I guess I should make protected accessor functions for these data members" )
      |                                                                                                         ^
In file included from /home/will/WorldFoundry-wbniv/.worktrees/teleport-audit/wfsource/source/game/camera.cc:32:
/home/will/WorldFoundry-wbniv/.worktrees/teleport-audit/wfsource/source/game/level.hp:245:58: note: ‘#pragma message: /home/will/WorldFoundry-wbniv/.worktrees/teleport-audit/wfsource/source/game/level.hp: remove _idealMainCharacter’
  245 | #pragma message( __FILE__ ": remove _idealMainCharacter" )
      |                                                          ^
In file included from /home/will/WorldFoundry-wbniv/.worktrees/teleport-audit/wfsource/source/game/level.hp:52,
                 from /home/will/WorldFoundry-wbniv/.worktrees/teleport-audit/wfsource/source/game/camshot.hp:44,
                 from /home/will/WorldFoundry-wbniv/.worktrees/teleport-audit/wfsource/source/game/camshot.cc:38:
/home/will/WorldFoundry-wbniv/.worktrees/teleport-audit/wfsource/source/asset/assets.hp:130:94: note: ‘#pragma message: KTS /home/will/WorldFoundry-wbniv/.worktrees/teleport-audit/wfsource/source/asset/assets.hp: can only have 1024 assets until this kludge is removed ’
  130 |  #pragma message ("KTS " __FILE__ ": can only have 1024 assets until this kludge is removed ")
      |                                                                                              ^
/home/will/WorldFoundry-wbniv/.worktrees/teleport-audit/wfsource/source/game/camera.cc: In member function ‘const bool Camera::ValidView() const’:
/home/will/WorldFoundry-wbniv/.worktrees/teleport-audit/wfsource/source/game/camera.cc:114:97: note: ‘#pragma message: KTS: assuming camera always runs something derived from CameraMovementHandler’
  114 | #pragma message ("KTS: assuming camera always runs something derived from CameraMovementHandler")
      |                                                                                                 ^
In file included from /home/will/WorldFoundry-wbniv/.worktrees/teleport-audit/wfsource/source/gfx/viewport.hp:103,
                 from /home/will/WorldFoundry-wbniv/.worktrees/teleport-audit/wfsource/source/game/level.hp:57:
/home/will/WorldFoundry-wbniv/.worktrees/teleport-audit/wfsource/source/gfx/viewport.hpi: In member function ‘void ViewPort::Render()’:
/home/will/WorldFoundry-wbniv/.worktrees/teleport-audit/wfsource/source/gfx/viewport.hpi:114:67: note: ‘#pragma message: KTS /home/will/WorldFoundry-wbniv/.worktrees/teleport-audit/wfsource/source/gfx/viewport.hpi: write viewport gl render code’
  114 | #pragma message ("KTS " __FILE__ ": write viewport gl render code")
      |                                                                   ^
In file included from /home/will/WorldFoundry-wbniv/.worktrees/teleport-audit/wfsource/source/gfx/rendmatt.hp:32,
                 from /home/will/WorldFoundry-wbniv/.worktrees/teleport-audit/wfsource/source/game/level.hp:58:
/home/will/WorldFoundry-wbniv/.worktrees/teleport-audit/wfsource/source/gfx/material.hp: At global scope:
/home/will/WorldFoundry-wbniv/.worktrees/teleport-audit/wfsource/source/gfx/material.hp:194:135: note: ‘#pragma message: /home/will/WorldFoundry-wbniv/.worktrees/teleport-audit/wfsource/source/gfx/material.hp KTS: MAX_RENDERERS hard coded to 8 to prevent cyclic dependencies, consider moving renderers into Material’
  194 | #pragma message(__FILE__ " KTS: MAX_RENDERERS hard coded to 8 to prevent cyclic dependencies, consider moving renderers into Material")
      |                                                                                                                                       ^
In file included from /home/will/WorldFoundry-wbniv/.worktrees/teleport-audit/wfsource/source/gfx/face.hp:67,
                 from /home/will/WorldFoundry-wbniv/.worktrees/teleport-audit/wfsource/source/gfx/rendobj3.hp:39,
                 from /home/will/WorldFoundry-wbniv/.worktrees/teleport-audit/wfsource/source/gfx/material.hpi:26,
                 from /home/will/WorldFoundry-wbniv/.worktrees/teleport-audit/wfsource/source/gfx/material.hp:201:
/home/will/WorldFoundry-wbniv/.worktrees/teleport-audit/wfsource/source/gfx/face.hpi:26:71: note: ‘#pragma message: KTS /home/will/WorldFoundry-wbniv/.worktrees/teleport-audit/wfsource/source/gfx/face.hpi: move this into the math directory’
   26 | #pragma message ("KTS " __FILE__ ": move this into the math directory")
      |                                                                       ^
In file included from /home/will/WorldFoundry-wbniv/.worktrees/teleport-audit/wfsource/source/gfx/rendobj3.hp:44:
/home/will/WorldFoundry-wbniv/.worktrees/teleport-audit/wfsource/source/gfx/handle.hp:12:73: note: ‘#pragma message: WBN: merge various ID/FOURCC classes into single one’
   12 | #pragma message( "WBN: merge various ID/FOURCC classes into single one" )
      |                                                                         ^
In file included from /home/will/WorldFoundry-wbniv/.worktrees/teleport-audit/wfsource/source/movement/movementobject.hpi:31,
                 from /home/will/WorldFoundry-wbniv/.worktrees/teleport-audit/wfsource/source/movement/movementobject.hp:117,
                 from /home/will/WorldFoundry-wbniv/.worktrees/teleport-audit/wfsource/source/game/actor.hp:37,
                 from /home/will/WorldFoundry-wbniv/.worktrees/teleport-audit/wfsource/source/game/destroyer.hp:43,
                 from /home/will/WorldFoundry-wbniv/.worktrees/teleport-audit/wfsource/source/game/destroyer.cc:40:
/home/will/WorldFoundry-wbniv/.worktrees/teleport-audit/wfsource/source/oas/movement.h:31:74: note: ‘#pragma message: Is there an automatic way to create this enum from oas?’
   31 | #pragma message("Is there an automatic way to create this enum from oas?")
      |                                                                          ^
/home/will/WorldFoundry-wbniv/.worktrees/teleport-audit/wfsource/source/movement/movementobject.hpi: In constructor ‘MovementObject::MovementObject(const SObjectStartupData*, const void*, const CommonBlock&, const Clock&)’:
/home/will/WorldFoundry-wbniv/.worktrees/teleport-audit/wfsource/source/movement/movementobject.hpi:54:114: note: ‘#pragma message: kts fix: pathed objects get their position set in game/actor.cc since we cant do it here (yet)’
   54 | #pragma message ("kts fix: pathed objects get their position set in game/actor.cc since we cant do it here (yet)")
      |                                                                                                                  ^
In file included from /home/will/WorldFoundry-wbniv/.worktrees/teleport-audit/wfsource/source/movement/movementobject.hpi:31,
                 from /home/will/WorldFoundry-wbniv/.worktrees/teleport-audit/wfsource/source/movement/movementobject.hp:117,
                 from /home/will/WorldFoundry-wbniv/.worktrees/teleport-audit/wfsource/source/game/actor.hp:37,
                 from /home/will/WorldFoundry-wbniv/.worktrees/teleport-audit/wfsource/source/game/level.hp:65:
/home/will/WorldFoundry-wbniv/.worktrees/teleport-audit/wfsource/source/oas/movement.h:31:74: note: ‘#pragma message: Is there an automatic way to create this enum from oas?’
   31 | #pragma message("Is there an automatic way to create this enum from oas?")
      |                                                                          ^
/home/will/WorldFoundry-wbniv/.worktrees/teleport-audit/wfsource/source/movement/movementobject.hpi: In constructor ‘MovementObject::MovementObject(const SObjectStartupData*, const void*, const CommonBlock&, const Clock&)’:
/home/will/WorldFoundry-wbniv/.worktrees/teleport-audit/wfsource/source/movement/movementobject.hpi:54:114: note: ‘#pragma message: kts fix: pathed objects get their position set in game/actor.cc since we cant do it here (yet)’
   54 | #pragma message ("kts fix: pathed objects get their position set in game/actor.cc since we cant do it here (yet)")
      |                                                                                                                  ^
/home/will/WorldFoundry-wbniv/.worktrees/teleport-audit/wfsource/source/game/actor.hp: At global scope:
/home/will/WorldFoundry-wbniv/.worktrees/teleport-audit/wfsource/source/game/actor.hp:254:105: note: ‘#pragma message: /home/will/WorldFoundry-wbniv/.worktrees/teleport-audit/wfsource/source/game/actor.hp: I guess I should make protected accessor functions for these data members’
  254 | #pragma message( __FILE__ ": I guess I should make protected accessor functions for these data members" )
      |                                                                                                         ^
In file included from /home/will/WorldFoundry-wbniv/.worktrees/teleport-audit/wfsource/source/gfx/viewport.hp:103,
                 from /home/will/WorldFoundry-wbniv/.worktrees/teleport-audit/wfsource/source/gfx/camera.hp:35,
                 from /home/will/WorldFoundry-wbniv/.worktrees/teleport-audit/wfsource/source/renderassets/rendacto.hp:47,
                 from /home/will/WorldFoundry-wbniv/.worktrees/teleport-audit/wfsource/source/game/actor.hp:51:
/home/will/WorldFoundry-wbniv/.worktrees/teleport-audit/wfsource/source/gfx/viewport.hpi: In member function ‘void ViewPort::Render()’:
/home/will/WorldFoundry-wbniv/.worktrees/teleport-audit/wfsource/source/gfx/viewport.hpi:114:67: note: ‘#pragma message: KTS /home/will/WorldFoundry-wbniv/.worktrees/teleport-audit/wfsource/source/gfx/viewport.hpi: write viewport gl render code’
  114 | #pragma message ("KTS " __FILE__ ": write viewport gl render code")
      |                                                                   ^
In file included from /home/will/WorldFoundry-wbniv/.worktrees/teleport-audit/wfsource/source/gfx/face.hp:67,
                 from /home/will/WorldFoundry-wbniv/.worktrees/teleport-audit/wfsource/source/gfx/rendobj3.hp:39,
                 from /home/will/WorldFoundry-wbniv/.worktrees/teleport-audit/wfsource/source/gfx/camera.hp:36:
/home/will/WorldFoundry-wbniv/.worktrees/teleport-audit/wfsource/source/gfx/face.hpi: At global scope:
/home/will/WorldFoundry-wbniv/.worktrees/teleport-audit/wfsource/source/gfx/face.hpi:26:71: note: ‘#pragma message: KTS /home/will/WorldFoundry-wbniv/.worktrees/teleport-audit/wfsource/source/gfx/face.hpi: move this into the math directory’
   26 | #pragma message ("KTS " __FILE__ ": move this into the math directory")
      |                                                                       ^
In file included from /home/will/WorldFoundry-wbniv/.worktrees/teleport-audit/wfsource/source/gfx/rendobj3.hp:44:
/home/will/WorldFoundry-wbniv/.worktrees/teleport-audit/wfsource/source/gfx/handle.hp:12:73: note: ‘#pragma message: WBN: merge various ID/FOURCC classes into single one’
   12 | #pragma message( "WBN: merge various ID/FOURCC classes into single one" )
      |                                                                         ^
In file included from /home/will/WorldFoundry-wbniv/.worktrees/teleport-audit/wfsource/source/gfx/rendobj3.hp:45:
/home/will/WorldFoundry-wbniv/.worktrees/teleport-audit/wfsource/source/gfx/material.hp:194:135: note: ‘#pragma message: /home/will/WorldFoundry-wbniv/.worktrees/teleport-audit/wfsource/source/gfx/material.hp KTS: MAX_RENDERERS hard coded to 8 to prevent cyclic dependencies, consider moving renderers into Material’
  194 | #pragma message(__FILE__ " KTS: MAX_RENDERERS hard coded to 8 to prevent cyclic dependencies, consider moving renderers into Material")
      |                                                                                                                                       ^
In file included from /home/will/WorldFoundry-wbniv/.worktrees/teleport-audit/wfsource/source/renderassets/rendacto.hp:54:
/home/will/WorldFoundry-wbniv/.worktrees/teleport-audit/wfsource/source/asset/assets.hp:130:94: note: ‘#pragma message: KTS /home/will/WorldFoundry-wbniv/.worktrees/teleport-audit/wfsource/source/asset/assets.hp: can only have 1024 assets until this kludge is removed ’
  130 |  #pragma message ("KTS " __FILE__ ": can only have 1024 assets until this kludge is removed ")
      |                                                                                              ^
[ 78%] Building CXX object CMakeFiles/wfengine.dir/wfsource/source/game/dir.cc.o
/home/will/WorldFoundry-wbniv/.worktrees/teleport-audit/wfsource/source/game/level.hp:245:58: note: ‘#pragma message: /home/will/WorldFoundry-wbniv/.worktrees/teleport-audit/wfsource/source/game/level.hp: remove _idealMainCharacter’
  245 | #pragma message( __FILE__ ": remove _idealMainCharacter" )
      |                                                          ^
/home/will/WorldFoundry-wbniv/.worktrees/teleport-audit/wfsource/source/game/actor.hp:254:105: note: ‘#pragma message: /home/will/WorldFoundry-wbniv/.worktrees/teleport-audit/wfsource/source/game/actor.hp: I guess I should make protected accessor functions for these data members’
  254 | #pragma message( __FILE__ ": I guess I should make protected accessor functions for these data members" )
      |                                                                                                         ^
[ 80%] Building CXX object CMakeFiles/wfengine.dir/wfsource/source/game/director.cc.o
In file included from /home/will/WorldFoundry-wbniv/.worktrees/teleport-audit/wfsource/source/game/destroyer.cc:44:
/home/will/WorldFoundry-wbniv/.worktrees/teleport-audit/wfsource/source/game/level.hp:245:58: note: ‘#pragma message: /home/will/WorldFoundry-wbniv/.worktrees/teleport-audit/wfsource/source/game/level.hp: remove _idealMainCharacter’
  245 | #pragma message( __FILE__ ": remove _idealMainCharacter" )
      |                                                          ^
[ 80%] Building CXX object CMakeFiles/wfengine.dir/wfsource/source/game/enemy.cc.o
[ 80%] Building CXX object CMakeFiles/wfengine.dir/wfsource/source/game/explode.cc.o
In file included from /home/will/WorldFoundry-wbniv/.worktrees/teleport-audit/wfsource/source/movement/movementobject.hpi:31,
                 from /home/will/WorldFoundry-wbniv/.worktrees/teleport-audit/wfsource/source/movement/movementobject.hp:117,
                 from /home/will/WorldFoundry-wbniv/.worktrees/teleport-audit/wfsource/source/game/actor.hp:37,
                 from /home/will/WorldFoundry-wbniv/.worktrees/teleport-audit/wfsource/source/game/dir.hp:12,
                 from /home/will/WorldFoundry-wbniv/.worktrees/teleport-audit/wfsource/source/game/dir.cc:7:
/home/will/WorldFoundry-wbniv/.worktrees/teleport-audit/wfsource/source/oas/movement.h:31:74: note: ‘#pragma message: Is there an automatic way to create this enum from oas?’
   31 | #pragma message("Is there an automatic way to create this enum from oas?")
      |                                                                          ^
/home/will/WorldFoundry-wbniv/.worktrees/teleport-audit/wfsource/source/movement/movementobject.hpi: In constructor ‘MovementObject::MovementObject(const SObjectStartupData*, const void*, const CommonBlock&, const Clock&)’:
/home/will/WorldFoundry-wbniv/.worktrees/teleport-audit/wfsource/source/movement/movementobject.hpi:54:114: note: ‘#pragma message: kts fix: pathed objects get their position set in game/actor.cc since we cant do it here (yet)’
   54 | #pragma message ("kts fix: pathed objects get their position set in game/actor.cc since we cant do it here (yet)")
      |                                                                                                                  ^
In file included from /home/will/WorldFoundry-wbniv/.worktrees/teleport-audit/wfsource/source/movement/movementobject.hpi:31,
                 from /home/will/WorldFoundry-wbniv/.worktrees/teleport-audit/wfsource/source/movement/movementobject.hp:117,
                 from /home/will/WorldFoundry-wbniv/.worktrees/teleport-audit/wfsource/source/game/actor.hp:37,
                 from /home/will/WorldFoundry-wbniv/.worktrees/teleport-audit/wfsource/source/game/director.hp:43,
                 from /home/will/WorldFoundry-wbniv/.worktrees/teleport-audit/wfsource/source/game/director.cc:37:
/home/will/WorldFoundry-wbniv/.worktrees/teleport-audit/wfsource/source/oas/movement.h:31:74: note: ‘#pragma message: Is there an automatic way to create this enum from oas?’
   31 | #pragma message("Is there an automatic way to create this enum from oas?")
      |                                                                          ^
/home/will/WorldFoundry-wbniv/.worktrees/teleport-audit/wfsource/source/movement/movementobject.hpi: In constructor ‘MovementObject::MovementObject(const SObjectStartupData*, const void*, const CommonBlock&, const Clock&)’:
/home/will/WorldFoundry-wbniv/.worktrees/teleport-audit/wfsource/source/movement/movementobject.hpi:54:114: note: ‘#pragma message: kts fix: pathed objects get their position set in game/actor.cc since we cant do it here (yet)’
   54 | #pragma message ("kts fix: pathed objects get their position set in game/actor.cc since we cant do it here (yet)")
      |                                                                                                                  ^
In file included from /home/will/WorldFoundry-wbniv/.worktrees/teleport-audit/wfsource/source/gfx/viewport.hp:103,
                 from /home/will/WorldFoundry-wbniv/.worktrees/teleport-audit/wfsource/source/gfx/camera.hp:35,
                 from /home/will/WorldFoundry-wbniv/.worktrees/teleport-audit/wfsource/source/renderassets/rendacto.hp:47,
                 from /home/will/WorldFoundry-wbniv/.worktrees/teleport-audit/wfsource/source/game/actor.hp:51:
/home/will/WorldFoundry-wbniv/.worktrees/teleport-audit/wfsource/source/gfx/viewport.hpi: In member function ‘void ViewPort::Render()’:
/home/will/WorldFoundry-wbniv/.worktrees/teleport-audit/wfsource/source/gfx/viewport.hpi:114:67: note: ‘#pragma message: KTS /home/will/WorldFoundry-wbniv/.worktrees/teleport-audit/wfsource/source/gfx/viewport.hpi: write viewport gl render code’
  114 | #pragma message ("KTS " __FILE__ ": write viewport gl render code")
      |                                                                   ^
In file included from /home/will/WorldFoundry-wbniv/.worktrees/teleport-audit/wfsource/source/gfx/face.hp:67,
                 from /home/will/WorldFoundry-wbniv/.worktrees/teleport-audit/wfsource/source/gfx/rendobj3.hp:39,
                 from /home/will/WorldFoundry-wbniv/.worktrees/teleport-audit/wfsource/source/gfx/camera.hp:36:
/home/will/WorldFoundry-wbniv/.worktrees/teleport-audit/wfsource/source/gfx/face.hpi: At global scope:
/home/will/WorldFoundry-wbniv/.worktrees/teleport-audit/wfsource/source/gfx/face.hpi:26:71: note: ‘#pragma message: KTS /home/will/WorldFoundry-wbniv/.worktrees/teleport-audit/wfsource/source/gfx/face.hpi: move this into the math directory’
   26 | #pragma message ("KTS " __FILE__ ": move this into the math directory")
      |                                                                       ^
In file included from /home/will/WorldFoundry-wbniv/.worktrees/teleport-audit/wfsource/source/gfx/rendobj3.hp:44:
/home/will/WorldFoundry-wbniv/.worktrees/teleport-audit/wfsource/source/gfx/handle.hp:12:73: note: ‘#pragma message: WBN: merge various ID/FOURCC classes into single one’
   12 | #pragma message( "WBN: merge various ID/FOURCC classes into single one" )
      |                                                                         ^
In file included from /home/will/WorldFoundry-wbniv/.worktrees/teleport-audit/wfsource/source/gfx/rendobj3.hp:45:
/home/will/WorldFoundry-wbniv/.worktrees/teleport-audit/wfsource/source/gfx/material.hp:194:135: note: ‘#pragma message: /home/will/WorldFoundry-wbniv/.worktrees/teleport-audit/wfsource/source/gfx/material.hp KTS: MAX_RENDERERS hard coded to 8 to prevent cyclic dependencies, consider moving renderers into Material’
  194 | #pragma message(__FILE__ " KTS: MAX_RENDERERS hard coded to 8 to prevent cyclic dependencies, consider moving renderers into Material")
      |                                                                                                                                       ^
In file included from /home/will/WorldFoundry-wbniv/.worktrees/teleport-audit/wfsource/source/renderassets/rendacto.hp:54:
/home/will/WorldFoundry-wbniv/.worktrees/teleport-audit/wfsource/source/asset/assets.hp:130:94: note: ‘#pragma message: KTS /home/will/WorldFoundry-wbniv/.worktrees/teleport-audit/wfsource/source/asset/assets.hp: can only have 1024 assets until this kludge is removed ’
  130 |  #pragma message ("KTS " __FILE__ ": can only have 1024 assets until this kludge is removed ")
      |                                                                                              ^
/home/will/WorldFoundry-wbniv/.worktrees/teleport-audit/wfsource/source/game/actor.hp:254:105: note: ‘#pragma message: /home/will/WorldFoundry-wbniv/.worktrees/teleport-audit/wfsource/source/game/actor.hp: I guess I should make protected accessor functions for these data members’
  254 | #pragma message( __FILE__ ": I guess I should make protected accessor functions for these data members" )
      |                                                                                                         ^
In file included from /home/will/WorldFoundry-wbniv/.worktrees/teleport-audit/wfsource/source/movement/movementobject.hpi:31,
                 from /home/will/WorldFoundry-wbniv/.worktrees/teleport-audit/wfsource/source/movement/movementobject.hp:117,
                 from /home/will/WorldFoundry-wbniv/.worktrees/teleport-audit/wfsource/source/game/actor.hp:37,
                 from /home/will/WorldFoundry-wbniv/.worktrees/teleport-audit/wfsource/source/game/enemy.cc:37:
/home/will/WorldFoundry-wbniv/.worktrees/teleport-audit/wfsource/source/oas/movement.h:31:74: note: ‘#pragma message: Is there an automatic way to create this enum from oas?’
   31 | #pragma message("Is there an automatic way to create this enum from oas?")
      |                                                                          ^
/home/will/WorldFoundry-wbniv/.worktrees/teleport-audit/wfsource/source/movement/movementobject.hpi: In constructor ‘MovementObject::MovementObject(const SObjectStartupData*, const void*, const CommonBlock&, const Clock&)’:
/home/will/WorldFoundry-wbniv/.worktrees/teleport-audit/wfsource/source/movement/movementobject.hpi:54:114: note: ‘#pragma message: kts fix: pathed objects get their position set in game/actor.cc since we cant do it here (yet)’
   54 | #pragma message ("kts fix: pathed objects get their position set in game/actor.cc since we cant do it here (yet)")
      |                                                                                                                  ^
In file included from /home/will/WorldFoundry-wbniv/.worktrees/teleport-audit/wfsource/source/gfx/viewport.hp:103,
                 from /home/will/WorldFoundry-wbniv/.worktrees/teleport-audit/wfsource/source/gfx/camera.hp:35,
                 from /home/will/WorldFoundry-wbniv/.worktrees/teleport-audit/wfsource/source/renderassets/rendacto.hp:47,
                 from /home/will/WorldFoundry-wbniv/.worktrees/teleport-audit/wfsource/source/game/actor.hp:51:
/home/will/WorldFoundry-wbniv/.worktrees/teleport-audit/wfsource/source/gfx/viewport.hpi: In member function ‘void ViewPort::Render()’:
/home/will/WorldFoundry-wbniv/.worktrees/teleport-audit/wfsource/source/gfx/viewport.hpi:114:67: note: ‘#pragma message: KTS /home/will/WorldFoundry-wbniv/.worktrees/teleport-audit/wfsource/source/gfx/viewport.hpi: write viewport gl render code’
  114 | #pragma message ("KTS " __FILE__ ": write viewport gl render code")
      |                                                                   ^
In file included from /home/will/WorldFoundry-wbniv/.worktrees/teleport-audit/wfsource/source/gfx/face.hp:67,
                 from /home/will/WorldFoundry-wbniv/.worktrees/teleport-audit/wfsource/source/gfx/rendobj3.hp:39,
                 from /home/will/WorldFoundry-wbniv/.worktrees/teleport-audit/wfsource/source/gfx/camera.hp:36:
/home/will/WorldFoundry-wbniv/.worktrees/teleport-audit/wfsource/source/gfx/face.hpi: At global scope:
/home/will/WorldFoundry-wbniv/.worktrees/teleport-audit/wfsource/source/gfx/face.hpi:26:71: note: ‘#pragma message: KTS /home/will/WorldFoundry-wbniv/.worktrees/teleport-audit/wfsource/source/gfx/face.hpi: move this into the math directory’
   26 | #pragma message ("KTS " __FILE__ ": move this into the math directory")
      |                                                                       ^
In file included from /home/will/WorldFoundry-wbniv/.worktrees/teleport-audit/wfsource/source/gfx/rendobj3.hp:44:
/home/will/WorldFoundry-wbniv/.worktrees/teleport-audit/wfsource/source/gfx/handle.hp:12:73: note: ‘#pragma message: WBN: merge various ID/FOURCC classes into single one’
   12 | #pragma message( "WBN: merge various ID/FOURCC classes into single one" )
      |                                                                         ^
In file included from /home/will/WorldFoundry-wbniv/.worktrees/teleport-audit/wfsource/source/gfx/rendobj3.hp:45:
/home/will/WorldFoundry-wbniv/.worktrees/teleport-audit/wfsource/source/gfx/material.hp:194:135: note: ‘#pragma message: /home/will/WorldFoundry-wbniv/.worktrees/teleport-audit/wfsource/source/gfx/material.hp KTS: MAX_RENDERERS hard coded to 8 to prevent cyclic dependencies, consider moving renderers into Material’
  194 | #pragma message(__FILE__ " KTS: MAX_RENDERERS hard coded to 8 to prevent cyclic dependencies, consider moving renderers into Material")
      |                                                                                                                                       ^
In file included from /home/will/WorldFoundry-wbniv/.worktrees/teleport-audit/wfsource/source/renderassets/rendacto.hp:54:
/home/will/WorldFoundry-wbniv/.worktrees/teleport-audit/wfsource/source/asset/assets.hp:130:94: note: ‘#pragma message: KTS /home/will/WorldFoundry-wbniv/.worktrees/teleport-audit/wfsource/source/asset/assets.hp: can only have 1024 assets until this kludge is removed ’
  130 |  #pragma message ("KTS " __FILE__ ": can only have 1024 assets until this kludge is removed ")
      |                                                                                              ^
/home/will/WorldFoundry-wbniv/.worktrees/teleport-audit/wfsource/source/game/actor.hp:254:105: note: ‘#pragma message: /home/will/WorldFoundry-wbniv/.worktrees/teleport-audit/wfsource/source/game/actor.hp: I guess I should make protected accessor functions for these data members’
  254 | #pragma message( __FILE__ ": I guess I should make protected accessor functions for these data members" )
      |                                                                                                         ^
In file included from /home/will/WorldFoundry-wbniv/.worktrees/teleport-audit/wfsource/source/gfx/viewport.hp:103,
                 from /home/will/WorldFoundry-wbniv/.worktrees/teleport-audit/wfsource/source/gfx/camera.hp:35,
                 from /home/will/WorldFoundry-wbniv/.worktrees/teleport-audit/wfsource/source/renderassets/rendacto.hp:47,
                 from /home/will/WorldFoundry-wbniv/.worktrees/teleport-audit/wfsource/source/game/actor.hp:51:
/home/will/WorldFoundry-wbniv/.worktrees/teleport-audit/wfsource/source/gfx/viewport.hpi: In member function ‘void ViewPort::Render()’:
/home/will/WorldFoundry-wbniv/.worktrees/teleport-audit/wfsource/source/gfx/viewport.hpi:114:67: note: ‘#pragma message: KTS /home/will/WorldFoundry-wbniv/.worktrees/teleport-audit/wfsource/source/gfx/viewport.hpi: write viewport gl render code’
  114 | #pragma message ("KTS " __FILE__ ": write viewport gl render code")
      |                                                                   ^
In file included from /home/will/WorldFoundry-wbniv/.worktrees/teleport-audit/wfsource/source/gfx/face.hp:67,
                 from /home/will/WorldFoundry-wbniv/.worktrees/teleport-audit/wfsource/source/gfx/rendobj3.hp:39,
                 from /home/will/WorldFoundry-wbniv/.worktrees/teleport-audit/wfsource/source/gfx/camera.hp:36:
/home/will/WorldFoundry-wbniv/.worktrees/teleport-audit/wfsource/source/gfx/face.hpi: At global scope:
/home/will/WorldFoundry-wbniv/.worktrees/teleport-audit/wfsource/source/gfx/face.hpi:26:71: note: ‘#pragma message: KTS /home/will/WorldFoundry-wbniv/.worktrees/teleport-audit/wfsource/source/gfx/face.hpi: move this into the math directory’
   26 | #pragma message ("KTS " __FILE__ ": move this into the math directory")
      |                                                                       ^
In file included from /home/will/WorldFoundry-wbniv/.worktrees/teleport-audit/wfsource/source/gfx/rendobj3.hp:44:
/home/will/WorldFoundry-wbniv/.worktrees/teleport-audit/wfsource/source/gfx/handle.hp:12:73: note: ‘#pragma message: WBN: merge various ID/FOURCC classes into single one’
   12 | #pragma message( "WBN: merge various ID/FOURCC classes into single one" )
      |                                                                         ^
In file included from /home/will/WorldFoundry-wbniv/.worktrees/teleport-audit/wfsource/source/gfx/rendobj3.hp:45:
/home/will/WorldFoundry-wbniv/.worktrees/teleport-audit/wfsource/source/gfx/material.hp:194:135: note: ‘#pragma message: /home/will/WorldFoundry-wbniv/.worktrees/teleport-audit/wfsource/source/gfx/material.hp KTS: MAX_RENDERERS hard coded to 8 to prevent cyclic dependencies, consider moving renderers into Material’
  194 | #pragma message(__FILE__ " KTS: MAX_RENDERERS hard coded to 8 to prevent cyclic dependencies, consider moving renderers into Material")
      |                                                                                                                                       ^
In file included from /home/will/WorldFoundry-wbniv/.worktrees/teleport-audit/wfsource/source/renderassets/rendacto.hp:54:
/home/will/WorldFoundry-wbniv/.worktrees/teleport-audit/wfsource/source/asset/assets.hp:130:94: note: ‘#pragma message: KTS /home/will/WorldFoundry-wbniv/.worktrees/teleport-audit/wfsource/source/asset/assets.hp: can only have 1024 assets until this kludge is removed ’
  130 |  #pragma message ("KTS " __FILE__ ": can only have 1024 assets until this kludge is removed ")
      |                                                                                              ^
[ 80%] Building CXX object CMakeFiles/wfengine.dir/wfsource/source/game/file.cc.o
/home/will/WorldFoundry-wbniv/.worktrees/teleport-audit/wfsource/source/game/actor.hp:254:105: note: ‘#pragma message: /home/will/WorldFoundry-wbniv/.worktrees/teleport-audit/wfsource/source/game/actor.hp: I guess I should make protected accessor functions for these data members’
  254 | #pragma message( __FILE__ ": I guess I should make protected accessor functions for these data members" )
      |                                                                                                         ^
[ 81%] Building CXX object CMakeFiles/wfengine.dir/wfsource/source/game/fps_overlay.cc.o
In file included from /home/will/WorldFoundry-wbniv/.worktrees/teleport-audit/wfsource/source/game/level.hp:52,
                 from /home/will/WorldFoundry-wbniv/.worktrees/teleport-audit/wfsource/source/game/explode.cc:25:
/home/will/WorldFoundry-wbniv/.worktrees/teleport-audit/wfsource/source/asset/assets.hp:130:94: note: ‘#pragma message: KTS /home/will/WorldFoundry-wbniv/.worktrees/teleport-audit/wfsource/source/asset/assets.hp: can only have 1024 assets until this kludge is removed ’
  130 |  #pragma message ("KTS " __FILE__ ": can only have 1024 assets until this kludge is removed ")
      |                                                                                              ^
In file included from /home/will/WorldFoundry-wbniv/.worktrees/teleport-audit/wfsource/source/gfx/viewport.hp:103,
                 from /home/will/WorldFoundry-wbniv/.worktrees/teleport-audit/wfsource/source/game/level.hp:57:
/home/will/WorldFoundry-wbniv/.worktrees/teleport-audit/wfsource/source/gfx/viewport.hpi: In member function ‘void ViewPort::Render()’:
/home/will/WorldFoundry-wbniv/.worktrees/teleport-audit/wfsource/source/gfx/viewport.hpi:114:67: note: ‘#pragma message: KTS /home/will/WorldFoundry-wbniv/.worktrees/teleport-audit/wfsource/source/gfx/viewport.hpi: write viewport gl render code’
  114 | #pragma message ("KTS " __FILE__ ": write viewport gl render code")
      |                                                                   ^
In file included from /home/will/WorldFoundry-wbniv/.worktrees/teleport-audit/wfsource/source/gfx/rendmatt.hp:32,
                 from /home/will/WorldFoundry-wbniv/.worktrees/teleport-audit/wfsource/source/game/level.hp:58:
/home/will/WorldFoundry-wbniv/.worktrees/teleport-audit/wfsource/source/gfx/material.hp: At global scope:
/home/will/WorldFoundry-wbniv/.worktrees/teleport-audit/wfsource/source/gfx/material.hp:194:135: note: ‘#pragma message: /home/will/WorldFoundry-wbniv/.worktrees/teleport-audit/wfsource/source/gfx/material.hp KTS: MAX_RENDERERS hard coded to 8 to prevent cyclic dependencies, consider moving renderers into Material’
  194 | #pragma message(__FILE__ " KTS: MAX_RENDERERS hard coded to 8 to prevent cyclic dependencies, consider moving renderers into Material")
      |                                                                                                                                       ^
In file included from /home/will/WorldFoundry-wbniv/.worktrees/teleport-audit/wfsource/source/gfx/face.hp:67,
                 from /home/will/WorldFoundry-wbniv/.worktrees/teleport-audit/wfsource/source/gfx/rendobj3.hp:39,
                 from /home/will/WorldFoundry-wbniv/.worktrees/teleport-audit/wfsource/source/gfx/material.hpi:26,
                 from /home/will/WorldFoundry-wbniv/.worktrees/teleport-audit/wfsource/source/gfx/material.hp:201:
/home/will/WorldFoundry-wbniv/.worktrees/teleport-audit/wfsource/source/gfx/face.hpi:26:71: note: ‘#pragma message: KTS /home/will/WorldFoundry-wbniv/.worktrees/teleport-audit/wfsource/source/gfx/face.hpi: move this into the math directory’
   26 | #pragma message ("KTS " __FILE__ ": move this into the math directory")
      |                                                                       ^
In file included from /home/will/WorldFoundry-wbniv/.worktrees/teleport-audit/wfsource/source/gfx/rendobj3.hp:44:
/home/will/WorldFoundry-wbniv/.worktrees/teleport-audit/wfsource/source/gfx/handle.hp:12:73: note: ‘#pragma message: WBN: merge various ID/FOURCC classes into single one’
   12 | #pragma message( "WBN: merge various ID/FOURCC classes into single one" )
      |                                                                         ^
[ 81%] Building CXX object CMakeFiles/wfengine.dir/wfsource/source/game/game.cc.o
In file included from /home/will/WorldFoundry-wbniv/.worktrees/teleport-audit/wfsource/source/movement/movementobject.hpi:31,
                 from /home/will/WorldFoundry-wbniv/.worktrees/teleport-audit/wfsource/source/movement/movementobject.hp:117,
                 from /home/will/WorldFoundry-wbniv/.worktrees/teleport-audit/wfsource/source/game/actor.hp:37,
                 from /home/will/WorldFoundry-wbniv/.worktrees/teleport-audit/wfsource/source/game/level.hp:65:
/home/will/WorldFoundry-wbniv/.worktrees/teleport-audit/wfsource/source/oas/movement.h:31:74: note: ‘#pragma message: Is there an automatic way to create this enum from oas?’
   31 | #pragma message("Is there an automatic way to create this enum from oas?")
      |                                                                          ^
/home/will/WorldFoundry-wbniv/.worktrees/teleport-audit/wfsource/source/movement/movementobject.hpi: In constructor ‘MovementObject::MovementObject(const SObjectStartupData*, const void*, const CommonBlock&, const Clock&)’:
/home/will/WorldFoundry-wbniv/.worktrees/teleport-audit/wfsource/source/movement/movementobject.hpi:54:114: note: ‘#pragma message: kts fix: pathed objects get their position set in game/actor.cc since we cant do it here (yet)’
   54 | #pragma message ("kts fix: pathed objects get their position set in game/actor.cc since we cant do it here (yet)")
      |                                                                                                                  ^
/home/will/WorldFoundry-wbniv/.worktrees/teleport-audit/wfsource/source/game/actor.hp: At global scope:
/home/will/WorldFoundry-wbniv/.worktrees/teleport-audit/wfsource/source/game/actor.hp:254:105: note: ‘#pragma message: /home/will/WorldFoundry-wbniv/.worktrees/teleport-audit/wfsource/source/game/actor.hp: I guess I should make protected accessor functions for these data members’
  254 | #pragma message( __FILE__ ": I guess I should make protected accessor functions for these data members" )
      |                                                                                                         ^
/home/will/WorldFoundry-wbniv/.worktrees/teleport-audit/wfsource/source/game/level.hp:245:58: note: ‘#pragma message: /home/will/WorldFoundry-wbniv/.worktrees/teleport-audit/wfsource/source/game/level.hp: remove _idealMainCharacter’
  245 | #pragma message( __FILE__ ": remove _idealMainCharacter" )
      |                                                          ^
/home/will/WorldFoundry-wbniv/.worktrees/teleport-audit/wfsource/source/game/explode.cc: In member function ‘virtual void Explode::update()’:
/home/will/WorldFoundry-wbniv/.worktrees/teleport-audit/wfsource/source/game/explode.cc:84:81: note: ‘#pragma message: This isn't really a BR_SCALAR.  Scalar needs to be cleaned up.’
   84 | #pragma message("This isn't really a BR_SCALAR.  Scalar needs to be cleaned up.")
      |                                                                                 ^
/home/will/WorldFoundry-wbniv/.worktrees/teleport-audit/wfsource/source/game/explode.cc:97:79: note: ‘#pragma message: /home/will/WorldFoundry-wbniv/.worktrees/teleport-audit/wfsource/source/game/explode.cc: this is where a message would be sent to script’
   97 | #pragma message( __FILE__ ": this is where a message would be sent to script" )
      |                                                                               ^
[ 81%] Building CXX object CMakeFiles/wfengine.dir/wfsource/source/game/generator.cc.o
In file included from /home/will/WorldFoundry-wbniv/.worktrees/teleport-audit/wfsource/source/movement/movementobject.hpi:31,
                 from /home/will/WorldFoundry-wbniv/.worktrees/teleport-audit/wfsource/source/movement/movementobject.hp:117,
                 from /home/will/WorldFoundry-wbniv/.worktrees/teleport-audit/wfsource/source/game/actor.hp:37,
                 from /home/will/WorldFoundry-wbniv/.worktrees/teleport-audit/wfsource/source/game/file.hp:12,
                 from /home/will/WorldFoundry-wbniv/.worktrees/teleport-audit/wfsource/source/game/file.cc:7:
/home/will/WorldFoundry-wbniv/.worktrees/teleport-audit/wfsource/source/oas/movement.h:31:74: note: ‘#pragma message: Is there an automatic way to create this enum from oas?’
   31 | #pragma message("Is there an automatic way to create this enum from oas?")
      |                                                                          ^
/home/will/WorldFoundry-wbniv/.worktrees/teleport-audit/wfsource/source/movement/movementobject.hpi: In constructor ‘MovementObject::MovementObject(const SObjectStartupData*, const void*, const CommonBlock&, const Clock&)’:
/home/will/WorldFoundry-wbniv/.worktrees/teleport-audit/wfsource/source/movement/movementobject.hpi:54:114: note: ‘#pragma message: kts fix: pathed objects get their position set in game/actor.cc since we cant do it here (yet)’
   54 | #pragma message ("kts fix: pathed objects get their position set in game/actor.cc since we cant do it here (yet)")
      |                                                                                                                  ^
In file included from /home/will/WorldFoundry-wbniv/.worktrees/teleport-audit/wfsource/source/gfx/viewport.hp:103,
                 from /home/will/WorldFoundry-wbniv/.worktrees/teleport-audit/wfsource/source/gfx/camera.hp:35,
                 from /home/will/WorldFoundry-wbniv/.worktrees/teleport-audit/wfsource/source/renderassets/rendacto.hp:47,
                 from /home/will/WorldFoundry-wbniv/.worktrees/teleport-audit/wfsource/source/game/actor.hp:51:
/home/will/WorldFoundry-wbniv/.worktrees/teleport-audit/wfsource/source/gfx/viewport.hpi: In member function ‘void ViewPort::Render()’:
/home/will/WorldFoundry-wbniv/.worktrees/teleport-audit/wfsource/source/gfx/viewport.hpi:114:67: note: ‘#pragma message: KTS /home/will/WorldFoundry-wbniv/.worktrees/teleport-audit/wfsource/source/gfx/viewport.hpi: write viewport gl render code’
  114 | #pragma message ("KTS " __FILE__ ": write viewport gl render code")
      |                                                                   ^
In file included from /home/will/WorldFoundry-wbniv/.worktrees/teleport-audit/wfsource/source/gfx/face.hp:67,
                 from /home/will/WorldFoundry-wbniv/.worktrees/teleport-audit/wfsource/source/gfx/rendobj3.hp:39,
                 from /home/will/WorldFoundry-wbniv/.worktrees/teleport-audit/wfsource/source/gfx/camera.hp:36:
/home/will/WorldFoundry-wbniv/.worktrees/teleport-audit/wfsource/source/gfx/face.hpi: At global scope:
/home/will/WorldFoundry-wbniv/.worktrees/teleport-audit/wfsource/source/gfx/face.hpi:26:71: note: ‘#pragma message: KTS /home/will/WorldFoundry-wbniv/.worktrees/teleport-audit/wfsource/source/gfx/face.hpi: move this into the math directory’
   26 | #pragma message ("KTS " __FILE__ ": move this into the math directory")
      |                                                                       ^
In file included from /home/will/WorldFoundry-wbniv/.worktrees/teleport-audit/wfsource/source/gfx/rendobj3.hp:44:
/home/will/WorldFoundry-wbniv/.worktrees/teleport-audit/wfsource/source/gfx/handle.hp:12:73: note: ‘#pragma message: WBN: merge various ID/FOURCC classes into single one’
   12 | #pragma message( "WBN: merge various ID/FOURCC classes into single one" )
      |                                                                         ^
In file included from /home/will/WorldFoundry-wbniv/.worktrees/teleport-audit/wfsource/source/gfx/rendobj3.hp:45:
/home/will/WorldFoundry-wbniv/.worktrees/teleport-audit/wfsource/source/gfx/material.hp:194:135: note: ‘#pragma message: /home/will/WorldFoundry-wbniv/.worktrees/teleport-audit/wfsource/source/gfx/material.hp KTS: MAX_RENDERERS hard coded to 8 to prevent cyclic dependencies, consider moving renderers into Material’
  194 | #pragma message(__FILE__ " KTS: MAX_RENDERERS hard coded to 8 to prevent cyclic dependencies, consider moving renderers into Material")
      |                                                                                                                                       ^
In file included from /home/will/WorldFoundry-wbniv/.worktrees/teleport-audit/wfsource/source/renderassets/rendacto.hp:54:
/home/will/WorldFoundry-wbniv/.worktrees/teleport-audit/wfsource/source/asset/assets.hp:130:94: note: ‘#pragma message: KTS /home/will/WorldFoundry-wbniv/.worktrees/teleport-audit/wfsource/source/asset/assets.hp: can only have 1024 assets until this kludge is removed ’
  130 |  #pragma message ("KTS " __FILE__ ": can only have 1024 assets until this kludge is removed ")
      |                                                                                              ^
/home/will/WorldFoundry-wbniv/.worktrees/teleport-audit/wfsource/source/game/actor.hp:254:105: note: ‘#pragma message: /home/will/WorldFoundry-wbniv/.worktrees/teleport-audit/wfsource/source/game/actor.hp: I guess I should make protected accessor functions for these data members’
  254 | #pragma message( __FILE__ ": I guess I should make protected accessor functions for these data members" )
      |                                                                                                         ^
[ 82%] Building CXX object CMakeFiles/wfengine.dir/wfsource/source/game/gold.cc.o
[ 82%] Building CXX object CMakeFiles/wfengine.dir/wfsource/source/game/hscore.cc.o
In file included from /home/will/WorldFoundry-wbniv/.worktrees/teleport-audit/wfsource/source/game/level.hp:52,
                 from /home/will/WorldFoundry-wbniv/.worktrees/teleport-audit/wfsource/source/game/game.cc:32:
/home/will/WorldFoundry-wbniv/.worktrees/teleport-audit/wfsource/source/asset/assets.hp:130:94: note: ‘#pragma message: KTS /home/will/WorldFoundry-wbniv/.worktrees/teleport-audit/wfsource/source/asset/assets.hp: can only have 1024 assets until this kludge is removed ’
  130 |  #pragma message ("KTS " __FILE__ ": can only have 1024 assets until this kludge is removed ")
      |                                                                                              ^
In file included from /home/will/WorldFoundry-wbniv/.worktrees/teleport-audit/wfsource/source/gfx/viewport.hp:103,
                 from /home/will/WorldFoundry-wbniv/.worktrees/teleport-audit/wfsource/source/game/level.hp:57:
/home/will/WorldFoundry-wbniv/.worktrees/teleport-audit/wfsource/source/gfx/viewport.hpi: In member function ‘void ViewPort::Render()’:
/home/will/WorldFoundry-wbniv/.worktrees/teleport-audit/wfsource/source/gfx/viewport.hpi:114:67: note: ‘#pragma message: KTS /home/will/WorldFoundry-wbniv/.worktrees/teleport-audit/wfsource/source/gfx/viewport.hpi: write viewport gl render code’
  114 | #pragma message ("KTS " __FILE__ ": write viewport gl render code")
      |                                                                   ^
In file included from /home/will/WorldFoundry-wbniv/.worktrees/teleport-audit/wfsource/source/gfx/rendmatt.hp:32,
                 from /home/will/WorldFoundry-wbniv/.worktrees/teleport-audit/wfsource/source/game/level.hp:58:
/home/will/WorldFoundry-wbniv/.worktrees/teleport-audit/wfsource/source/gfx/material.hp: At global scope:
/home/will/WorldFoundry-wbniv/.worktrees/teleport-audit/wfsource/source/gfx/material.hp:194:135: note: ‘#pragma message: /home/will/WorldFoundry-wbniv/.worktrees/teleport-audit/wfsource/source/gfx/material.hp KTS: MAX_RENDERERS hard coded to 8 to prevent cyclic dependencies, consider moving renderers into Material’
  194 | #pragma message(__FILE__ " KTS: MAX_RENDERERS hard coded to 8 to prevent cyclic dependencies, consider moving renderers into Material")
      |                                                                                                                                       ^
In file included from /home/will/WorldFoundry-wbniv/.worktrees/teleport-audit/wfsource/source/gfx/face.hp:67,
                 from /home/will/WorldFoundry-wbniv/.worktrees/teleport-audit/wfsource/source/gfx/rendobj3.hp:39,
                 from /home/will/WorldFoundry-wbniv/.worktrees/teleport-audit/wfsource/source/gfx/material.hpi:26,
                 from /home/will/WorldFoundry-wbniv/.worktrees/teleport-audit/wfsource/source/gfx/material.hp:201:
/home/will/WorldFoundry-wbniv/.worktrees/teleport-audit/wfsource/source/gfx/face.hpi:26:71: note: ‘#pragma message: KTS /home/will/WorldFoundry-wbniv/.worktrees/teleport-audit/wfsource/source/gfx/face.hpi: move this into the math directory’
   26 | #pragma message ("KTS " __FILE__ ": move this into the math directory")
      |                                                                       ^
In file included from /home/will/WorldFoundry-wbniv/.worktrees/teleport-audit/wfsource/source/gfx/rendobj3.hp:44:
/home/will/WorldFoundry-wbniv/.worktrees/teleport-audit/wfsource/source/gfx/handle.hp:12:73: note: ‘#pragma message: WBN: merge various ID/FOURCC classes into single one’
   12 | #pragma message( "WBN: merge various ID/FOURCC classes into single one" )
      |                                                                         ^
In file included from /home/will/WorldFoundry-wbniv/.worktrees/teleport-audit/wfsource/source/movement/movementobject.hpi:31,
                 from /home/will/WorldFoundry-wbniv/.worktrees/teleport-audit/wfsource/source/movement/movementobject.hp:117,
                 from /home/will/WorldFoundry-wbniv/.worktrees/teleport-audit/wfsource/source/game/actor.hp:37,
                 from /home/will/WorldFoundry-wbniv/.worktrees/teleport-audit/wfsource/source/game/level.hp:65:
/home/will/WorldFoundry-wbniv/.worktrees/teleport-audit/wfsource/source/oas/movement.h:31:74: note: ‘#pragma message: Is there an automatic way to create this enum from oas?’
   31 | #pragma message("Is there an automatic way to create this enum from oas?")
      |                                                                          ^
/home/will/WorldFoundry-wbniv/.worktrees/teleport-audit/wfsource/source/movement/movementobject.hpi: In constructor ‘MovementObject::MovementObject(const SObjectStartupData*, const void*, const CommonBlock&, const Clock&)’:
/home/will/WorldFoundry-wbniv/.worktrees/teleport-audit/wfsource/source/movement/movementobject.hpi:54:114: note: ‘#pragma message: kts fix: pathed objects get their position set in game/actor.cc since we cant do it here (yet)’
   54 | #pragma message ("kts fix: pathed objects get their position set in game/actor.cc since we cant do it here (yet)")
      |                                                                                                                  ^
/home/will/WorldFoundry-wbniv/.worktrees/teleport-audit/wfsource/source/game/actor.hp: At global scope:
/home/will/WorldFoundry-wbniv/.worktrees/teleport-audit/wfsource/source/game/actor.hp:254:105: note: ‘#pragma message: /home/will/WorldFoundry-wbniv/.worktrees/teleport-audit/wfsource/source/game/actor.hp: I guess I should make protected accessor functions for these data members’
  254 | #pragma message( __FILE__ ": I guess I should make protected accessor functions for these data members" )
      |                                                                                                         ^
/home/will/WorldFoundry-wbniv/.worktrees/teleport-audit/wfsource/source/game/level.hp:245:58: note: ‘#pragma message: /home/will/WorldFoundry-wbniv/.worktrees/teleport-audit/wfsource/source/game/level.hp: remove _idealMainCharacter’
  245 | #pragma message( __FILE__ ": remove _idealMainCharacter" )
      |                                                          ^
[ 82%] Building CXX object CMakeFiles/wfengine.dir/wfsource/source/game/level.cc.o
/home/will/WorldFoundry-wbniv/.worktrees/teleport-audit/wfsource/source/game/game.cc: In member function ‘void WFGame::RunLevel(_DiskFile*)’:
/home/will/WorldFoundry-wbniv/.worktrees/teleport-audit/wfsource/source/game/game.cc:797:83: note: ‘#pragma message: KTS: write code to handle lives and restarting same level, etc.’
  797 | #pragma message ("KTS: write code to handle lives and restarting same level, etc.")
      |                                                                                   ^
In file included from /home/will/WorldFoundry-wbniv/.worktrees/teleport-audit/wfsource/source/movement/movementobject.hpi:31,
                 from /home/will/WorldFoundry-wbniv/.worktrees/teleport-audit/wfsource/source/movement/movementobject.hp:117,
                 from /home/will/WorldFoundry-wbniv/.worktrees/teleport-audit/wfsource/source/game/actor.hp:37,
                 from /home/will/WorldFoundry-wbniv/.worktrees/teleport-audit/wfsource/source/game/generator.hp:43,
                 from /home/will/WorldFoundry-wbniv/.worktrees/teleport-audit/wfsource/source/game/generator.cc:39:
/home/will/WorldFoundry-wbniv/.worktrees/teleport-audit/wfsource/source/oas/movement.h:31:74: note: ‘#pragma message: Is there an automatic way to create this enum from oas?’
   31 | #pragma message("Is there an automatic way to create this enum from oas?")
      |                                                                          ^
/home/will/WorldFoundry-wbniv/.worktrees/teleport-audit/wfsource/source/movement/movementobject.hpi: In constructor ‘MovementObject::MovementObject(const SObjectStartupData*, const void*, const CommonBlock&, const Clock&)’:
/home/will/WorldFoundry-wbniv/.worktrees/teleport-audit/wfsource/source/movement/movementobject.hpi:54:114: note: ‘#pragma message: kts fix: pathed objects get their position set in game/actor.cc since we cant do it here (yet)’
   54 | #pragma message ("kts fix: pathed objects get their position set in game/actor.cc since we cant do it here (yet)")
      |                                                                                                                  ^
In file included from /home/will/WorldFoundry-wbniv/.worktrees/teleport-audit/wfsource/source/gfx/viewport.hp:103,
                 from /home/will/WorldFoundry-wbniv/.worktrees/teleport-audit/wfsource/source/gfx/camera.hp:35,
                 from /home/will/WorldFoundry-wbniv/.worktrees/teleport-audit/wfsource/source/renderassets/rendacto.hp:47,
                 from /home/will/WorldFoundry-wbniv/.worktrees/teleport-audit/wfsource/source/game/actor.hp:51:
/home/will/WorldFoundry-wbniv/.worktrees/teleport-audit/wfsource/source/gfx/viewport.hpi: In member function ‘void ViewPort::Render()’:
/home/will/WorldFoundry-wbniv/.worktrees/teleport-audit/wfsource/source/gfx/viewport.hpi:114:67: note: ‘#pragma message: KTS /home/will/WorldFoundry-wbniv/.worktrees/teleport-audit/wfsource/source/gfx/viewport.hpi: write viewport gl render code’
  114 | #pragma message ("KTS " __FILE__ ": write viewport gl render code")
      |                                                                   ^
In file included from /home/will/WorldFoundry-wbniv/.worktrees/teleport-audit/wfsource/source/gfx/face.hp:67,
                 from /home/will/WorldFoundry-wbniv/.worktrees/teleport-audit/wfsource/source/gfx/rendobj3.hp:39,
                 from /home/will/WorldFoundry-wbniv/.worktrees/teleport-audit/wfsource/source/gfx/camera.hp:36:
/home/will/WorldFoundry-wbniv/.worktrees/teleport-audit/wfsource/source/gfx/face.hpi: At global scope:
/home/will/WorldFoundry-wbniv/.worktrees/teleport-audit/wfsource/source/gfx/face.hpi:26:71: note: ‘#pragma message: KTS /home/will/WorldFoundry-wbniv/.worktrees/teleport-audit/wfsource/source/gfx/face.hpi: move this into the math directory’
   26 | #pragma message ("KTS " __FILE__ ": move this into the math directory")
      |                                                                       ^
In file included from /home/will/WorldFoundry-wbniv/.worktrees/teleport-audit/wfsource/source/gfx/rendobj3.hp:44:
/home/will/WorldFoundry-wbniv/.worktrees/teleport-audit/wfsource/source/gfx/handle.hp:12:73: note: ‘#pragma message: WBN: merge various ID/FOURCC classes into single one’
   12 | #pragma message( "WBN: merge various ID/FOURCC classes into single one" )
      |                                                                         ^
In file included from /home/will/WorldFoundry-wbniv/.worktrees/teleport-audit/wfsource/source/gfx/rendobj3.hp:45:
/home/will/WorldFoundry-wbniv/.worktrees/teleport-audit/wfsource/source/gfx/material.hp:194:135: note: ‘#pragma message: /home/will/WorldFoundry-wbniv/.worktrees/teleport-audit/wfsource/source/gfx/material.hp KTS: MAX_RENDERERS hard coded to 8 to prevent cyclic dependencies, consider moving renderers into Material’
  194 | #pragma message(__FILE__ " KTS: MAX_RENDERERS hard coded to 8 to prevent cyclic dependencies, consider moving renderers into Material")
      |                                                                                                                                       ^
In file included from /home/will/WorldFoundry-wbniv/.worktrees/teleport-audit/wfsource/source/renderassets/rendacto.hp:54:
/home/will/WorldFoundry-wbniv/.worktrees/teleport-audit/wfsource/source/asset/assets.hp:130:94: note: ‘#pragma message: KTS /home/will/WorldFoundry-wbniv/.worktrees/teleport-audit/wfsource/source/asset/assets.hp: can only have 1024 assets until this kludge is removed ’
  130 |  #pragma message ("KTS " __FILE__ ": can only have 1024 assets until this kludge is removed ")
      |                                                                                              ^
/home/will/WorldFoundry-wbniv/.worktrees/teleport-audit/wfsource/source/game/actor.hp:254:105: note: ‘#pragma message: /home/will/WorldFoundry-wbniv/.worktrees/teleport-audit/wfsource/source/game/actor.hp: I guess I should make protected accessor functions for these data members’
  254 | #pragma message( __FILE__ ": I guess I should make protected accessor functions for these data members" )
      |                                                                                                         ^
In file included from /home/will/WorldFoundry-wbniv/.worktrees/teleport-audit/wfsource/source/movement/movementobject.hpi:31,
                 from /home/will/WorldFoundry-wbniv/.worktrees/teleport-audit/wfsource/source/movement/movementobject.hp:117,
                 from /home/will/WorldFoundry-wbniv/.worktrees/teleport-audit/wfsource/source/game/actor.hp:37,
                 from /home/will/WorldFoundry-wbniv/.worktrees/teleport-audit/wfsource/source/game/gold.hp:11,
                 from /home/will/WorldFoundry-wbniv/.worktrees/teleport-audit/wfsource/source/game/gold.cc:17:
/home/will/WorldFoundry-wbniv/.worktrees/teleport-audit/wfsource/source/oas/movement.h:31:74: note: ‘#pragma message: Is there an automatic way to create this enum from oas?’
   31 | #pragma message("Is there an automatic way to create this enum from oas?")
      |                                                                          ^
/home/will/WorldFoundry-wbniv/.worktrees/teleport-audit/wfsource/source/movement/movementobject.hpi: In constructor ‘MovementObject::MovementObject(const SObjectStartupData*, const void*, const CommonBlock&, const Clock&)’:
/home/will/WorldFoundry-wbniv/.worktrees/teleport-audit/wfsource/source/movement/movementobject.hpi:54:114: note: ‘#pragma message: kts fix: pathed objects get their position set in game/actor.cc since we cant do it here (yet)’
   54 | #pragma message ("kts fix: pathed objects get their position set in game/actor.cc since we cant do it here (yet)")
      |                                                                                                                  ^
In file included from /home/will/WorldFoundry-wbniv/.worktrees/teleport-audit/wfsource/source/game/generator.cc:42:
/home/will/WorldFoundry-wbniv/.worktrees/teleport-audit/wfsource/source/game/level.hp:245:58: note: ‘#pragma message: /home/will/WorldFoundry-wbniv/.worktrees/teleport-audit/wfsource/source/game/level.hp: remove _idealMainCharacter’
  245 | #pragma message( __FILE__ ": remove _idealMainCharacter" )
      |                                                          ^
In file included from /home/will/WorldFoundry-wbniv/.worktrees/teleport-audit/wfsource/source/gfx/viewport.hp:103,
                 from /home/will/WorldFoundry-wbniv/.worktrees/teleport-audit/wfsource/source/gfx/camera.hp:35,
                 from /home/will/WorldFoundry-wbniv/.worktrees/teleport-audit/wfsource/source/renderassets/rendacto.hp:47,
                 from /home/will/WorldFoundry-wbniv/.worktrees/teleport-audit/wfsource/source/game/actor.hp:51:
/home/will/WorldFoundry-wbniv/.worktrees/teleport-audit/wfsource/source/gfx/viewport.hpi: In member function ‘void ViewPort::Render()’:
/home/will/WorldFoundry-wbniv/.worktrees/teleport-audit/wfsource/source/gfx/viewport.hpi:114:67: note: ‘#pragma message: KTS /home/will/WorldFoundry-wbniv/.worktrees/teleport-audit/wfsource/source/gfx/viewport.hpi: write viewport gl render code’
  114 | #pragma message ("KTS " __FILE__ ": write viewport gl render code")
      |                                                                   ^
In file included from /home/will/WorldFoundry-wbniv/.worktrees/teleport-audit/wfsource/source/gfx/face.hp:67,
                 from /home/will/WorldFoundry-wbniv/.worktrees/teleport-audit/wfsource/source/gfx/rendobj3.hp:39,
                 from /home/will/WorldFoundry-wbniv/.worktrees/teleport-audit/wfsource/source/gfx/camera.hp:36:
/home/will/WorldFoundry-wbniv/.worktrees/teleport-audit/wfsource/source/gfx/face.hpi: At global scope:
/home/will/WorldFoundry-wbniv/.worktrees/teleport-audit/wfsource/source/gfx/face.hpi:26:71: note: ‘#pragma message: KTS /home/will/WorldFoundry-wbniv/.worktrees/teleport-audit/wfsource/source/gfx/face.hpi: move this into the math directory’
   26 | #pragma message ("KTS " __FILE__ ": move this into the math directory")
      |                                                                       ^
In file included from /home/will/WorldFoundry-wbniv/.worktrees/teleport-audit/wfsource/source/gfx/rendobj3.hp:44:
/home/will/WorldFoundry-wbniv/.worktrees/teleport-audit/wfsource/source/gfx/handle.hp:12:73: note: ‘#pragma message: WBN: merge various ID/FOURCC classes into single one’
   12 | #pragma message( "WBN: merge various ID/FOURCC classes into single one" )
      |                                                                         ^
In file included from /home/will/WorldFoundry-wbniv/.worktrees/teleport-audit/wfsource/source/gfx/rendobj3.hp:45:
/home/will/WorldFoundry-wbniv/.worktrees/teleport-audit/wfsource/source/gfx/material.hp:194:135: note: ‘#pragma message: /home/will/WorldFoundry-wbniv/.worktrees/teleport-audit/wfsource/source/gfx/material.hp KTS: MAX_RENDERERS hard coded to 8 to prevent cyclic dependencies, consider moving renderers into Material’
  194 | #pragma message(__FILE__ " KTS: MAX_RENDERERS hard coded to 8 to prevent cyclic dependencies, consider moving renderers into Material")
      |                                                                                                                                       ^
In file included from /home/will/WorldFoundry-wbniv/.worktrees/teleport-audit/wfsource/source/renderassets/rendacto.hp:54:
/home/will/WorldFoundry-wbniv/.worktrees/teleport-audit/wfsource/source/asset/assets.hp:130:94: note: ‘#pragma message: KTS /home/will/WorldFoundry-wbniv/.worktrees/teleport-audit/wfsource/source/asset/assets.hp: can only have 1024 assets until this kludge is removed ’
  130 |  #pragma message ("KTS " __FILE__ ": can only have 1024 assets until this kludge is removed ")
      |                                                                                              ^
/home/will/WorldFoundry-wbniv/.worktrees/teleport-audit/wfsource/source/game/actor.hp:254:105: note: ‘#pragma message: /home/will/WorldFoundry-wbniv/.worktrees/teleport-audit/wfsource/source/game/actor.hp: I guess I should make protected accessor functions for these data members’
  254 | #pragma message( __FILE__ ": I guess I should make protected accessor functions for these data members" )
      |                                                                                                         ^
In file included from /home/will/WorldFoundry-wbniv/.worktrees/teleport-audit/wfsource/source/game/gold.cc:19:
/home/will/WorldFoundry-wbniv/.worktrees/teleport-audit/wfsource/source/game/level.hp:245:58: note: ‘#pragma message: /home/will/WorldFoundry-wbniv/.worktrees/teleport-audit/wfsource/source/game/level.hp: remove _idealMainCharacter’
  245 | #pragma message( __FILE__ ": remove _idealMainCharacter" )
      |                                                          ^
[ 82%] Building CXX object CMakeFiles/wfengine.dir/wfsource/source/game/level_menu.cc.o
In file included from /home/will/WorldFoundry-wbniv/.worktrees/teleport-audit/wfsource/source/movement/movementobject.hpi:31,
                 from /home/will/WorldFoundry-wbniv/.worktrees/teleport-audit/wfsource/source/movement/movementobject.hp:117,
                 from /home/will/WorldFoundry-wbniv/.worktrees/teleport-audit/wfsource/source/movement/movement.hp:37,
                 from /home/will/WorldFoundry-wbniv/.worktrees/teleport-audit/wfsource/source/game/level.cc:33:
/home/will/WorldFoundry-wbniv/.worktrees/teleport-audit/wfsource/source/oas/movement.h:31:74: note: ‘#pragma message: Is there an automatic way to create this enum from oas?’
   31 | #pragma message("Is there an automatic way to create this enum from oas?")
      |                                                                          ^
/home/will/WorldFoundry-wbniv/.worktrees/teleport-audit/wfsource/source/movement/movementobject.hpi: In constructor ‘MovementObject::MovementObject(const SObjectStartupData*, const void*, const CommonBlock&, const Clock&)’:
/home/will/WorldFoundry-wbniv/.worktrees/teleport-audit/wfsource/source/movement/movementobject.hpi:54:114: note: ‘#pragma message: kts fix: pathed objects get their position set in game/actor.cc since we cant do it here (yet)’
   54 | #pragma message ("kts fix: pathed objects get their position set in game/actor.cc since we cant do it here (yet)")
      |                                                                                                                  ^
[ 83%] Building CXX object CMakeFiles/wfengine.dir/wfsource/source/game/level_menu_host.cc.o
[ 83%] Building CXX object CMakeFiles/wfengine.dir/wfsource/source/game/levelobj.cc.o
In file included from /home/will/WorldFoundry-wbniv/.worktrees/teleport-audit/wfsource/source/room/room.hp:48,
                 from /home/will/WorldFoundry-wbniv/.worktrees/teleport-audit/wfsource/source/game/level.cc:34:
/home/will/WorldFoundry-wbniv/.worktrees/teleport-audit/wfsource/source/asset/assets.hp: At global scope:
/home/will/WorldFoundry-wbniv/.worktrees/teleport-audit/wfsource/source/asset/assets.hp:130:94: note: ‘#pragma message: KTS /home/will/WorldFoundry-wbniv/.worktrees/teleport-audit/wfsource/source/asset/assets.hp: can only have 1024 assets until this kludge is removed ’
  130 |  #pragma message ("KTS " __FILE__ ": can only have 1024 assets until this kludge is removed ")
      |                                                                                              ^
In file included from /home/will/WorldFoundry-wbniv/.worktrees/teleport-audit/wfsource/source/game/level.cc:49:
/home/will/WorldFoundry-wbniv/.worktrees/teleport-audit/wfsource/source/gfx/material.hp:194:135: note: ‘#pragma message: /home/will/WorldFoundry-wbniv/.worktrees/teleport-audit/wfsource/source/gfx/material.hp KTS: MAX_RENDERERS hard coded to 8 to prevent cyclic dependencies, consider moving renderers into Material’
  194 | #pragma message(__FILE__ " KTS: MAX_RENDERERS hard coded to 8 to prevent cyclic dependencies, consider moving renderers into Material")
      |                                                                                                                                       ^
In file included from /home/will/WorldFoundry-wbniv/.worktrees/teleport-audit/wfsource/source/gfx/face.hp:67,
                 from /home/will/WorldFoundry-wbniv/.worktrees/teleport-audit/wfsource/source/gfx/rendobj3.hp:39,
                 from /home/will/WorldFoundry-wbniv/.worktrees/teleport-audit/wfsource/source/gfx/material.hpi:26,
                 from /home/will/WorldFoundry-wbniv/.worktrees/teleport-audit/wfsource/source/gfx/material.hp:201:
/home/will/WorldFoundry-wbniv/.worktrees/teleport-audit/wfsource/source/gfx/face.hpi:26:71: note: ‘#pragma message: KTS /home/will/WorldFoundry-wbniv/.worktrees/teleport-audit/wfsource/source/gfx/face.hpi: move this into the math directory’
   26 | #pragma message ("KTS " __FILE__ ": move this into the math directory")
      |                                                                       ^
In file included from /home/will/WorldFoundry-wbniv/.worktrees/teleport-audit/wfsource/source/gfx/viewport.hp:103,
                 from /home/will/WorldFoundry-wbniv/.worktrees/teleport-audit/wfsource/source/gfx/rendobj3.hp:41:
/home/will/WorldFoundry-wbniv/.worktrees/teleport-audit/wfsource/source/gfx/viewport.hpi: In member function ‘void ViewPort::Render()’:
/home/will/WorldFoundry-wbniv/.worktrees/teleport-audit/wfsource/source/gfx/viewport.hpi:114:67: note: ‘#pragma message: KTS /home/will/WorldFoundry-wbniv/.worktrees/teleport-audit/wfsource/source/gfx/viewport.hpi: write viewport gl render code’
  114 | #pragma message ("KTS " __FILE__ ": write viewport gl render code")
      |                                                                   ^
In file included from /home/will/WorldFoundry-wbniv/.worktrees/teleport-audit/wfsource/source/gfx/rendobj3.hp:44:
/home/will/WorldFoundry-wbniv/.worktrees/teleport-audit/wfsource/source/gfx/handle.hp: At global scope:
/home/will/WorldFoundry-wbniv/.worktrees/teleport-audit/wfsource/source/gfx/handle.hp:12:73: note: ‘#pragma message: WBN: merge various ID/FOURCC classes into single one’
   12 | #pragma message( "WBN: merge various ID/FOURCC classes into single one" )
      |                                                                         ^
In file included from /home/will/WorldFoundry-wbniv/.worktrees/teleport-audit/wfsource/source/game/level.hp:65,
                 from /home/will/WorldFoundry-wbniv/.worktrees/teleport-audit/wfsource/source/game/level.cc:60:
/home/will/WorldFoundry-wbniv/.worktrees/teleport-audit/wfsource/source/game/actor.hp:254:105: note: ‘#pragma message: /home/will/WorldFoundry-wbniv/.worktrees/teleport-audit/wfsource/source/game/actor.hp: I guess I should make protected accessor functions for these data members’
  254 | #pragma message( __FILE__ ": I guess I should make protected accessor functions for these data members" )
      |                                                                                                         ^
/home/will/WorldFoundry-wbniv/.worktrees/teleport-audit/wfsource/source/game/level.hp:245:58: note: ‘#pragma message: /home/will/WorldFoundry-wbniv/.worktrees/teleport-audit/wfsource/source/game/level.hp: remove _idealMainCharacter’
  245 | #pragma message( __FILE__ ": remove _idealMainCharacter" )
      |                                                          ^
/home/will/WorldFoundry-wbniv/.worktrees/teleport-audit/wfsource/source/game/level.cc: In member function ‘void Level::update(Scalar)’:
/home/will/WorldFoundry-wbniv/.worktrees/teleport-audit/wfsource/source/game/level.cc:851:99: note: ‘#pragma message: /home/will/WorldFoundry-wbniv/.worktrees/teleport-audit/wfsource/source/game/level.cc: replace with bool( FakeFrameRate ):: need bool() operator in Scalar’
  851 | #pragma message( __FILE__ ": replace with bool( FakeFrameRate ):: need bool() operator in Scalar" )
      |                                                                                                   ^
/home/will/WorldFoundry-wbniv/.worktrees/teleport-audit/wfsource/source/game/level.cc: At global scope:
/home/will/WorldFoundry-wbniv/.worktrees/teleport-audit/wfsource/source/game/level.cc:1358:47: note: ‘#pragma message: KTS: remove this in release’
 1358 | #pragma message ("KTS: remove this in release")
      |                                               ^
/home/will/WorldFoundry-wbniv/.worktrees/teleport-audit/wfsource/source/game/level.cc: In function ‘Actor* SafelyConstructTemplateObject(int32, int32, Vector3&, Vector3&)’:
/home/will/WorldFoundry-wbniv/.worktrees/teleport-audit/wfsource/source/game/level.cc:1716:89: note: ‘#pragma message: KTS /home/will/WorldFoundry-wbniv/.worktrees/teleport-audit/wfsource/source/game/level.cc: kludge, should check what mass will be or something’
 1716 | #pragma message ("KTS " __FILE__ ": kludge, should check what mass will be or something")
      |                                                                                         ^
/home/will/WorldFoundry-wbniv/.worktrees/teleport-audit/wfsource/source/game/level.cc: In member function ‘Actor* Level::ConstructTemplateObject(int32, int32, Vector3, Vector3)’:
/home/will/WorldFoundry-wbniv/.worktrees/teleport-audit/wfsource/source/game/level.cc:1828:99: note: ‘#pragma message: KTS /home/will/WorldFoundry-wbniv/.worktrees/teleport-audit/wfsource/source/game/level.cc: need to make a dynamic memory allocator for temporary objects’
 1828 | #pragma message ("KTS " __FILE__ ": need to make a dynamic memory allocator for temporary objects")
      |                                                                                                   ^
[ 83%] Building CXX object CMakeFiles/wfengine.dir/wfsource/source/game/light.cc.o
In file included from /home/will/WorldFoundry-wbniv/.worktrees/teleport-audit/wfsource/source/movement/movementobject.hpi:31,
                 from /home/will/WorldFoundry-wbniv/.worktrees/teleport-audit/wfsource/source/movement/movementobject.hp:117,
                 from /home/will/WorldFoundry-wbniv/.worktrees/teleport-audit/wfsource/source/game/actor.hp:37,
                 from /home/will/WorldFoundry-wbniv/.worktrees/teleport-audit/wfsource/source/game/light.cc:38:
/home/will/WorldFoundry-wbniv/.worktrees/teleport-audit/wfsource/source/oas/movement.h:31:74: note: ‘#pragma message: Is there an automatic way to create this enum from oas?’
   31 | #pragma message("Is there an automatic way to create this enum from oas?")
      |                                                                          ^
/home/will/WorldFoundry-wbniv/.worktrees/teleport-audit/wfsource/source/movement/movementobject.hpi: In constructor ‘MovementObject::MovementObject(const SObjectStartupData*, const void*, const CommonBlock&, const Clock&)’:
/home/will/WorldFoundry-wbniv/.worktrees/teleport-audit/wfsource/source/movement/movementobject.hpi:54:114: note: ‘#pragma message: kts fix: pathed objects get their position set in game/actor.cc since we cant do it here (yet)’
   54 | #pragma message ("kts fix: pathed objects get their position set in game/actor.cc since we cant do it here (yet)")
      |                                                                                                                  ^
In file included from /home/will/WorldFoundry-wbniv/.worktrees/teleport-audit/wfsource/source/gfx/viewport.hp:103,
                 from /home/will/WorldFoundry-wbniv/.worktrees/teleport-audit/wfsource/source/gfx/camera.hp:35,
                 from /home/will/WorldFoundry-wbniv/.worktrees/teleport-audit/wfsource/source/renderassets/rendacto.hp:47,
                 from /home/will/WorldFoundry-wbniv/.worktrees/teleport-audit/wfsource/source/game/actor.hp:51:
/home/will/WorldFoundry-wbniv/.worktrees/teleport-audit/wfsource/source/gfx/viewport.hpi: In member function ‘void ViewPort::Render()’:
/home/will/WorldFoundry-wbniv/.worktrees/teleport-audit/wfsource/source/gfx/viewport.hpi:114:67: note: ‘#pragma message: KTS /home/will/WorldFoundry-wbniv/.worktrees/teleport-audit/wfsource/source/gfx/viewport.hpi: write viewport gl render code’
  114 | #pragma message ("KTS " __FILE__ ": write viewport gl render code")
      |                                                                   ^
In file included from /home/will/WorldFoundry-wbniv/.worktrees/teleport-audit/wfsource/source/gfx/face.hp:67,
                 from /home/will/WorldFoundry-wbniv/.worktrees/teleport-audit/wfsource/source/gfx/rendobj3.hp:39,
                 from /home/will/WorldFoundry-wbniv/.worktrees/teleport-audit/wfsource/source/gfx/camera.hp:36:
/home/will/WorldFoundry-wbniv/.worktrees/teleport-audit/wfsource/source/gfx/face.hpi: At global scope:
/home/will/WorldFoundry-wbniv/.worktrees/teleport-audit/wfsource/source/gfx/face.hpi:26:71: note: ‘#pragma message: KTS /home/will/WorldFoundry-wbniv/.worktrees/teleport-audit/wfsource/source/gfx/face.hpi: move this into the math directory’
   26 | #pragma message ("KTS " __FILE__ ": move this into the math directory")
      |                                                                       ^
In file included from /home/will/WorldFoundry-wbniv/.worktrees/teleport-audit/wfsource/source/gfx/rendobj3.hp:44:
/home/will/WorldFoundry-wbniv/.worktrees/teleport-audit/wfsource/source/gfx/handle.hp:12:73: note: ‘#pragma message: WBN: merge various ID/FOURCC classes into single one’
   12 | #pragma message( "WBN: merge various ID/FOURCC classes into single one" )
      |                                                                         ^
In file included from /home/will/WorldFoundry-wbniv/.worktrees/teleport-audit/wfsource/source/gfx/rendobj3.hp:45:
/home/will/WorldFoundry-wbniv/.worktrees/teleport-audit/wfsource/source/gfx/material.hp:194:135: note: ‘#pragma message: /home/will/WorldFoundry-wbniv/.worktrees/teleport-audit/wfsource/source/gfx/material.hp KTS: MAX_RENDERERS hard coded to 8 to prevent cyclic dependencies, consider moving renderers into Material’
  194 | #pragma message(__FILE__ " KTS: MAX_RENDERERS hard coded to 8 to prevent cyclic dependencies, consider moving renderers into Material")
      |                                                                                                                                       ^
In file included from /home/will/WorldFoundry-wbniv/.worktrees/teleport-audit/wfsource/source/renderassets/rendacto.hp:54:
/home/will/WorldFoundry-wbniv/.worktrees/teleport-audit/wfsource/source/asset/assets.hp:130:94: note: ‘#pragma message: KTS /home/will/WorldFoundry-wbniv/.worktrees/teleport-audit/wfsource/source/asset/assets.hp: can only have 1024 assets until this kludge is removed ’
  130 |  #pragma message ("KTS " __FILE__ ": can only have 1024 assets until this kludge is removed ")
      |                                                                                              ^
/home/will/WorldFoundry-wbniv/.worktrees/teleport-audit/wfsource/source/game/actor.hp:254:105: note: ‘#pragma message: /home/will/WorldFoundry-wbniv/.worktrees/teleport-audit/wfsource/source/game/actor.hp: I guess I should make protected accessor functions for these data members’
  254 | #pragma message( __FILE__ ": I guess I should make protected accessor functions for these data members" )
      |                                                                                                         ^
In file included from /home/will/WorldFoundry-wbniv/.worktrees/teleport-audit/wfsource/source/game/light.hp:43,
                 from /home/will/WorldFoundry-wbniv/.worktrees/teleport-audit/wfsource/source/game/light.cc:39:
/home/will/WorldFoundry-wbniv/.worktrees/teleport-audit/wfsource/source/game/level.hp:245:58: note: ‘#pragma message: /home/will/WorldFoundry-wbniv/.worktrees/teleport-audit/wfsource/source/game/level.hp: remove _idealMainCharacter’
  245 | #pragma message( __FILE__ ": remove _idealMainCharacter" )
      |                                                          ^
/home/will/WorldFoundry-wbniv/.worktrees/teleport-audit/wfsource/source/game/light.cc: In constructor ‘Light::Light(const SObjectStartupData*)’:
/home/will/WorldFoundry-wbniv/.worktrees/teleport-audit/wfsource/source/game/light.cc:70:98: note: ‘#pragma message: KTS: remove after making actor set these (currently no work if type set to box’
   70 | #pragma message ("KTS: remove after making actor set these (currently no work if type set to box")
      |                                                                                                  ^
[ 84%] Building CXX object CMakeFiles/wfengine.dir/wfsource/source/game/mailbox.cc.o
[ 84%] Building CXX object CMakeFiles/wfengine.dir/wfsource/source/game/main.cc.o
[ 84%] Building CXX object CMakeFiles/wfengine.dir/wfsource/source/game/matte.cc.o
In file included from /home/will/WorldFoundry-wbniv/.worktrees/teleport-audit/wfsource/source/game/level.hp:52,
                 from /home/will/WorldFoundry-wbniv/.worktrees/teleport-audit/wfsource/source/game/mailbox.cc:23:
/home/will/WorldFoundry-wbniv/.worktrees/teleport-audit/wfsource/source/asset/assets.hp:130:94: note: ‘#pragma message: KTS /home/will/WorldFoundry-wbniv/.worktrees/teleport-audit/wfsource/source/asset/assets.hp: can only have 1024 assets until this kludge is removed ’
  130 |  #pragma message ("KTS " __FILE__ ": can only have 1024 assets until this kludge is removed ")
      |                                                                                              ^
In file included from /home/will/WorldFoundry-wbniv/.worktrees/teleport-audit/wfsource/source/gfx/viewport.hp:103,
                 from /home/will/WorldFoundry-wbniv/.worktrees/teleport-audit/wfsource/source/game/level.hp:57:
/home/will/WorldFoundry-wbniv/.worktrees/teleport-audit/wfsource/source/gfx/viewport.hpi: In member function ‘void ViewPort::Render()’:
/home/will/WorldFoundry-wbniv/.worktrees/teleport-audit/wfsource/source/gfx/viewport.hpi:114:67: note: ‘#pragma message: KTS /home/will/WorldFoundry-wbniv/.worktrees/teleport-audit/wfsource/source/gfx/viewport.hpi: write viewport gl render code’
  114 | #pragma message ("KTS " __FILE__ ": write viewport gl render code")
      |                                                                   ^
In file included from /home/will/WorldFoundry-wbniv/.worktrees/teleport-audit/wfsource/source/gfx/rendmatt.hp:32,
                 from /home/will/WorldFoundry-wbniv/.worktrees/teleport-audit/wfsource/source/game/level.hp:58:
/home/will/WorldFoundry-wbniv/.worktrees/teleport-audit/wfsource/source/gfx/material.hp: At global scope:
/home/will/WorldFoundry-wbniv/.worktrees/teleport-audit/wfsource/source/gfx/material.hp:194:135: note: ‘#pragma message: /home/will/WorldFoundry-wbniv/.worktrees/teleport-audit/wfsource/source/gfx/material.hp KTS: MAX_RENDERERS hard coded to 8 to prevent cyclic dependencies, consider moving renderers into Material’
  194 | #pragma message(__FILE__ " KTS: MAX_RENDERERS hard coded to 8 to prevent cyclic dependencies, consider moving renderers into Material")
      |                                                                                                                                       ^
In file included from /home/will/WorldFoundry-wbniv/.worktrees/teleport-audit/wfsource/source/gfx/face.hp:67,
                 from /home/will/WorldFoundry-wbniv/.worktrees/teleport-audit/wfsource/source/gfx/rendobj3.hp:39,
                 from /home/will/WorldFoundry-wbniv/.worktrees/teleport-audit/wfsource/source/gfx/material.hpi:26,
                 from /home/will/WorldFoundry-wbniv/.worktrees/teleport-audit/wfsource/source/gfx/material.hp:201:
/home/will/WorldFoundry-wbniv/.worktrees/teleport-audit/wfsource/source/gfx/face.hpi:26:71: note: ‘#pragma message: KTS /home/will/WorldFoundry-wbniv/.worktrees/teleport-audit/wfsource/source/gfx/face.hpi: move this into the math directory’
   26 | #pragma message ("KTS " __FILE__ ": move this into the math directory")
      |                                                                       ^
In file included from /home/will/WorldFoundry-wbniv/.worktrees/teleport-audit/wfsource/source/gfx/rendobj3.hp:44:
/home/will/WorldFoundry-wbniv/.worktrees/teleport-audit/wfsource/source/gfx/handle.hp:12:73: note: ‘#pragma message: WBN: merge various ID/FOURCC classes into single one’
   12 | #pragma message( "WBN: merge various ID/FOURCC classes into single one" )
      |                                                                         ^
In file included from /home/will/WorldFoundry-wbniv/.worktrees/teleport-audit/wfsource/source/movement/movementobject.hpi:31,
                 from /home/will/WorldFoundry-wbniv/.worktrees/teleport-audit/wfsource/source/movement/movementobject.hp:117,
                 from /home/will/WorldFoundry-wbniv/.worktrees/teleport-audit/wfsource/source/game/actor.hp:37,
                 from /home/will/WorldFoundry-wbniv/.worktrees/teleport-audit/wfsource/source/game/level.hp:65:
/home/will/WorldFoundry-wbniv/.worktrees/teleport-audit/wfsource/source/oas/movement.h:31:74: note: ‘#pragma message: Is there an automatic way to create this enum from oas?’
   31 | #pragma message("Is there an automatic way to create this enum from oas?")
      |                                                                          ^
/home/will/WorldFoundry-wbniv/.worktrees/teleport-audit/wfsource/source/movement/movementobject.hpi: In constructor ‘MovementObject::MovementObject(const SObjectStartupData*, const void*, const CommonBlock&, const Clock&)’:
/home/will/WorldFoundry-wbniv/.worktrees/teleport-audit/wfsource/source/movement/movementobject.hpi:54:114: note: ‘#pragma message: kts fix: pathed objects get their position set in game/actor.cc since we cant do it here (yet)’
   54 | #pragma message ("kts fix: pathed objects get their position set in game/actor.cc since we cant do it here (yet)")
      |                                                                                                                  ^
/home/will/WorldFoundry-wbniv/.worktrees/teleport-audit/wfsource/source/game/actor.hp: At global scope:
/home/will/WorldFoundry-wbniv/.worktrees/teleport-audit/wfsource/source/game/actor.hp:254:105: note: ‘#pragma message: /home/will/WorldFoundry-wbniv/.worktrees/teleport-audit/wfsource/source/game/actor.hp: I guess I should make protected accessor functions for these data members’
  254 | #pragma message( __FILE__ ": I guess I should make protected accessor functions for these data members" )
      |                                                                                                         ^
[ 84%] Building CXX object CMakeFiles/wfengine.dir/wfsource/source/game/missile.cc.o
/home/will/WorldFoundry-wbniv/.worktrees/teleport-audit/wfsource/source/game/level.hp:245:58: note: ‘#pragma message: /home/will/WorldFoundry-wbniv/.worktrees/teleport-audit/wfsource/source/game/level.hp: remove _idealMainCharacter’
  245 | #pragma message( __FILE__ ": remove _idealMainCharacter" )
      |                                                          ^
In file included from /home/will/WorldFoundry-wbniv/.worktrees/teleport-audit/wfsource/source/gfx/viewport.hp:103,
                 from /home/will/WorldFoundry-wbniv/.worktrees/teleport-audit/wfsource/source/game/game.hp:41,
                 from /home/will/WorldFoundry-wbniv/.worktrees/teleport-audit/wfsource/source/game/main.cc:30:
/home/will/WorldFoundry-wbniv/.worktrees/teleport-audit/wfsource/source/gfx/viewport.hpi: In member function ‘void ViewPort::Render()’:
/home/will/WorldFoundry-wbniv/.worktrees/teleport-audit/wfsource/source/gfx/viewport.hpi:114:67: note: ‘#pragma message: KTS /home/will/WorldFoundry-wbniv/.worktrees/teleport-audit/wfsource/source/gfx/viewport.hpi: write viewport gl render code’
  114 | #pragma message ("KTS " __FILE__ ": write viewport gl render code")
      |                                                                   ^
In file included from /home/will/WorldFoundry-wbniv/.worktrees/teleport-audit/wfsource/source/movement/movementobject.hpi:31,
                 from /home/will/WorldFoundry-wbniv/.worktrees/teleport-audit/wfsource/source/movement/movementobject.hp:117,
                 from /home/will/WorldFoundry-wbniv/.worktrees/teleport-audit/wfsource/source/game/actor.hp:37,
                 from /home/will/WorldFoundry-wbniv/.worktrees/teleport-audit/wfsource/source/game/game.hp:42:
/home/will/WorldFoundry-wbniv/.worktrees/teleport-audit/wfsource/source/oas/movement.h: At global scope:
/home/will/WorldFoundry-wbniv/.worktrees/teleport-audit/wfsource/source/oas/movement.h:31:74: note: ‘#pragma message: Is there an automatic way to create this enum from oas?’
   31 | #pragma message("Is there an automatic way to create this enum from oas?")
      |                                                                          ^
/home/will/WorldFoundry-wbniv/.worktrees/teleport-audit/wfsource/source/movement/movementobject.hpi: In constructor ‘MovementObject::MovementObject(const SObjectStartupData*, const void*, const CommonBlock&, const Clock&)’:
/home/will/WorldFoundry-wbniv/.worktrees/teleport-audit/wfsource/source/movement/movementobject.hpi:54:114: note: ‘#pragma message: kts fix: pathed objects get their position set in game/actor.cc since we cant do it here (yet)’
   54 | #pragma message ("kts fix: pathed objects get their position set in game/actor.cc since we cant do it here (yet)")
      |                                                                                                                  ^
In file included from /home/will/WorldFoundry-wbniv/.worktrees/teleport-audit/wfsource/source/gfx/face.hp:67,
                 from /home/will/WorldFoundry-wbniv/.worktrees/teleport-audit/wfsource/source/gfx/rendobj3.hp:39,
                 from /home/will/WorldFoundry-wbniv/.worktrees/teleport-audit/wfsource/source/gfx/camera.hp:36,
                 from /home/will/WorldFoundry-wbniv/.worktrees/teleport-audit/wfsource/source/renderassets/rendacto.hp:47,
                 from /home/will/WorldFoundry-wbniv/.worktrees/teleport-audit/wfsource/source/game/actor.hp:51:
/home/will/WorldFoundry-wbniv/.worktrees/teleport-audit/wfsource/source/gfx/face.hpi: At global scope:
/home/will/WorldFoundry-wbniv/.worktrees/teleport-audit/wfsource/source/gfx/face.hpi:26:71: note: ‘#pragma message: KTS /home/will/WorldFoundry-wbniv/.worktrees/teleport-audit/wfsource/source/gfx/face.hpi: move this into the math directory’
   26 | #pragma message ("KTS " __FILE__ ": move this into the math directory")
      |                                                                       ^
In file included from /home/will/WorldFoundry-wbniv/.worktrees/teleport-audit/wfsource/source/gfx/rendobj3.hp:44:
/home/will/WorldFoundry-wbniv/.worktrees/teleport-audit/wfsource/source/gfx/handle.hp:12:73: note: ‘#pragma message: WBN: merge various ID/FOURCC classes into single one’
   12 | #pragma message( "WBN: merge various ID/FOURCC classes into single one" )
      |                                                                         ^
In file included from /home/will/WorldFoundry-wbniv/.worktrees/teleport-audit/wfsource/source/gfx/rendobj3.hp:45:
/home/will/WorldFoundry-wbniv/.worktrees/teleport-audit/wfsource/source/gfx/material.hp:194:135: note: ‘#pragma message: /home/will/WorldFoundry-wbniv/.worktrees/teleport-audit/wfsource/source/gfx/material.hp KTS: MAX_RENDERERS hard coded to 8 to prevent cyclic dependencies, consider moving renderers into Material’
  194 | #pragma message(__FILE__ " KTS: MAX_RENDERERS hard coded to 8 to prevent cyclic dependencies, consider moving renderers into Material")
      |                                                                                                                                       ^
In file included from /home/will/WorldFoundry-wbniv/.worktrees/teleport-audit/wfsource/source/renderassets/rendacto.hp:54:
/home/will/WorldFoundry-wbniv/.worktrees/teleport-audit/wfsource/source/asset/assets.hp:130:94: note: ‘#pragma message: KTS /home/will/WorldFoundry-wbniv/.worktrees/teleport-audit/wfsource/source/asset/assets.hp: can only have 1024 assets until this kludge is removed ’
  130 |  #pragma message ("KTS " __FILE__ ": can only have 1024 assets until this kludge is removed ")
      |                                                                                              ^
In file included from /home/will/WorldFoundry-wbniv/.worktrees/teleport-audit/wfsource/source/game/level.hp:52,
                 from /home/will/WorldFoundry-wbniv/.worktrees/teleport-audit/wfsource/source/game/matte.cc:25:
/home/will/WorldFoundry-wbniv/.worktrees/teleport-audit/wfsource/source/asset/assets.hp:130:94: note: ‘#pragma message: KTS /home/will/WorldFoundry-wbniv/.worktrees/teleport-audit/wfsource/source/asset/assets.hp: can only have 1024 assets until this kludge is removed ’
  130 |  #pragma message ("KTS " __FILE__ ": can only have 1024 assets until this kludge is removed ")
      |                                                                                              ^
/home/will/WorldFoundry-wbniv/.worktrees/teleport-audit/wfsource/source/game/actor.hp:254:105: note: ‘#pragma message: /home/will/WorldFoundry-wbniv/.worktrees/teleport-audit/wfsource/source/game/actor.hp: I guess I should make protected accessor functions for these data members’
  254 | #pragma message( __FILE__ ": I guess I should make protected accessor functions for these data members" )
      |                                                                                                         ^
In file included from /home/will/WorldFoundry-wbniv/.worktrees/teleport-audit/wfsource/source/game/main.cc:41:
/home/will/WorldFoundry-wbniv/.worktrees/teleport-audit/wfsource/source/game/level.hp:245:58: note: ‘#pragma message: /home/will/WorldFoundry-wbniv/.worktrees/teleport-audit/wfsource/source/game/level.hp: remove _idealMainCharacter’
  245 | #pragma message( __FILE__ ": remove _idealMainCharacter" )
      |                                                          ^
In file included from /home/will/WorldFoundry-wbniv/.worktrees/teleport-audit/wfsource/source/gfx/viewport.hp:103,
                 from /home/will/WorldFoundry-wbniv/.worktrees/teleport-audit/wfsource/source/game/level.hp:57:
/home/will/WorldFoundry-wbniv/.worktrees/teleport-audit/wfsource/source/gfx/viewport.hpi: In member function ‘void ViewPort::Render()’:
/home/will/WorldFoundry-wbniv/.worktrees/teleport-audit/wfsource/source/gfx/viewport.hpi:114:67: note: ‘#pragma message: KTS /home/will/WorldFoundry-wbniv/.worktrees/teleport-audit/wfsource/source/gfx/viewport.hpi: write viewport gl render code’
  114 | #pragma message ("KTS " __FILE__ ": write viewport gl render code")
      |                                                                   ^
In file included from /home/will/WorldFoundry-wbniv/.worktrees/teleport-audit/wfsource/source/gfx/rendmatt.hp:32,
                 from /home/will/WorldFoundry-wbniv/.worktrees/teleport-audit/wfsource/source/game/level.hp:58:
/home/will/WorldFoundry-wbniv/.worktrees/teleport-audit/wfsource/source/gfx/material.hp: At global scope:
/home/will/WorldFoundry-wbniv/.worktrees/teleport-audit/wfsource/source/gfx/material.hp:194:135: note: ‘#pragma message: /home/will/WorldFoundry-wbniv/.worktrees/teleport-audit/wfsource/source/gfx/material.hp KTS: MAX_RENDERERS hard coded to 8 to prevent cyclic dependencies, consider moving renderers into Material’
  194 | #pragma message(__FILE__ " KTS: MAX_RENDERERS hard coded to 8 to prevent cyclic dependencies, consider moving renderers into Material")
      |                                                                                                                                       ^
In file included from /home/will/WorldFoundry-wbniv/.worktrees/teleport-audit/wfsource/source/gfx/face.hp:67,
                 from /home/will/WorldFoundry-wbniv/.worktrees/teleport-audit/wfsource/source/gfx/rendobj3.hp:39,
                 from /home/will/WorldFoundry-wbniv/.worktrees/teleport-audit/wfsource/source/gfx/material.hpi:26,
                 from /home/will/WorldFoundry-wbniv/.worktrees/teleport-audit/wfsource/source/gfx/material.hp:201:
/home/will/WorldFoundry-wbniv/.worktrees/teleport-audit/wfsource/source/gfx/face.hpi:26:71: note: ‘#pragma message: KTS /home/will/WorldFoundry-wbniv/.worktrees/teleport-audit/wfsource/source/gfx/face.hpi: move this into the math directory’
   26 | #pragma message ("KTS " __FILE__ ": move this into the math directory")
      |                                                                       ^
In file included from /home/will/WorldFoundry-wbniv/.worktrees/teleport-audit/wfsource/source/gfx/rendobj3.hp:44:
/home/will/WorldFoundry-wbniv/.worktrees/teleport-audit/wfsource/source/gfx/handle.hp:12:73: note: ‘#pragma message: WBN: merge various ID/FOURCC classes into single one’
   12 | #pragma message( "WBN: merge various ID/FOURCC classes into single one" )
      |                                                                         ^
In file included from /home/will/WorldFoundry-wbniv/.worktrees/teleport-audit/wfsource/source/movement/movementobject.hpi:31,
                 from /home/will/WorldFoundry-wbniv/.worktrees/teleport-audit/wfsource/source/movement/movementobject.hp:117,
                 from /home/will/WorldFoundry-wbniv/.worktrees/teleport-audit/wfsource/source/game/actor.hp:37,
                 from /home/will/WorldFoundry-wbniv/.worktrees/teleport-audit/wfsource/source/game/level.hp:65:
/home/will/WorldFoundry-wbniv/.worktrees/teleport-audit/wfsource/source/oas/movement.h:31:74: note: ‘#pragma message: Is there an automatic way to create this enum from oas?’
   31 | #pragma message("Is there an automatic way to create this enum from oas?")
      |                                                                          ^
/home/will/WorldFoundry-wbniv/.worktrees/teleport-audit/wfsource/source/movement/movementobject.hpi: In constructor ‘MovementObject::MovementObject(const SObjectStartupData*, const void*, const CommonBlock&, const Clock&)’:
/home/will/WorldFoundry-wbniv/.worktrees/teleport-audit/wfsource/source/movement/movementobject.hpi:54:114: note: ‘#pragma message: kts fix: pathed objects get their position set in game/actor.cc since we cant do it here (yet)’
   54 | #pragma message ("kts fix: pathed objects get their position set in game/actor.cc since we cant do it here (yet)")
      |                                                                                                                  ^
/home/will/WorldFoundry-wbniv/.worktrees/teleport-audit/wfsource/source/game/main.cc: In function ‘void PIGSMain(int, char**)’:
/home/will/WorldFoundry-wbniv/.worktrees/teleport-audit/wfsource/source/game/main.cc:528:97: note: ‘#pragma message: kts: should not read level from command line (leave until profiling is done!)’
  528 | #pragma message ("kts: should not read level from command line (leave until profiling is done!)")
      |                                                                                                 ^
/home/will/WorldFoundry-wbniv/.worktrees/teleport-audit/wfsource/source/game/main.cc:538:64: note: ‘#pragma message: System streams should be in HAL [framework]’
  538 | #pragma message( "System streams should be in HAL [framework]" )
      |                                                                ^
[ 85%] Building CXX object CMakeFiles/wfengine.dir/wfsource/source/game/movecam.cc.o
/home/will/WorldFoundry-wbniv/.worktrees/teleport-audit/wfsource/source/game/actor.hp: At global scope:
/home/will/WorldFoundry-wbniv/.worktrees/teleport-audit/wfsource/source/game/actor.hp:254:105: note: ‘#pragma message: /home/will/WorldFoundry-wbniv/.worktrees/teleport-audit/wfsource/source/game/actor.hp: I guess I should make protected accessor functions for these data members’
  254 | #pragma message( __FILE__ ": I guess I should make protected accessor functions for these data members" )
      |                                                                                                         ^
/home/will/WorldFoundry-wbniv/.worktrees/teleport-audit/wfsource/source/game/level.hp:245:58: note: ‘#pragma message: /home/will/WorldFoundry-wbniv/.worktrees/teleport-audit/wfsource/source/game/level.hp: remove _idealMainCharacter’
  245 | #pragma message( __FILE__ ": remove _idealMainCharacter" )
      |                                                          ^
[ 85%] Building CXX object CMakeFiles/wfengine.dir/wfsource/source/game/plant_ui.cc.o
In file included from /home/will/WorldFoundry-wbniv/.worktrees/teleport-audit/wfsource/source/game/level.hp:52,
                 from /home/will/WorldFoundry-wbniv/.worktrees/teleport-audit/wfsource/source/game/missile.cc:32:
/home/will/WorldFoundry-wbniv/.worktrees/teleport-audit/wfsource/source/asset/assets.hp:130:94: note: ‘#pragma message: KTS /home/will/WorldFoundry-wbniv/.worktrees/teleport-audit/wfsource/source/asset/assets.hp: can only have 1024 assets until this kludge is removed ’
  130 |  #pragma message ("KTS " __FILE__ ": can only have 1024 assets until this kludge is removed ")
      |                                                                                              ^
[ 85%] Building CXX object CMakeFiles/wfengine.dir/wfsource/source/game/platform.cc.o
In file included from /home/will/WorldFoundry-wbniv/.worktrees/teleport-audit/wfsource/source/gfx/viewport.hp:103,
                 from /home/will/WorldFoundry-wbniv/.worktrees/teleport-audit/wfsource/source/game/level.hp:57:
/home/will/WorldFoundry-wbniv/.worktrees/teleport-audit/wfsource/source/gfx/viewport.hpi: In member function ‘void ViewPort::Render()’:
/home/will/WorldFoundry-wbniv/.worktrees/teleport-audit/wfsource/source/gfx/viewport.hpi:114:67: note: ‘#pragma message: KTS /home/will/WorldFoundry-wbniv/.worktrees/teleport-audit/wfsource/source/gfx/viewport.hpi: write viewport gl render code’
  114 | #pragma message ("KTS " __FILE__ ": write viewport gl render code")
      |                                                                   ^
In file included from /home/will/WorldFoundry-wbniv/.worktrees/teleport-audit/wfsource/source/gfx/rendmatt.hp:32,
                 from /home/will/WorldFoundry-wbniv/.worktrees/teleport-audit/wfsource/source/game/level.hp:58:
/home/will/WorldFoundry-wbniv/.worktrees/teleport-audit/wfsource/source/gfx/material.hp: At global scope:
/home/will/WorldFoundry-wbniv/.worktrees/teleport-audit/wfsource/source/gfx/material.hp:194:135: note: ‘#pragma message: /home/will/WorldFoundry-wbniv/.worktrees/teleport-audit/wfsource/source/gfx/material.hp KTS: MAX_RENDERERS hard coded to 8 to prevent cyclic dependencies, consider moving renderers into Material’
  194 | #pragma message(__FILE__ " KTS: MAX_RENDERERS hard coded to 8 to prevent cyclic dependencies, consider moving renderers into Material")
      |                                                                                                                                       ^
In file included from /home/will/WorldFoundry-wbniv/.worktrees/teleport-audit/wfsource/source/gfx/face.hp:67,
                 from /home/will/WorldFoundry-wbniv/.worktrees/teleport-audit/wfsource/source/gfx/rendobj3.hp:39,
                 from /home/will/WorldFoundry-wbniv/.worktrees/teleport-audit/wfsource/source/gfx/material.hpi:26,
                 from /home/will/WorldFoundry-wbniv/.worktrees/teleport-audit/wfsource/source/gfx/material.hp:201:
/home/will/WorldFoundry-wbniv/.worktrees/teleport-audit/wfsource/source/gfx/face.hpi:26:71: note: ‘#pragma message: KTS /home/will/WorldFoundry-wbniv/.worktrees/teleport-audit/wfsource/source/gfx/face.hpi: move this into the math directory’
   26 | #pragma message ("KTS " __FILE__ ": move this into the math directory")
      |                                                                       ^
In file included from /home/will/WorldFoundry-wbniv/.worktrees/teleport-audit/wfsource/source/gfx/rendobj3.hp:44:
/home/will/WorldFoundry-wbniv/.worktrees/teleport-audit/wfsource/source/gfx/handle.hp:12:73: note: ‘#pragma message: WBN: merge various ID/FOURCC classes into single one’
   12 | #pragma message( "WBN: merge various ID/FOURCC classes into single one" )
      |                                                                         ^
In file included from /home/will/WorldFoundry-wbniv/.worktrees/teleport-audit/wfsource/source/movement/movementobject.hpi:31,
                 from /home/will/WorldFoundry-wbniv/.worktrees/teleport-audit/wfsource/source/movement/movementobject.hp:117,
                 from /home/will/WorldFoundry-wbniv/.worktrees/teleport-audit/wfsource/source/game/actor.hp:37,
                 from /home/will/WorldFoundry-wbniv/.worktrees/teleport-audit/wfsource/source/game/level.hp:65:
/home/will/WorldFoundry-wbniv/.worktrees/teleport-audit/wfsource/source/oas/movement.h:31:74: note: ‘#pragma message: Is there an automatic way to create this enum from oas?’
   31 | #pragma message("Is there an automatic way to create this enum from oas?")
      |                                                                          ^
/home/will/WorldFoundry-wbniv/.worktrees/teleport-audit/wfsource/source/movement/movementobject.hpi: In constructor ‘MovementObject::MovementObject(const SObjectStartupData*, const void*, const CommonBlock&, const Clock&)’:
/home/will/WorldFoundry-wbniv/.worktrees/teleport-audit/wfsource/source/movement/movementobject.hpi:54:114: note: ‘#pragma message: kts fix: pathed objects get their position set in game/actor.cc since we cant do it here (yet)’
   54 | #pragma message ("kts fix: pathed objects get their position set in game/actor.cc since we cant do it here (yet)")
      |                                                                                                                  ^
/home/will/WorldFoundry-wbniv/.worktrees/teleport-audit/wfsource/source/game/actor.hp: At global scope:
/home/will/WorldFoundry-wbniv/.worktrees/teleport-audit/wfsource/source/game/actor.hp:254:105: note: ‘#pragma message: /home/will/WorldFoundry-wbniv/.worktrees/teleport-audit/wfsource/source/game/actor.hp: I guess I should make protected accessor functions for these data members’
  254 | #pragma message( __FILE__ ": I guess I should make protected accessor functions for these data members" )
      |                                                                                                         ^
In file included from /home/will/WorldFoundry-wbniv/.worktrees/teleport-audit/wfsource/source/movement/movementobject.hpi:31,
                 from /home/will/WorldFoundry-wbniv/.worktrees/teleport-audit/wfsource/source/movement/movementobject.hp:117,
                 from /home/will/WorldFoundry-wbniv/.worktrees/teleport-audit/wfsource/source/movement/movement.hp:37,
                 from /home/will/WorldFoundry-wbniv/.worktrees/teleport-audit/wfsource/source/game/movecam.cc:28:
/home/will/WorldFoundry-wbniv/.worktrees/teleport-audit/wfsource/source/oas/movement.h:31:74: note: ‘#pragma message: Is there an automatic way to create this enum from oas?’
   31 | #pragma message("Is there an automatic way to create this enum from oas?")
      |                                                                          ^
/home/will/WorldFoundry-wbniv/.worktrees/teleport-audit/wfsource/source/movement/movementobject.hpi: In constructor ‘MovementObject::MovementObject(const SObjectStartupData*, const void*, const CommonBlock&, const Clock&)’:
/home/will/WorldFoundry-wbniv/.worktrees/teleport-audit/wfsource/source/movement/movementobject.hpi:54:114: note: ‘#pragma message: kts fix: pathed objects get their position set in game/actor.cc since we cant do it here (yet)’
   54 | #pragma message ("kts fix: pathed objects get their position set in game/actor.cc since we cant do it here (yet)")
      |                                                                                                                  ^
/home/will/WorldFoundry-wbniv/.worktrees/teleport-audit/wfsource/source/game/level.hp:245:58: note: ‘#pragma message: /home/will/WorldFoundry-wbniv/.worktrees/teleport-audit/wfsource/source/game/level.hp: remove _idealMainCharacter’
  245 | #pragma message( __FILE__ ": remove _idealMainCharacter" )
      |                                                          ^
/home/will/WorldFoundry-wbniv/.worktrees/teleport-audit/wfsource/source/game/missile.cc: In member function ‘void Missile::explode()’:
/home/will/WorldFoundry-wbniv/.worktrees/teleport-audit/wfsource/source/game/missile.cc:78:79: note: ‘#pragma message: /home/will/WorldFoundry-wbniv/.worktrees/teleport-audit/wfsource/source/game/missile.cc: this is where a message would be sent to script’
   78 | #pragma message( __FILE__ ": this is where a message would be sent to script" )
      |                                                                               ^
/home/will/WorldFoundry-wbniv/.worktrees/teleport-audit/wfsource/source/game/missile.cc: In member function ‘virtual void Missile::update()’:
/home/will/WorldFoundry-wbniv/.worktrees/teleport-audit/wfsource/source/game/missile.cc:120:47: note: ‘#pragma message: KTS: stop using mainChacter’
  120 | #pragma message ("KTS: stop using mainChacter")
      |                                               ^
In file included from /home/will/WorldFoundry-wbniv/.worktrees/teleport-audit/wfsource/source/game/level.hp:52,
                 from /home/will/WorldFoundry-wbniv/.worktrees/teleport-audit/wfsource/source/game/camshot.hp:44,
                 from /home/will/WorldFoundry-wbniv/.worktrees/teleport-audit/wfsource/source/game/movecam.cc:38:
/home/will/WorldFoundry-wbniv/.worktrees/teleport-audit/wfsource/source/asset/assets.hp: At global scope:
/home/will/WorldFoundry-wbniv/.worktrees/teleport-audit/wfsource/source/asset/assets.hp:130:94: note: ‘#pragma message: KTS /home/will/WorldFoundry-wbniv/.worktrees/teleport-audit/wfsource/source/asset/assets.hp: can only have 1024 assets until this kludge is removed ’
  130 |  #pragma message ("KTS " __FILE__ ": can only have 1024 assets until this kludge is removed ")
      |                                                                                              ^
In file included from /home/will/WorldFoundry-wbniv/.worktrees/teleport-audit/wfsource/source/gfx/viewport.hp:103,
                 from /home/will/WorldFoundry-wbniv/.worktrees/teleport-audit/wfsource/source/game/level.hp:57:
/home/will/WorldFoundry-wbniv/.worktrees/teleport-audit/wfsource/source/gfx/viewport.hpi: In member function ‘void ViewPort::Render()’:
/home/will/WorldFoundry-wbniv/.worktrees/teleport-audit/wfsource/source/gfx/viewport.hpi:114:67: note: ‘#pragma message: KTS /home/will/WorldFoundry-wbniv/.worktrees/teleport-audit/wfsource/source/gfx/viewport.hpi: write viewport gl render code’
  114 | #pragma message ("KTS " __FILE__ ": write viewport gl render code")
      |                                                                   ^
In file included from /home/will/WorldFoundry-wbniv/.worktrees/teleport-audit/wfsource/source/gfx/rendmatt.hp:32,
                 from /home/will/WorldFoundry-wbniv/.worktrees/teleport-audit/wfsource/source/game/level.hp:58:
/home/will/WorldFoundry-wbniv/.worktrees/teleport-audit/wfsource/source/gfx/material.hp: At global scope:
/home/will/WorldFoundry-wbniv/.worktrees/teleport-audit/wfsource/source/gfx/material.hp:194:135: note: ‘#pragma message: /home/will/WorldFoundry-wbniv/.worktrees/teleport-audit/wfsource/source/gfx/material.hp KTS: MAX_RENDERERS hard coded to 8 to prevent cyclic dependencies, consider moving renderers into Material’
  194 | #pragma message(__FILE__ " KTS: MAX_RENDERERS hard coded to 8 to prevent cyclic dependencies, consider moving renderers into Material")
      |                                                                                                                                       ^
In file included from /home/will/WorldFoundry-wbniv/.worktrees/teleport-audit/wfsource/source/gfx/face.hp:67,
                 from /home/will/WorldFoundry-wbniv/.worktrees/teleport-audit/wfsource/source/gfx/rendobj3.hp:39,
                 from /home/will/WorldFoundry-wbniv/.worktrees/teleport-audit/wfsource/source/gfx/material.hpi:26,
                 from /home/will/WorldFoundry-wbniv/.worktrees/teleport-audit/wfsource/source/gfx/material.hp:201:
/home/will/WorldFoundry-wbniv/.worktrees/teleport-audit/wfsource/source/gfx/face.hpi:26:71: note: ‘#pragma message: KTS /home/will/WorldFoundry-wbniv/.worktrees/teleport-audit/wfsource/source/gfx/face.hpi: move this into the math directory’
   26 | #pragma message ("KTS " __FILE__ ": move this into the math directory")
      |                                                                       ^
In file included from /home/will/WorldFoundry-wbniv/.worktrees/teleport-audit/wfsource/source/gfx/rendobj3.hp:44:
/home/will/WorldFoundry-wbniv/.worktrees/teleport-audit/wfsource/source/gfx/handle.hp:12:73: note: ‘#pragma message: WBN: merge various ID/FOURCC classes into single one’
   12 | #pragma message( "WBN: merge various ID/FOURCC classes into single one" )
      |                                                                         ^
In file included from /home/will/WorldFoundry-wbniv/.worktrees/teleport-audit/wfsource/source/game/level.hp:65:
/home/will/WorldFoundry-wbniv/.worktrees/teleport-audit/wfsource/source/game/actor.hp:254:105: note: ‘#pragma message: /home/will/WorldFoundry-wbniv/.worktrees/teleport-audit/wfsource/source/game/actor.hp: I guess I should make protected accessor functions for these data members’
  254 | #pragma message( __FILE__ ": I guess I should make protected accessor functions for these data members" )
      |                                                                                                         ^
/home/will/WorldFoundry-wbniv/.worktrees/teleport-audit/wfsource/source/game/level.hp:245:58: note: ‘#pragma message: /home/will/WorldFoundry-wbniv/.worktrees/teleport-audit/wfsource/source/game/level.hp: remove _idealMainCharacter’
  245 | #pragma message( __FILE__ ": remove _idealMainCharacter" )
      |                                                          ^
[ 85%] Building CXX object CMakeFiles/wfengine.dir/wfsource/source/game/player.cc.o
/home/will/WorldFoundry-wbniv/.worktrees/teleport-audit/wfsource/source/game/movecam.cc: In member function ‘void CameraHandler::SetCamera(PhysicalObject&, const cameraPosition&)’:
/home/will/WorldFoundry-wbniv/.worktrees/teleport-audit/wfsource/source/game/movecam.cc:192:65: note: ‘#pragma message: KTS: write field of view, hither and yon code’
  192 | #pragma message ("KTS: write field of view, hither and yon code")
      |                                                                 ^
/home/will/WorldFoundry-wbniv/.worktrees/teleport-audit/wfsource/source/game/movecam.cc: In function ‘int32 SetCameraParametersFromShot(const Actor*, cameraPosition&, const BaseObjectList&)’:
/home/will/WorldFoundry-wbniv/.worktrees/teleport-audit/wfsource/source/game/movecam.cc:332:82: note: ‘#pragma message: kts fix: put back when the euler/matrix34 problems are resolved’
  332 | #pragma message("kts fix: put back when the euler/matrix34 problems are resolved")
      |                                                                                  ^
[ 86%] Building CXX object CMakeFiles/wfengine.dir/wfsource/source/game/runtime_property_ui.cc.o
In file included from /home/will/WorldFoundry-wbniv/.worktrees/teleport-audit/wfsource/source/game/level.hp:52,
                 from /home/will/WorldFoundry-wbniv/.worktrees/teleport-audit/wfsource/source/game/platform.hp:43,
                 from /home/will/WorldFoundry-wbniv/.worktrees/teleport-audit/wfsource/source/game/platform.cc:37:
/home/will/WorldFoundry-wbniv/.worktrees/teleport-audit/wfsource/source/asset/assets.hp:130:94: note: ‘#pragma message: KTS /home/will/WorldFoundry-wbniv/.worktrees/teleport-audit/wfsource/source/asset/assets.hp: can only have 1024 assets until this kludge is removed ’
  130 |  #pragma message ("KTS " __FILE__ ": can only have 1024 assets until this kludge is removed ")
      |                                                                                              ^
In file included from /home/will/WorldFoundry-wbniv/.worktrees/teleport-audit/wfsource/source/gfx/viewport.hp:103,
                 from /home/will/WorldFoundry-wbniv/.worktrees/teleport-audit/wfsource/source/game/level.hp:57:
/home/will/WorldFoundry-wbniv/.worktrees/teleport-audit/wfsource/source/gfx/viewport.hpi: In member function ‘void ViewPort::Render()’:
/home/will/WorldFoundry-wbniv/.worktrees/teleport-audit/wfsource/source/gfx/viewport.hpi:114:67: note: ‘#pragma message: KTS /home/will/WorldFoundry-wbniv/.worktrees/teleport-audit/wfsource/source/gfx/viewport.hpi: write viewport gl render code’
  114 | #pragma message ("KTS " __FILE__ ": write viewport gl render code")
      |                                                                   ^
In file included from /home/will/WorldFoundry-wbniv/.worktrees/teleport-audit/wfsource/source/gfx/rendmatt.hp:32,
                 from /home/will/WorldFoundry-wbniv/.worktrees/teleport-audit/wfsource/source/game/level.hp:58:
/home/will/WorldFoundry-wbniv/.worktrees/teleport-audit/wfsource/source/gfx/material.hp: At global scope:
/home/will/WorldFoundry-wbniv/.worktrees/teleport-audit/wfsource/source/gfx/material.hp:194:135: note: ‘#pragma message: /home/will/WorldFoundry-wbniv/.worktrees/teleport-audit/wfsource/source/gfx/material.hp KTS: MAX_RENDERERS hard coded to 8 to prevent cyclic dependencies, consider moving renderers into Material’
  194 | #pragma message(__FILE__ " KTS: MAX_RENDERERS hard coded to 8 to prevent cyclic dependencies, consider moving renderers into Material")
      |                                                                                                                                       ^
In file included from /home/will/WorldFoundry-wbniv/.worktrees/teleport-audit/wfsource/source/gfx/face.hp:67,
                 from /home/will/WorldFoundry-wbniv/.worktrees/teleport-audit/wfsource/source/gfx/rendobj3.hp:39,
                 from /home/will/WorldFoundry-wbniv/.worktrees/teleport-audit/wfsource/source/gfx/material.hpi:26,
                 from /home/will/WorldFoundry-wbniv/.worktrees/teleport-audit/wfsource/source/gfx/material.hp:201:
/home/will/WorldFoundry-wbniv/.worktrees/teleport-audit/wfsource/source/gfx/face.hpi:26:71: note: ‘#pragma message: KTS /home/will/WorldFoundry-wbniv/.worktrees/teleport-audit/wfsource/source/gfx/face.hpi: move this into the math directory’
   26 | #pragma message ("KTS " __FILE__ ": move this into the math directory")
      |                                                                       ^
In file included from /home/will/WorldFoundry-wbniv/.worktrees/teleport-audit/wfsource/source/gfx/rendobj3.hp:44:
/home/will/WorldFoundry-wbniv/.worktrees/teleport-audit/wfsource/source/gfx/handle.hp:12:73: note: ‘#pragma message: WBN: merge various ID/FOURCC classes into single one’
   12 | #pragma message( "WBN: merge various ID/FOURCC classes into single one" )
      |                                                                         ^
In file included from /home/will/WorldFoundry-wbniv/.worktrees/teleport-audit/wfsource/source/movement/movementobject.hpi:31,
                 from /home/will/WorldFoundry-wbniv/.worktrees/teleport-audit/wfsource/source/movement/movementobject.hp:117,
                 from /home/will/WorldFoundry-wbniv/.worktrees/teleport-audit/wfsource/source/game/actor.hp:37,
                 from /home/will/WorldFoundry-wbniv/.worktrees/teleport-audit/wfsource/source/game/level.hp:65:
/home/will/WorldFoundry-wbniv/.worktrees/teleport-audit/wfsource/source/oas/movement.h:31:74: note: ‘#pragma message: Is there an automatic way to create this enum from oas?’
   31 | #pragma message("Is there an automatic way to create this enum from oas?")
      |                                                                          ^
/home/will/WorldFoundry-wbniv/.worktrees/teleport-audit/wfsource/source/movement/movementobject.hpi: In constructor ‘MovementObject::MovementObject(const SObjectStartupData*, const void*, const CommonBlock&, const Clock&)’:
/home/will/WorldFoundry-wbniv/.worktrees/teleport-audit/wfsource/source/movement/movementobject.hpi:54:114: note: ‘#pragma message: kts fix: pathed objects get their position set in game/actor.cc since we cant do it here (yet)’
   54 | #pragma message ("kts fix: pathed objects get their position set in game/actor.cc since we cant do it here (yet)")
      |                                                                                                                  ^
[ 86%] Building CXX object CMakeFiles/wfengine.dir/wfsource/source/game/runtime_settings_ui.cc.o
/home/will/WorldFoundry-wbniv/.worktrees/teleport-audit/wfsource/source/game/actor.hp: At global scope:
/home/will/WorldFoundry-wbniv/.worktrees/teleport-audit/wfsource/source/game/actor.hp:254:105: note: ‘#pragma message: /home/will/WorldFoundry-wbniv/.worktrees/teleport-audit/wfsource/source/game/actor.hp: I guess I should make protected accessor functions for these data members’
  254 | #pragma message( __FILE__ ": I guess I should make protected accessor functions for these data members" )
      |                                                                                                         ^
/home/will/WorldFoundry-wbniv/.worktrees/teleport-audit/wfsource/source/game/level.hp:245:58: note: ‘#pragma message: /home/will/WorldFoundry-wbniv/.worktrees/teleport-audit/wfsource/source/game/level.hp: remove _idealMainCharacter’
  245 | #pragma message( __FILE__ ": remove _idealMainCharacter" )
      |                                                          ^
In file included from /home/will/WorldFoundry-wbniv/.worktrees/teleport-audit/wfsource/source/game/player.cc:31:
/home/will/WorldFoundry-wbniv/.worktrees/teleport-audit/wfsource/source/oas/movement.h:31:74: note: ‘#pragma message: Is there an automatic way to create this enum from oas?’
   31 | #pragma message("Is there an automatic way to create this enum from oas?")
      |                                                                          ^
[ 86%] Building CXX object CMakeFiles/wfengine.dir/wfsource/source/game/scripting_stub.cc.o
[ 87%] Building CXX object CMakeFiles/wfengine.dir/wfsource/source/game/shadow.cc.o
In file included from /home/will/WorldFoundry-wbniv/.worktrees/teleport-audit/wfsource/source/gfx/viewport.hp:103,
                 from /home/will/WorldFoundry-wbniv/.worktrees/teleport-audit/wfsource/source/gfx/camera.hp:35,
                 from /home/will/WorldFoundry-wbniv/.worktrees/teleport-audit/wfsource/source/renderassets/rendacto.hp:47,
                 from /home/will/WorldFoundry-wbniv/.worktrees/teleport-audit/wfsource/source/game/camera.hp:29,
                 from /home/will/WorldFoundry-wbniv/.worktrees/teleport-audit/wfsource/source/game/player.cc:35:
/home/will/WorldFoundry-wbniv/.worktrees/teleport-audit/wfsource/source/gfx/viewport.hpi: In member function ‘void ViewPort::Render()’:
/home/will/WorldFoundry-wbniv/.worktrees/teleport-audit/wfsource/source/gfx/viewport.hpi:114:67: note: ‘#pragma message: KTS /home/will/WorldFoundry-wbniv/.worktrees/teleport-audit/wfsource/source/gfx/viewport.hpi: write viewport gl render code’
  114 | #pragma message ("KTS " __FILE__ ": write viewport gl render code")
      |                                                                   ^
In file included from /home/will/WorldFoundry-wbniv/.worktrees/teleport-audit/wfsource/source/gfx/face.hp:67,
                 from /home/will/WorldFoundry-wbniv/.worktrees/teleport-audit/wfsource/source/gfx/rendobj3.hp:39,
                 from /home/will/WorldFoundry-wbniv/.worktrees/teleport-audit/wfsource/source/gfx/camera.hp:36:
/home/will/WorldFoundry-wbniv/.worktrees/teleport-audit/wfsource/source/gfx/face.hpi: At global scope:
/home/will/WorldFoundry-wbniv/.worktrees/teleport-audit/wfsource/source/gfx/face.hpi:26:71: note: ‘#pragma message: KTS /home/will/WorldFoundry-wbniv/.worktrees/teleport-audit/wfsource/source/gfx/face.hpi: move this into the math directory’
   26 | #pragma message ("KTS " __FILE__ ": move this into the math directory")
      |                                                                       ^
In file included from /home/will/WorldFoundry-wbniv/.worktrees/teleport-audit/wfsource/source/gfx/rendobj3.hp:44:
/home/will/WorldFoundry-wbniv/.worktrees/teleport-audit/wfsource/source/gfx/handle.hp:12:73: note: ‘#pragma message: WBN: merge various ID/FOURCC classes into single one’
   12 | #pragma message( "WBN: merge various ID/FOURCC classes into single one" )
      |                                                                         ^
In file included from /home/will/WorldFoundry-wbniv/.worktrees/teleport-audit/wfsource/source/gfx/rendobj3.hp:45:
/home/will/WorldFoundry-wbniv/.worktrees/teleport-audit/wfsource/source/gfx/material.hp:194:135: note: ‘#pragma message: /home/will/WorldFoundry-wbniv/.worktrees/teleport-audit/wfsource/source/gfx/material.hp KTS: MAX_RENDERERS hard coded to 8 to prevent cyclic dependencies, consider moving renderers into Material’
  194 | #pragma message(__FILE__ " KTS: MAX_RENDERERS hard coded to 8 to prevent cyclic dependencies, consider moving renderers into Material")
      |                                                                                                                                       ^
In file included from /home/will/WorldFoundry-wbniv/.worktrees/teleport-audit/wfsource/source/movement/movementobject.hp:117,
                 from /home/will/WorldFoundry-wbniv/.worktrees/teleport-audit/wfsource/source/anim/animmang.hp:37,
                 from /home/will/WorldFoundry-wbniv/.worktrees/teleport-audit/wfsource/source/anim/animcycl.hp:36,
                 from /home/will/WorldFoundry-wbniv/.worktrees/teleport-audit/wfsource/source/renderassets/rendacto.hp:51:
/home/will/WorldFoundry-wbniv/.worktrees/teleport-audit/wfsource/source/movement/movementobject.hpi: In constructor ‘MovementObject::MovementObject(const SObjectStartupData*, const void*, const CommonBlock&, const Clock&)’:
/home/will/WorldFoundry-wbniv/.worktrees/teleport-audit/wfsource/source/movement/movementobject.hpi:54:114: note: ‘#pragma message: kts fix: pathed objects get their position set in game/actor.cc since we cant do it here (yet)’
   54 | #pragma message ("kts fix: pathed objects get their position set in game/actor.cc since we cant do it here (yet)")
      |                                                                                                                  ^
In file included from /home/will/WorldFoundry-wbniv/.worktrees/teleport-audit/wfsource/source/renderassets/rendacto.hp:54:
/home/will/WorldFoundry-wbniv/.worktrees/teleport-audit/wfsource/source/asset/assets.hp: At global scope:
/home/will/WorldFoundry-wbniv/.worktrees/teleport-audit/wfsource/source/asset/assets.hp:130:94: note: ‘#pragma message: KTS /home/will/WorldFoundry-wbniv/.worktrees/teleport-audit/wfsource/source/asset/assets.hp: can only have 1024 assets until this kludge is removed ’
  130 |  #pragma message ("KTS " __FILE__ ": can only have 1024 assets until this kludge is removed ")
      |                                                                                              ^
In file included from /home/will/WorldFoundry-wbniv/.worktrees/teleport-audit/wfsource/source/game/camera.hp:32:
/home/will/WorldFoundry-wbniv/.worktrees/teleport-audit/wfsource/source/game/actor.hp:254:105: note: ‘#pragma message: /home/will/WorldFoundry-wbniv/.worktrees/teleport-audit/wfsource/source/game/actor.hp: I guess I should make protected accessor functions for these data members’
  254 | #pragma message( __FILE__ ": I guess I should make protected accessor functions for these data members" )
      |                                                                                                         ^
In file included from /home/will/WorldFoundry-wbniv/.worktrees/teleport-audit/wfsource/source/game/player.hp:28,
                 from /home/will/WorldFoundry-wbniv/.worktrees/teleport-audit/wfsource/source/game/player.cc:36:
/home/will/WorldFoundry-wbniv/.worktrees/teleport-audit/wfsource/source/game/level.hp:245:58: note: ‘#pragma message: /home/will/WorldFoundry-wbniv/.worktrees/teleport-audit/wfsource/source/game/level.hp: remove _idealMainCharacter’
  245 | #pragma message( __FILE__ ": remove _idealMainCharacter" )
      |                                                          ^
/home/will/WorldFoundry-wbniv/.worktrees/teleport-audit/wfsource/source/game/player.cc: In member function ‘virtual void Player::die()’:
/home/will/WorldFoundry-wbniv/.worktrees/teleport-audit/wfsource/source/game/player.cc:83:94: note: ‘#pragma message: /home/will/WorldFoundry-wbniv/.worktrees/teleport-audit/wfsource/source/game/player.cc: use FindOADData to get starting position and other information’
   83 | #pragma message( __FILE__ ": use FindOADData to get starting position and other information" )
      |                                                                                              ^
[ 87%] Building CXX object CMakeFiles/wfengine.dir/wfsource/source/game/shield.cc.o
[ 87%] Building CXX object CMakeFiles/wfengine.dir/wfsource/source/game/spike.cc.o
In file included from /home/will/WorldFoundry-wbniv/.worktrees/teleport-audit/wfsource/source/room/room.hp:48,
                 from /home/will/WorldFoundry-wbniv/.worktrees/teleport-audit/wfsource/source/room/actroit.hp:30,
                 from /home/will/WorldFoundry-wbniv/.worktrees/teleport-audit/wfsource/source/game/shadow.cc:42:
/home/will/WorldFoundry-wbniv/.worktrees/teleport-audit/wfsource/source/asset/assets.hp:130:94: note: ‘#pragma message: KTS /home/will/WorldFoundry-wbniv/.worktrees/teleport-audit/wfsource/source/asset/assets.hp: can only have 1024 assets until this kludge is removed ’
  130 |  #pragma message ("KTS " __FILE__ ": can only have 1024 assets until this kludge is removed ")
      |                                                                                              ^
In file included from /home/will/WorldFoundry-wbniv/.worktrees/teleport-audit/wfsource/source/movement/movementobject.hpi:31,
                 from /home/will/WorldFoundry-wbniv/.worktrees/teleport-audit/wfsource/source/movement/movementobject.hp:117,
                 from /home/will/WorldFoundry-wbniv/.worktrees/teleport-audit/wfsource/source/game/shadow.cc:43:
/home/will/WorldFoundry-wbniv/.worktrees/teleport-audit/wfsource/source/oas/movement.h:31:74: note: ‘#pragma message: Is there an automatic way to create this enum from oas?’
   31 | #pragma message("Is there an automatic way to create this enum from oas?")
      |                                                                          ^
/home/will/WorldFoundry-wbniv/.worktrees/teleport-audit/wfsource/source/movement/movementobject.hpi: In constructor ‘MovementObject::MovementObject(const SObjectStartupData*, const void*, const CommonBlock&, const Clock&)’:
/home/will/WorldFoundry-wbniv/.worktrees/teleport-audit/wfsource/source/movement/movementobject.hpi:54:114: note: ‘#pragma message: kts fix: pathed objects get their position set in game/actor.cc since we cant do it here (yet)’
   54 | #pragma message ("kts fix: pathed objects get their position set in game/actor.cc since we cant do it here (yet)")
      |                                                                                                                  ^
In file included from /home/will/WorldFoundry-wbniv/.worktrees/teleport-audit/wfsource/source/gfx/viewport.hp:103,
                 from /home/will/WorldFoundry-wbniv/.worktrees/teleport-audit/wfsource/source/gfx/camera.hp:35,
                 from /home/will/WorldFoundry-wbniv/.worktrees/teleport-audit/wfsource/source/renderassets/rendacto.hp:47,
                 from /home/will/WorldFoundry-wbniv/.worktrees/teleport-audit/wfsource/source/game/actor.hp:51,
                 from /home/will/WorldFoundry-wbniv/.worktrees/teleport-audit/wfsource/source/game/shadow.hp:45,
                 from /home/will/WorldFoundry-wbniv/.worktrees/teleport-audit/wfsource/source/game/shadow.cc:44:
/home/will/WorldFoundry-wbniv/.worktrees/teleport-audit/wfsource/source/gfx/viewport.hpi: In member function ‘void ViewPort::Render()’:
/home/will/WorldFoundry-wbniv/.worktrees/teleport-audit/wfsource/source/gfx/viewport.hpi:114:67: note: ‘#pragma message: KTS /home/will/WorldFoundry-wbniv/.worktrees/teleport-audit/wfsource/source/gfx/viewport.hpi: write viewport gl render code’
  114 | #pragma message ("KTS " __FILE__ ": write viewport gl render code")
      |                                                                   ^
In file included from /home/will/WorldFoundry-wbniv/.worktrees/teleport-audit/wfsource/source/gfx/face.hp:67,
                 from /home/will/WorldFoundry-wbniv/.worktrees/teleport-audit/wfsource/source/gfx/rendobj3.hp:39,
                 from /home/will/WorldFoundry-wbniv/.worktrees/teleport-audit/wfsource/source/gfx/camera.hp:36:
/home/will/WorldFoundry-wbniv/.worktrees/teleport-audit/wfsource/source/gfx/face.hpi: At global scope:
/home/will/WorldFoundry-wbniv/.worktrees/teleport-audit/wfsource/source/gfx/face.hpi:26:71: note: ‘#pragma message: KTS /home/will/WorldFoundry-wbniv/.worktrees/teleport-audit/wfsource/source/gfx/face.hpi: move this into the math directory’
   26 | #pragma message ("KTS " __FILE__ ": move this into the math directory")
      |                                                                       ^
In file included from /home/will/WorldFoundry-wbniv/.worktrees/teleport-audit/wfsource/source/gfx/rendobj3.hp:44:
/home/will/WorldFoundry-wbniv/.worktrees/teleport-audit/wfsource/source/gfx/handle.hp:12:73: note: ‘#pragma message: WBN: merge various ID/FOURCC classes into single one’
   12 | #pragma message( "WBN: merge various ID/FOURCC classes into single one" )
      |                                                                         ^
In file included from /home/will/WorldFoundry-wbniv/.worktrees/teleport-audit/wfsource/source/gfx/rendobj3.hp:45:
/home/will/WorldFoundry-wbniv/.worktrees/teleport-audit/wfsource/source/gfx/material.hp:194:135: note: ‘#pragma message: /home/will/WorldFoundry-wbniv/.worktrees/teleport-audit/wfsource/source/gfx/material.hp KTS: MAX_RENDERERS hard coded to 8 to prevent cyclic dependencies, consider moving renderers into Material’
  194 | #pragma message(__FILE__ " KTS: MAX_RENDERERS hard coded to 8 to prevent cyclic dependencies, consider moving renderers into Material")
      |                                                                                                                                       ^
/home/will/WorldFoundry-wbniv/.worktrees/teleport-audit/wfsource/source/game/actor.hp:254:105: note: ‘#pragma message: /home/will/WorldFoundry-wbniv/.worktrees/teleport-audit/wfsource/source/game/actor.hp: I guess I should make protected accessor functions for these data members’
  254 | #pragma message( __FILE__ ": I guess I should make protected accessor functions for these data members" )
      |                                                                                                         ^
In file included from /home/will/WorldFoundry-wbniv/.worktrees/teleport-audit/wfsource/source/game/shadow.cc:45:
/home/will/WorldFoundry-wbniv/.worktrees/teleport-audit/wfsource/source/game/level.hp:245:58: note: ‘#pragma message: /home/will/WorldFoundry-wbniv/.worktrees/teleport-audit/wfsource/source/game/level.hp: remove _idealMainCharacter’
  245 | #pragma message( __FILE__ ": remove _idealMainCharacter" )
      |                                                          ^
In file included from /home/will/WorldFoundry-wbniv/.worktrees/teleport-audit/wfsource/source/movement/movementobject.hpi:31,
                 from /home/will/WorldFoundry-wbniv/.worktrees/teleport-audit/wfsource/source/movement/movementobject.hp:117,
                 from /home/will/WorldFoundry-wbniv/.worktrees/teleport-audit/wfsource/source/movement/movement.hp:37,
                 from /home/will/WorldFoundry-wbniv/.worktrees/teleport-audit/wfsource/source/movement/movefoll.hp:8,
                 from /home/will/WorldFoundry-wbniv/.worktrees/teleport-audit/wfsource/source/game/shield.cc:46:
/home/will/WorldFoundry-wbniv/.worktrees/teleport-audit/wfsource/source/oas/movement.h:31:74: note: ‘#pragma message: Is there an automatic way to create this enum from oas?’
   31 | #pragma message("Is there an automatic way to create this enum from oas?")
      |                                                                          ^
/home/will/WorldFoundry-wbniv/.worktrees/teleport-audit/wfsource/source/movement/movementobject.hpi: In constructor ‘MovementObject::MovementObject(const SObjectStartupData*, const void*, const CommonBlock&, const Clock&)’:
/home/will/WorldFoundry-wbniv/.worktrees/teleport-audit/wfsource/source/movement/movementobject.hpi:54:114: note: ‘#pragma message: kts fix: pathed objects get their position set in game/actor.cc since we cant do it here (yet)’
   54 | #pragma message ("kts fix: pathed objects get their position set in game/actor.cc since we cant do it here (yet)")
      |                                                                                                                  ^
In file included from /home/will/WorldFoundry-wbniv/.worktrees/teleport-audit/wfsource/source/game/level.hp:52,
                 from /home/will/WorldFoundry-wbniv/.worktrees/teleport-audit/wfsource/source/game/shield.hp:42,
                 from /home/will/WorldFoundry-wbniv/.worktrees/teleport-audit/wfsource/source/game/shield.cc:47:
/home/will/WorldFoundry-wbniv/.worktrees/teleport-audit/wfsource/source/asset/assets.hp: At global scope:
/home/will/WorldFoundry-wbniv/.worktrees/teleport-audit/wfsource/source/asset/assets.hp:130:94: note: ‘#pragma message: KTS /home/will/WorldFoundry-wbniv/.worktrees/teleport-audit/wfsource/source/asset/assets.hp: can only have 1024 assets until this kludge is removed ’
  130 |  #pragma message ("KTS " __FILE__ ": can only have 1024 assets until this kludge is removed ")
      |                                                                                              ^
In file included from /home/will/WorldFoundry-wbniv/.worktrees/teleport-audit/wfsource/source/gfx/viewport.hp:103,
                 from /home/will/WorldFoundry-wbniv/.worktrees/teleport-audit/wfsource/source/game/level.hp:57:
/home/will/WorldFoundry-wbniv/.worktrees/teleport-audit/wfsource/source/gfx/viewport.hpi: In member function ‘void ViewPort::Render()’:
/home/will/WorldFoundry-wbniv/.worktrees/teleport-audit/wfsource/source/gfx/viewport.hpi:114:67: note: ‘#pragma message: KTS /home/will/WorldFoundry-wbniv/.worktrees/teleport-audit/wfsource/source/gfx/viewport.hpi: write viewport gl render code’
  114 | #pragma message ("KTS " __FILE__ ": write viewport gl render code")
      |                                                                   ^
In file included from /home/will/WorldFoundry-wbniv/.worktrees/teleport-audit/wfsource/source/gfx/rendmatt.hp:32,
                 from /home/will/WorldFoundry-wbniv/.worktrees/teleport-audit/wfsource/source/game/level.hp:58:
/home/will/WorldFoundry-wbniv/.worktrees/teleport-audit/wfsource/source/gfx/material.hp: At global scope:
/home/will/WorldFoundry-wbniv/.worktrees/teleport-audit/wfsource/source/gfx/material.hp:194:135: note: ‘#pragma message: /home/will/WorldFoundry-wbniv/.worktrees/teleport-audit/wfsource/source/gfx/material.hp KTS: MAX_RENDERERS hard coded to 8 to prevent cyclic dependencies, consider moving renderers into Material’
  194 | #pragma message(__FILE__ " KTS: MAX_RENDERERS hard coded to 8 to prevent cyclic dependencies, consider moving renderers into Material")
      |                                                                                                                                       ^
In file included from /home/will/WorldFoundry-wbniv/.worktrees/teleport-audit/wfsource/source/gfx/face.hp:67,
                 from /home/will/WorldFoundry-wbniv/.worktrees/teleport-audit/wfsource/source/gfx/rendobj3.hp:39,
                 from /home/will/WorldFoundry-wbniv/.worktrees/teleport-audit/wfsource/source/gfx/material.hpi:26,
                 from /home/will/WorldFoundry-wbniv/.worktrees/teleport-audit/wfsource/source/gfx/material.hp:201:
/home/will/WorldFoundry-wbniv/.worktrees/teleport-audit/wfsource/source/gfx/face.hpi:26:71: note: ‘#pragma message: KTS /home/will/WorldFoundry-wbniv/.worktrees/teleport-audit/wfsource/source/gfx/face.hpi: move this into the math directory’
   26 | #pragma message ("KTS " __FILE__ ": move this into the math directory")
      |                                                                       ^
In file included from /home/will/WorldFoundry-wbniv/.worktrees/teleport-audit/wfsource/source/gfx/rendobj3.hp:44:
/home/will/WorldFoundry-wbniv/.worktrees/teleport-audit/wfsource/source/gfx/handle.hp:12:73: note: ‘#pragma message: WBN: merge various ID/FOURCC classes into single one’
   12 | #pragma message( "WBN: merge various ID/FOURCC classes into single one" )
      |                                                                         ^
In file included from /home/will/WorldFoundry-wbniv/.worktrees/teleport-audit/wfsource/source/game/level.hp:65:
/home/will/WorldFoundry-wbniv/.worktrees/teleport-audit/wfsource/source/game/actor.hp:254:105: note: ‘#pragma message: /home/will/WorldFoundry-wbniv/.worktrees/teleport-audit/wfsource/source/game/actor.hp: I guess I should make protected accessor functions for these data members’
  254 | #pragma message( __FILE__ ": I guess I should make protected accessor functions for these data members" )
      |                                                                                                         ^
/home/will/WorldFoundry-wbniv/.worktrees/teleport-audit/wfsource/source/game/level.hp:245:58: note: ‘#pragma message: /home/will/WorldFoundry-wbniv/.worktrees/teleport-audit/wfsource/source/game/level.hp: remove _idealMainCharacter’
  245 | #pragma message( __FILE__ ": remove _idealMainCharacter" )
      |                                                          ^
/home/will/WorldFoundry-wbniv/.worktrees/teleport-audit/wfsource/source/game/shield.cc: In constructor ‘Shield::Shield(const SObjectStartupData*)’:
/home/will/WorldFoundry-wbniv/.worktrees/teleport-audit/wfsource/source/game/shield.cc:63:105: note: ‘#pragma message: KTS: is there a better way to access a base class protected member through a pointer?’
   63 | #pragma message ("KTS: is there a better way to access a base class protected member through a pointer?")
      |                                                                                                         ^
[ 87%] Building CXX object CMakeFiles/wfengine.dir/wfsource/source/game/statplat.cc.o
In file included from /home/will/WorldFoundry-wbniv/.worktrees/teleport-audit/wfsource/source/game/level.hp:52,
                 from /home/will/WorldFoundry-wbniv/.worktrees/teleport-audit/wfsource/source/game/spike.hp:42,
                 from /home/will/WorldFoundry-wbniv/.worktrees/teleport-audit/wfsource/source/game/spike.cc:39:
/home/will/WorldFoundry-wbniv/.worktrees/teleport-audit/wfsource/source/asset/assets.hp:130:94: note: ‘#pragma message: KTS /home/will/WorldFoundry-wbniv/.worktrees/teleport-audit/wfsource/source/asset/assets.hp: can only have 1024 assets until this kludge is removed ’
  130 |  #pragma message ("KTS " __FILE__ ": can only have 1024 assets until this kludge is removed ")
      |                                                                                              ^
In file included from /home/will/WorldFoundry-wbniv/.worktrees/teleport-audit/wfsource/source/gfx/viewport.hp:103,
                 from /home/will/WorldFoundry-wbniv/.worktrees/teleport-audit/wfsource/source/game/level.hp:57:
/home/will/WorldFoundry-wbniv/.worktrees/teleport-audit/wfsource/source/gfx/viewport.hpi: In member function ‘void ViewPort::Render()’:
/home/will/WorldFoundry-wbniv/.worktrees/teleport-audit/wfsource/source/gfx/viewport.hpi:114:67: note: ‘#pragma message: KTS /home/will/WorldFoundry-wbniv/.worktrees/teleport-audit/wfsource/source/gfx/viewport.hpi: write viewport gl render code’
  114 | #pragma message ("KTS " __FILE__ ": write viewport gl render code")
      |                                                                   ^
In file included from /home/will/WorldFoundry-wbniv/.worktrees/teleport-audit/wfsource/source/gfx/rendmatt.hp:32,
                 from /home/will/WorldFoundry-wbniv/.worktrees/teleport-audit/wfsource/source/game/level.hp:58:
/home/will/WorldFoundry-wbniv/.worktrees/teleport-audit/wfsource/source/gfx/material.hp: At global scope:
/home/will/WorldFoundry-wbniv/.worktrees/teleport-audit/wfsource/source/gfx/material.hp:194:135: note: ‘#pragma message: /home/will/WorldFoundry-wbniv/.worktrees/teleport-audit/wfsource/source/gfx/material.hp KTS: MAX_RENDERERS hard coded to 8 to prevent cyclic dependencies, consider moving renderers into Material’
  194 | #pragma message(__FILE__ " KTS: MAX_RENDERERS hard coded to 8 to prevent cyclic dependencies, consider moving renderers into Material")
      |                                                                                                                                       ^
In file included from /home/will/WorldFoundry-wbniv/.worktrees/teleport-audit/wfsource/source/gfx/face.hp:67,
                 from /home/will/WorldFoundry-wbniv/.worktrees/teleport-audit/wfsource/source/gfx/rendobj3.hp:39,
                 from /home/will/WorldFoundry-wbniv/.worktrees/teleport-audit/wfsource/source/gfx/material.hpi:26,
                 from /home/will/WorldFoundry-wbniv/.worktrees/teleport-audit/wfsource/source/gfx/material.hp:201:
/home/will/WorldFoundry-wbniv/.worktrees/teleport-audit/wfsource/source/gfx/face.hpi:26:71: note: ‘#pragma message: KTS /home/will/WorldFoundry-wbniv/.worktrees/teleport-audit/wfsource/source/gfx/face.hpi: move this into the math directory’
   26 | #pragma message ("KTS " __FILE__ ": move this into the math directory")
      |                                                                       ^
In file included from /home/will/WorldFoundry-wbniv/.worktrees/teleport-audit/wfsource/source/gfx/rendobj3.hp:44:
/home/will/WorldFoundry-wbniv/.worktrees/teleport-audit/wfsource/source/gfx/handle.hp:12:73: note: ‘#pragma message: WBN: merge various ID/FOURCC classes into single one’
   12 | #pragma message( "WBN: merge various ID/FOURCC classes into single one" )
      |                                                                         ^
In file included from /home/will/WorldFoundry-wbniv/.worktrees/teleport-audit/wfsource/source/movement/movementobject.hpi:31,
                 from /home/will/WorldFoundry-wbniv/.worktrees/teleport-audit/wfsource/source/movement/movementobject.hp:117,
                 from /home/will/WorldFoundry-wbniv/.worktrees/teleport-audit/wfsource/source/game/actor.hp:37,
                 from /home/will/WorldFoundry-wbniv/.worktrees/teleport-audit/wfsource/source/game/level.hp:65:
/home/will/WorldFoundry-wbniv/.worktrees/teleport-audit/wfsource/source/oas/movement.h:31:74: note: ‘#pragma message: Is there an automatic way to create this enum from oas?’
   31 | #pragma message("Is there an automatic way to create this enum from oas?")
      |                                                                          ^
/home/will/WorldFoundry-wbniv/.worktrees/teleport-audit/wfsource/source/movement/movementobject.hpi: In constructor ‘MovementObject::MovementObject(const SObjectStartupData*, const void*, const CommonBlock&, const Clock&)’:
/home/will/WorldFoundry-wbniv/.worktrees/teleport-audit/wfsource/source/movement/movementobject.hpi:54:114: note: ‘#pragma message: kts fix: pathed objects get their position set in game/actor.cc since we cant do it here (yet)’
   54 | #pragma message ("kts fix: pathed objects get their position set in game/actor.cc since we cant do it here (yet)")
      |                                                                                                                  ^
[ 88%] Building CXX object CMakeFiles/wfengine.dir/wfsource/source/game/target.cc.o
/home/will/WorldFoundry-wbniv/.worktrees/teleport-audit/wfsource/source/game/actor.hp: At global scope:
/home/will/WorldFoundry-wbniv/.worktrees/teleport-audit/wfsource/source/game/actor.hp:254:105: note: ‘#pragma message: /home/will/WorldFoundry-wbniv/.worktrees/teleport-audit/wfsource/source/game/actor.hp: I guess I should make protected accessor functions for these data members’
  254 | #pragma message( __FILE__ ": I guess I should make protected accessor functions for these data members" )
      |                                                                                                         ^
/home/will/WorldFoundry-wbniv/.worktrees/teleport-audit/wfsource/source/game/level.hp:245:58: note: ‘#pragma message: /home/will/WorldFoundry-wbniv/.worktrees/teleport-audit/wfsource/source/game/level.hp: remove _idealMainCharacter’
  245 | #pragma message( __FILE__ ": remove _idealMainCharacter" )
      |                                                          ^
/home/will/WorldFoundry-wbniv/.worktrees/teleport-audit/wfsource/source/game/spike.cc: In member function ‘virtual void Spike::update()’:
/home/will/WorldFoundry-wbniv/.worktrees/teleport-audit/wfsource/source/game/spike.cc:92:34: note: ‘#pragma message: BUBBA: kludge’
   92 | #pragma message( "BUBBA: kludge" )
      |                                  ^
[ 88%] Building CXX object CMakeFiles/wfengine.dir/wfsource/source/game/tool.cc.o
In file included from /home/will/WorldFoundry-wbniv/.worktrees/teleport-audit/wfsource/source/movement/movementobject.hpi:31,
                 from /home/will/WorldFoundry-wbniv/.worktrees/teleport-audit/wfsource/source/movement/movementobject.hp:117,
                 from /home/will/WorldFoundry-wbniv/.worktrees/teleport-audit/wfsource/source/game/actor.hp:37,
                 from /home/will/WorldFoundry-wbniv/.worktrees/teleport-audit/wfsource/source/game/statplat.hp:43,
                 from /home/will/WorldFoundry-wbniv/.worktrees/teleport-audit/wfsource/source/game/statplat.cc:38:
/home/will/WorldFoundry-wbniv/.worktrees/teleport-audit/wfsource/source/oas/movement.h:31:74: note: ‘#pragma message: Is there an automatic way to create this enum from oas?’
   31 | #pragma message("Is there an automatic way to create this enum from oas?")
      |                                                                          ^
/home/will/WorldFoundry-wbniv/.worktrees/teleport-audit/wfsource/source/movement/movementobject.hpi: In constructor ‘MovementObject::MovementObject(const SObjectStartupData*, const void*, const CommonBlock&, const Clock&)’:
/home/will/WorldFoundry-wbniv/.worktrees/teleport-audit/wfsource/source/movement/movementobject.hpi:54:114: note: ‘#pragma message: kts fix: pathed objects get their position set in game/actor.cc since we cant do it here (yet)’
   54 | #pragma message ("kts fix: pathed objects get their position set in game/actor.cc since we cant do it here (yet)")
      |                                                                                                                  ^
In file included from /home/will/WorldFoundry-wbniv/.worktrees/teleport-audit/wfsource/source/gfx/viewport.hp:103,
                 from /home/will/WorldFoundry-wbniv/.worktrees/teleport-audit/wfsource/source/gfx/camera.hp:35,
                 from /home/will/WorldFoundry-wbniv/.worktrees/teleport-audit/wfsource/source/renderassets/rendacto.hp:47,
                 from /home/will/WorldFoundry-wbniv/.worktrees/teleport-audit/wfsource/source/game/actor.hp:51:
/home/will/WorldFoundry-wbniv/.worktrees/teleport-audit/wfsource/source/gfx/viewport.hpi: In member function ‘void ViewPort::Render()’:
/home/will/WorldFoundry-wbniv/.worktrees/teleport-audit/wfsource/source/gfx/viewport.hpi:114:67: note: ‘#pragma message: KTS /home/will/WorldFoundry-wbniv/.worktrees/teleport-audit/wfsource/source/gfx/viewport.hpi: write viewport gl render code’
  114 | #pragma message ("KTS " __FILE__ ": write viewport gl render code")
      |                                                                   ^
In file included from /home/will/WorldFoundry-wbniv/.worktrees/teleport-audit/wfsource/source/gfx/face.hp:67,
                 from /home/will/WorldFoundry-wbniv/.worktrees/teleport-audit/wfsource/source/gfx/rendobj3.hp:39,
                 from /home/will/WorldFoundry-wbniv/.worktrees/teleport-audit/wfsource/source/gfx/camera.hp:36:
/home/will/WorldFoundry-wbniv/.worktrees/teleport-audit/wfsource/source/gfx/face.hpi: At global scope:
/home/will/WorldFoundry-wbniv/.worktrees/teleport-audit/wfsource/source/gfx/face.hpi:26:71: note: ‘#pragma message: KTS /home/will/WorldFoundry-wbniv/.worktrees/teleport-audit/wfsource/source/gfx/face.hpi: move this into the math directory’
   26 | #pragma message ("KTS " __FILE__ ": move this into the math directory")
      |                                                                       ^
In file included from /home/will/WorldFoundry-wbniv/.worktrees/teleport-audit/wfsource/source/gfx/rendobj3.hp:44:
/home/will/WorldFoundry-wbniv/.worktrees/teleport-audit/wfsource/source/gfx/handle.hp:12:73: note: ‘#pragma message: WBN: merge various ID/FOURCC classes into single one’
   12 | #pragma message( "WBN: merge various ID/FOURCC classes into single one" )
      |                                                                         ^
In file included from /home/will/WorldFoundry-wbniv/.worktrees/teleport-audit/wfsource/source/gfx/rendobj3.hp:45:
/home/will/WorldFoundry-wbniv/.worktrees/teleport-audit/wfsource/source/gfx/material.hp:194:135: note: ‘#pragma message: /home/will/WorldFoundry-wbniv/.worktrees/teleport-audit/wfsource/source/gfx/material.hp KTS: MAX_RENDERERS hard coded to 8 to prevent cyclic dependencies, consider moving renderers into Material’
  194 | #pragma message(__FILE__ " KTS: MAX_RENDERERS hard coded to 8 to prevent cyclic dependencies, consider moving renderers into Material")
      |                                                                                                                                       ^
In file included from /home/will/WorldFoundry-wbniv/.worktrees/teleport-audit/wfsource/source/renderassets/rendacto.hp:54:
/home/will/WorldFoundry-wbniv/.worktrees/teleport-audit/wfsource/source/asset/assets.hp:130:94: note: ‘#pragma message: KTS /home/will/WorldFoundry-wbniv/.worktrees/teleport-audit/wfsource/source/asset/assets.hp: can only have 1024 assets until this kludge is removed ’
  130 |  #pragma message ("KTS " __FILE__ ": can only have 1024 assets until this kludge is removed ")
      |                                                                                              ^
/home/will/WorldFoundry-wbniv/.worktrees/teleport-audit/wfsource/source/game/actor.hp:254:105: note: ‘#pragma message: /home/will/WorldFoundry-wbniv/.worktrees/teleport-audit/wfsource/source/game/actor.hp: I guess I should make protected accessor functions for these data members’
  254 | #pragma message( __FILE__ ": I guess I should make protected accessor functions for these data members" )
      |                                                                                                         ^
In file included from /home/will/WorldFoundry-wbniv/.worktrees/teleport-audit/wfsource/source/movement/movementobject.hpi:31,
                 from /home/will/WorldFoundry-wbniv/.worktrees/teleport-audit/wfsource/source/movement/movementobject.hp:117,
                 from /home/will/WorldFoundry-wbniv/.worktrees/teleport-audit/wfsource/source/game/actor.hp:37,
                 from /home/will/WorldFoundry-wbniv/.worktrees/teleport-audit/wfsource/source/game/target.hp:42,
                 from /home/will/WorldFoundry-wbniv/.worktrees/teleport-audit/wfsource/source/game/target.cc:38:
/home/will/WorldFoundry-wbniv/.worktrees/teleport-audit/wfsource/source/oas/movement.h:31:74: note: ‘#pragma message: Is there an automatic way to create this enum from oas?’
   31 | #pragma message("Is there an automatic way to create this enum from oas?")
      |                                                                          ^
/home/will/WorldFoundry-wbniv/.worktrees/teleport-audit/wfsource/source/movement/movementobject.hpi: In constructor ‘MovementObject::MovementObject(const SObjectStartupData*, const void*, const CommonBlock&, const Clock&)’:
/home/will/WorldFoundry-wbniv/.worktrees/teleport-audit/wfsource/source/movement/movementobject.hpi:54:114: note: ‘#pragma message: kts fix: pathed objects get their position set in game/actor.cc since we cant do it here (yet)’
   54 | #pragma message ("kts fix: pathed objects get their position set in game/actor.cc since we cant do it here (yet)")
      |                                                                                                                  ^
In file included from /home/will/WorldFoundry-wbniv/.worktrees/teleport-audit/wfsource/source/gfx/viewport.hp:103,
                 from /home/will/WorldFoundry-wbniv/.worktrees/teleport-audit/wfsource/source/gfx/camera.hp:35,
                 from /home/will/WorldFoundry-wbniv/.worktrees/teleport-audit/wfsource/source/renderassets/rendacto.hp:47,
                 from /home/will/WorldFoundry-wbniv/.worktrees/teleport-audit/wfsource/source/game/actor.hp:51:
/home/will/WorldFoundry-wbniv/.worktrees/teleport-audit/wfsource/source/gfx/viewport.hpi: In member function ‘void ViewPort::Render()’:
/home/will/WorldFoundry-wbniv/.worktrees/teleport-audit/wfsource/source/gfx/viewport.hpi:114:67: note: ‘#pragma message: KTS /home/will/WorldFoundry-wbniv/.worktrees/teleport-audit/wfsource/source/gfx/viewport.hpi: write viewport gl render code’
  114 | #pragma message ("KTS " __FILE__ ": write viewport gl render code")
      |                                                                   ^
In file included from /home/will/WorldFoundry-wbniv/.worktrees/teleport-audit/wfsource/source/gfx/face.hp:67,
                 from /home/will/WorldFoundry-wbniv/.worktrees/teleport-audit/wfsource/source/gfx/rendobj3.hp:39,
                 from /home/will/WorldFoundry-wbniv/.worktrees/teleport-audit/wfsource/source/gfx/camera.hp:36:
/home/will/WorldFoundry-wbniv/.worktrees/teleport-audit/wfsource/source/gfx/face.hpi: At global scope:
/home/will/WorldFoundry-wbniv/.worktrees/teleport-audit/wfsource/source/gfx/face.hpi:26:71: note: ‘#pragma message: KTS /home/will/WorldFoundry-wbniv/.worktrees/teleport-audit/wfsource/source/gfx/face.hpi: move this into the math directory’
   26 | #pragma message ("KTS " __FILE__ ": move this into the math directory")
      |                                                                       ^
In file included from /home/will/WorldFoundry-wbniv/.worktrees/teleport-audit/wfsource/source/gfx/rendobj3.hp:44:
/home/will/WorldFoundry-wbniv/.worktrees/teleport-audit/wfsource/source/gfx/handle.hp:12:73: note: ‘#pragma message: WBN: merge various ID/FOURCC classes into single one’
   12 | #pragma message( "WBN: merge various ID/FOURCC classes into single one" )
      |                                                                         ^
In file included from /home/will/WorldFoundry-wbniv/.worktrees/teleport-audit/wfsource/source/gfx/rendobj3.hp:45:
/home/will/WorldFoundry-wbniv/.worktrees/teleport-audit/wfsource/source/gfx/material.hp:194:135: note: ‘#pragma message: /home/will/WorldFoundry-wbniv/.worktrees/teleport-audit/wfsource/source/gfx/material.hp KTS: MAX_RENDERERS hard coded to 8 to prevent cyclic dependencies, consider moving renderers into Material’
  194 | #pragma message(__FILE__ " KTS: MAX_RENDERERS hard coded to 8 to prevent cyclic dependencies, consider moving renderers into Material")
      |                                                                                                                                       ^
In file included from /home/will/WorldFoundry-wbniv/.worktrees/teleport-audit/wfsource/source/renderassets/rendacto.hp:54:
/home/will/WorldFoundry-wbniv/.worktrees/teleport-audit/wfsource/source/asset/assets.hp:130:94: note: ‘#pragma message: KTS /home/will/WorldFoundry-wbniv/.worktrees/teleport-audit/wfsource/source/asset/assets.hp: can only have 1024 assets until this kludge is removed ’
  130 |  #pragma message ("KTS " __FILE__ ": can only have 1024 assets until this kludge is removed ")
      |                                                                                              ^
[ 88%] Building CXX object CMakeFiles/wfengine.dir/wfsource/source/game/toolngun.cc.o
/home/will/WorldFoundry-wbniv/.worktrees/teleport-audit/wfsource/source/game/actor.hp:254:105: note: ‘#pragma message: /home/will/WorldFoundry-wbniv/.worktrees/teleport-audit/wfsource/source/game/actor.hp: I guess I should make protected accessor functions for these data members’
  254 | #pragma message( __FILE__ ": I guess I should make protected accessor functions for these data members" )
      |                                                                                                         ^
In file included from /home/will/WorldFoundry-wbniv/.worktrees/teleport-audit/wfsource/source/movement/movementobject.hpi:31,
                 from /home/will/WorldFoundry-wbniv/.worktrees/teleport-audit/wfsource/source/movement/movementobject.hp:117,
                 from /home/will/WorldFoundry-wbniv/.worktrees/teleport-audit/wfsource/source/game/actor.hp:37,
                 from /home/will/WorldFoundry-wbniv/.worktrees/teleport-audit/wfsource/source/game/tool.cc:39:
/home/will/WorldFoundry-wbniv/.worktrees/teleport-audit/wfsource/source/oas/movement.h:31:74: note: ‘#pragma message: Is there an automatic way to create this enum from oas?’
   31 | #pragma message("Is there an automatic way to create this enum from oas?")
      |                                                                          ^
/home/will/WorldFoundry-wbniv/.worktrees/teleport-audit/wfsource/source/movement/movementobject.hpi: In constructor ‘MovementObject::MovementObject(const SObjectStartupData*, const void*, const CommonBlock&, const Clock&)’:
/home/will/WorldFoundry-wbniv/.worktrees/teleport-audit/wfsource/source/movement/movementobject.hpi:54:114: note: ‘#pragma message: kts fix: pathed objects get their position set in game/actor.cc since we cant do it here (yet)’
   54 | #pragma message ("kts fix: pathed objects get their position set in game/actor.cc since we cant do it here (yet)")
      |                                                                                                                  ^
[ 89%] Building CXX object CMakeFiles/wfengine.dir/wfsource/source/game/toolshld.cc.o
In file included from /home/will/WorldFoundry-wbniv/.worktrees/teleport-audit/wfsource/source/gfx/viewport.hp:103,
                 from /home/will/WorldFoundry-wbniv/.worktrees/teleport-audit/wfsource/source/gfx/camera.hp:35,
                 from /home/will/WorldFoundry-wbniv/.worktrees/teleport-audit/wfsource/source/renderassets/rendacto.hp:47,
                 from /home/will/WorldFoundry-wbniv/.worktrees/teleport-audit/wfsource/source/game/actor.hp:51:
/home/will/WorldFoundry-wbniv/.worktrees/teleport-audit/wfsource/source/gfx/viewport.hpi: In member function ‘void ViewPort::Render()’:
/home/will/WorldFoundry-wbniv/.worktrees/teleport-audit/wfsource/source/gfx/viewport.hpi:114:67: note: ‘#pragma message: KTS /home/will/WorldFoundry-wbniv/.worktrees/teleport-audit/wfsource/source/gfx/viewport.hpi: write viewport gl render code’
  114 | #pragma message ("KTS " __FILE__ ": write viewport gl render code")
      |                                                                   ^
In file included from /home/will/WorldFoundry-wbniv/.worktrees/teleport-audit/wfsource/source/gfx/face.hp:67,
                 from /home/will/WorldFoundry-wbniv/.worktrees/teleport-audit/wfsource/source/gfx/rendobj3.hp:39,
                 from /home/will/WorldFoundry-wbniv/.worktrees/teleport-audit/wfsource/source/gfx/camera.hp:36:
/home/will/WorldFoundry-wbniv/.worktrees/teleport-audit/wfsource/source/gfx/face.hpi: At global scope:
/home/will/WorldFoundry-wbniv/.worktrees/teleport-audit/wfsource/source/gfx/face.hpi:26:71: note: ‘#pragma message: KTS /home/will/WorldFoundry-wbniv/.worktrees/teleport-audit/wfsource/source/gfx/face.hpi: move this into the math directory’
   26 | #pragma message ("KTS " __FILE__ ": move this into the math directory")
      |                                                                       ^
In file included from /home/will/WorldFoundry-wbniv/.worktrees/teleport-audit/wfsource/source/gfx/rendobj3.hp:44:
/home/will/WorldFoundry-wbniv/.worktrees/teleport-audit/wfsource/source/gfx/handle.hp:12:73: note: ‘#pragma message: WBN: merge various ID/FOURCC classes into single one’
   12 | #pragma message( "WBN: merge various ID/FOURCC classes into single one" )
      |                                                                         ^
In file included from /home/will/WorldFoundry-wbniv/.worktrees/teleport-audit/wfsource/source/gfx/rendobj3.hp:45:
/home/will/WorldFoundry-wbniv/.worktrees/teleport-audit/wfsource/source/gfx/material.hp:194:135: note: ‘#pragma message: /home/will/WorldFoundry-wbniv/.worktrees/teleport-audit/wfsource/source/gfx/material.hp KTS: MAX_RENDERERS hard coded to 8 to prevent cyclic dependencies, consider moving renderers into Material’
  194 | #pragma message(__FILE__ " KTS: MAX_RENDERERS hard coded to 8 to prevent cyclic dependencies, consider moving renderers into Material")
      |                                                                                                                                       ^
In file included from /home/will/WorldFoundry-wbniv/.worktrees/teleport-audit/wfsource/source/renderassets/rendacto.hp:54:
/home/will/WorldFoundry-wbniv/.worktrees/teleport-audit/wfsource/source/asset/assets.hp:130:94: note: ‘#pragma message: KTS /home/will/WorldFoundry-wbniv/.worktrees/teleport-audit/wfsource/source/asset/assets.hp: can only have 1024 assets until this kludge is removed ’
  130 |  #pragma message ("KTS " __FILE__ ": can only have 1024 assets until this kludge is removed ")
      |                                                                                              ^
/home/will/WorldFoundry-wbniv/.worktrees/teleport-audit/wfsource/source/game/actor.hp:254:105: note: ‘#pragma message: /home/will/WorldFoundry-wbniv/.worktrees/teleport-audit/wfsource/source/game/actor.hp: I guess I should make protected accessor functions for these data members’
  254 | #pragma message( __FILE__ ": I guess I should make protected accessor functions for these data members" )
      |                                                                                                         ^
[ 89%] Building CXX object CMakeFiles/wfengine.dir/wfsource/source/game/version.cc.o
[ 89%] Building CXX object CMakeFiles/wfengine.dir/wfsource/source/game/warp.cc.o
In file included from /home/will/WorldFoundry-wbniv/.worktrees/teleport-audit/wfsource/source/game/tool.hpi:40,
                 from /home/will/WorldFoundry-wbniv/.worktrees/teleport-audit/wfsource/source/game/tool.hp:114,
                 from /home/will/WorldFoundry-wbniv/.worktrees/teleport-audit/wfsource/source/game/tool.cc:40:
/home/will/WorldFoundry-wbniv/.worktrees/teleport-audit/wfsource/source/game/level.hp:245:58: note: ‘#pragma message: /home/will/WorldFoundry-wbniv/.worktrees/teleport-audit/wfsource/source/game/level.hp: remove _idealMainCharacter’
  245 | #pragma message( __FILE__ ": remove _idealMainCharacter" )
      |                                                          ^
/home/will/WorldFoundry-wbniv/.worktrees/teleport-audit/wfsource/source/game/tool.cc: In member function ‘virtual void Tool::activate()’:
/home/will/WorldFoundry-wbniv/.worktrees/teleport-audit/wfsource/source/game/tool.cc:225:56: note: ‘#pragma message: Tools now free because gold is gone’
  225 | #pragma message( "Tools now free because gold is gone" )
      |                                                        ^
In file included from /home/will/WorldFoundry-wbniv/.worktrees/teleport-audit/wfsource/source/movement/movementobject.hpi:31,
                 from /home/will/WorldFoundry-wbniv/.worktrees/teleport-audit/wfsource/source/movement/movementobject.hp:117,
                 from /home/will/WorldFoundry-wbniv/.worktrees/teleport-audit/wfsource/source/game/actor.hp:37,
                 from /home/will/WorldFoundry-wbniv/.worktrees/teleport-audit/wfsource/source/game/tool.hp:44,
                 from /home/will/WorldFoundry-wbniv/.worktrees/teleport-audit/wfsource/source/game/toolngun.cc:39:
/home/will/WorldFoundry-wbniv/.worktrees/teleport-audit/wfsource/source/oas/movement.h:31:74: note: ‘#pragma message: Is there an automatic way to create this enum from oas?’
   31 | #pragma message("Is there an automatic way to create this enum from oas?")
      |                                                                          ^
/home/will/WorldFoundry-wbniv/.worktrees/teleport-audit/wfsource/source/movement/movementobject.hpi: In constructor ‘MovementObject::MovementObject(const SObjectStartupData*, const void*, const CommonBlock&, const Clock&)’:
/home/will/WorldFoundry-wbniv/.worktrees/teleport-audit/wfsource/source/movement/movementobject.hpi:54:114: note: ‘#pragma message: kts fix: pathed objects get their position set in game/actor.cc since we cant do it here (yet)’
   54 | #pragma message ("kts fix: pathed objects get their position set in game/actor.cc since we cant do it here (yet)")
      |                                                                                                                  ^
[ 89%] Building CXX object CMakeFiles/wfengine.dir/wfsource/source/renderassets/rendacto.cc.o
In file included from /home/will/WorldFoundry-wbniv/.worktrees/teleport-audit/wfsource/source/gfx/viewport.hp:103,
                 from /home/will/WorldFoundry-wbniv/.worktrees/teleport-audit/wfsource/source/gfx/camera.hp:35,
                 from /home/will/WorldFoundry-wbniv/.worktrees/teleport-audit/wfsource/source/renderassets/rendacto.hp:47,
                 from /home/will/WorldFoundry-wbniv/.worktrees/teleport-audit/wfsource/source/game/actor.hp:51:
/home/will/WorldFoundry-wbniv/.worktrees/teleport-audit/wfsource/source/gfx/viewport.hpi: In member function ‘void ViewPort::Render()’:
/home/will/WorldFoundry-wbniv/.worktrees/teleport-audit/wfsource/source/gfx/viewport.hpi:114:67: note: ‘#pragma message: KTS /home/will/WorldFoundry-wbniv/.worktrees/teleport-audit/wfsource/source/gfx/viewport.hpi: write viewport gl render code’
  114 | #pragma message ("KTS " __FILE__ ": write viewport gl render code")
      |                                                                   ^
In file included from /home/will/WorldFoundry-wbniv/.worktrees/teleport-audit/wfsource/source/gfx/face.hp:67,
                 from /home/will/WorldFoundry-wbniv/.worktrees/teleport-audit/wfsource/source/gfx/rendobj3.hp:39,
                 from /home/will/WorldFoundry-wbniv/.worktrees/teleport-audit/wfsource/source/gfx/camera.hp:36:
/home/will/WorldFoundry-wbniv/.worktrees/teleport-audit/wfsource/source/gfx/face.hpi: At global scope:
/home/will/WorldFoundry-wbniv/.worktrees/teleport-audit/wfsource/source/gfx/face.hpi:26:71: note: ‘#pragma message: KTS /home/will/WorldFoundry-wbniv/.worktrees/teleport-audit/wfsource/source/gfx/face.hpi: move this into the math directory’
   26 | #pragma message ("KTS " __FILE__ ": move this into the math directory")
      |                                                                       ^
In file included from /home/will/WorldFoundry-wbniv/.worktrees/teleport-audit/wfsource/source/gfx/rendobj3.hp:44:
/home/will/WorldFoundry-wbniv/.worktrees/teleport-audit/wfsource/source/gfx/handle.hp:12:73: note: ‘#pragma message: WBN: merge various ID/FOURCC classes into single one’
   12 | #pragma message( "WBN: merge various ID/FOURCC classes into single one" )
      |                                                                         ^
In file included from /home/will/WorldFoundry-wbniv/.worktrees/teleport-audit/wfsource/source/gfx/rendobj3.hp:45:
/home/will/WorldFoundry-wbniv/.worktrees/teleport-audit/wfsource/source/gfx/material.hp:194:135: note: ‘#pragma message: /home/will/WorldFoundry-wbniv/.worktrees/teleport-audit/wfsource/source/gfx/material.hp KTS: MAX_RENDERERS hard coded to 8 to prevent cyclic dependencies, consider moving renderers into Material’
  194 | #pragma message(__FILE__ " KTS: MAX_RENDERERS hard coded to 8 to prevent cyclic dependencies, consider moving renderers into Material")
      |                                                                                                                                       ^
In file included from /home/will/WorldFoundry-wbniv/.worktrees/teleport-audit/wfsource/source/renderassets/rendacto.hp:54:
/home/will/WorldFoundry-wbniv/.worktrees/teleport-audit/wfsource/source/asset/assets.hp:130:94: note: ‘#pragma message: KTS /home/will/WorldFoundry-wbniv/.worktrees/teleport-audit/wfsource/source/asset/assets.hp: can only have 1024 assets until this kludge is removed ’
  130 |  #pragma message ("KTS " __FILE__ ": can only have 1024 assets until this kludge is removed ")
      |                                                                                              ^
/home/will/WorldFoundry-wbniv/.worktrees/teleport-audit/wfsource/source/game/actor.hp:254:105: note: ‘#pragma message: /home/will/WorldFoundry-wbniv/.worktrees/teleport-audit/wfsource/source/game/actor.hp: I guess I should make protected accessor functions for these data members’
  254 | #pragma message( __FILE__ ": I guess I should make protected accessor functions for these data members" )
      |                                                                                                         ^
In file included from /home/will/WorldFoundry-wbniv/.worktrees/teleport-audit/wfsource/source/movement/movementobject.hpi:31,
                 from /home/will/WorldFoundry-wbniv/.worktrees/teleport-audit/wfsource/source/movement/movementobject.hp:117,
                 from /home/will/WorldFoundry-wbniv/.worktrees/teleport-audit/wfsource/source/game/actor.hp:37,
                 from /home/will/WorldFoundry-wbniv/.worktrees/teleport-audit/wfsource/source/game/tool.hp:44,
                 from /home/will/WorldFoundry-wbniv/.worktrees/teleport-audit/wfsource/source/game/toolshld.cc:27:
/home/will/WorldFoundry-wbniv/.worktrees/teleport-audit/wfsource/source/oas/movement.h:31:74: note: ‘#pragma message: Is there an automatic way to create this enum from oas?’
   31 | #pragma message("Is there an automatic way to create this enum from oas?")
      |                                                                          ^
/home/will/WorldFoundry-wbniv/.worktrees/teleport-audit/wfsource/source/movement/movementobject.hpi: In constructor ‘MovementObject::MovementObject(const SObjectStartupData*, const void*, const CommonBlock&, const Clock&)’:
/home/will/WorldFoundry-wbniv/.worktrees/teleport-audit/wfsource/source/movement/movementobject.hpi:54:114: note: ‘#pragma message: kts fix: pathed objects get their position set in game/actor.cc since we cant do it here (yet)’
   54 | #pragma message ("kts fix: pathed objects get their position set in game/actor.cc since we cant do it here (yet)")
      |                                                                                                                  ^
In file included from /home/will/WorldFoundry-wbniv/.worktrees/teleport-audit/wfsource/source/game/tool.hpi:40,
                 from /home/will/WorldFoundry-wbniv/.worktrees/teleport-audit/wfsource/source/game/tool.hp:114:
/home/will/WorldFoundry-wbniv/.worktrees/teleport-audit/wfsource/source/game/level.hp:245:58: note: ‘#pragma message: /home/will/WorldFoundry-wbniv/.worktrees/teleport-audit/wfsource/source/game/level.hp: remove _idealMainCharacter’
  245 | #pragma message( __FILE__ ": remove _idealMainCharacter" )
      |                                                          ^
In file included from /home/will/WorldFoundry-wbniv/.worktrees/teleport-audit/wfsource/source/gfx/viewport.hp:103,
                 from /home/will/WorldFoundry-wbniv/.worktrees/teleport-audit/wfsource/source/gfx/camera.hp:35,
                 from /home/will/WorldFoundry-wbniv/.worktrees/teleport-audit/wfsource/source/renderassets/rendacto.hp:47,
                 from /home/will/WorldFoundry-wbniv/.worktrees/teleport-audit/wfsource/source/game/actor.hp:51:
/home/will/WorldFoundry-wbniv/.worktrees/teleport-audit/wfsource/source/gfx/viewport.hpi: In member function ‘void ViewPort::Render()’:
/home/will/WorldFoundry-wbniv/.worktrees/teleport-audit/wfsource/source/gfx/viewport.hpi:114:67: note: ‘#pragma message: KTS /home/will/WorldFoundry-wbniv/.worktrees/teleport-audit/wfsource/source/gfx/viewport.hpi: write viewport gl render code’
  114 | #pragma message ("KTS " __FILE__ ": write viewport gl render code")
      |                                                                   ^
In file included from /home/will/WorldFoundry-wbniv/.worktrees/teleport-audit/wfsource/source/gfx/face.hp:67,
                 from /home/will/WorldFoundry-wbniv/.worktrees/teleport-audit/wfsource/source/gfx/rendobj3.hp:39,
                 from /home/will/WorldFoundry-wbniv/.worktrees/teleport-audit/wfsource/source/gfx/camera.hp:36:
/home/will/WorldFoundry-wbniv/.worktrees/teleport-audit/wfsource/source/gfx/face.hpi: At global scope:
/home/will/WorldFoundry-wbniv/.worktrees/teleport-audit/wfsource/source/gfx/face.hpi:26:71: note: ‘#pragma message: KTS /home/will/WorldFoundry-wbniv/.worktrees/teleport-audit/wfsource/source/gfx/face.hpi: move this into the math directory’
   26 | #pragma message ("KTS " __FILE__ ": move this into the math directory")
      |                                                                       ^
In file included from /home/will/WorldFoundry-wbniv/.worktrees/teleport-audit/wfsource/source/gfx/rendobj3.hp:44:
/home/will/WorldFoundry-wbniv/.worktrees/teleport-audit/wfsource/source/gfx/handle.hp:12:73: note: ‘#pragma message: WBN: merge various ID/FOURCC classes into single one’
   12 | #pragma message( "WBN: merge various ID/FOURCC classes into single one" )
      |                                                                         ^
In file included from /home/will/WorldFoundry-wbniv/.worktrees/teleport-audit/wfsource/source/gfx/rendobj3.hp:45:
/home/will/WorldFoundry-wbniv/.worktrees/teleport-audit/wfsource/source/gfx/material.hp:194:135: note: ‘#pragma message: /home/will/WorldFoundry-wbniv/.worktrees/teleport-audit/wfsource/source/gfx/material.hp KTS: MAX_RENDERERS hard coded to 8 to prevent cyclic dependencies, consider moving renderers into Material’
  194 | #pragma message(__FILE__ " KTS: MAX_RENDERERS hard coded to 8 to prevent cyclic dependencies, consider moving renderers into Material")
      |                                                                                                                                       ^
In file included from /home/will/WorldFoundry-wbniv/.worktrees/teleport-audit/wfsource/source/renderassets/rendacto.hp:54:
/home/will/WorldFoundry-wbniv/.worktrees/teleport-audit/wfsource/source/asset/assets.hp:130:94: note: ‘#pragma message: KTS /home/will/WorldFoundry-wbniv/.worktrees/teleport-audit/wfsource/source/asset/assets.hp: can only have 1024 assets until this kludge is removed ’
  130 |  #pragma message ("KTS " __FILE__ ": can only have 1024 assets until this kludge is removed ")
      |                                                                                              ^
In file included from /home/will/WorldFoundry-wbniv/.worktrees/teleport-audit/wfsource/source/movement/movementobject.hpi:31,
                 from /home/will/WorldFoundry-wbniv/.worktrees/teleport-audit/wfsource/source/movement/movementobject.hp:117,
                 from /home/will/WorldFoundry-wbniv/.worktrees/teleport-audit/wfsource/source/game/actor.hp:37,
                 from /home/will/WorldFoundry-wbniv/.worktrees/teleport-audit/wfsource/source/game/warp.hp:42,
                 from /home/will/WorldFoundry-wbniv/.worktrees/teleport-audit/wfsource/source/game/warp.cc:40:
/home/will/WorldFoundry-wbniv/.worktrees/teleport-audit/wfsource/source/oas/movement.h:31:74: note: ‘#pragma message: Is there an automatic way to create this enum from oas?’
   31 | #pragma message("Is there an automatic way to create this enum from oas?")
      |                                                                          ^
/home/will/WorldFoundry-wbniv/.worktrees/teleport-audit/wfsource/source/movement/movementobject.hpi: In constructor ‘MovementObject::MovementObject(const SObjectStartupData*, const void*, const CommonBlock&, const Clock&)’:
/home/will/WorldFoundry-wbniv/.worktrees/teleport-audit/wfsource/source/movement/movementobject.hpi:54:114: note: ‘#pragma message: kts fix: pathed objects get their position set in game/actor.cc since we cant do it here (yet)’
   54 | #pragma message ("kts fix: pathed objects get their position set in game/actor.cc since we cant do it here (yet)")
      |                                                                                                                  ^
/home/will/WorldFoundry-wbniv/.worktrees/teleport-audit/wfsource/source/game/actor.hp:254:105: note: ‘#pragma message: /home/will/WorldFoundry-wbniv/.worktrees/teleport-audit/wfsource/source/game/actor.hp: I guess I should make protected accessor functions for these data members’
  254 | #pragma message( __FILE__ ": I guess I should make protected accessor functions for these data members" )
      |                                                                                                         ^
In file included from /home/will/WorldFoundry-wbniv/.worktrees/teleport-audit/wfsource/source/game/tool.hpi:40,
                 from /home/will/WorldFoundry-wbniv/.worktrees/teleport-audit/wfsource/source/game/tool.hp:114:
/home/will/WorldFoundry-wbniv/.worktrees/teleport-audit/wfsource/source/game/level.hp:245:58: note: ‘#pragma message: /home/will/WorldFoundry-wbniv/.worktrees/teleport-audit/wfsource/source/game/level.hp: remove _idealMainCharacter’
  245 | #pragma message( __FILE__ ": remove _idealMainCharacter" )
      |                                                          ^
/home/will/WorldFoundry-wbniv/.worktrees/teleport-audit/wfsource/source/game/toolshld.cc: In member function ‘virtual void ToolShield::activate()’:
/home/will/WorldFoundry-wbniv/.worktrees/teleport-audit/wfsource/source/game/toolshld.cc:57:77: note: ‘#pragma message: KTS: this sucks, is this a bug in watcom, or C++?’
   57 |         #pragma message ("KTS: this sucks, is this a bug in watcom, or C++?")
      |                                                                             ^
In file included from /home/will/WorldFoundry-wbniv/.worktrees/teleport-audit/wfsource/source/gfx/viewport.hp:103,
                 from /home/will/WorldFoundry-wbniv/.worktrees/teleport-audit/wfsource/source/gfx/camera.hp:35,
                 from /home/will/WorldFoundry-wbniv/.worktrees/teleport-audit/wfsource/source/renderassets/rendacto.hp:47,
                 from /home/will/WorldFoundry-wbniv/.worktrees/teleport-audit/wfsource/source/game/actor.hp:51:
/home/will/WorldFoundry-wbniv/.worktrees/teleport-audit/wfsource/source/gfx/viewport.hpi: In member function ‘void ViewPort::Render()’:
/home/will/WorldFoundry-wbniv/.worktrees/teleport-audit/wfsource/source/gfx/viewport.hpi:114:67: note: ‘#pragma message: KTS /home/will/WorldFoundry-wbniv/.worktrees/teleport-audit/wfsource/source/gfx/viewport.hpi: write viewport gl render code’
  114 | #pragma message ("KTS " __FILE__ ": write viewport gl render code")
      |                                                                   ^
In file included from /home/will/WorldFoundry-wbniv/.worktrees/teleport-audit/wfsource/source/gfx/face.hp:67,
                 from /home/will/WorldFoundry-wbniv/.worktrees/teleport-audit/wfsource/source/gfx/rendobj3.hp:39,
                 from /home/will/WorldFoundry-wbniv/.worktrees/teleport-audit/wfsource/source/gfx/camera.hp:36:
/home/will/WorldFoundry-wbniv/.worktrees/teleport-audit/wfsource/source/gfx/face.hpi: At global scope:
/home/will/WorldFoundry-wbniv/.worktrees/teleport-audit/wfsource/source/gfx/face.hpi:26:71: note: ‘#pragma message: KTS /home/will/WorldFoundry-wbniv/.worktrees/teleport-audit/wfsource/source/gfx/face.hpi: move this into the math directory’
   26 | #pragma message ("KTS " __FILE__ ": move this into the math directory")
      |                                                                       ^
In file included from /home/will/WorldFoundry-wbniv/.worktrees/teleport-audit/wfsource/source/gfx/rendobj3.hp:44:
/home/will/WorldFoundry-wbniv/.worktrees/teleport-audit/wfsource/source/gfx/handle.hp:12:73: note: ‘#pragma message: WBN: merge various ID/FOURCC classes into single one’
   12 | #pragma message( "WBN: merge various ID/FOURCC classes into single one" )
      |                                                                         ^
In file included from /home/will/WorldFoundry-wbniv/.worktrees/teleport-audit/wfsource/source/gfx/rendobj3.hp:45:
/home/will/WorldFoundry-wbniv/.worktrees/teleport-audit/wfsource/source/gfx/material.hp:194:135: note: ‘#pragma message: /home/will/WorldFoundry-wbniv/.worktrees/teleport-audit/wfsource/source/gfx/material.hp KTS: MAX_RENDERERS hard coded to 8 to prevent cyclic dependencies, consider moving renderers into Material’
  194 | #pragma message(__FILE__ " KTS: MAX_RENDERERS hard coded to 8 to prevent cyclic dependencies, consider moving renderers into Material")
      |                                                                                                                                       ^
In file included from /home/will/WorldFoundry-wbniv/.worktrees/teleport-audit/wfsource/source/renderassets/rendacto.hp:54:
/home/will/WorldFoundry-wbniv/.worktrees/teleport-audit/wfsource/source/asset/assets.hp:130:94: note: ‘#pragma message: KTS /home/will/WorldFoundry-wbniv/.worktrees/teleport-audit/wfsource/source/asset/assets.hp: can only have 1024 assets until this kludge is removed ’
  130 |  #pragma message ("KTS " __FILE__ ": can only have 1024 assets until this kludge is removed ")
      |                                                                                              ^
/home/will/WorldFoundry-wbniv/.worktrees/teleport-audit/wfsource/source/game/actor.hp:254:105: note: ‘#pragma message: /home/will/WorldFoundry-wbniv/.worktrees/teleport-audit/wfsource/source/game/actor.hp: I guess I should make protected accessor functions for these data members’
  254 | #pragma message( __FILE__ ": I guess I should make protected accessor functions for these data members" )
      |                                                                                                         ^
[ 90%] Building CXX object CMakeFiles/wfengine.dir/wfsource/source/renderassets/rendcrow.cc.o
In file included from /home/will/WorldFoundry-wbniv/.worktrees/teleport-audit/wfsource/source/game/warp.cc:42:
/home/will/WorldFoundry-wbniv/.worktrees/teleport-audit/wfsource/source/game/level.hp:245:58: note: ‘#pragma message: /home/will/WorldFoundry-wbniv/.worktrees/teleport-audit/wfsource/source/game/level.hp: remove _idealMainCharacter’
  245 | #pragma message( __FILE__ ": remove _idealMainCharacter" )
      |                                                          ^
[ 90%] Building CXX object CMakeFiles/wfengine.dir/wfsource/source/particle/emitter.cc.o
[ 90%] Building CXX object CMakeFiles/wfengine.dir/wfsource/source/particle/particle.cc.o
In file included from /home/will/WorldFoundry-wbniv/.worktrees/teleport-audit/wfsource/source/renderassets/rendacto.cc:28:
/home/will/WorldFoundry-wbniv/.worktrees/teleport-audit/wfsource/source/gfx/material.hp:194:135: note: ‘#pragma message: /home/will/WorldFoundry-wbniv/.worktrees/teleport-audit/wfsource/source/gfx/material.hp KTS: MAX_RENDERERS hard coded to 8 to prevent cyclic dependencies, consider moving renderers into Material’
  194 | #pragma message(__FILE__ " KTS: MAX_RENDERERS hard coded to 8 to prevent cyclic dependencies, consider moving renderers into Material")
      |                                                                                                                                       ^
In file included from /home/will/WorldFoundry-wbniv/.worktrees/teleport-audit/wfsource/source/gfx/face.hp:67,
                 from /home/will/WorldFoundry-wbniv/.worktrees/teleport-audit/wfsource/source/gfx/rendobj3.hp:39,
                 from /home/will/WorldFoundry-wbniv/.worktrees/teleport-audit/wfsource/source/gfx/material.hpi:26,
                 from /home/will/WorldFoundry-wbniv/.worktrees/teleport-audit/wfsource/source/gfx/material.hp:201:
/home/will/WorldFoundry-wbniv/.worktrees/teleport-audit/wfsource/source/gfx/face.hpi:26:71: note: ‘#pragma message: KTS /home/will/WorldFoundry-wbniv/.worktrees/teleport-audit/wfsource/source/gfx/face.hpi: move this into the math directory’
   26 | #pragma message ("KTS " __FILE__ ": move this into the math directory")
      |                                                                       ^
In file included from /home/will/WorldFoundry-wbniv/.worktrees/teleport-audit/wfsource/source/gfx/viewport.hp:103,
                 from /home/will/WorldFoundry-wbniv/.worktrees/teleport-audit/wfsource/source/gfx/rendobj3.hp:41:
/home/will/WorldFoundry-wbniv/.worktrees/teleport-audit/wfsource/source/gfx/viewport.hpi: In member function ‘void ViewPort::Render()’:
/home/will/WorldFoundry-wbniv/.worktrees/teleport-audit/wfsource/source/gfx/viewport.hpi:114:67: note: ‘#pragma message: KTS /home/will/WorldFoundry-wbniv/.worktrees/teleport-audit/wfsource/source/gfx/viewport.hpi: write viewport gl render code’
  114 | #pragma message ("KTS " __FILE__ ": write viewport gl render code")
      |                                                                   ^
In file included from /home/will/WorldFoundry-wbniv/.worktrees/teleport-audit/wfsource/source/gfx/rendobj3.hp:44:
/home/will/WorldFoundry-wbniv/.worktrees/teleport-audit/wfsource/source/gfx/handle.hp: At global scope:
/home/will/WorldFoundry-wbniv/.worktrees/teleport-audit/wfsource/source/gfx/handle.hp:12:73: note: ‘#pragma message: WBN: merge various ID/FOURCC classes into single one’
   12 | #pragma message( "WBN: merge various ID/FOURCC classes into single one" )
      |                                                                         ^
In file included from /home/will/WorldFoundry-wbniv/.worktrees/teleport-audit/wfsource/source/asset/assslot.hpi:25,
                 from /home/will/WorldFoundry-wbniv/.worktrees/teleport-audit/wfsource/source/asset/assslot.hp:104,
                 from /home/will/WorldFoundry-wbniv/.worktrees/teleport-audit/wfsource/source/renderassets/rendacto.cc:32:
/home/will/WorldFoundry-wbniv/.worktrees/teleport-audit/wfsource/source/asset/assets.hp:130:94: note: ‘#pragma message: KTS /home/will/WorldFoundry-wbniv/.worktrees/teleport-audit/wfsource/source/asset/assets.hp: can only have 1024 assets until this kludge is removed ’
  130 |  #pragma message ("KTS " __FILE__ ": can only have 1024 assets until this kludge is removed ")
      |                                                                                              ^
In file included from /home/will/WorldFoundry-wbniv/.worktrees/teleport-audit/wfsource/source/movement/movementobject.hpi:31,
                 from /home/will/WorldFoundry-wbniv/.worktrees/teleport-audit/wfsource/source/movement/movementobject.hp:117,
                 from /home/will/WorldFoundry-wbniv/.worktrees/teleport-audit/wfsource/source/anim/animmang.hp:37,
                 from /home/will/WorldFoundry-wbniv/.worktrees/teleport-audit/wfsource/source/anim/animcycl.hp:36,
                 from /home/will/WorldFoundry-wbniv/.worktrees/teleport-audit/wfsource/source/renderassets/rendacto.hp:51,
                 from /home/will/WorldFoundry-wbniv/.worktrees/teleport-audit/wfsource/source/renderassets/rendacto.cc:37:
/home/will/WorldFoundry-wbniv/.worktrees/teleport-audit/wfsource/source/oas/movement.h:31:74: note: ‘#pragma message: Is there an automatic way to create this enum from oas?’
   31 | #pragma message("Is there an automatic way to create this enum from oas?")
      |                                                                          ^
/home/will/WorldFoundry-wbniv/.worktrees/teleport-audit/wfsource/source/movement/movementobject.hpi: In constructor ‘MovementObject::MovementObject(const SObjectStartupData*, const void*, const CommonBlock&, const Clock&)’:
/home/will/WorldFoundry-wbniv/.worktrees/teleport-audit/wfsource/source/movement/movementobject.hpi:54:114: note: ‘#pragma message: kts fix: pathed objects get their position set in game/actor.cc since we cant do it here (yet)’
   54 | #pragma message ("kts fix: pathed objects get their position set in game/actor.cc since we cant do it here (yet)")
      |                                                                                                                  ^
/home/will/WorldFoundry-wbniv/.worktrees/teleport-audit/wfsource/source/renderassets/rendacto.cc: In function ‘Material* MakeBoxMaterialList(Memory&, int)’:
/home/will/WorldFoundry-wbniv/.worktrees/teleport-audit/wfsource/source/renderassets/rendacto.cc:353:89: note: ‘#pragma message: KTS: yet another memory leak brought to you by the cool guys at KevCo’
  353 | #pragma message ("KTS: yet another memory leak brought to you by the cool guys at KevCo")
      |                                                                                         ^
/home/will/WorldFoundry-wbniv/.worktrees/teleport-audit/wfsource/source/renderassets/rendacto.cc: In member function ‘virtual void RenderActor3DAnimates::Render(RenderCamera&, const PhysicalObject&, const Clock&)’:
/home/will/WorldFoundry-wbniv/.worktrees/teleport-audit/wfsource/source/renderassets/rendacto.cc:518:124: note: ‘#pragma message: KTS: find a way to construct a RenderActor3D instead of a RenderActor3DAnimates if there is no animation’
  518 | #pragma message ("KTS: find a way to construct a RenderActor3D instead of a RenderActor3DAnimates if there is no animation")
      |                                                                                                                            ^
/home/will/WorldFoundry-wbniv/.worktrees/teleport-audit/wfsource/source/renderassets/rendacto.cc: In member function ‘virtual void RenderActor3D::Render(RenderCamera&, const PhysicalObject&, const Clock&)’:
/home/will/WorldFoundry-wbniv/.worktrees/teleport-audit/wfsource/source/renderassets/rendacto.cc:575:82: note: ‘#pragma message: KTS: optimize: should cache the matrix34 of non-moving objects’
  575 | #pragma message ("KTS: optimize: should cache the matrix34 of non-moving objects")
      |                                                                                  ^
In file included from /home/will/WorldFoundry-wbniv/.worktrees/teleport-audit/wfsource/source/renderassets/rendcrow.cc:25:
/home/will/WorldFoundry-wbniv/.worktrees/teleport-audit/wfsource/source/gfx/material.hp:194:135: note: ‘#pragma message: /home/will/WorldFoundry-wbniv/.worktrees/teleport-audit/wfsource/source/gfx/material.hp KTS: MAX_RENDERERS hard coded to 8 to prevent cyclic dependencies, consider moving renderers into Material’
  194 | #pragma message(__FILE__ " KTS: MAX_RENDERERS hard coded to 8 to prevent cyclic dependencies, consider moving renderers into Material")
      |                                                                                                                                       ^
In file included from /home/will/WorldFoundry-wbniv/.worktrees/teleport-audit/wfsource/source/gfx/face.hp:67,
                 from /home/will/WorldFoundry-wbniv/.worktrees/teleport-audit/wfsource/source/gfx/rendobj3.hp:39,
                 from /home/will/WorldFoundry-wbniv/.worktrees/teleport-audit/wfsource/source/gfx/material.hpi:26,
                 from /home/will/WorldFoundry-wbniv/.worktrees/teleport-audit/wfsource/source/gfx/material.hp:201:
/home/will/WorldFoundry-wbniv/.worktrees/teleport-audit/wfsource/source/gfx/face.hpi:26:71: note: ‘#pragma message: KTS /home/will/WorldFoundry-wbniv/.worktrees/teleport-audit/wfsource/source/gfx/face.hpi: move this into the math directory’
   26 | #pragma message ("KTS " __FILE__ ": move this into the math directory")
      |                                                                       ^
In file included from /home/will/WorldFoundry-wbniv/.worktrees/teleport-audit/wfsource/source/gfx/viewport.hp:103,
                 from /home/will/WorldFoundry-wbniv/.worktrees/teleport-audit/wfsource/source/gfx/rendobj3.hp:41:
/home/will/WorldFoundry-wbniv/.worktrees/teleport-audit/wfsource/source/gfx/viewport.hpi: In member function ‘void ViewPort::Render()’:
/home/will/WorldFoundry-wbniv/.worktrees/teleport-audit/wfsource/source/gfx/viewport.hpi:114:67: note: ‘#pragma message: KTS /home/will/WorldFoundry-wbniv/.worktrees/teleport-audit/wfsource/source/gfx/viewport.hpi: write viewport gl render code’
  114 | #pragma message ("KTS " __FILE__ ": write viewport gl render code")
      |                                                                   ^
In file included from /home/will/WorldFoundry-wbniv/.worktrees/teleport-audit/wfsource/source/gfx/rendobj3.hp:44:
/home/will/WorldFoundry-wbniv/.worktrees/teleport-audit/wfsource/source/gfx/handle.hp: At global scope:
/home/will/WorldFoundry-wbniv/.worktrees/teleport-audit/wfsource/source/gfx/handle.hp:12:73: note: ‘#pragma message: WBN: merge various ID/FOURCC classes into single one’
   12 | #pragma message( "WBN: merge various ID/FOURCC classes into single one" )
      |                                                                         ^
In file included from /home/will/WorldFoundry-wbniv/.worktrees/teleport-audit/wfsource/source/movement/movementobject.hpi:31,
                 from /home/will/WorldFoundry-wbniv/.worktrees/teleport-audit/wfsource/source/movement/movementobject.hp:117,
                 from /home/will/WorldFoundry-wbniv/.worktrees/teleport-audit/wfsource/source/anim/animmang.hp:37,
                 from /home/will/WorldFoundry-wbniv/.worktrees/teleport-audit/wfsource/source/anim/animcycl.hp:36,
                 from /home/will/WorldFoundry-wbniv/.worktrees/teleport-audit/wfsource/source/renderassets/rendacto.hp:51,
                 from /home/will/WorldFoundry-wbniv/.worktrees/teleport-audit/wfsource/source/renderassets/rendcrow.cc:28:
/home/will/WorldFoundry-wbniv/.worktrees/teleport-audit/wfsource/source/oas/movement.h:31:74: note: ‘#pragma message: Is there an automatic way to create this enum from oas?’
   31 | #pragma message("Is there an automatic way to create this enum from oas?")
      |                                                                          ^
/home/will/WorldFoundry-wbniv/.worktrees/teleport-audit/wfsource/source/movement/movementobject.hpi: In constructor ‘MovementObject::MovementObject(const SObjectStartupData*, const void*, const CommonBlock&, const Clock&)’:
/home/will/WorldFoundry-wbniv/.worktrees/teleport-audit/wfsource/source/movement/movementobject.hpi:54:114: note: ‘#pragma message: kts fix: pathed objects get their position set in game/actor.cc since we cant do it here (yet)’
   54 | #pragma message ("kts fix: pathed objects get their position set in game/actor.cc since we cant do it here (yet)")
      |                                                                                                                  ^
In file included from /home/will/WorldFoundry-wbniv/.worktrees/teleport-audit/wfsource/source/renderassets/rendacto.hp:54:
/home/will/WorldFoundry-wbniv/.worktrees/teleport-audit/wfsource/source/asset/assets.hp: At global scope:
/home/will/WorldFoundry-wbniv/.worktrees/teleport-audit/wfsource/source/asset/assets.hp:130:94: note: ‘#pragma message: KTS /home/will/WorldFoundry-wbniv/.worktrees/teleport-audit/wfsource/source/asset/assets.hp: can only have 1024 assets until this kludge is removed ’
  130 |  #pragma message ("KTS " __FILE__ ": can only have 1024 assets until this kludge is removed ")
      |                                                                                              ^
/home/will/WorldFoundry-wbniv/.worktrees/teleport-audit/wfsource/source/particle/particle.cc:30:77: note: ‘#pragma message: KTS /home/will/WorldFoundry-wbniv/.worktrees/teleport-audit/wfsource/source/particle/particle.cc: keep this in sync with whats in the oad’
   30 | #pragma message ("KTS " __FILE__ ": keep this in sync with whats in the oad")
      |                                                                             ^
/home/will/WorldFoundry-wbniv/.worktrees/teleport-audit/wfsource/source/particle/particle.cc:31:89: note: ‘#pragma message: KTS /home/will/WorldFoundry-wbniv/.worktrees/teleport-audit/wfsource/source/particle/particle.cc: figure out a way to nest structures in the .ht file’
   31 | #pragma message ("KTS " __FILE__ ": figure out a way to nest structures in the .ht file")
      |                                                                                         ^
/home/will/WorldFoundry-wbniv/.worktrees/teleport-audit/wfsource/source/particle/particle.cc: In member function ‘void Particle::Update(const Clock&, const _Mesh&)’:
/home/will/WorldFoundry-wbniv/.worktrees/teleport-audit/wfsource/source/particle/particle.cc:58:89: note: ‘#pragma message: KTS /home/will/WorldFoundry-wbniv/.worktrees/teleport-audit/wfsource/source/particle/particle.cc: figure out a way to do enumerations in the .ht file’
   58 | #pragma message ("KTS " __FILE__ ": figure out a way to do enumerations in the .ht file")
      |                                                                                         ^
In file included from /home/will/WorldFoundry-wbniv/.worktrees/teleport-audit/wfsource/source/gfx/viewport.hp:103,
                 from /home/will/WorldFoundry-wbniv/.worktrees/teleport-audit/wfsource/source/gfx/camera.hp:35,
                 from /home/will/WorldFoundry-wbniv/.worktrees/teleport-audit/wfsource/source/particle/emitter.hp:60,
                 from /home/will/WorldFoundry-wbniv/.worktrees/teleport-audit/wfsource/source/particle/emitter.cc:26:
/home/will/WorldFoundry-wbniv/.worktrees/teleport-audit/wfsource/source/gfx/viewport.hpi: In member function ‘void ViewPort::Render()’:
/home/will/WorldFoundry-wbniv/.worktrees/teleport-audit/wfsource/source/gfx/viewport.hpi:114:67: note: ‘#pragma message: KTS /home/will/WorldFoundry-wbniv/.worktrees/teleport-audit/wfsource/source/gfx/viewport.hpi: write viewport gl render code’
  114 | #pragma message ("KTS " __FILE__ ": write viewport gl render code")
      |                                                                   ^
In file included from /home/will/WorldFoundry-wbniv/.worktrees/teleport-audit/wfsource/source/gfx/face.hp:67,
                 from /home/will/WorldFoundry-wbniv/.worktrees/teleport-audit/wfsource/source/gfx/rendobj3.hp:39,
                 from /home/will/WorldFoundry-wbniv/.worktrees/teleport-audit/wfsource/source/gfx/camera.hp:36:
/home/will/WorldFoundry-wbniv/.worktrees/teleport-audit/wfsource/source/gfx/face.hpi: At global scope:
/home/will/WorldFoundry-wbniv/.worktrees/teleport-audit/wfsource/source/gfx/face.hpi:26:71: note: ‘#pragma message: KTS /home/will/WorldFoundry-wbniv/.worktrees/teleport-audit/wfsource/source/gfx/face.hpi: move this into the math directory’
   26 | #pragma message ("KTS " __FILE__ ": move this into the math directory")
      |                                                                       ^
In file included from /home/will/WorldFoundry-wbniv/.worktrees/teleport-audit/wfsource/source/gfx/rendobj3.hp:44:
/home/will/WorldFoundry-wbniv/.worktrees/teleport-audit/wfsource/source/gfx/handle.hp:12:73: note: ‘#pragma message: WBN: merge various ID/FOURCC classes into single one’
   12 | #pragma message( "WBN: merge various ID/FOURCC classes into single one" )
      |                                                                         ^
In file included from /home/will/WorldFoundry-wbniv/.worktrees/teleport-audit/wfsource/source/gfx/rendobj3.hp:45:
/home/will/WorldFoundry-wbniv/.worktrees/teleport-audit/wfsource/source/gfx/material.hp:194:135: note: ‘#pragma message: /home/will/WorldFoundry-wbniv/.worktrees/teleport-audit/wfsource/source/gfx/material.hp KTS: MAX_RENDERERS hard coded to 8 to prevent cyclic dependencies, consider moving renderers into Material’
  194 | #pragma message(__FILE__ " KTS: MAX_RENDERERS hard coded to 8 to prevent cyclic dependencies, consider moving renderers into Material")
      |                                                                                                                                       ^
/home/will/WorldFoundry-wbniv/.worktrees/teleport-audit/wfsource/source/particle/emitter.cc: In constructor ‘Emitter::Emitter(Memory&, const _Mesh&, const EmitterParameters&, const ParticleParameters&, const Clock&)’:
/home/will/WorldFoundry-wbniv/.worktrees/teleport-audit/wfsource/source/particle/emitter.cc:84:93: note: ‘#pragma message: /home/will/WorldFoundry-wbniv/.worktrees/teleport-audit/wfsource/source/particle/emitter.cc: could set time to generate to _timeStart & not construct here’
   84 | #pragma message( __FILE__ ": could set time to generate to _timeStart & not construct here" )
      |                                                                                             ^
/home/will/WorldFoundry-wbniv/.worktrees/teleport-audit/wfsource/source/particle/emitter.cc: In member function ‘void Emitter::GeneratePoints(const Clock&)’:
/home/will/WorldFoundry-wbniv/.worktrees/teleport-audit/wfsource/source/particle/emitter.cc:240:118: note: ‘#pragma message: KTS /home/will/WorldFoundry-wbniv/.worktrees/teleport-audit/wfsource/source/particle/emitter.cc: kts temp code, once well know, replace it with the new euler * vector code below’
  240 | #pragma message ("KTS " __FILE__ ": kts temp code, once well know, replace it with the new euler * vector code below")
      |                                                                                                                      ^
[ 90%] Building CXX object CMakeFiles/wfengine.dir/wfsource/source/audio/linux/buffer.cc.o
[ 91%] Building CXX object CMakeFiles/wfengine.dir/wfsource/source/audio/linux/device.cc.o
[ 91%] Building CXX object CMakeFiles/wfengine.dir/wfsource/source/audio/linux/miniaudio_impl.cc.o
[ 91%] Building CXX object CMakeFiles/wfengine.dir/wfsource/source/audio/linux/music.cc.o
[ 92%] Building CXX object CMakeFiles/wfengine.dir/wfsource/source/audio/linux/sfx_library.cc.o
[ 92%] Building CXX object CMakeFiles/wfengine.dir/engine/stubs/scripting_stub.cc.o
[ 92%] Building CXX object CMakeFiles/wfengine.dir/engine/stubs/platform_stubs.cc.o
[ 92%] Building CXX object CMakeFiles/wfengine.dir/engine/stubs/stb_image_write_impl.cc.o
[ 93%] Building CXX object CMakeFiles/wfengine.dir/engine/stubs/scripting_lua.cc.o
[ 93%] Building CXX object CMakeFiles/wfengine.dir/engine/stubs/scripting_pilot.cc.o
[ 93%] Building CXX object CMakeFiles/wfengine.dir/engine/pilot/pilot_core.cc.o
[ 94%] Building CXX object CMakeFiles/wfengine.dir/engine/stubs/scripting_zforth.cc.o
[ 94%] Building C object CMakeFiles/wfengine.dir/engine/neural-forth/dictionary.c.o
In file included from /home/will/WorldFoundry-wbniv/.worktrees/teleport-audit/wfsource/source/gfx/viewport.hp:103,
                 from /home/will/WorldFoundry-wbniv/.worktrees/teleport-audit/wfsource/source/gfx/camera.hp:35,
                 from /home/will/WorldFoundry-wbniv/.worktrees/teleport-audit/wfsource/source/renderassets/rendacto.hp:47,
                 from /home/will/WorldFoundry-wbniv/.worktrees/teleport-audit/engine/stubs/scripting_zforth.cc:61:
/home/will/WorldFoundry-wbniv/.worktrees/teleport-audit/wfsource/source/gfx/viewport.hpi: In member function ‘void ViewPort::Render()’:
/home/will/WorldFoundry-wbniv/.worktrees/teleport-audit/wfsource/source/gfx/viewport.hpi:114:67: note: ‘#pragma message: KTS /home/will/WorldFoundry-wbniv/.worktrees/teleport-audit/wfsource/source/gfx/viewport.hpi: write viewport gl render code’
  114 | #pragma message ("KTS " __FILE__ ": write viewport gl render code")
      |                                                                   ^
In file included from /home/will/WorldFoundry-wbniv/.worktrees/teleport-audit/wfsource/source/gfx/face.hp:67,
                 from /home/will/WorldFoundry-wbniv/.worktrees/teleport-audit/wfsource/source/gfx/rendobj3.hp:39,
                 from /home/will/WorldFoundry-wbniv/.worktrees/teleport-audit/wfsource/source/gfx/camera.hp:36:
/home/will/WorldFoundry-wbniv/.worktrees/teleport-audit/wfsource/source/gfx/face.hpi: At global scope:
/home/will/WorldFoundry-wbniv/.worktrees/teleport-audit/wfsource/source/gfx/face.hpi:26:71: note: ‘#pragma message: KTS /home/will/WorldFoundry-wbniv/.worktrees/teleport-audit/wfsource/source/gfx/face.hpi: move this into the math directory’
   26 | #pragma message ("KTS " __FILE__ ": move this into the math directory")
      |                                                                       ^
In file included from /home/will/WorldFoundry-wbniv/.worktrees/teleport-audit/wfsource/source/gfx/rendobj3.hp:44:
/home/will/WorldFoundry-wbniv/.worktrees/teleport-audit/wfsource/source/gfx/handle.hp:12:73: note: ‘#pragma message: WBN: merge various ID/FOURCC classes into single one’
   12 | #pragma message( "WBN: merge various ID/FOURCC classes into single one" )
      |                                                                         ^
In file included from /home/will/WorldFoundry-wbniv/.worktrees/teleport-audit/wfsource/source/gfx/rendobj3.hp:45:
/home/will/WorldFoundry-wbniv/.worktrees/teleport-audit/wfsource/source/gfx/material.hp:194:135: note: ‘#pragma message: /home/will/WorldFoundry-wbniv/.worktrees/teleport-audit/wfsource/source/gfx/material.hp KTS: MAX_RENDERERS hard coded to 8 to prevent cyclic dependencies, consider moving renderers into Material’
  194 | #pragma message(__FILE__ " KTS: MAX_RENDERERS hard coded to 8 to prevent cyclic dependencies, consider moving renderers into Material")
      |                                                                                                                                       ^
In file included from /home/will/WorldFoundry-wbniv/.worktrees/teleport-audit/wfsource/source/movement/movementobject.hpi:31,
                 from /home/will/WorldFoundry-wbniv/.worktrees/teleport-audit/wfsource/source/movement/movementobject.hp:117,
                 from /home/will/WorldFoundry-wbniv/.worktrees/teleport-audit/wfsource/source/anim/animmang.hp:37,
                 from /home/will/WorldFoundry-wbniv/.worktrees/teleport-audit/wfsource/source/anim/animcycl.hp:36,
                 from /home/will/WorldFoundry-wbniv/.worktrees/teleport-audit/wfsource/source/renderassets/rendacto.hp:51:
/home/will/WorldFoundry-wbniv/.worktrees/teleport-audit/wfsource/source/oas/movement.h:31:74: note: ‘#pragma message: Is there an automatic way to create this enum from oas?’
   31 | #pragma message("Is there an automatic way to create this enum from oas?")
      |                                                                          ^
/home/will/WorldFoundry-wbniv/.worktrees/teleport-audit/wfsource/source/movement/movementobject.hpi: In constructor ‘MovementObject::MovementObject(const SObjectStartupData*, const void*, const CommonBlock&, const Clock&)’:
/home/will/WorldFoundry-wbniv/.worktrees/teleport-audit/wfsource/source/movement/movementobject.hpi:54:114: note: ‘#pragma message: kts fix: pathed objects get their position set in game/actor.cc since we cant do it here (yet)’
   54 | #pragma message ("kts fix: pathed objects get their position set in game/actor.cc since we cant do it here (yet)")
      |                                                                                                                  ^
In file included from /home/will/WorldFoundry-wbniv/.worktrees/teleport-audit/wfsource/source/renderassets/rendacto.hp:54:
/home/will/WorldFoundry-wbniv/.worktrees/teleport-audit/wfsource/source/asset/assets.hp: At global scope:
/home/will/WorldFoundry-wbniv/.worktrees/teleport-audit/wfsource/source/asset/assets.hp:130:94: note: ‘#pragma message: KTS /home/will/WorldFoundry-wbniv/.worktrees/teleport-audit/wfsource/source/asset/assets.hp: can only have 1024 assets until this kludge is removed ’
  130 |  #pragma message ("KTS " __FILE__ ": can only have 1024 assets until this kludge is removed ")
      |                                                                                              ^
In file included from /home/will/WorldFoundry-wbniv/.worktrees/teleport-audit/wfsource/source/game/level.hp:65,
                 from /home/will/WorldFoundry-wbniv/.worktrees/teleport-audit/engine/stubs/scripting_zforth.cc:62:
/home/will/WorldFoundry-wbniv/.worktrees/teleport-audit/wfsource/source/game/actor.hp:254:105: note: ‘#pragma message: /home/will/WorldFoundry-wbniv/.worktrees/teleport-audit/wfsource/source/game/actor.hp: I guess I should make protected accessor functions for these data members’
  254 | #pragma message( __FILE__ ": I guess I should make protected accessor functions for these data members" )
      |                                                                                                         ^
/home/will/WorldFoundry-wbniv/.worktrees/teleport-audit/wfsource/source/game/level.hp:245:58: note: ‘#pragma message: /home/will/WorldFoundry-wbniv/.worktrees/teleport-audit/wfsource/source/game/level.hp: remove _idealMainCharacter’
  245 | #pragma message( __FILE__ ": remove _idealMainCharacter" )
      |                                                          ^
[ 94%] Building C object CMakeFiles/wfengine.dir/engine/neural-forth/tensor.c.o
[ 94%] Building C object CMakeFiles/wfengine.dir/engine/neural-forth/autograd.c.o
[ 95%] Building C object CMakeFiles/wfengine.dir/engine/neural-forth/fuzzy.c.o
[ 95%] Building C object CMakeFiles/wfengine.dir/engine/neural-forth/nn.c.o
[ 95%] Building C object CMakeFiles/wfengine.dir/engine/neural-forth/slot.c.o
[ 95%] Building CXX object CMakeFiles/wfengine.dir/engine/stubs/physics_jolt.cc.o
[ 96%] Building CXX object CMakeFiles/wfengine.dir/wfsource/source/physics/jolt/jolt_backend.cc.o
[ 96%] Building CXX object CMakeFiles/wfengine.dir/engine/stubs/rest_api.cc.o
[ 96%] Building CXX object CMakeFiles/wfengine.dir/engine/stubs/debug_server.cc.o
[ 97%] Building CXX object CMakeFiles/wfengine.dir/engine/mutation/wfmut.cpp.o
In file included from /home/will/WorldFoundry-wbniv/.worktrees/teleport-audit/wfsource/source/game/level.hp:52,
                 from /home/will/WorldFoundry-wbniv/.worktrees/teleport-audit/engine/stubs/debug_server.cc:35:
/home/will/WorldFoundry-wbniv/.worktrees/teleport-audit/wfsource/source/asset/assets.hp:130:94: note: ‘#pragma message: KTS /home/will/WorldFoundry-wbniv/.worktrees/teleport-audit/wfsource/source/asset/assets.hp: can only have 1024 assets until this kludge is removed ’
  130 |  #pragma message ("KTS " __FILE__ ": can only have 1024 assets until this kludge is removed ")
      |                                                                                              ^
In file included from /home/will/WorldFoundry-wbniv/.worktrees/teleport-audit/wfsource/source/gfx/viewport.hp:103,
                 from /home/will/WorldFoundry-wbniv/.worktrees/teleport-audit/wfsource/source/game/level.hp:57:
/home/will/WorldFoundry-wbniv/.worktrees/teleport-audit/wfsource/source/gfx/viewport.hpi: In member function ‘void ViewPort::Render()’:
/home/will/WorldFoundry-wbniv/.worktrees/teleport-audit/wfsource/source/gfx/viewport.hpi:114:67: note: ‘#pragma message: KTS /home/will/WorldFoundry-wbniv/.worktrees/teleport-audit/wfsource/source/gfx/viewport.hpi: write viewport gl render code’
  114 | #pragma message ("KTS " __FILE__ ": write viewport gl render code")
      |                                                                   ^
In file included from /home/will/WorldFoundry-wbniv/.worktrees/teleport-audit/wfsource/source/gfx/rendmatt.hp:32,
                 from /home/will/WorldFoundry-wbniv/.worktrees/teleport-audit/wfsource/source/game/level.hp:58:
/home/will/WorldFoundry-wbniv/.worktrees/teleport-audit/wfsource/source/gfx/material.hp: At global scope:
/home/will/WorldFoundry-wbniv/.worktrees/teleport-audit/wfsource/source/gfx/material.hp:194:135: note: ‘#pragma message: /home/will/WorldFoundry-wbniv/.worktrees/teleport-audit/wfsource/source/gfx/material.hp KTS: MAX_RENDERERS hard coded to 8 to prevent cyclic dependencies, consider moving renderers into Material’
  194 | #pragma message(__FILE__ " KTS: MAX_RENDERERS hard coded to 8 to prevent cyclic dependencies, consider moving renderers into Material")
      |                                                                                                                                       ^
In file included from /home/will/WorldFoundry-wbniv/.worktrees/teleport-audit/wfsource/source/gfx/face.hp:67,
                 from /home/will/WorldFoundry-wbniv/.worktrees/teleport-audit/wfsource/source/gfx/rendobj3.hp:39,
                 from /home/will/WorldFoundry-wbniv/.worktrees/teleport-audit/wfsource/source/gfx/material.hpi:26,
                 from /home/will/WorldFoundry-wbniv/.worktrees/teleport-audit/wfsource/source/gfx/material.hp:201:
/home/will/WorldFoundry-wbniv/.worktrees/teleport-audit/wfsource/source/gfx/face.hpi:26:71: note: ‘#pragma message: KTS /home/will/WorldFoundry-wbniv/.worktrees/teleport-audit/wfsource/source/gfx/face.hpi: move this into the math directory’
   26 | #pragma message ("KTS " __FILE__ ": move this into the math directory")
      |                                                                       ^
In file included from /home/will/WorldFoundry-wbniv/.worktrees/teleport-audit/wfsource/source/gfx/rendobj3.hp:44:
/home/will/WorldFoundry-wbniv/.worktrees/teleport-audit/wfsource/source/gfx/handle.hp:12:73: note: ‘#pragma message: WBN: merge various ID/FOURCC classes into single one’
   12 | #pragma message( "WBN: merge various ID/FOURCC classes into single one" )
      |                                                                         ^
In file included from /home/will/WorldFoundry-wbniv/.worktrees/teleport-audit/wfsource/source/movement/movementobject.hpi:31,
                 from /home/will/WorldFoundry-wbniv/.worktrees/teleport-audit/wfsource/source/movement/movementobject.hp:117,
                 from /home/will/WorldFoundry-wbniv/.worktrees/teleport-audit/wfsource/source/game/actor.hp:37,
                 from /home/will/WorldFoundry-wbniv/.worktrees/teleport-audit/wfsource/source/game/level.hp:65:
/home/will/WorldFoundry-wbniv/.worktrees/teleport-audit/wfsource/source/oas/movement.h:31:74: note: ‘#pragma message: Is there an automatic way to create this enum from oas?’
   31 | #pragma message("Is there an automatic way to create this enum from oas?")
      |                                                                          ^
/home/will/WorldFoundry-wbniv/.worktrees/teleport-audit/wfsource/source/movement/movementobject.hpi: In constructor ‘MovementObject::MovementObject(const SObjectStartupData*, const void*, const CommonBlock&, const Clock&)’:
/home/will/WorldFoundry-wbniv/.worktrees/teleport-audit/wfsource/source/movement/movementobject.hpi:54:114: note: ‘#pragma message: kts fix: pathed objects get their position set in game/actor.cc since we cant do it here (yet)’
   54 | #pragma message ("kts fix: pathed objects get their position set in game/actor.cc since we cant do it here (yet)")
      |                                                                                                                  ^
/home/will/WorldFoundry-wbniv/.worktrees/teleport-audit/wfsource/source/game/actor.hp: At global scope:
/home/will/WorldFoundry-wbniv/.worktrees/teleport-audit/wfsource/source/game/actor.hp:254:105: note: ‘#pragma message: /home/will/WorldFoundry-wbniv/.worktrees/teleport-audit/wfsource/source/game/actor.hp: I guess I should make protected accessor functions for these data members’
  254 | #pragma message( __FILE__ ": I guess I should make protected accessor functions for these data members" )
      |                                                                                                         ^
/home/will/WorldFoundry-wbniv/.worktrees/teleport-audit/wfsource/source/game/level.hp:245:58: note: ‘#pragma message: /home/will/WorldFoundry-wbniv/.worktrees/teleport-audit/wfsource/source/game/level.hp: remove _idealMainCharacter’
  245 | #pragma message( __FILE__ ": remove _idealMainCharacter" )
      |                                                          ^
In file included from /home/will/WorldFoundry-wbniv/.worktrees/teleport-audit/wfsource/source/game/level.hp:52,
                 from /home/will/WorldFoundry-wbniv/.worktrees/teleport-audit/engine/mutation/wfmut.cpp:16:
/home/will/WorldFoundry-wbniv/.worktrees/teleport-audit/wfsource/source/asset/assets.hp:130:94: note: ‘#pragma message: KTS /home/will/WorldFoundry-wbniv/.worktrees/teleport-audit/wfsource/source/asset/assets.hp: can only have 1024 assets until this kludge is removed ’
  130 |  #pragma message ("KTS " __FILE__ ": can only have 1024 assets until this kludge is removed ")
      |                                                                                              ^
In file included from /home/will/WorldFoundry-wbniv/.worktrees/teleport-audit/wfsource/source/gfx/viewport.hp:103,
                 from /home/will/WorldFoundry-wbniv/.worktrees/teleport-audit/wfsource/source/game/level.hp:57:
/home/will/WorldFoundry-wbniv/.worktrees/teleport-audit/wfsource/source/gfx/viewport.hpi: In member function ‘void ViewPort::Render()’:
/home/will/WorldFoundry-wbniv/.worktrees/teleport-audit/wfsource/source/gfx/viewport.hpi:114:67: note: ‘#pragma message: KTS /home/will/WorldFoundry-wbniv/.worktrees/teleport-audit/wfsource/source/gfx/viewport.hpi: write viewport gl render code’
  114 | #pragma message ("KTS " __FILE__ ": write viewport gl render code")
      |                                                                   ^
In file included from /home/will/WorldFoundry-wbniv/.worktrees/teleport-audit/wfsource/source/gfx/rendmatt.hp:32,
                 from /home/will/WorldFoundry-wbniv/.worktrees/teleport-audit/wfsource/source/game/level.hp:58:
/home/will/WorldFoundry-wbniv/.worktrees/teleport-audit/wfsource/source/gfx/material.hp: At global scope:
/home/will/WorldFoundry-wbniv/.worktrees/teleport-audit/wfsource/source/gfx/material.hp:194:135: note: ‘#pragma message: /home/will/WorldFoundry-wbniv/.worktrees/teleport-audit/wfsource/source/gfx/material.hp KTS: MAX_RENDERERS hard coded to 8 to prevent cyclic dependencies, consider moving renderers into Material’
  194 | #pragma message(__FILE__ " KTS: MAX_RENDERERS hard coded to 8 to prevent cyclic dependencies, consider moving renderers into Material")
      |                                                                                                                                       ^
In file included from /home/will/WorldFoundry-wbniv/.worktrees/teleport-audit/wfsource/source/gfx/face.hp:67,
                 from /home/will/WorldFoundry-wbniv/.worktrees/teleport-audit/wfsource/source/gfx/rendobj3.hp:39,
                 from /home/will/WorldFoundry-wbniv/.worktrees/teleport-audit/wfsource/source/gfx/material.hpi:26,
                 from /home/will/WorldFoundry-wbniv/.worktrees/teleport-audit/wfsource/source/gfx/material.hp:201:
/home/will/WorldFoundry-wbniv/.worktrees/teleport-audit/wfsource/source/gfx/face.hpi:26:71: note: ‘#pragma message: KTS /home/will/WorldFoundry-wbniv/.worktrees/teleport-audit/wfsource/source/gfx/face.hpi: move this into the math directory’
   26 | #pragma message ("KTS " __FILE__ ": move this into the math directory")
      |                                                                       ^
In file included from /home/will/WorldFoundry-wbniv/.worktrees/teleport-audit/wfsource/source/gfx/rendobj3.hp:44:
/home/will/WorldFoundry-wbniv/.worktrees/teleport-audit/wfsource/source/gfx/handle.hp:12:73: note: ‘#pragma message: WBN: merge various ID/FOURCC classes into single one’
   12 | #pragma message( "WBN: merge various ID/FOURCC classes into single one" )
      |                                                                         ^
In file included from /home/will/WorldFoundry-wbniv/.worktrees/teleport-audit/wfsource/source/movement/movementobject.hpi:31,
                 from /home/will/WorldFoundry-wbniv/.worktrees/teleport-audit/wfsource/source/movement/movementobject.hp:117,
                 from /home/will/WorldFoundry-wbniv/.worktrees/teleport-audit/wfsource/source/game/actor.hp:37,
                 from /home/will/WorldFoundry-wbniv/.worktrees/teleport-audit/wfsource/source/game/level.hp:65:
/home/will/WorldFoundry-wbniv/.worktrees/teleport-audit/wfsource/source/oas/movement.h:31:74: note: ‘#pragma message: Is there an automatic way to create this enum from oas?’
   31 | #pragma message("Is there an automatic way to create this enum from oas?")
      |                                                                          ^
/home/will/WorldFoundry-wbniv/.worktrees/teleport-audit/wfsource/source/movement/movementobject.hpi: In constructor ‘MovementObject::MovementObject(const SObjectStartupData*, const void*, const CommonBlock&, const Clock&)’:
/home/will/WorldFoundry-wbniv/.worktrees/teleport-audit/wfsource/source/movement/movementobject.hpi:54:114: note: ‘#pragma message: kts fix: pathed objects get their position set in game/actor.cc since we cant do it here (yet)’
   54 | #pragma message ("kts fix: pathed objects get their position set in game/actor.cc since we cant do it here (yet)")
      |                                                                                                                  ^
/home/will/WorldFoundry-wbniv/.worktrees/teleport-audit/wfsource/source/game/actor.hp: At global scope:
/home/will/WorldFoundry-wbniv/.worktrees/teleport-audit/wfsource/source/game/actor.hp:254:105: note: ‘#pragma message: /home/will/WorldFoundry-wbniv/.worktrees/teleport-audit/wfsource/source/game/actor.hp: I guess I should make protected accessor functions for these data members’
  254 | #pragma message( __FILE__ ": I guess I should make protected accessor functions for these data members" )
      |                                                                                                         ^
/home/will/WorldFoundry-wbniv/.worktrees/teleport-audit/wfsource/source/game/level.hp:245:58: note: ‘#pragma message: /home/will/WorldFoundry-wbniv/.worktrees/teleport-audit/wfsource/source/game/level.hp: remove _idealMainCharacter’
  245 | #pragma message( __FILE__ ": remove _idealMainCharacter" )
      |                                                          ^
[ 97%] Building CXX object CMakeFiles/wfengine.dir/engine/mutation/wfmut_smoke.cpp.o
In file included from /home/will/WorldFoundry-wbniv/.worktrees/teleport-audit/wfsource/source/game/level.hp:52,
                 from /home/will/WorldFoundry-wbniv/.worktrees/teleport-audit/engine/mutation/wfmut_smoke.cpp:17:
/home/will/WorldFoundry-wbniv/.worktrees/teleport-audit/wfsource/source/asset/assets.hp:130:94: note: ‘#pragma message: KTS /home/will/WorldFoundry-wbniv/.worktrees/teleport-audit/wfsource/source/asset/assets.hp: can only have 1024 assets until this kludge is removed ’
  130 |  #pragma message ("KTS " __FILE__ ": can only have 1024 assets until this kludge is removed ")
      |                                                                                              ^
In file included from /home/will/WorldFoundry-wbniv/.worktrees/teleport-audit/wfsource/source/gfx/viewport.hp:103,
                 from /home/will/WorldFoundry-wbniv/.worktrees/teleport-audit/wfsource/source/game/level.hp:57:
/home/will/WorldFoundry-wbniv/.worktrees/teleport-audit/wfsource/source/gfx/viewport.hpi: In member function ‘void ViewPort::Render()’:
/home/will/WorldFoundry-wbniv/.worktrees/teleport-audit/wfsource/source/gfx/viewport.hpi:114:67: note: ‘#pragma message: KTS /home/will/WorldFoundry-wbniv/.worktrees/teleport-audit/wfsource/source/gfx/viewport.hpi: write viewport gl render code’
  114 | #pragma message ("KTS " __FILE__ ": write viewport gl render code")
      |                                                                   ^
In file included from /home/will/WorldFoundry-wbniv/.worktrees/teleport-audit/wfsource/source/gfx/rendmatt.hp:32,
                 from /home/will/WorldFoundry-wbniv/.worktrees/teleport-audit/wfsource/source/game/level.hp:58:
/home/will/WorldFoundry-wbniv/.worktrees/teleport-audit/wfsource/source/gfx/material.hp: At global scope:
/home/will/WorldFoundry-wbniv/.worktrees/teleport-audit/wfsource/source/gfx/material.hp:194:135: note: ‘#pragma message: /home/will/WorldFoundry-wbniv/.worktrees/teleport-audit/wfsource/source/gfx/material.hp KTS: MAX_RENDERERS hard coded to 8 to prevent cyclic dependencies, consider moving renderers into Material’
  194 | #pragma message(__FILE__ " KTS: MAX_RENDERERS hard coded to 8 to prevent cyclic dependencies, consider moving renderers into Material")
      |                                                                                                                                       ^
In file included from /home/will/WorldFoundry-wbniv/.worktrees/teleport-audit/wfsource/source/gfx/face.hp:67,
                 from /home/will/WorldFoundry-wbniv/.worktrees/teleport-audit/wfsource/source/gfx/rendobj3.hp:39,
                 from /home/will/WorldFoundry-wbniv/.worktrees/teleport-audit/wfsource/source/gfx/material.hpi:26,
                 from /home/will/WorldFoundry-wbniv/.worktrees/teleport-audit/wfsource/source/gfx/material.hp:201:
/home/will/WorldFoundry-wbniv/.worktrees/teleport-audit/wfsource/source/gfx/face.hpi:26:71: note: ‘#pragma message: KTS /home/will/WorldFoundry-wbniv/.worktrees/teleport-audit/wfsource/source/gfx/face.hpi: move this into the math directory’
   26 | #pragma message ("KTS " __FILE__ ": move this into the math directory")
      |                                                                       ^
In file included from /home/will/WorldFoundry-wbniv/.worktrees/teleport-audit/wfsource/source/gfx/rendobj3.hp:44:
/home/will/WorldFoundry-wbniv/.worktrees/teleport-audit/wfsource/source/gfx/handle.hp:12:73: note: ‘#pragma message: WBN: merge various ID/FOURCC classes into single one’
   12 | #pragma message( "WBN: merge various ID/FOURCC classes into single one" )
      |                                                                         ^
In file included from /home/will/WorldFoundry-wbniv/.worktrees/teleport-audit/wfsource/source/movement/movementobject.hpi:31,
                 from /home/will/WorldFoundry-wbniv/.worktrees/teleport-audit/wfsource/source/movement/movementobject.hp:117,
                 from /home/will/WorldFoundry-wbniv/.worktrees/teleport-audit/wfsource/source/game/actor.hp:37,
                 from /home/will/WorldFoundry-wbniv/.worktrees/teleport-audit/wfsource/source/game/level.hp:65:
/home/will/WorldFoundry-wbniv/.worktrees/teleport-audit/wfsource/source/oas/movement.h:31:74: note: ‘#pragma message: Is there an automatic way to create this enum from oas?’
   31 | #pragma message("Is there an automatic way to create this enum from oas?")
      |                                                                          ^
/home/will/WorldFoundry-wbniv/.worktrees/teleport-audit/wfsource/source/movement/movementobject.hpi: In constructor ‘MovementObject::MovementObject(const SObjectStartupData*, const void*, const CommonBlock&, const Clock&)’:
/home/will/WorldFoundry-wbniv/.worktrees/teleport-audit/wfsource/source/movement/movementobject.hpi:54:114: note: ‘#pragma message: kts fix: pathed objects get their position set in game/actor.cc since we cant do it here (yet)’
   54 | #pragma message ("kts fix: pathed objects get their position set in game/actor.cc since we cant do it here (yet)")
      |                                                                                                                  ^
/home/will/WorldFoundry-wbniv/.worktrees/teleport-audit/wfsource/source/game/actor.hp: At global scope:
/home/will/WorldFoundry-wbniv/.worktrees/teleport-audit/wfsource/source/game/actor.hp:254:105: note: ‘#pragma message: /home/will/WorldFoundry-wbniv/.worktrees/teleport-audit/wfsource/source/game/actor.hp: I guess I should make protected accessor functions for these data members’
  254 | #pragma message( __FILE__ ": I guess I should make protected accessor functions for these data members" )
      |                                                                                                         ^
/home/will/WorldFoundry-wbniv/.worktrees/teleport-audit/wfsource/source/game/level.hp:245:58: note: ‘#pragma message: /home/will/WorldFoundry-wbniv/.worktrees/teleport-audit/wfsource/source/game/level.hp: remove _idealMainCharacter’
  245 | #pragma message( __FILE__ ": remove _idealMainCharacter" )
      |                                                          ^
[ 97%] Building CXX object CMakeFiles/wfengine.dir/engine/runtime_properties.cpp.o
[ 97%] Building CXX object CMakeFiles/wfengine.dir/engine/runtime_property_form.cpp.o
[ 98%] Building CXX object CMakeFiles/wfengine.dir/engine/runtime_property_host.cpp.o
[ 98%] Linking CXX static library libwfengine.a
[ 98%] Built target wfengine
[100%] Building CXX object CMakeFiles/wf_game.dir/wfsource/source/hal/linux/platform_main.cc.o
[100%] Linking CXX executable /home/will/WorldFoundry-wbniv/.worktrees/teleport-audit/engine/wf_game
[100%] Built target wf_game
