material: texture=""  bTranslucent=0  bitdepth=16  flags_in=0x2
material: texture=""  bTranslucent=0  bitdepth=16  flags_in=0x2
audio: miniaudio v0.11.25 ready
DEBUG = 1,
DO_ASSERTIONS = 1, NO_ASSERT_EXPR = 0, USE_INLINE_DEFS = 1, WF_BIG_ENDIAN = 0
argc = 9, argv: /home/will/WorldFoundry-wbniv/engine/wf_game -L/home/will/WorldFoundry-wbniv/wflevels/aquarium_blue_shrimp-standalone.iff -rate20 -width=960 -height=540 --debug-port 17921 --debug-bind 127.0.0.1 
cbHalLmalloc = 64000000, cbHalScratchLmalloc = 180000
wf_game v0.4.1, Built:Jul 31 2026,10:21:50 by kts
-L/home/will/WorldFoundry-wbniv/wflevels/aquarium_blue_shrimp-standalone.iff
-rate20
Fake clock delta = 0.05000000075
-width=960
-height=540
--debug-port
--debug-bind
argc = 9, commandIndex = 9
Level=-1
cerror:
cwarn:
cstats:
wf_game Ver 0.4.1, Built:Jul 31 2026,10:21:50 by kts
DBSTREAMS jolt: RegisterDefaultAllocator
jolt: Factory
jolt: RegisterTypes
jolt: RunSelftest
jolt: selftest ok (sphere fell to z=5.098)
jolt: backend init
jolt: backend ready (gravity -Z)
jolt: init complete
LMalloc of 412 not 8-byte aligned, rounding up
LMalloc of 7620 not 8-byte aligned, rounding up
LMalloc of 20 not 8-byte aligned, rounding up
LMalloc of 20 not 8-byte aligned, rounding up
Level::Level: leveldata= 0x7a7785171400, object count  = 160
ASS closed without all data read (bytesLeft = 4118)
ASS closed without all data read (bytesLeft = 150)
ASS closed without all data read (bytesLeft = 16)
ASS closed without all data read (bytesLeft = 16)
ASS closed without all data read (bytesLeft = 5012)
PixelMap::Load: this = 0x7a7782d27b80
PixelMap::Load: this = 0x7a7782d27bc0
LMalloc of 28 not 8-byte aligned, rounding up
LMalloc of 28 not 8-byte aligned, rounding up
LMalloc of 28 not 8-byte aligned, rounding up
LMalloc of 28 not 8-byte aligned, rounding up
LMalloc of 100 not 8-byte aligned, rounding up
[Actor] idx=2 class=23 commonOff=45696 NumberOfLocalMailboxes=0
[Actor] idx=3 class=13 commonOff=45696 NumberOfLocalMailboxes=0
this = 0x7a7782d2b0c0,setting _memory to 0x7a7782d2abc8
DMalloc of 52 not 8-byte aligned, rounding up
[Actor] idx=4 class=20 commonOff=46408 NumberOfLocalMailboxes=0
[Actor] idx=6 class=11 commonOff=45696 NumberOfLocalMailboxes=0
[Actor] idx=7 class=16 commonOff=45696 NumberOfLocalMailboxes=0
[Actor] idx=8 class=3 commonOff=45696 NumberOfLocalMailboxes=0
[Actor] idx=9 class=22 commonOff=47148 NumberOfLocalMailboxes=6
jolt: character 0 created at (1.90, -0.65, 0.96) ctr=(0.00,0.00,0.00)
[Actor] idx=10 class=7 commonOff=45696 NumberOfLocalMailboxes=0
[Actor] idx=11 class=7 commonOff=47612 NumberOfLocalMailboxes=0
[Actor] idx=12 class=7 commonOff=45696 NumberOfLocalMailboxes=0
[Actor] idx=13 class=7 commonOff=45696 NumberOfLocalMailboxes=0
[Actor] idx=14 class=7 commonOff=45696 NumberOfLocalMailboxes=0
[Actor] idx=15 class=7 commonOff=45696 NumberOfLocalMailboxes=0
[Actor] idx=16 class=7 commonOff=47656 NumberOfLocalMailboxes=0
[Actor] idx=17 class=7 commonOff=45696 NumberOfLocalMailboxes=0
[Actor] idx=18 class=7 commonOff=45696 NumberOfLocalMailboxes=0
[Actor] idx=19 class=7 commonOff=45696 NumberOfLocalMailboxes=0
[Actor] idx=20 class=7 commonOff=45696 NumberOfLocalMailboxes=0
[Actor] idx=21 class=7 commonOff=47700 NumberOfLocalMailboxes=0
[Actor] idx=22 class=7 commonOff=45696 NumberOfLocalMailboxes=0
[Actor] idx=23 class=7 commonOff=45696 NumberOfLocalMailboxes=0
[Actor] idx=24 class=7 commonOff=45696 NumberOfLocalMailboxes=0
[Actor] idx=25 class=7 commonOff=45696 NumberOfLocalMailboxes=0
[Actor] idx=26 class=7 commonOff=47744 NumberOfLocalMailboxes=0
[Actor] idx=27 class=7 commonOff=45696 NumberOfLocalMailboxes=0
[Actor] idx=28 class=7 commonOff=45696 NumberOfLocalMailboxes=0
[Actor] idx=29 class=7 commonOff=45696 NumberOfLocalMailboxes=0
[Actor] idx=30 class=7 commonOff=45696 NumberOfLocalMailboxes=0
[Actor] idx=31 class=7 commonOff=47788 NumberOfLocalMailboxes=0
[Actor] idx=32 class=7 commonOff=45696 NumberOfLocalMailboxes=0
[Actor] idx=33 class=7 commonOff=45696 NumberOfLocalMailboxes=0
[Actor] idx=34 class=7 commonOff=45696 NumberOfLocalMailboxes=0
[Actor] idx=35 class=7 commonOff=45696 NumberOfLocalMailboxes=0
[Actor] idx=36 class=7 commonOff=47832 NumberOfLocalMailboxes=0
[Actor] idx=37 class=7 commonOff=45696 NumberOfLocalMailboxes=0
[Actor] idx=38 class=7 commonOff=45696 NumberOfLocalMailboxes=0
[Actor] idx=39 class=7 commonOff=45696 NumberOfLocalMailboxes=0
[Actor] idx=40 class=7 commonOff=45696 NumberOfLocalMailboxes=0
[Actor] idx=41 class=7 commonOff=47876 NumberOfLocalMailboxes=0
[Actor] idx=42 class=7 commonOff=45696 NumberOfLocalMailboxes=0
[Actor] idx=43 class=7 commonOff=45696 NumberOfLocalMailboxes=0
[Actor] idx=44 class=7 commonOff=45696 NumberOfLocalMailboxes=0
[Actor] idx=45 class=7 commonOff=45696 NumberOfLocalMailboxes=0
[Actor] idx=46 class=7 commonOff=47920 NumberOfLocalMailboxes=0
[Actor] idx=47 class=7 commonOff=45696 NumberOfLocalMailboxes=0
[Actor] idx=48 class=7 commonOff=45696 NumberOfLocalMailboxes=0
[Actor] idx=49 class=7 commonOff=45696 NumberOfLocalMailboxes=0
[Actor] idx=50 class=7 commonOff=45696 NumberOfLocalMailboxes=0
[Actor] idx=51 class=7 commonOff=47964 NumberOfLocalMailboxes=0
[Actor] idx=52 class=7 commonOff=45696 NumberOfLocalMailboxes=0
[Actor] idx=53 class=7 commonOff=45696 NumberOfLocalMailboxes=0
[Actor] idx=54 class=7 commonOff=45696 NumberOfLocalMailboxes=0
[Actor] idx=55 class=7 commonOff=45696 NumberOfLocalMailboxes=0
[Actor] idx=56 class=7 commonOff=48008 NumberOfLocalMailboxes=0
[Actor] idx=57 class=7 commonOff=45696 NumberOfLocalMailboxes=0
[Actor] idx=58 class=7 commonOff=45696 NumberOfLocalMailboxes=0
[Actor] idx=59 class=7 commonOff=45696 NumberOfLocalMailboxes=0
[Actor] idx=60 class=7 commonOff=45696 NumberOfLocalMailboxes=0
[Actor] idx=61 class=7 commonOff=48052 NumberOfLocalMailboxes=0
[Actor] idx=62 class=7 commonOff=45696 NumberOfLocalMailboxes=0
[Actor] idx=63 class=7 commonOff=45696 NumberOfLocalMailboxes=0
[Actor] idx=64 class=7 commonOff=45696 NumberOfLocalMailboxes=0
[Actor] idx=65 class=7 commonOff=45696 NumberOfLocalMailboxes=0
[Actor] idx=66 class=7 commonOff=48096 NumberOfLocalMailboxes=0
[Actor] idx=67 class=7 commonOff=45696 NumberOfLocalMailboxes=0
[Actor] idx=68 class=7 commonOff=45696 NumberOfLocalMailboxes=0
[Actor] idx=69 class=7 commonOff=45696 NumberOfLocalMailboxes=0
[Actor] idx=70 class=7 commonOff=45696 NumberOfLocalMailboxes=0
[Actor] idx=71 class=7 commonOff=48140 NumberOfLocalMailboxes=0
[Actor] idx=72 class=7 commonOff=45696 NumberOfLocalMailboxes=0
[Actor] idx=73 class=7 commonOff=45696 NumberOfLocalMailboxes=0
[Actor] idx=74 class=7 commonOff=45696 NumberOfLocalMailboxes=0
[Actor] idx=75 class=7 commonOff=45696 NumberOfLocalMailboxes=0
[Actor] idx=76 class=7 commonOff=48184 NumberOfLocalMailboxes=0
[Actor] idx=77 class=7 commonOff=45696 NumberOfLocalMailboxes=0
[Actor] idx=78 class=7 commonOff=45696 NumberOfLocalMailboxes=0
[Actor] idx=79 class=7 commonOff=45696 NumberOfLocalMailboxes=0
[Actor] idx=80 class=7 commonOff=45696 NumberOfLocalMailboxes=0
[Actor] idx=81 class=7 commonOff=48228 NumberOfLocalMailboxes=0
[Actor] idx=82 class=7 commonOff=45696 NumberOfLocalMailboxes=0
[Actor] idx=83 class=7 commonOff=45696 NumberOfLocalMailboxes=0
[Actor] idx=84 class=7 commonOff=45696 NumberOfLocalMailboxes=0
[Actor] idx=85 class=7 commonOff=45696 NumberOfLocalMailboxes=0
[Actor] idx=86 class=7 commonOff=48272 NumberOfLocalMailboxes=0
[Actor] idx=87 class=7 commonOff=45696 NumberOfLocalMailboxes=0
[Actor] idx=88 class=7 commonOff=45696 NumberOfLocalMailboxes=0
[Actor] idx=89 class=7 commonOff=45696 NumberOfLocalMailboxes=0
[Actor] idx=90 class=7 commonOff=45696 NumberOfLocalMailboxes=0
[Actor] idx=91 class=7 commonOff=48316 NumberOfLocalMailboxes=0
[Actor] idx=92 class=7 commonOff=45696 NumberOfLocalMailboxes=0
[Actor] idx=93 class=7 commonOff=45696 NumberOfLocalMailboxes=0
[Actor] idx=94 class=7 commonOff=45696 NumberOfLocalMailboxes=0
[Actor] idx=95 class=7 commonOff=45696 NumberOfLocalMailboxes=0
[Actor] idx=96 class=7 commonOff=48360 NumberOfLocalMailboxes=0
[Actor] idx=97 class=7 commonOff=45696 NumberOfLocalMailboxes=0
[Actor] idx=98 class=7 commonOff=45696 NumberOfLocalMailboxes=0
[Actor] idx=99 class=7 commonOff=45696 NumberOfLocalMailboxes=0
[Actor] idx=100 class=7 commonOff=45696 NumberOfLocalMailboxes=0
[Actor] idx=101 class=7 commonOff=48404 NumberOfLocalMailboxes=0
[Actor] idx=102 class=7 commonOff=45696 NumberOfLocalMailboxes=0
[Actor] idx=103 class=7 commonOff=45696 NumberOfLocalMailboxes=0
[Actor] idx=104 class=7 commonOff=45696 NumberOfLocalMailboxes=0
[Actor] idx=105 class=7 commonOff=45696 NumberOfLocalMailboxes=0
[Actor] idx=106 class=7 commonOff=48448 NumberOfLocalMailboxes=0
[Actor] idx=107 class=7 commonOff=45696 NumberOfLocalMailboxes=0
[Actor] idx=108 class=7 commonOff=45696 NumberOfLocalMailboxes=0
[Actor] idx=109 class=7 commonOff=45696 NumberOfLocalMailboxes=0
[Actor] idx=110 class=7 commonOff=45696 NumberOfLocalMailboxes=0
[Actor] idx=111 class=7 commonOff=48492 NumberOfLocalMailboxes=0
[Actor] idx=112 class=7 commonOff=45696 NumberOfLocalMailboxes=0
[Actor] idx=113 class=7 commonOff=45696 NumberOfLocalMailboxes=0
[Actor] idx=114 class=7 commonOff=45696 NumberOfLocalMailboxes=0
[Actor] idx=115 class=7 commonOff=45696 NumberOfLocalMailboxes=0
[Actor] idx=116 class=7 commonOff=48536 NumberOfLocalMailboxes=0
[Actor] idx=117 class=7 commonOff=45696 NumberOfLocalMailboxes=0
[Actor] idx=118 class=7 commonOff=45696 NumberOfLocalMailboxes=0
[Actor] idx=119 class=7 commonOff=45696 NumberOfLocalMailboxes=0
[Actor] idx=120 class=7 commonOff=45696 NumberOfLocalMailboxes=0
[Actor] idx=121 class=7 commonOff=48580 NumberOfLocalMailboxes=0
[Actor] idx=122 class=7 commonOff=45696 NumberOfLocalMailboxes=0
[Actor] idx=123 class=7 commonOff=45696 NumberOfLocalMailboxes=0
[Actor] idx=124 class=7 commonOff=45696 NumberOfLocalMailboxes=0
[Actor] idx=125 class=7 commonOff=45696 NumberOfLocalMailboxes=0
[Actor] idx=126 class=7 commonOff=48624 NumberOfLocalMailboxes=0
[Actor] idx=127 class=7 commonOff=45696 NumberOfLocalMailboxes=0
[Actor] idx=128 class=7 commonOff=45696 NumberOfLocalMailboxes=0
[Actor] idx=129 class=7 commonOff=45696 NumberOfLocalMailboxes=0
[Actor] idx=130 class=5 commonOff=45696 NumberOfLocalMailboxes=0
jolt: body STATIC pos=(0.00,0.00,0.00) half=(6.10,1.65,0.12) id=8388608
[Actor] idx=131 class=5 commonOff=45696 NumberOfLocalMailboxes=0
jolt: body STATIC pos=(0.00,1.53,0.81) half=(5.97,0.12,0.17) id=8388609
[Actor] idx=132 class=5 commonOff=45696 NumberOfLocalMailboxes=0
jolt: body STATIC pos=(0.00,1.53,1.16) half=(5.97,0.12,0.17) id=8388610
[Actor] idx=133 class=5 commonOff=45696 NumberOfLocalMailboxes=0
jolt: body STATIC pos=(0.00,1.53,1.51) half=(5.97,0.12,0.17) id=8388611
[Actor] idx=134 class=5 commonOff=45696 NumberOfLocalMailboxes=0
jolt: body STATIC pos=(0.00,1.53,1.86) half=(5.97,0.12,0.17) id=8388612
[Actor] idx=135 class=5 commonOff=45696 NumberOfLocalMailboxes=0
jolt: body STATIC pos=(0.00,1.53,2.21) half=(5.97,0.12,0.17) id=8388613
[Actor] idx=136 class=5 commonOff=45696 NumberOfLocalMailboxes=0
jolt: body STATIC pos=(0.00,1.53,2.56) half=(5.97,0.12,0.17) id=8388614
[Actor] idx=137 class=5 commonOff=45696 NumberOfLocalMailboxes=0
jolt: body STATIC pos=(0.00,1.53,2.91) half=(5.97,0.12,0.17) id=8388615
[Actor] idx=138 class=5 commonOff=45696 NumberOfLocalMailboxes=0
jolt: body STATIC pos=(0.00,1.53,3.25) half=(5.97,0.12,0.17) id=8388616
[Actor] idx=139 class=5 commonOff=45696 NumberOfLocalMailboxes=0
jolt: body STATIC pos=(0.00,1.53,3.60) half=(5.97,0.12,0.17) id=8388617
[Actor] idx=140 class=5 commonOff=45696 NumberOfLocalMailboxes=0
jolt: body STATIC pos=(0.00,1.53,3.95) half=(5.97,0.12,0.17) id=8388618
[Actor] idx=141 class=5 commonOff=45696 NumberOfLocalMailboxes=0
jolt: body STATIC pos=(0.00,1.53,4.30) half=(5.97,0.12,0.17) id=8388619
[Actor] idx=142 class=5 commonOff=45696 NumberOfLocalMailboxes=0
jolt: body STATIC pos=(0.00,1.53,4.65) half=(5.97,0.12,0.17) id=8388620
[Actor] idx=143 class=5 commonOff=45696 NumberOfLocalMailboxes=0
jolt: body STATIC pos=(0.00,1.53,5.08) half=(6.10,0.12,0.25) id=8388621
[Actor] idx=144 class=5 commonOff=45696 NumberOfLocalMailboxes=0
jolt: body STATIC pos=(-6.09,0.00,2.67) half=(0.12,1.65,2.67) id=8388622
[Actor] idx=145 class=5 commonOff=45696 NumberOfLocalMailboxes=0
jolt: body STATIC pos=(5.97,0.00,2.67) half=(0.12,1.65,2.67) id=8388623
[Actor] idx=146 class=5 commonOff=45696 NumberOfLocalMailboxes=0
jolt: body STATIC pos=(0.00,-1.78,2.67) half=(6.10,0.12,2.67) id=8388624
[Actor] idx=147 class=5 commonOff=45696 NumberOfLocalMailboxes=0
jolt: body STATIC pos=(0.00,0.00,5.31) half=(6.15,1.70,0.12) id=8388625
[Actor] idx=148 class=5 commonOff=48776 NumberOfLocalMailboxes=0
jolt: body STATIC pos=(0.00,0.00,0.38) half=(5.97,1.52,0.25) id=8388626
[Actor] idx=149 class=5 commonOff=48820 NumberOfLocalMailboxes=0
jolt: body STATIC pos=(-2.63,0.30,1.06) half=(0.66,0.64,0.42) id=8388627
[Actor] idx=150 class=5 commonOff=48864 NumberOfLocalMailboxes=0
jolt: body STATIC pos=(-1.74,0.50,0.93) half=(0.47,0.47,0.30) id=8388628
[Actor] idx=151 class=5 commonOff=48908 NumberOfLocalMailboxes=0
jolt: body STATIC pos=(3.97,0.55,0.94) half=(0.70,0.59,0.31) id=8388629
[Actor] idx=152 class=5 commonOff=45696 NumberOfLocalMailboxes=0
jolt: body STATIC pos=(0.61,0.77,1.30) half=(1.40,0.23,0.80) id=8388630
[Actor] idx=153 class=7 commonOff=45696 NumberOfLocalMailboxes=0
[Actor] idx=154 class=7 commonOff=45696 NumberOfLocalMailboxes=0
[Actor] idx=155 class=5 commonOff=45696 NumberOfLocalMailboxes=0
jolt: body STATIC pos=(0.00,0.00,-1.26) half=(6.25,1.80,1.24) id=8388631
[Actor] idx=156 class=5 commonOff=45696 NumberOfLocalMailboxes=0
jolt: body STATIC pos=(0.00,2.97,5.00) half=(20.00,0.12,10.00) id=8388632
[Actor] idx=157 class=23 commonOff=45696 NumberOfLocalMailboxes=0
[Actor] idx=158 class=3 commonOff=45696 NumberOfLocalMailboxes=0
[Actor] idx=159 class=16 commonOff=45696 NumberOfLocalMailboxes=0
LMalloc of 20 not 8-byte aligned, rounding up
DMalloc of 318 not 8-byte aligned, rounding up
DMalloc of 404 not 8-byte aligned, rounding up
DMalloc of 700 not 8-byte aligned, rounding up
DMalloc of 708 not 8-byte aligned, rounding up
DMalloc of 404 not 8-byte aligned, rounding up
Walking from 0
0->0
0->0
LMalloc of 20 not 8-byte aligned, rounding up
LMalloc of 20 not 8-byte aligned, rounding up
ASS closed without all data read (bytesLeft = 4118)
ASS closed without all data read (bytesLeft = 150)
ASS closed without all data read (bytesLeft = 16)
ASS closed without all data read (bytesLeft = 16)
ASS closed without all data read (bytesLeft = 5012)
ASS closed without all data read (bytesLeft = 4164)
ASS closed without all data read (bytesLeft = 3476)
ASS closed without all data read (bytesLeft = 3476)
ASS closed without all data read (bytesLeft = 2644)
ASS closed without all data read (bytesLeft = 588)
ASS closed without all data read (bytesLeft = 588)
ASS closed without all data read (bytesLeft = 588)
ASS closed without all data read (bytesLeft = 588)
ASS closed without all data read (bytesLeft = 588)
ASS closed without all data read (bytesLeft = 588)
ASS closed without all data read (bytesLeft = 588)
ASS closed without all data read (bytesLeft = 588)
ASS closed without all data read (bytesLeft = 588)
ASS closed without all data read (bytesLeft = 588)
ASS closed without all data read (bytesLeft = 588)
ASS closed without all data read (bytesLeft = 588)
ASS closed without all data read (bytesLeft = 588)
ASS closed without all data read (bytesLeft = 588)
ASS closed without all data read (bytesLeft = 588)
ASS closed without all data read (bytesLeft = 588)
ASS closed without all data read (bytesLeft = 588)
ASS closed without all data read (bytesLeft = 1452)
ASS closed without all data read (bytesLeft = 18060)
ASS closed without all data read (bytesLeft = 1252)
ASS closed without all data read (bytesLeft = 1252)
ASS closed without all data read (bytesLeft = 1252)
ASS closed without all data read (bytesLeft = 3916)
ASS closed without all data read (bytesLeft = 114444)
ASS closed without all data read (bytesLeft = 28212)
ASS closed without all data read (bytesLeft = 588)
ASS closed without all data read (bytesLeft = 588)
PixelMap::Load: this = 0x7a7782d27c00
PixelMap::Load: this = 0x7a7782d27c40
LMalloc of 28 not 8-byte aligned, rounding up
LMalloc of 28 not 8-byte aligned, rounding up
LMalloc of 28 not 8-byte aligned, rounding up
LMalloc of 28 not 8-byte aligned, rounding up
LMalloc of 2996 not 8-byte aligned, rounding up
RenderActor3DAnimates constructed with no animations!
LMalloc of 2996 not 8-byte aligned, rounding up
RenderActor3DAnimates constructed with no animations!
LMalloc of 2916 not 8-byte aligned, rounding up
RenderActor3DAnimates constructed with no animations!
LMalloc of 2276 not 8-byte aligned, rounding up
RenderActor3DAnimates constructed with no animations!
LMalloc of 2276 not 8-byte aligned, rounding up
RenderActor3DAnimates constructed with no animations!
LMalloc of 1636 not 8-byte aligned, rounding up
RenderActor3DAnimates constructed with no animations!
LMalloc of 2996 not 8-byte aligned, rounding up
RenderActor3DAnimates constructed with no animations!
LMalloc of 2916 not 8-byte aligned, rounding up
RenderActor3DAnimates constructed with no animations!
LMalloc of 2276 not 8-byte aligned, rounding up
RenderActor3DAnimates constructed with no animations!
LMalloc of 2276 not 8-byte aligned, rounding up
RenderActor3DAnimates constructed with no animations!
LMalloc of 1636 not 8-byte aligned, rounding up
RenderActor3DAnimates constructed with no animations!
LMalloc of 2996 not 8-byte aligned, rounding up
RenderActor3DAnimates constructed with no animations!
LMalloc of 2916 not 8-byte aligned, rounding up
RenderActor3DAnimates constructed with no animations!
LMalloc of 2276 not 8-byte aligned, rounding up
RenderActor3DAnimates constructed with no animations!
LMalloc of 2276 not 8-byte aligned, rounding up
RenderActor3DAnimates constructed with no animations!
LMalloc of 1636 not 8-byte aligned, rounding up
RenderActor3DAnimates constructed with no animations!
LMalloc of 2996 not 8-byte aligned, rounding up
RenderActor3DAnimates constructed with no animations!
LMalloc of 2916 not 8-byte aligned, rounding up
RenderActor3DAnimates constructed with no animations!
LMalloc of 2276 not 8-byte aligned, rounding up
RenderActor3DAnimates constructed with no animations!
LMalloc of 2276 not 8-byte aligned, rounding up
RenderActor3DAnimates constructed with no animations!
LMalloc of 1636 not 8-byte aligned, rounding up
RenderActor3DAnimates constructed with no animations!
LMalloc of 2996 not 8-byte aligned, rounding up
RenderActor3DAnimates constructed with no animations!
LMalloc of 2916 not 8-byte aligned, rounding up
RenderActor3DAnimates constructed with no animations!
LMalloc of 2276 not 8-byte aligned, rounding up
RenderActor3DAnimates constructed with no animations!
LMalloc of 2276 not 8-byte aligned, rounding up
RenderActor3DAnimates constructed with no animations!
LMalloc of 1636 not 8-byte aligned, rounding up
RenderActor3DAnimates constructed with no animations!
LMalloc of 2996 not 8-byte aligned, rounding up
RenderActor3DAnimates constructed with no animations!
LMalloc of 2916 not 8-byte aligned, rounding up
RenderActor3DAnimates constructed with no animations!
LMalloc of 2276 not 8-byte aligned, rounding up
RenderActor3DAnimates constructed with no animations!
LMalloc of 2276 not 8-byte aligned, rounding up
RenderActor3DAnimates constructed with no animations!
LMalloc of 1636 not 8-byte aligned, rounding up
RenderActor3DAnimates constructed with no animations!
LMalloc of 2996 not 8-byte aligned, rounding up
RenderActor3DAnimates constructed with no animations!
LMalloc of 2916 not 8-byte aligned, rounding up
RenderActor3DAnimates constructed with no animations!
LMalloc of 2276 not 8-byte aligned, rounding up
RenderActor3DAnimates constructed with no animations!
LMalloc of 2276 not 8-byte aligned, rounding up
RenderActor3DAnimates constructed with no animations!
LMalloc of 1636 not 8-byte aligned, rounding up
RenderActor3DAnimates constructed with no animations!
LMalloc of 2996 not 8-byte aligned, rounding up
RenderActor3DAnimates constructed with no animations!
LMalloc of 2916 not 8-byte aligned, rounding up
RenderActor3DAnimates constructed with no animations!
LMalloc of 2276 not 8-byte aligned, rounding up
RenderActor3DAnimates constructed with no animations!
LMalloc of 2276 not 8-byte aligned, rounding up
RenderActor3DAnimates constructed with no animations!
LMalloc of 1636 not 8-byte aligned, rounding up
RenderActor3DAnimates constructed with no animations!
LMalloc of 2996 not 8-byte aligned, rounding up
RenderActor3DAnimates constructed with no animations!
LMalloc of 2916 not 8-byte aligned, rounding up
RenderActor3DAnimates constructed with no animations!
LMalloc of 2276 not 8-byte aligned, rounding up
RenderActor3DAnimates constructed with no animations!
LMalloc of 2276 not 8-byte aligned, rounding up
RenderActor3DAnimates constructed with no animations!
LMalloc of 1636 not 8-byte aligned, rounding up
RenderActor3DAnimates constructed with no animations!
LMalloc of 2996 not 8-byte aligned, rounding up
RenderActor3DAnimates constructed with no animations!
LMalloc of 2916 not 8-byte aligned, rounding up
RenderActor3DAnimates constructed with no animations!
LMalloc of 2276 not 8-byte aligned, rounding up
RenderActor3DAnimates constructed with no animations!
LMalloc of 2276 not 8-byte aligned, rounding up
RenderActor3DAnimates constructed with no animations!
LMalloc of 1636 not 8-byte aligned, rounding up
RenderActor3DAnimates constructed with no animations!
LMalloc of 2996 not 8-byte aligned, rounding up
RenderActor3DAnimates constructed with no animations!
LMalloc of 2916 not 8-byte aligned, rounding up
RenderActor3DAnimates constructed with no animations!
LMalloc of 2276 not 8-byte aligned, rounding up
RenderActor3DAnimates constructed with no animations!
LMalloc of 2276 not 8-byte aligned, rounding up
RenderActor3DAnimates constructed with no animations!
LMalloc of 1636 not 8-byte aligned, rounding up
RenderActor3DAnimates constructed with no animations!
LMalloc of 2996 not 8-byte aligned, rounding up
RenderActor3DAnimates constructed with no animations!
LMalloc of 2916 not 8-byte aligned, rounding up
RenderActor3DAnimates constructed with no animations!
LMalloc of 2276 not 8-byte aligned, rounding up
RenderActor3DAnimates constructed with no animations!
LMalloc of 2276 not 8-byte aligned, rounding up
RenderActor3DAnimates constructed with no animations!
LMalloc of 1636 not 8-byte aligned, rounding up
RenderActor3DAnimates constructed with no animations!
LMalloc of 2996 not 8-byte aligned, rounding up
RenderActor3DAnimates constructed with no animations!
LMalloc of 2916 not 8-byte aligned, rounding up
RenderActor3DAnimates constructed with no animations!
LMalloc of 2276 not 8-byte aligned, rounding up
RenderActor3DAnimates constructed with no animations!
LMalloc of 2276 not 8-byte aligned, rounding up
RenderActor3DAnimates constructed with no animations!
LMalloc of 1636 not 8-byte aligned, rounding up
RenderActor3DAnimates constructed with no animations!
LMalloc of 2996 not 8-byte aligned, rounding up
RenderActor3DAnimates constructed with no animations!
LMalloc of 2916 not 8-byte aligned, rounding up
RenderActor3DAnimates constructed with no animations!
LMalloc of 2276 not 8-byte aligned, rounding up
RenderActor3DAnimates constructed with no animations!
LMalloc of 2276 not 8-byte aligned, rounding up
RenderActor3DAnimates constructed with no animations!
LMalloc of 1636 not 8-byte aligned, rounding up
RenderActor3DAnimates constructed with no animations!
LMalloc of 2996 not 8-byte aligned, rounding up
RenderActor3DAnimates constructed with no animations!
LMalloc of 2916 not 8-byte aligned, rounding up
RenderActor3DAnimates constructed with no animations!
LMalloc of 2276 not 8-byte aligned, rounding up
RenderActor3DAnimates constructed with no animations!
LMalloc of 2276 not 8-byte aligned, rounding up
RenderActor3DAnimates constructed with no animations!
LMalloc of 1636 not 8-byte aligned, rounding up
RenderActor3DAnimates constructed with no animations!
LMalloc of 2996 not 8-byte aligned, rounding up
RenderActor3DAnimates constructed with no animations!
LMalloc of 2916 not 8-byte aligned, rounding up
RenderActor3DAnimates constructed with no animations!
LMalloc of 2276 not 8-byte aligned, rounding up
RenderActor3DAnimates constructed with no animations!
LMalloc of 2276 not 8-byte aligned, rounding up
RenderActor3DAnimates constructed with no animations!
LMalloc of 1636 not 8-byte aligned, rounding up
RenderActor3DAnimates constructed with no animations!
LMalloc of 2996 not 8-byte aligned, rounding up
RenderActor3DAnimates constructed with no animations!
LMalloc of 2916 not 8-byte aligned, rounding up
RenderActor3DAnimates constructed with no animations!
LMalloc of 2276 not 8-byte aligned, rounding up
RenderActor3DAnimates constructed with no animations!
LMalloc of 2276 not 8-byte aligned, rounding up
RenderActor3DAnimates constructed with no animations!
LMalloc of 1636 not 8-byte aligned, rounding up
RenderActor3DAnimates constructed with no animations!
LMalloc of 2996 not 8-byte aligned, rounding up
RenderActor3DAnimates constructed with no animations!
LMalloc of 2916 not 8-byte aligned, rounding up
RenderActor3DAnimates constructed with no animations!
LMalloc of 2276 not 8-byte aligned, rounding up
RenderActor3DAnimates constructed with no animations!
LMalloc of 2276 not 8-byte aligned, rounding up
RenderActor3DAnimates constructed with no animations!
LMalloc of 1636 not 8-byte aligned, rounding up
RenderActor3DAnimates constructed with no animations!
LMalloc of 2996 not 8-byte aligned, rounding up
RenderActor3DAnimates constructed with no animations!
LMalloc of 2916 not 8-byte aligned, rounding up
RenderActor3DAnimates constructed with no animations!
LMalloc of 2276 not 8-byte aligned, rounding up
RenderActor3DAnimates constructed with no animations!
LMalloc of 2276 not 8-byte aligned, rounding up
RenderActor3DAnimates constructed with no animations!
LMalloc of 1636 not 8-byte aligned, rounding up
RenderActor3DAnimates constructed with no animations!
LMalloc of 2996 not 8-byte aligned, rounding up
RenderActor3DAnimates constructed with no animations!
LMalloc of 2916 not 8-byte aligned, rounding up
RenderActor3DAnimates constructed with no animations!
LMalloc of 2276 not 8-byte aligned, rounding up
RenderActor3DAnimates constructed with no animations!
LMalloc of 2276 not 8-byte aligned, rounding up
RenderActor3DAnimates constructed with no animations!
LMalloc of 1636 not 8-byte aligned, rounding up
RenderActor3DAnimates constructed with no animations!
LMalloc of 2996 not 8-byte aligned, rounding up
RenderActor3DAnimates constructed with no animations!
LMalloc of 2916 not 8-byte aligned, rounding up
RenderActor3DAnimates constructed with no animations!
LMalloc of 2276 not 8-byte aligned, rounding up
RenderActor3DAnimates constructed with no animations!
LMalloc of 2276 not 8-byte aligned, rounding up
RenderActor3DAnimates constructed with no animations!
LMalloc of 1636 not 8-byte aligned, rounding up
RenderActor3DAnimates constructed with no animations!
LMalloc of 2996 not 8-byte aligned, rounding up
RenderActor3DAnimates constructed with no animations!
LMalloc of 2916 not 8-byte aligned, rounding up
RenderActor3DAnimates constructed with no animations!
LMalloc of 2276 not 8-byte aligned, rounding up
RenderActor3DAnimates constructed with no animations!
LMalloc of 2276 not 8-byte aligned, rounding up
RenderActor3DAnimates constructed with no animations!
LMalloc of 1636 not 8-byte aligned, rounding up
RenderActor3DAnimates constructed with no animations!
LMalloc of 2996 not 8-byte aligned, rounding up
RenderActor3DAnimates constructed with no animations!
LMalloc of 2916 not 8-byte aligned, rounding up
RenderActor3DAnimates constructed with no animations!
LMalloc of 2276 not 8-byte aligned, rounding up
RenderActor3DAnimates constructed with no animations!
LMalloc of 2276 not 8-byte aligned, rounding up
RenderActor3DAnimates constructed with no animations!
LMalloc of 1636 not 8-byte aligned, rounding up
RenderActor3DAnimates constructed with no animations!
LMalloc of 2996 not 8-byte aligned, rounding up
RenderActor3DAnimates constructed with no animations!
LMalloc of 2916 not 8-byte aligned, rounding up
RenderActor3DAnimates constructed with no animations!
LMalloc of 2276 not 8-byte aligned, rounding up
RenderActor3DAnimates constructed with no animations!
LMalloc of 2276 not 8-byte aligned, rounding up
RenderActor3DAnimates constructed with no animations!
LMalloc of 1636 not 8-byte aligned, rounding up
RenderActor3DAnimates constructed with no animations!
LMalloc of 276 not 8-byte aligned, rounding up
RenderActor3DAnimates constructed with no animations!
MATL closed without all data read (bytesLeft = 264)
jolt: mesh actor_pos=(0.000,0.000,0.000)
jolt: mesh v0 local=(-6.096,-1.651,0.000) world=(-6.096,-1.651,0.000)
jolt: mesh v1 local=(-6.096,-1.651,0.127) world=(-6.096,-1.651,0.127)
jolt: mesh v2 local=(-6.096,1.651,0.000) world=(-6.096,1.651,0.000)
jolt: mesh v3 local=(-6.096,1.651,0.127) world=(-6.096,1.651,0.127)
jolt: mesh v4 local=(6.096,-1.651,0.000) world=(6.096,-1.651,0.000)
jolt: mesh v5 local=(6.096,-1.651,0.127) world=(6.096,-1.651,0.127)
jolt: mesh v6 local=(6.096,1.651,0.000) world=(6.096,1.651,0.000)
jolt: mesh v7 local=(6.096,1.651,0.127) world=(6.096,1.651,0.127)
jolt: body MESH_STATIC verts=8 faces=12 id=16777216
LMalloc of 276 not 8-byte aligned, rounding up
RenderActor3DAnimates constructed with no animations!
MATL closed without all data read (bytesLeft = 264)
jolt: mesh actor_pos=(0.000,0.000,0.000)
jolt: mesh v0 local=(-5.969,1.524,0.635) world=(-5.969,1.524,0.635)
jolt: mesh v1 local=(-5.969,1.524,0.984) world=(-5.969,1.524,0.984)
jolt: mesh v2 local=(-5.969,1.651,0.635) world=(-5.969,1.651,0.635)
jolt: mesh v3 local=(-5.969,1.651,0.984) world=(-5.969,1.651,0.984)
jolt: mesh v4 local=(5.969,1.524,0.635) world=(5.969,1.524,0.635)
jolt: mesh v5 local=(5.969,1.524,0.984) world=(5.969,1.524,0.984)
jolt: mesh v6 local=(5.969,1.651,0.635) world=(5.969,1.651,0.635)
jolt: mesh v7 local=(5.969,1.651,0.984) world=(5.969,1.651,0.984)
jolt: body MESH_STATIC verts=8 faces=12 id=16777217
LMalloc of 276 not 8-byte aligned, rounding up
RenderActor3DAnimates constructed with no animations!
MATL closed without all data read (bytesLeft = 264)
jolt: mesh actor_pos=(0.000,0.000,0.000)
jolt: mesh v0 local=(-5.969,1.524,0.984) world=(-5.969,1.524,0.984)
jolt: mesh v1 local=(-5.969,1.524,1.333) world=(-5.969,1.524,1.333)
jolt: mesh v2 local=(-5.969,1.651,0.984) world=(-5.969,1.651,0.984)
jolt: mesh v3 local=(-5.969,1.651,1.333) world=(-5.969,1.651,1.333)
jolt: mesh v4 local=(5.969,1.524,0.984) world=(5.969,1.524,0.984)
jolt: mesh v5 local=(5.969,1.524,1.333) world=(5.969,1.524,1.333)
jolt: mesh v6 local=(5.969,1.651,0.984) world=(5.969,1.651,0.984)
jolt: mesh v7 local=(5.969,1.651,1.333) world=(5.969,1.651,1.333)
jolt: body MESH_STATIC verts=8 faces=12 id=16777218
LMalloc of 276 not 8-byte aligned, rounding up
RenderActor3DAnimates constructed with no animations!
MATL closed without all data read (bytesLeft = 264)
jolt: mesh actor_pos=(0.000,0.000,0.000)
jolt: mesh v0 local=(-5.969,1.524,1.333) world=(-5.969,1.524,1.333)
jolt: mesh v1 local=(-5.969,1.524,1.683) world=(-5.969,1.524,1.683)
jolt: mesh v2 local=(-5.969,1.651,1.333) world=(-5.969,1.651,1.333)
jolt: mesh v3 local=(-5.969,1.651,1.683) world=(-5.969,1.651,1.683)
jolt: mesh v4 local=(5.969,1.524,1.333) world=(5.969,1.524,1.333)
jolt: mesh v5 local=(5.969,1.524,1.683) world=(5.969,1.524,1.683)
jolt: mesh v6 local=(5.969,1.651,1.333) world=(5.969,1.651,1.333)
jolt: mesh v7 local=(5.969,1.651,1.683) world=(5.969,1.651,1.683)
jolt: body MESH_STATIC verts=8 faces=12 id=16777219
LMalloc of 276 not 8-byte aligned, rounding up
RenderActor3DAnimates constructed with no animations!
MATL closed without all data read (bytesLeft = 264)
jolt: mesh actor_pos=(0.000,0.000,0.000)
jolt: mesh v0 local=(-5.969,1.524,1.683) world=(-5.969,1.524,1.683)
jolt: mesh v1 local=(-5.969,1.524,2.032) world=(-5.969,1.524,2.032)
jolt: mesh v2 local=(-5.969,1.651,1.683) world=(-5.969,1.651,1.683)
jolt: mesh v3 local=(-5.969,1.651,2.032) world=(-5.969,1.651,2.032)
jolt: mesh v4 local=(5.969,1.524,1.683) world=(5.969,1.524,1.683)
jolt: mesh v5 local=(5.969,1.524,2.032) world=(5.969,1.524,2.032)
jolt: mesh v6 local=(5.969,1.651,1.683) world=(5.969,1.651,1.683)
jolt: mesh v7 local=(5.969,1.651,2.032) world=(5.969,1.651,2.032)
jolt: body MESH_STATIC verts=8 faces=12 id=16777220
LMalloc of 276 not 8-byte aligned, rounding up
RenderActor3DAnimates constructed with no animations!
MATL closed without all data read (bytesLeft = 264)
jolt: mesh actor_pos=(0.000,0.000,0.000)
jolt: mesh v0 local=(-5.969,1.524,2.032) world=(-5.969,1.524,2.032)
jolt: mesh v1 local=(-5.969,1.524,2.381) world=(-5.969,1.524,2.381)
jolt: mesh v2 local=(-5.969,1.651,2.032) world=(-5.969,1.651,2.032)
jolt: mesh v3 local=(-5.969,1.651,2.381) world=(-5.969,1.651,2.381)
jolt: mesh v4 local=(5.969,1.524,2.032) world=(5.969,1.524,2.032)
jolt: mesh v5 local=(5.969,1.524,2.381) world=(5.969,1.524,2.381)
jolt: mesh v6 local=(5.969,1.651,2.032) world=(5.969,1.651,2.032)
jolt: mesh v7 local=(5.969,1.651,2.381) world=(5.969,1.651,2.381)
jolt: body MESH_STATIC verts=8 faces=12 id=16777221
LMalloc of 276 not 8-byte aligned, rounding up
RenderActor3DAnimates constructed with no animations!
MATL closed without all data read (bytesLeft = 264)
jolt: mesh actor_pos=(0.000,0.000,0.000)
jolt: mesh v0 local=(-5.969,1.524,2.381) world=(-5.969,1.524,2.381)
jolt: mesh v1 local=(-5.969,1.524,2.730) world=(-5.969,1.524,2.730)
jolt: mesh v2 local=(-5.969,1.651,2.381) world=(-5.969,1.651,2.381)
jolt: mesh v3 local=(-5.969,1.651,2.730) world=(-5.969,1.651,2.730)
jolt: mesh v4 local=(5.969,1.524,2.381) world=(5.969,1.524,2.381)
jolt: mesh v5 local=(5.969,1.524,2.730) world=(5.969,1.524,2.730)
jolt: mesh v6 local=(5.969,1.651,2.381) world=(5.969,1.651,2.381)
jolt: mesh v7 local=(5.969,1.651,2.730) world=(5.969,1.651,2.730)
jolt: body MESH_STATIC verts=8 faces=12 id=16777222
LMalloc of 276 not 8-byte aligned, rounding up
RenderActor3DAnimates constructed with no animations!
MATL closed without all data read (bytesLeft = 264)
jolt: mesh actor_pos=(0.000,0.000,0.000)
jolt: mesh v0 local=(-5.969,1.524,2.730) world=(-5.969,1.524,2.730)
jolt: mesh v1 local=(-5.969,1.524,3.080) world=(-5.969,1.524,3.080)
jolt: mesh v2 local=(-5.969,1.651,2.730) world=(-5.969,1.651,2.730)
jolt: mesh v3 local=(-5.969,1.651,3.080) world=(-5.969,1.651,3.080)
jolt: mesh v4 local=(5.969,1.524,2.730) world=(5.969,1.524,2.730)
jolt: mesh v5 local=(5.969,1.524,3.080) world=(5.969,1.524,3.080)
jolt: mesh v6 local=(5.969,1.651,2.730) world=(5.969,1.651,2.730)
jolt: mesh v7 local=(5.969,1.651,3.080) world=(5.969,1.651,3.080)
jolt: body MESH_STATIC verts=8 faces=12 id=16777223
LMalloc of 276 not 8-byte aligned, rounding up
RenderActor3DAnimates constructed with no animations!
MATL closed without all data read (bytesLeft = 264)
jolt: mesh actor_pos=(0.000,0.000,0.000)
jolt: mesh v0 local=(-5.969,1.524,3.080) world=(-5.969,1.524,3.080)
jolt: mesh v1 local=(-5.969,1.524,3.429) world=(-5.969,1.524,3.429)
jolt: mesh v2 local=(-5.969,1.651,3.080) world=(-5.969,1.651,3.080)
jolt: mesh v3 local=(-5.969,1.651,3.429) world=(-5.969,1.651,3.429)
jolt: mesh v4 local=(5.969,1.524,3.080) world=(5.969,1.524,3.080)
jolt: mesh v5 local=(5.969,1.524,3.429) world=(5.969,1.524,3.429)
jolt: mesh v6 local=(5.969,1.651,3.080) world=(5.969,1.651,3.080)
jolt: mesh v7 local=(5.969,1.651,3.429) world=(5.969,1.651,3.429)
jolt: body MESH_STATIC verts=8 faces=12 id=16777224
LMalloc of 276 not 8-byte aligned, rounding up
RenderActor3DAnimates constructed with no animations!
MATL closed without all data read (bytesLeft = 264)
jolt: mesh actor_pos=(0.000,0.000,0.000)
jolt: mesh v0 local=(-5.969,1.524,3.429) world=(-5.969,1.524,3.429)
jolt: mesh v1 local=(-5.969,1.524,3.778) world=(-5.969,1.524,3.778)
jolt: mesh v2 local=(-5.969,1.651,3.429) world=(-5.969,1.651,3.429)
jolt: mesh v3 local=(-5.969,1.651,3.778) world=(-5.969,1.651,3.778)
jolt: mesh v4 local=(5.969,1.524,3.429) world=(5.969,1.524,3.429)
jolt: mesh v5 local=(5.969,1.524,3.778) world=(5.969,1.524,3.778)
jolt: mesh v6 local=(5.969,1.651,3.429) world=(5.969,1.651,3.429)
jolt: mesh v7 local=(5.969,1.651,3.778) world=(5.969,1.651,3.778)
jolt: body MESH_STATIC verts=8 faces=12 id=16777225
LMalloc of 276 not 8-byte aligned, rounding up
RenderActor3DAnimates constructed with no animations!
MATL closed without all data read (bytesLeft = 264)
jolt: mesh actor_pos=(0.000,0.000,0.000)
jolt: mesh v0 local=(-5.969,1.524,3.778) world=(-5.969,1.524,3.778)
jolt: mesh v1 local=(-5.969,1.524,4.127) world=(-5.969,1.524,4.127)
jolt: mesh v2 local=(-5.969,1.651,3.778) world=(-5.969,1.651,3.778)
jolt: mesh v3 local=(-5.969,1.651,4.127) world=(-5.969,1.651,4.127)
jolt: mesh v4 local=(5.969,1.524,3.778) world=(5.969,1.524,3.778)
jolt: mesh v5 local=(5.969,1.524,4.127) world=(5.969,1.524,4.127)
jolt: mesh v6 local=(5.969,1.651,3.778) world=(5.969,1.651,3.778)
jolt: mesh v7 local=(5.969,1.651,4.127) world=(5.969,1.651,4.127)
jolt: body MESH_STATIC verts=8 faces=12 id=16777226
LMalloc of 276 not 8-byte aligned, rounding up
RenderActor3DAnimates constructed with no animations!
MATL closed without all data read (bytesLeft = 264)
jolt: mesh actor_pos=(0.000,0.000,0.000)
jolt: mesh v0 local=(-5.969,1.524,4.127) world=(-5.969,1.524,4.127)
jolt: mesh v1 local=(-5.969,1.524,4.477) world=(-5.969,1.524,4.477)
jolt: mesh v2 local=(-5.969,1.651,4.127) world=(-5.969,1.651,4.127)
jolt: mesh v3 local=(-5.969,1.651,4.477) world=(-5.969,1.651,4.477)
jolt: mesh v4 local=(5.969,1.524,4.127) world=(5.969,1.524,4.127)
jolt: mesh v5 local=(5.969,1.524,4.477) world=(5.969,1.524,4.477)
jolt: mesh v6 local=(5.969,1.651,4.127) world=(5.969,1.651,4.127)
jolt: mesh v7 local=(5.969,1.651,4.477) world=(5.969,1.651,4.477)
jolt: body MESH_STATIC verts=8 faces=12 id=16777227
LMalloc of 276 not 8-byte aligned, rounding up
RenderActor3DAnimates constructed with no animations!
MATL closed without all data read (bytesLeft = 264)
jolt: mesh actor_pos=(0.000,0.000,0.000)
jolt: mesh v0 local=(-5.969,1.524,4.477) world=(-5.969,1.524,4.477)
jolt: mesh v1 local=(-5.969,1.524,4.826) world=(-5.969,1.524,4.826)
jolt: mesh v2 local=(-5.969,1.651,4.477) world=(-5.969,1.651,4.477)
jolt: mesh v3 local=(-5.969,1.651,4.826) world=(-5.969,1.651,4.826)
jolt: mesh v4 local=(5.969,1.524,4.477) world=(5.969,1.524,4.477)
jolt: mesh v5 local=(5.969,1.524,4.826) world=(5.969,1.524,4.826)
jolt: mesh v6 local=(5.969,1.651,4.477) world=(5.969,1.651,4.477)
jolt: mesh v7 local=(5.969,1.651,4.826) world=(5.969,1.651,4.826)
jolt: body MESH_STATIC verts=8 faces=12 id=16777228
LMalloc of 276 not 8-byte aligned, rounding up
RenderActor3DAnimates constructed with no animations!
MATL closed without all data read (bytesLeft = 264)
jolt: mesh actor_pos=(0.000,0.000,0.000)
jolt: mesh v0 local=(-6.096,1.524,4.826) world=(-6.096,1.524,4.826)
jolt: mesh v1 local=(-6.096,1.524,5.334) world=(-6.096,1.524,5.334)
jolt: mesh v2 local=(-6.096,1.651,4.826) world=(-6.096,1.651,4.826)
jolt: mesh v3 local=(-6.096,1.651,5.334) world=(-6.096,1.651,5.334)
jolt: mesh v4 local=(6.096,1.524,4.826) world=(6.096,1.524,4.826)
jolt: mesh v5 local=(6.096,1.524,5.334) world=(6.096,1.524,5.334)
jolt: mesh v6 local=(6.096,1.651,4.826) world=(6.096,1.651,4.826)
jolt: mesh v7 local=(6.096,1.651,5.334) world=(6.096,1.651,5.334)
jolt: body MESH_STATIC verts=8 faces=12 id=16777229
LMalloc of 276 not 8-byte aligned, rounding up
RenderActor3DAnimates constructed with no animations!
MATL closed without all data read (bytesLeft = 264)
jolt: mesh actor_pos=(0.000,0.000,0.000)
jolt: mesh v0 local=(-6.096,-1.651,0.000) world=(-6.096,-1.651,0.000)
jolt: mesh v1 local=(-6.096,-1.651,5.334) world=(-6.096,-1.651,5.334)
jolt: mesh v2 local=(-6.096,1.651,0.000) world=(-6.096,1.651,0.000)
jolt: mesh v3 local=(-6.096,1.651,5.334) world=(-6.096,1.651,5.334)
jolt: mesh v4 local=(-5.969,-1.651,0.000) world=(-5.969,-1.651,0.000)
jolt: mesh v5 local=(-5.969,-1.651,5.334) world=(-5.969,-1.651,5.334)
jolt: mesh v6 local=(-5.969,1.651,0.000) world=(-5.969,1.651,0.000)
jolt: mesh v7 local=(-5.969,1.651,5.334) world=(-5.969,1.651,5.334)
jolt: body MESH_STATIC verts=8 faces=12 id=16777230
LMalloc of 276 not 8-byte aligned, rounding up
RenderActor3DAnimates constructed with no animations!
MATL closed without all data read (bytesLeft = 264)
jolt: mesh actor_pos=(0.000,0.000,0.000)
jolt: mesh v0 local=(5.969,-1.651,0.000) world=(5.969,-1.651,0.000)
jolt: mesh v1 local=(5.969,-1.651,5.334) world=(5.969,-1.651,5.334)
jolt: mesh v2 local=(5.969,1.651,0.000) world=(5.969,1.651,0.000)
jolt: mesh v3 local=(5.969,1.651,5.334) world=(5.969,1.651,5.334)
jolt: mesh v4 local=(6.096,-1.651,0.000) world=(6.096,-1.651,0.000)
jolt: mesh v5 local=(6.096,-1.651,5.334) world=(6.096,-1.651,5.334)
jolt: mesh v6 local=(6.096,1.651,0.000) world=(6.096,1.651,0.000)
jolt: mesh v7 local=(6.096,1.651,5.334) world=(6.096,1.651,5.334)
jolt: body MESH_STATIC verts=8 faces=12 id=16777231
LMalloc of 276 not 8-byte aligned, rounding up
RenderActor3DAnimates constructed with no animations!
MATL closed without all data read (bytesLeft = 264)
jolt: mesh actor_pos=(0.000,0.000,0.000)
jolt: mesh v0 local=(-6.096,-1.778,0.000) world=(-6.096,-1.778,0.000)
jolt: mesh v1 local=(-6.096,-1.778,5.334) world=(-6.096,-1.778,5.334)
jolt: mesh v2 local=(-6.096,-1.651,0.000) world=(-6.096,-1.651,0.000)
jolt: mesh v3 local=(-6.096,-1.651,5.334) world=(-6.096,-1.651,5.334)
jolt: mesh v4 local=(6.096,-1.778,0.000) world=(6.096,-1.778,0.000)
jolt: mesh v5 local=(6.096,-1.778,5.334) world=(6.096,-1.778,5.334)
jolt: mesh v6 local=(6.096,-1.651,0.000) world=(6.096,-1.651,0.000)
jolt: mesh v7 local=(6.096,-1.651,5.334) world=(6.096,-1.651,5.334)
jolt: body MESH_STATIC verts=8 faces=12 id=16777232
LMalloc of 996 not 8-byte aligned, rounding up
RenderActor3DAnimates constructed with no animations!
MATL closed without all data read (bytesLeft = 264)
jolt: mesh actor_pos=(0.000,0.000,0.000)
jolt: mesh v0 local=(-6.146,-1.701,5.334) world=(-6.146,-1.701,5.334)
jolt: mesh v1 local=(-6.146,-1.701,5.434) world=(-6.146,-1.701,5.434)
jolt: mesh v2 local=(-6.146,-1.651,5.334) world=(-6.146,-1.651,5.334)
jolt: mesh v3 local=(-6.146,-1.651,5.434) world=(-6.146,-1.651,5.434)
jolt: mesh v4 local=(-6.146,-1.571,5.334) world=(-6.146,-1.571,5.334)
jolt: mesh v5 local=(-6.146,-1.571,5.434) world=(-6.146,-1.571,5.434)
jolt: mesh v6 local=(-6.146,1.571,5.334) world=(-6.146,1.571,5.334)
jolt: mesh v7 local=(-6.146,1.571,5.434) world=(-6.146,1.571,5.434)
jolt: mesh v8 local=(-6.146,1.651,5.334) world=(-6.146,1.651,5.334)
jolt: mesh v9 local=(-6.146,1.651,5.434) world=(-6.146,1.651,5.434)
jolt: mesh v10 local=(-6.146,1.701,5.334) world=(-6.146,1.701,5.334)
jolt: mesh v11 local=(-6.146,1.701,5.434) world=(-6.146,1.701,5.434)
jolt: mesh v12 local=(-6.016,-1.651,5.334) world=(-6.016,-1.651,5.334)
jolt: mesh v13 local=(-6.016,-1.651,5.434) world=(-6.016,-1.651,5.434)
jolt: mesh v14 local=(-6.016,1.651,5.334) world=(-6.016,1.651,5.334)
jolt: mesh v15 local=(-6.016,1.651,5.434) world=(-6.016,1.651,5.434)
jolt: mesh v16 local=(6.016,-1.651,5.334) world=(6.016,-1.651,5.334)
jolt: mesh v17 local=(6.016,-1.651,5.434) world=(6.016,-1.651,5.434)
jolt: mesh v18 local=(6.016,1.651,5.334) world=(6.016,1.651,5.334)
jolt: mesh v19 local=(6.016,1.651,5.434) world=(6.016,1.651,5.434)
jolt: mesh v20 local=(6.146,-1.701,5.334) world=(6.146,-1.701,5.334)
jolt: mesh v21 local=(6.146,-1.701,5.434) world=(6.146,-1.701,5.434)
jolt: mesh v22 local=(6.146,-1.651,5.334) world=(6.146,-1.651,5.334)
jolt: mesh v23 local=(6.146,-1.651,5.434) world=(6.146,-1.651,5.434)
jolt: mesh v24 local=(6.146,-1.571,5.334) world=(6.146,-1.571,5.334)
jolt: mesh v25 local=(6.146,-1.571,5.434) world=(6.146,-1.571,5.434)
jolt: mesh v26 local=(6.146,1.571,5.334) world=(6.146,1.571,5.334)
jolt: mesh v27 local=(6.146,1.571,5.434) world=(6.146,1.571,5.434)
jolt: mesh v28 local=(6.146,1.651,5.334) world=(6.146,1.651,5.334)
jolt: mesh v29 local=(6.146,1.651,5.434) world=(6.146,1.651,5.434)
jolt: mesh v30 local=(6.146,1.701,5.334) world=(6.146,1.701,5.334)
jolt: mesh v31 local=(6.146,1.701,5.434) world=(6.146,1.701,5.434)
jolt: body MESH_STATIC verts=32 faces=48 id=16777233
LMalloc of 15636 not 8-byte aligned, rounding up
RenderActor3DAnimates constructed with no animations!
MATL closed without all data read (bytesLeft = 792)
jolt: mesh actor_pos=(0.000,0.000,0.000)
jolt: mesh v0 local=(-5.969,-1.524,0.127) world=(-5.969,-1.524,0.127)
jolt: mesh v1 local=(-5.969,-1.524,0.632) world=(-5.969,-1.524,0.632)
jolt: mesh v2 local=(-5.969,-1.524,0.635) world=(-5.969,-1.524,0.635)
jolt: mesh v3 local=(-5.969,-1.143,0.635) world=(-5.969,-1.143,0.635)
jolt: mesh v4 local=(-5.969,-0.762,0.635) world=(-5.969,-0.762,0.635)
jolt: mesh v5 local=(-5.969,-0.381,0.635) world=(-5.969,-0.381,0.635)
jolt: mesh v6 local=(-5.969,0.000,0.635) world=(-5.969,0.000,0.635)
jolt: mesh v7 local=(-5.969,0.381,0.635) world=(-5.969,0.381,0.635)
jolt: mesh v8 local=(-5.969,0.762,0.635) world=(-5.969,0.762,0.635)
jolt: mesh v9 local=(-5.969,1.143,0.635) world=(-5.969,1.143,0.635)
jolt: mesh v10 local=(-5.969,1.524,0.127) world=(-5.969,1.524,0.127)
jolt: mesh v11 local=(-5.969,1.524,0.632) world=(-5.969,1.524,0.632)
jolt: mesh v12 local=(-5.969,1.524,0.635) world=(-5.969,1.524,0.635)
jolt: mesh v13 local=(-5.720,-1.524,0.635) world=(-5.720,-1.524,0.635)
jolt: mesh v14 local=(-5.720,-1.143,0.635) world=(-5.720,-1.143,0.635)
jolt: mesh v15 local=(-5.720,-0.762,0.635) world=(-5.720,-0.762,0.635)
jolt: mesh v16 local=(-5.720,-0.381,0.635) world=(-5.720,-0.381,0.635)
jolt: mesh v17 local=(-5.720,0.000,0.635) world=(-5.720,0.000,0.635)
jolt: mesh v18 local=(-5.720,0.381,0.635) world=(-5.720,0.381,0.635)
jolt: mesh v19 local=(-5.720,0.762,0.635) world=(-5.720,0.762,0.635)
jolt: mesh v20 local=(-5.720,1.143,0.635) world=(-5.720,1.143,0.635)
jolt: mesh v21 local=(-5.720,1.524,0.635) world=(-5.720,1.524,0.635)
jolt: mesh v22 local=(-5.472,-1.524,0.635) world=(-5.472,-1.524,0.635)
jolt: mesh v23 local=(-5.472,-1.143,0.635) world=(-5.472,-1.143,0.635)
jolt: mesh v24 local=(-5.472,-0.762,0.635) world=(-5.472,-0.762,0.635)
jolt: mesh v25 local=(-5.472,-0.381,0.635) world=(-5.472,-0.381,0.635)
jolt: mesh v26 local=(-5.472,0.000,0.635) world=(-5.472,0.000,0.635)
jolt: mesh v27 local=(-5.472,0.381,0.635) world=(-5.472,0.381,0.635)
jolt: mesh v28 local=(-5.472,0.762,0.635) world=(-5.472,0.762,0.635)
jolt: mesh v29 local=(-5.472,1.143,0.635) world=(-5.472,1.143,0.635)
jolt: mesh v30 local=(-5.472,1.524,0.635) world=(-5.472,1.524,0.635)
jolt: mesh v31 local=(-5.223,-1.524,0.635) world=(-5.223,-1.524,0.635)
jolt: mesh v32 local=(-5.223,-1.143,0.635) world=(-5.223,-1.143,0.635)
jolt: mesh v33 local=(-5.223,-0.762,0.635) world=(-5.223,-0.762,0.635)
jolt: mesh v34 local=(-5.223,-0.381,0.635) world=(-5.223,-0.381,0.635)
jolt: mesh v35 local=(-5.223,0.000,0.635) world=(-5.223,0.000,0.635)
jolt: mesh v36 local=(-5.223,0.381,0.635) world=(-5.223,0.381,0.635)
jolt: mesh v37 local=(-5.223,0.762,0.635) world=(-5.223,0.762,0.635)
jolt: mesh v38 local=(-5.223,1.143,0.635) world=(-5.223,1.143,0.635)
jolt: mesh v39 local=(-5.223,1.524,0.635) world=(-5.223,1.524,0.635)
jolt: mesh v40 local=(-4.974,-1.524,0.635) world=(-4.974,-1.524,0.635)
jolt: mesh v41 local=(-4.974,-1.143,0.635) world=(-4.974,-1.143,0.635)
jolt: mesh v42 local=(-4.974,-0.762,0.635) world=(-4.974,-0.762,0.635)
jolt: mesh v43 local=(-4.974,-0.381,0.635) world=(-4.974,-0.381,0.635)
jolt: mesh v44 local=(-4.974,0.000,0.635) world=(-4.974,0.000,0.635)
jolt: mesh v45 local=(-4.974,0.381,0.635) world=(-4.974,0.381,0.635)
jolt: mesh v46 local=(-4.974,0.762,0.635) world=(-4.974,0.762,0.635)
jolt: mesh v47 local=(-4.974,1.143,0.635) world=(-4.974,1.143,0.635)
jolt: mesh v48 local=(-4.974,1.524,0.635) world=(-4.974,1.524,0.635)
jolt: mesh v49 local=(-4.725,-1.524,0.635) world=(-4.725,-1.524,0.635)
jolt: mesh v50 local=(-4.725,-1.143,0.635) world=(-4.725,-1.143,0.635)
jolt: mesh v51 local=(-4.725,-0.762,0.635) world=(-4.725,-0.762,0.635)
jolt: mesh v52 local=(-4.725,-0.381,0.635) world=(-4.725,-0.381,0.635)
jolt: mesh v53 local=(-4.725,0.000,0.635) world=(-4.725,0.000,0.635)
jolt: mesh v54 local=(-4.725,0.381,0.635) world=(-4.725,0.381,0.635)
jolt: mesh v55 local=(-4.725,0.762,0.635) world=(-4.725,0.762,0.635)
jolt: mesh v56 local=(-4.725,1.143,0.635) world=(-4.725,1.143,0.635)
jolt: mesh v57 local=(-4.725,1.524,0.635) world=(-4.725,1.524,0.635)
jolt: mesh v58 local=(-4.477,-1.524,0.635) world=(-4.477,-1.524,0.635)
jolt: mesh v59 local=(-4.477,-1.143,0.635) world=(-4.477,-1.143,0.635)
jolt: mesh v60 local=(-4.477,-0.762,0.635) world=(-4.477,-0.762,0.635)
jolt: mesh v61 local=(-4.477,-0.381,0.635) world=(-4.477,-0.381,0.635)
jolt: mesh v62 local=(-4.477,0.000,0.635) world=(-4.477,0.000,0.635)
jolt: mesh v63 local=(-4.477,0.381,0.635) world=(-4.477,0.381,0.635)
jolt: mesh v64 local=(-4.477,0.762,0.635) world=(-4.477,0.762,0.635)
jolt: mesh v65 local=(-4.477,1.143,0.635) world=(-4.477,1.143,0.635)
jolt: mesh v66 local=(-4.477,1.524,0.635) world=(-4.477,1.524,0.635)
jolt: mesh v67 local=(-4.228,-1.524,0.635) world=(-4.228,-1.524,0.635)
jolt: mesh v68 local=(-4.228,-1.143,0.635) world=(-4.228,-1.143,0.635)
jolt: mesh v69 local=(-4.228,-0.762,0.635) world=(-4.228,-0.762,0.635)
jolt: mesh v70 local=(-4.228,-0.381,0.635) world=(-4.228,-0.381,0.635)
jolt: mesh v71 local=(-4.228,0.000,0.635) world=(-4.228,0.000,0.635)
jolt: mesh v72 local=(-4.228,0.381,0.635) world=(-4.228,0.381,0.635)
jolt: mesh v73 local=(-4.228,0.762,0.635) world=(-4.228,0.762,0.635)
jolt: mesh v74 local=(-4.228,1.143,0.635) world=(-4.228,1.143,0.635)
jolt: mesh v75 local=(-4.228,1.524,0.635) world=(-4.228,1.524,0.635)
jolt: mesh v76 local=(-3.979,-1.524,0.635) world=(-3.979,-1.524,0.635)
jolt: mesh v77 local=(-3.979,-1.143,0.635) world=(-3.979,-1.143,0.635)
jolt: mesh v78 local=(-3.979,-0.762,0.635) world=(-3.979,-0.762,0.635)
jolt: mesh v79 local=(-3.979,-0.381,0.635) world=(-3.979,-0.381,0.635)
jolt: mesh v80 local=(-3.979,0.000,0.635) world=(-3.979,0.000,0.635)
jolt: mesh v81 local=(-3.979,0.381,0.635) world=(-3.979,0.381,0.635)
jolt: mesh v82 local=(-3.979,0.762,0.635) world=(-3.979,0.762,0.635)
jolt: mesh v83 local=(-3.979,1.143,0.635) world=(-3.979,1.143,0.635)
jolt: mesh v84 local=(-3.979,1.524,0.635) world=(-3.979,1.524,0.635)
jolt: mesh v85 local=(-3.731,-1.524,0.635) world=(-3.731,-1.524,0.635)
jolt: mesh v86 local=(-3.731,-1.143,0.635) world=(-3.731,-1.143,0.635)
jolt: mesh v87 local=(-3.731,-0.762,0.635) world=(-3.731,-0.762,0.635)
jolt: mesh v88 local=(-3.731,-0.381,0.635) world=(-3.731,-0.381,0.635)
jolt: mesh v89 local=(-3.731,0.000,0.635) world=(-3.731,0.000,0.635)
jolt: mesh v90 local=(-3.731,0.381,0.635) world=(-3.731,0.381,0.635)
jolt: mesh v91 local=(-3.731,0.762,0.635) world=(-3.731,0.762,0.635)
jolt: mesh v92 local=(-3.731,1.143,0.635) world=(-3.731,1.143,0.635)
jolt: mesh v93 local=(-3.731,1.524,0.635) world=(-3.731,1.524,0.635)
jolt: mesh v94 local=(-3.482,-1.524,0.635) world=(-3.482,-1.524,0.635)
jolt: mesh v95 local=(-3.482,-1.143,0.635) world=(-3.482,-1.143,0.635)
jolt: mesh v96 local=(-3.482,-0.762,0.635) world=(-3.482,-0.762,0.635)
jolt: mesh v97 local=(-3.482,-0.381,0.635) world=(-3.482,-0.381,0.635)
jolt: mesh v98 local=(-3.482,0.000,0.635) world=(-3.482,0.000,0.635)
jolt: mesh v99 local=(-3.482,0.381,0.635) world=(-3.482,0.381,0.635)
jolt: mesh v100 local=(-3.482,0.762,0.635) world=(-3.482,0.762,0.635)
jolt: mesh v101 local=(-3.482,1.143,0.635) world=(-3.482,1.143,0.635)
jolt: mesh v102 local=(-3.482,1.524,0.635) world=(-3.482,1.524,0.635)
jolt: mesh v103 local=(-3.233,-1.524,0.635) world=(-3.233,-1.524,0.635)
jolt: mesh v104 local=(-3.233,-1.143,0.635) world=(-3.233,-1.143,0.635)
jolt: mesh v105 local=(-3.233,-0.762,0.635) world=(-3.233,-0.762,0.635)
jolt: mesh v106 local=(-3.233,-0.381,0.635) world=(-3.233,-0.381,0.635)
jolt: mesh v107 local=(-3.233,0.000,0.635) world=(-3.233,0.000,0.635)
jolt: mesh v108 local=(-3.233,0.381,0.635) world=(-3.233,0.381,0.635)
jolt: mesh v109 local=(-3.233,0.762,0.635) world=(-3.233,0.762,0.635)
jolt: mesh v110 local=(-3.233,1.143,0.635) world=(-3.233,1.143,0.635)
jolt: mesh v111 local=(-3.233,1.524,0.635) world=(-3.233,1.524,0.635)
jolt: mesh v112 local=(-2.984,-1.524,0.635) world=(-2.984,-1.524,0.635)
jolt: mesh v113 local=(-2.984,-1.143,0.635) world=(-2.984,-1.143,0.635)
jolt: mesh v114 local=(-2.984,-0.762,0.635) world=(-2.984,-0.762,0.635)
jolt: mesh v115 local=(-2.984,-0.381,0.635) world=(-2.984,-0.381,0.635)
jolt: mesh v116 local=(-2.984,0.000,0.635) world=(-2.984,0.000,0.635)
jolt: mesh v117 local=(-2.984,0.381,0.635) world=(-2.984,0.381,0.635)
jolt: mesh v118 local=(-2.984,0.762,0.635) world=(-2.984,0.762,0.635)
jolt: mesh v119 local=(-2.984,1.143,0.635) world=(-2.984,1.143,0.635)
jolt: mesh v120 local=(-2.984,1.524,0.635) world=(-2.984,1.524,0.635)
jolt: mesh v121 local=(-2.736,-1.524,0.635) world=(-2.736,-1.524,0.635)
jolt: mesh v122 local=(-2.736,-1.143,0.635) world=(-2.736,-1.143,0.635)
jolt: mesh v123 local=(-2.736,-0.762,0.635) world=(-2.736,-0.762,0.635)
jolt: mesh v124 local=(-2.736,-0.381,0.635) world=(-2.736,-0.381,0.635)
jolt: mesh v125 local=(-2.736,0.000,0.635) world=(-2.736,0.000,0.635)
jolt: mesh v126 local=(-2.736,0.381,0.635) world=(-2.736,0.381,0.635)
jolt: mesh v127 local=(-2.736,0.762,0.635) world=(-2.736,0.762,0.635)
jolt: mesh v128 local=(-2.736,1.143,0.635) world=(-2.736,1.143,0.635)
jolt: mesh v129 local=(-2.736,1.524,0.635) world=(-2.736,1.524,0.635)
jolt: mesh v130 local=(-2.487,-1.524,0.635) world=(-2.487,-1.524,0.635)
jolt: mesh v131 local=(-2.487,-1.143,0.635) world=(-2.487,-1.143,0.635)
jolt: mesh v132 local=(-2.487,-0.762,0.635) world=(-2.487,-0.762,0.635)
jolt: mesh v133 local=(-2.487,-0.381,0.635) world=(-2.487,-0.381,0.635)
jolt: mesh v134 local=(-2.487,0.000,0.635) world=(-2.487,0.000,0.635)
jolt: mesh v135 local=(-2.487,0.381,0.635) world=(-2.487,0.381,0.635)
jolt: mesh v136 local=(-2.487,0.762,0.635) world=(-2.487,0.762,0.635)
jolt: mesh v137 local=(-2.487,1.143,0.635) world=(-2.487,1.143,0.635)
jolt: mesh v138 local=(-2.487,1.524,0.635) world=(-2.487,1.524,0.635)
jolt: mesh v139 local=(-2.238,-1.524,0.635) world=(-2.238,-1.524,0.635)
jolt: mesh v140 local=(-2.238,-1.143,0.635) world=(-2.238,-1.143,0.635)
jolt: mesh v141 local=(-2.238,-0.762,0.635) world=(-2.238,-0.762,0.635)
jolt: mesh v142 local=(-2.238,-0.381,0.635) world=(-2.238,-0.381,0.635)
jolt: mesh v143 local=(-2.238,0.000,0.635) world=(-2.238,0.000,0.635)
jolt: mesh v144 local=(-2.238,0.381,0.635) world=(-2.238,0.381,0.635)
jolt: mesh v145 local=(-2.238,0.762,0.635) world=(-2.238,0.762,0.635)
jolt: mesh v146 local=(-2.238,1.143,0.635) world=(-2.238,1.143,0.635)
jolt: mesh v147 local=(-2.238,1.524,0.635) world=(-2.238,1.524,0.635)
jolt: mesh v148 local=(-1.990,-1.524,0.635) world=(-1.990,-1.524,0.635)
jolt: mesh v149 local=(-1.990,-1.143,0.635) world=(-1.990,-1.143,0.635)
jolt: mesh v150 local=(-1.990,-0.762,0.635) world=(-1.990,-0.762,0.635)
jolt: mesh v151 local=(-1.990,-0.381,0.635) world=(-1.990,-0.381,0.635)
jolt: mesh v152 local=(-1.990,0.000,0.635) world=(-1.990,0.000,0.635)
jolt: mesh v153 local=(-1.990,0.381,0.635) world=(-1.990,0.381,0.635)
jolt: mesh v154 local=(-1.990,0.762,0.635) world=(-1.990,0.762,0.635)
jolt: mesh v155 local=(-1.990,1.143,0.635) world=(-1.990,1.143,0.635)
jolt: mesh v156 local=(-1.990,1.524,0.635) world=(-1.990,1.524,0.635)
jolt: mesh v157 local=(-1.741,-1.524,0.635) world=(-1.741,-1.524,0.635)
jolt: mesh v158 local=(-1.741,-1.143,0.635) world=(-1.741,-1.143,0.635)
jolt: mesh v159 local=(-1.741,-0.762,0.635) world=(-1.741,-0.762,0.635)
jolt: mesh v160 local=(-1.741,-0.381,0.635) world=(-1.741,-0.381,0.635)
jolt: mesh v161 local=(-1.741,0.000,0.635) world=(-1.741,0.000,0.635)
jolt: mesh v162 local=(-1.741,0.381,0.635) world=(-1.741,0.381,0.635)
jolt: mesh v163 local=(-1.741,0.762,0.635) world=(-1.741,0.762,0.635)
jolt: mesh v164 local=(-1.741,1.143,0.635) world=(-1.741,1.143,0.635)
jolt: mesh v165 local=(-1.741,1.524,0.635) world=(-1.741,1.524,0.635)
jolt: mesh v166 local=(-1.492,-1.524,0.635) world=(-1.492,-1.524,0.635)
jolt: mesh v167 local=(-1.492,-1.143,0.635) world=(-1.492,-1.143,0.635)
jolt: mesh v168 local=(-1.492,-0.762,0.635) world=(-1.492,-0.762,0.635)
jolt: mesh v169 local=(-1.492,-0.381,0.635) world=(-1.492,-0.381,0.635)
jolt: mesh v170 local=(-1.492,0.000,0.635) world=(-1.492,0.000,0.635)
jolt: mesh v171 local=(-1.492,0.381,0.635) world=(-1.492,0.381,0.635)
jolt: mesh v172 local=(-1.492,0.762,0.635) world=(-1.492,0.762,0.635)
jolt: mesh v173 local=(-1.492,1.143,0.635) world=(-1.492,1.143,0.635)
jolt: mesh v174 local=(-1.492,1.524,0.635) world=(-1.492,1.524,0.635)
jolt: mesh v175 local=(-1.244,-1.524,0.635) world=(-1.244,-1.524,0.635)
jolt: mesh v176 local=(-1.244,-1.143,0.635) world=(-1.244,-1.143,0.635)
jolt: mesh v177 local=(-1.244,-0.762,0.635) world=(-1.244,-0.762,0.635)
jolt: mesh v178 local=(-1.244,-0.381,0.635) world=(-1.244,-0.381,0.635)
jolt: mesh v179 local=(-1.244,0.000,0.635) world=(-1.244,0.000,0.635)
jolt: mesh v180 local=(-1.244,0.381,0.635) world=(-1.244,0.381,0.635)
jolt: mesh v181 local=(-1.244,0.762,0.635) world=(-1.244,0.762,0.635)
jolt: mesh v182 local=(-1.244,1.143,0.635) world=(-1.244,1.143,0.635)
jolt: mesh v183 local=(-1.244,1.524,0.635) world=(-1.244,1.524,0.635)
jolt: mesh v184 local=(-0.995,-1.524,0.635) world=(-0.995,-1.524,0.635)
jolt: mesh v185 local=(-0.995,-1.143,0.635) world=(-0.995,-1.143,0.635)
jolt: mesh v186 local=(-0.995,-0.762,0.635) world=(-0.995,-0.762,0.635)
jolt: mesh v187 local=(-0.995,-0.381,0.635) world=(-0.995,-0.381,0.635)
jolt: mesh v188 local=(-0.995,0.000,0.635) world=(-0.995,0.000,0.635)
jolt: mesh v189 local=(-0.995,0.381,0.635) world=(-0.995,0.381,0.635)
jolt: mesh v190 local=(-0.995,0.762,0.635) world=(-0.995,0.762,0.635)
jolt: mesh v191 local=(-0.995,1.143,0.635) world=(-0.995,1.143,0.635)
jolt: mesh v192 local=(-0.995,1.524,0.635) world=(-0.995,1.524,0.635)
jolt: mesh v193 local=(-0.746,-1.524,0.635) world=(-0.746,-1.524,0.635)
jolt: mesh v194 local=(-0.746,-1.143,0.635) world=(-0.746,-1.143,0.635)
jolt: mesh v195 local=(-0.746,-0.762,0.635) world=(-0.746,-0.762,0.635)
jolt: mesh v196 local=(-0.746,-0.381,0.635) world=(-0.746,-0.381,0.635)
jolt: mesh v197 local=(-0.746,0.000,0.635) world=(-0.746,0.000,0.635)
jolt: mesh v198 local=(-0.746,0.381,0.635) world=(-0.746,0.381,0.635)
jolt: mesh v199 local=(-0.746,0.762,0.635) world=(-0.746,0.762,0.635)
jolt: mesh v200 local=(-0.746,1.143,0.635) world=(-0.746,1.143,0.635)
jolt: mesh v201 local=(-0.746,1.524,0.635) world=(-0.746,1.524,0.635)
jolt: mesh v202 local=(-0.497,-1.524,0.635) world=(-0.497,-1.524,0.635)
jolt: mesh v203 local=(-0.497,-1.143,0.635) world=(-0.497,-1.143,0.635)
jolt: mesh v204 local=(-0.497,-0.762,0.635) world=(-0.497,-0.762,0.635)
jolt: mesh v205 local=(-0.497,-0.381,0.635) world=(-0.497,-0.381,0.635)
jolt: mesh v206 local=(-0.497,0.000,0.635) world=(-0.497,0.000,0.635)
jolt: mesh v207 local=(-0.497,0.381,0.635) world=(-0.497,0.381,0.635)
jolt: mesh v208 local=(-0.497,0.762,0.635) world=(-0.497,0.762,0.635)
jolt: mesh v209 local=(-0.497,1.143,0.635) world=(-0.497,1.143,0.635)
jolt: mesh v210 local=(-0.497,1.524,0.635) world=(-0.497,1.524,0.635)
jolt: mesh v211 local=(-0.249,-1.524,0.635) world=(-0.249,-1.524,0.635)
jolt: mesh v212 local=(-0.249,-1.143,0.635) world=(-0.249,-1.143,0.635)
jolt: mesh v213 local=(-0.249,-0.762,0.635) world=(-0.249,-0.762,0.635)
jolt: mesh v214 local=(-0.249,-0.381,0.635) world=(-0.249,-0.381,0.635)
jolt: mesh v215 local=(-0.249,0.000,0.635) world=(-0.249,0.000,0.635)
jolt: mesh v216 local=(-0.249,0.381,0.635) world=(-0.249,0.381,0.635)
jolt: mesh v217 local=(-0.249,0.762,0.635) world=(-0.249,0.762,0.635)
jolt: mesh v218 local=(-0.249,1.143,0.635) world=(-0.249,1.143,0.635)
jolt: mesh v219 local=(-0.249,1.524,0.635) world=(-0.249,1.524,0.635)
jolt: mesh v220 local=(0.000,-1.524,0.635) world=(0.000,-1.524,0.635)
jolt: mesh v221 local=(0.000,-1.143,0.635) world=(0.000,-1.143,0.635)
jolt: mesh v222 local=(0.000,-0.762,0.635) world=(0.000,-0.762,0.635)
jolt: mesh v223 local=(0.000,-0.381,0.635) world=(0.000,-0.381,0.635)
jolt: mesh v224 local=(0.000,0.000,0.635) world=(0.000,0.000,0.635)
jolt: mesh v225 local=(0.000,0.381,0.635) world=(0.000,0.381,0.635)
jolt: mesh v226 local=(0.000,0.762,0.635) world=(0.000,0.762,0.635)
jolt: mesh v227 local=(0.000,1.143,0.635) world=(0.000,1.143,0.635)
jolt: mesh v228 local=(0.000,1.524,0.635) world=(0.000,1.524,0.635)
jolt: mesh v229 local=(0.249,-1.524,0.635) world=(0.249,-1.524,0.635)
jolt: mesh v230 local=(0.249,-1.143,0.635) world=(0.249,-1.143,0.635)
jolt: mesh v231 local=(0.249,-0.762,0.635) world=(0.249,-0.762,0.635)
jolt: mesh v232 local=(0.249,-0.381,0.635) world=(0.249,-0.381,0.635)
jolt: mesh v233 local=(0.249,0.000,0.635) world=(0.249,0.000,0.635)
jolt: mesh v234 local=(0.249,0.381,0.635) world=(0.249,0.381,0.635)
jolt: mesh v235 local=(0.249,0.762,0.635) world=(0.249,0.762,0.635)
jolt: mesh v236 local=(0.249,1.143,0.635) world=(0.249,1.143,0.635)
jolt: mesh v237 local=(0.249,1.524,0.635) world=(0.249,1.524,0.635)
jolt: mesh v238 local=(0.497,-1.524,0.635) world=(0.497,-1.524,0.635)
jolt: mesh v239 local=(0.497,-1.143,0.635) world=(0.497,-1.143,0.635)
jolt: mesh v240 local=(0.497,-0.762,0.635) world=(0.497,-0.762,0.635)
jolt: mesh v241 local=(0.497,-0.381,0.635) world=(0.497,-0.381,0.635)
jolt: mesh v242 local=(0.497,0.000,0.635) world=(0.497,0.000,0.635)
jolt: mesh v243 local=(0.497,0.381,0.635) world=(0.497,0.381,0.635)
jolt: mesh v244 local=(0.497,0.762,0.635) world=(0.497,0.762,0.635)
jolt: mesh v245 local=(0.497,1.143,0.635) world=(0.497,1.143,0.635)
jolt: mesh v246 local=(0.497,1.524,0.635) world=(0.497,1.524,0.635)
jolt: mesh v247 local=(0.746,-1.524,0.635) world=(0.746,-1.524,0.635)
jolt: mesh v248 local=(0.746,-1.143,0.635) world=(0.746,-1.143,0.635)
jolt: mesh v249 local=(0.746,-0.762,0.635) world=(0.746,-0.762,0.635)
jolt: mesh v250 local=(0.746,-0.381,0.635) world=(0.746,-0.381,0.635)
jolt: mesh v251 local=(0.746,0.000,0.635) world=(0.746,0.000,0.635)
jolt: mesh v252 local=(0.746,0.381,0.635) world=(0.746,0.381,0.635)
jolt: mesh v253 local=(0.746,0.762,0.635) world=(0.746,0.762,0.635)
jolt: mesh v254 local=(0.746,1.143,0.635) world=(0.746,1.143,0.635)
jolt: mesh v255 local=(0.746,1.524,0.635) world=(0.746,1.524,0.635)
jolt: mesh v256 local=(0.995,-1.524,0.635) world=(0.995,-1.524,0.635)
jolt: mesh v257 local=(0.995,-1.143,0.635) world=(0.995,-1.143,0.635)
jolt: mesh v258 local=(0.995,-0.762,0.635) world=(0.995,-0.762,0.635)
jolt: mesh v259 local=(0.995,-0.381,0.635) world=(0.995,-0.381,0.635)
jolt: mesh v260 local=(0.995,0.000,0.635) world=(0.995,0.000,0.635)
jolt: mesh v261 local=(0.995,0.381,0.635) world=(0.995,0.381,0.635)
jolt: mesh v262 local=(0.995,0.762,0.635) world=(0.995,0.762,0.635)
jolt: mesh v263 local=(0.995,1.143,0.635) world=(0.995,1.143,0.635)
jolt: mesh v264 local=(0.995,1.524,0.635) world=(0.995,1.524,0.635)
jolt: mesh v265 local=(1.244,-1.524,0.635) world=(1.244,-1.524,0.635)
jolt: mesh v266 local=(1.244,-1.143,0.635) world=(1.244,-1.143,0.635)
jolt: mesh v267 local=(1.244,-0.762,0.635) world=(1.244,-0.762,0.635)
jolt: mesh v268 local=(1.244,-0.381,0.635) world=(1.244,-0.381,0.635)
jolt: mesh v269 local=(1.244,0.000,0.635) world=(1.244,0.000,0.635)
jolt: mesh v270 local=(1.244,0.381,0.635) world=(1.244,0.381,0.635)
jolt: mesh v271 local=(1.244,0.762,0.635) world=(1.244,0.762,0.635)
jolt: mesh v272 local=(1.244,1.143,0.635) world=(1.244,1.143,0.635)
jolt: mesh v273 local=(1.244,1.524,0.635) world=(1.244,1.524,0.635)
jolt: mesh v274 local=(1.492,-1.524,0.635) world=(1.492,-1.524,0.635)
jolt: mesh v275 local=(1.492,-1.143,0.635) world=(1.492,-1.143,0.635)
jolt: mesh v276 local=(1.492,-0.762,0.635) world=(1.492,-0.762,0.635)
jolt: mesh v277 local=(1.492,-0.381,0.635) world=(1.492,-0.381,0.635)
jolt: mesh v278 local=(1.492,0.000,0.635) world=(1.492,0.000,0.635)
jolt: mesh v279 local=(1.492,0.381,0.635) world=(1.492,0.381,0.635)
jolt: mesh v280 local=(1.492,0.762,0.635) world=(1.492,0.762,0.635)
jolt: mesh v281 local=(1.492,1.143,0.635) world=(1.492,1.143,0.635)
jolt: mesh v282 local=(1.492,1.524,0.635) world=(1.492,1.524,0.635)
jolt: mesh v283 local=(1.741,-1.524,0.635) world=(1.741,-1.524,0.635)
jolt: mesh v284 local=(1.741,-1.143,0.635) world=(1.741,-1.143,0.635)
jolt: mesh v285 local=(1.741,-0.762,0.635) world=(1.741,-0.762,0.635)
jolt: mesh v286 local=(1.741,-0.381,0.635) world=(1.741,-0.381,0.635)
jolt: mesh v287 local=(1.741,0.000,0.635) world=(1.741,0.000,0.635)
jolt: mesh v288 local=(1.741,0.381,0.635) world=(1.741,0.381,0.635)
jolt: mesh v289 local=(1.741,0.762,0.635) world=(1.741,0.762,0.635)
jolt: mesh v290 local=(1.741,1.143,0.635) world=(1.741,1.143,0.635)
jolt: mesh v291 local=(1.741,1.524,0.635) world=(1.741,1.524,0.635)
jolt: mesh v292 local=(1.990,-1.524,0.635) world=(1.990,-1.524,0.635)
jolt: mesh v293 local=(1.990,-1.143,0.635) world=(1.990,-1.143,0.635)
jolt: mesh v294 local=(1.990,-0.762,0.635) world=(1.990,-0.762,0.635)
jolt: mesh v295 local=(1.990,-0.381,0.635) world=(1.990,-0.381,0.635)
jolt: mesh v296 local=(1.990,0.000,0.635) world=(1.990,0.000,0.635)
jolt: mesh v297 local=(1.990,0.381,0.635) world=(1.990,0.381,0.635)
jolt: mesh v298 local=(1.990,0.762,0.635) world=(1.990,0.762,0.635)
jolt: mesh v299 local=(1.990,1.143,0.635) world=(1.990,1.143,0.635)
jolt: mesh v300 local=(1.990,1.524,0.635) world=(1.990,1.524,0.635)
jolt: mesh v301 local=(2.238,-1.524,0.635) world=(2.238,-1.524,0.635)
jolt: mesh v302 local=(2.238,-1.143,0.635) world=(2.238,-1.143,0.635)
jolt: mesh v303 local=(2.238,-0.762,0.635) world=(2.238,-0.762,0.635)
jolt: mesh v304 local=(2.238,-0.381,0.635) world=(2.238,-0.381,0.635)
jolt: mesh v305 local=(2.238,0.000,0.635) world=(2.238,0.000,0.635)
jolt: mesh v306 local=(2.238,0.381,0.635) world=(2.238,0.381,0.635)
jolt: mesh v307 local=(2.238,0.762,0.635) world=(2.238,0.762,0.635)
jolt: mesh v308 local=(2.238,1.143,0.635) world=(2.238,1.143,0.635)
jolt: mesh v309 local=(2.238,1.524,0.635) world=(2.238,1.524,0.635)
jolt: mesh v310 local=(2.487,-1.524,0.635) world=(2.487,-1.524,0.635)
jolt: mesh v311 local=(2.487,-1.143,0.635) world=(2.487,-1.143,0.635)
jolt: mesh v312 local=(2.487,-0.762,0.635) world=(2.487,-0.762,0.635)
jolt: mesh v313 local=(2.487,-0.381,0.635) world=(2.487,-0.381,0.635)
jolt: mesh v314 local=(2.487,0.000,0.635) world=(2.487,0.000,0.635)
jolt: mesh v315 local=(2.487,0.381,0.635) world=(2.487,0.381,0.635)
jolt: mesh v316 local=(2.487,0.762,0.635) world=(2.487,0.762,0.635)
jolt: mesh v317 local=(2.487,1.143,0.635) world=(2.487,1.143,0.635)
jolt: mesh v318 local=(2.487,1.524,0.635) world=(2.487,1.524,0.635)
jolt: mesh v319 local=(2.487,-1.524,0.635) world=(2.487,-1.524,0.635)
jolt: mesh v320 local=(2.487,-1.143,0.635) world=(2.487,-1.143,0.635)
jolt: mesh v321 local=(2.487,-0.762,0.635) world=(2.487,-0.762,0.635)
jolt: mesh v322 local=(2.487,-0.381,0.635) world=(2.487,-0.381,0.635)
jolt: mesh v323 local=(2.487,0.000,0.635) world=(2.487,0.000,0.635)
jolt: mesh v324 local=(2.487,0.381,0.635) world=(2.487,0.381,0.635)
jolt: mesh v325 local=(2.487,0.762,0.635) world=(2.487,0.762,0.635)
jolt: mesh v326 local=(2.487,1.143,0.635) world=(2.487,1.143,0.635)
jolt: mesh v327 local=(2.487,1.524,0.635) world=(2.487,1.524,0.635)
jolt: mesh v328 local=(2.736,-1.524,0.635) world=(2.736,-1.524,0.635)
jolt: mesh v329 local=(2.736,-1.143,0.635) world=(2.736,-1.143,0.635)
jolt: mesh v330 local=(2.736,-0.762,0.635) world=(2.736,-0.762,0.635)
jolt: mesh v331 local=(2.736,-0.381,0.635) world=(2.736,-0.381,0.635)
jolt: mesh v332 local=(2.736,0.000,0.635) world=(2.736,0.000,0.635)
jolt: mesh v333 local=(2.736,0.381,0.635) world=(2.736,0.381,0.635)
jolt: mesh v334 local=(2.736,0.762,0.635) world=(2.736,0.762,0.635)
jolt: mesh v335 local=(2.736,1.143,0.635) world=(2.736,1.143,0.635)
jolt: mesh v336 local=(2.736,1.524,0.635) world=(2.736,1.524,0.635)
jolt: mesh v337 local=(2.984,-1.524,0.635) world=(2.984,-1.524,0.635)
jolt: mesh v338 local=(2.984,-1.143,0.635) world=(2.984,-1.143,0.635)
jolt: mesh v339 local=(2.984,-0.762,0.635) world=(2.984,-0.762,0.635)
jolt: mesh v340 local=(2.984,-0.381,0.635) world=(2.984,-0.381,0.635)
jolt: mesh v341 local=(2.984,0.000,0.635) world=(2.984,0.000,0.635)
jolt: mesh v342 local=(2.984,0.381,0.635) world=(2.984,0.381,0.635)
jolt: mesh v343 local=(2.984,0.762,0.635) world=(2.984,0.762,0.635)
jolt: mesh v344 local=(2.984,1.143,0.635) world=(2.984,1.143,0.635)
jolt: mesh v345 local=(2.984,1.524,0.635) world=(2.984,1.524,0.635)
jolt: mesh v346 local=(3.233,-1.524,0.635) world=(3.233,-1.524,0.635)
jolt: mesh v347 local=(3.233,-1.143,0.635) world=(3.233,-1.143,0.635)
jolt: mesh v348 local=(3.233,-0.762,0.635) world=(3.233,-0.762,0.635)
jolt: mesh v349 local=(3.233,-0.381,0.635) world=(3.233,-0.381,0.635)
jolt: mesh v350 local=(3.233,0.000,0.635) world=(3.233,0.000,0.635)
jolt: mesh v351 local=(3.233,0.381,0.635) world=(3.233,0.381,0.635)
jolt: mesh v352 local=(3.233,0.762,0.635) world=(3.233,0.762,0.635)
jolt: mesh v353 local=(3.233,1.143,0.635) world=(3.233,1.143,0.635)
jolt: mesh v354 local=(3.233,1.524,0.635) world=(3.233,1.524,0.635)
jolt: mesh v355 local=(3.482,-1.524,0.635) world=(3.482,-1.524,0.635)
jolt: mesh v356 local=(3.482,-1.143,0.635) world=(3.482,-1.143,0.635)
jolt: mesh v357 local=(3.482,-0.762,0.635) world=(3.482,-0.762,0.635)
jolt: mesh v358 local=(3.482,-0.381,0.635) world=(3.482,-0.381,0.635)
jolt: mesh v359 local=(3.482,0.000,0.635) world=(3.482,0.000,0.635)
jolt: mesh v360 local=(3.482,0.381,0.635) world=(3.482,0.381,0.635)
jolt: mesh v361 local=(3.482,0.762,0.635) world=(3.482,0.762,0.635)
jolt: mesh v362 local=(3.482,1.143,0.635) world=(3.482,1.143,0.635)
jolt: mesh v363 local=(3.482,1.524,0.635) world=(3.482,1.524,0.635)
jolt: mesh v364 local=(3.731,-1.524,0.635) world=(3.731,-1.524,0.635)
jolt: mesh v365 local=(3.731,-1.143,0.635) world=(3.731,-1.143,0.635)
jolt: mesh v366 local=(3.731,-0.762,0.635) world=(3.731,-0.762,0.635)
jolt: mesh v367 local=(3.731,-0.381,0.635) world=(3.731,-0.381,0.635)
jolt: mesh v368 local=(3.731,0.000,0.635) world=(3.731,0.000,0.635)
jolt: mesh v369 local=(3.731,0.381,0.635) world=(3.731,0.381,0.635)
jolt: mesh v370 local=(3.731,0.762,0.635) world=(3.731,0.762,0.635)
jolt: mesh v371 local=(3.731,1.143,0.635) world=(3.731,1.143,0.635)
jolt: mesh v372 local=(3.731,1.524,0.635) world=(3.731,1.524,0.635)
jolt: mesh v373 local=(3.979,-1.524,0.635) world=(3.979,-1.524,0.635)
jolt: mesh v374 local=(3.979,-1.143,0.635) world=(3.979,-1.143,0.635)
jolt: mesh v375 local=(3.979,-0.762,0.635) world=(3.979,-0.762,0.635)
jolt: mesh v376 local=(3.979,-0.381,0.635) world=(3.979,-0.381,0.635)
jolt: mesh v377 local=(3.979,0.000,0.635) world=(3.979,0.000,0.635)
jolt: mesh v378 local=(3.979,0.381,0.635) world=(3.979,0.381,0.635)
jolt: mesh v379 local=(3.979,0.762,0.635) world=(3.979,0.762,0.635)
jolt: mesh v380 local=(3.979,1.143,0.635) world=(3.979,1.143,0.635)
jolt: mesh v381 local=(3.979,1.524,0.635) world=(3.979,1.524,0.635)
jolt: mesh v382 local=(4.228,-1.524,0.635) world=(4.228,-1.524,0.635)
jolt: mesh v383 local=(4.228,-1.143,0.635) world=(4.228,-1.143,0.635)
jolt: mesh v384 local=(4.228,-0.762,0.635) world=(4.228,-0.762,0.635)
jolt: mesh v385 local=(4.228,-0.381,0.635) world=(4.228,-0.381,0.635)
jolt: mesh v386 local=(4.228,0.000,0.635) world=(4.228,0.000,0.635)
jolt: mesh v387 local=(4.228,0.381,0.635) world=(4.228,0.381,0.635)
jolt: mesh v388 local=(4.228,0.762,0.635) world=(4.228,0.762,0.635)
jolt: mesh v389 local=(4.228,1.143,0.635) world=(4.228,1.143,0.635)
jolt: mesh v390 local=(4.228,1.524,0.635) world=(4.228,1.524,0.635)
jolt: mesh v391 local=(4.477,-1.524,0.635) world=(4.477,-1.524,0.635)
jolt: mesh v392 local=(4.477,-1.143,0.635) world=(4.477,-1.143,0.635)
jolt: mesh v393 local=(4.477,-0.762,0.635) world=(4.477,-0.762,0.635)
jolt: mesh v394 local=(4.477,-0.381,0.635) world=(4.477,-0.381,0.635)
jolt: mesh v395 local=(4.477,0.000,0.635) world=(4.477,0.000,0.635)
jolt: mesh v396 local=(4.477,0.381,0.635) world=(4.477,0.381,0.635)
jolt: mesh v397 local=(4.477,0.762,0.635) world=(4.477,0.762,0.635)
jolt: mesh v398 local=(4.477,1.143,0.635) world=(4.477,1.143,0.635)
jolt: mesh v399 local=(4.477,1.524,0.635) world=(4.477,1.524,0.635)
jolt: mesh v400 local=(4.725,-1.524,0.635) world=(4.725,-1.524,0.635)
jolt: mesh v401 local=(4.725,-1.143,0.635) world=(4.725,-1.143,0.635)
jolt: mesh v402 local=(4.725,-0.762,0.635) world=(4.725,-0.762,0.635)
jolt: mesh v403 local=(4.725,-0.381,0.635) world=(4.725,-0.381,0.635)
jolt: mesh v404 local=(4.725,0.000,0.635) world=(4.725,0.000,0.635)
jolt: mesh v405 local=(4.725,0.381,0.635) world=(4.725,0.381,0.635)
jolt: mesh v406 local=(4.725,0.762,0.635) world=(4.725,0.762,0.635)
jolt: mesh v407 local=(4.725,1.143,0.635) world=(4.725,1.143,0.635)
jolt: mesh v408 local=(4.725,1.524,0.635) world=(4.725,1.524,0.635)
jolt: mesh v409 local=(4.974,-1.524,0.635) world=(4.974,-1.524,0.635)
jolt: mesh v410 local=(4.974,-1.143,0.635) world=(4.974,-1.143,0.635)
jolt: mesh v411 local=(4.974,-0.762,0.635) world=(4.974,-0.762,0.635)
jolt: mesh v412 local=(4.974,-0.381,0.635) world=(4.974,-0.381,0.635)
jolt: mesh v413 local=(4.974,0.000,0.635) world=(4.974,0.000,0.635)
jolt: mesh v414 local=(4.974,0.381,0.635) world=(4.974,0.381,0.635)
jolt: mesh v415 local=(4.974,0.762,0.635) world=(4.974,0.762,0.635)
jolt: mesh v416 local=(4.974,1.143,0.635) world=(4.974,1.143,0.635)
jolt: mesh v417 local=(4.974,1.524,0.635) world=(4.974,1.524,0.635)
jolt: mesh v418 local=(5.223,-1.524,0.635) world=(5.223,-1.524,0.635)
jolt: mesh v419 local=(5.223,-1.143,0.635) world=(5.223,-1.143,0.635)
jolt: mesh v420 local=(5.223,-0.762,0.635) world=(5.223,-0.762,0.635)
jolt: mesh v421 local=(5.223,-0.381,0.635) world=(5.223,-0.381,0.635)
jolt: mesh v422 local=(5.223,0.000,0.635) world=(5.223,0.000,0.635)
jolt: mesh v423 local=(5.223,0.381,0.635) world=(5.223,0.381,0.635)
jolt: mesh v424 local=(5.223,0.762,0.635) world=(5.223,0.762,0.635)
jolt: mesh v425 local=(5.223,1.143,0.635) world=(5.223,1.143,0.635)
jolt: mesh v426 local=(5.223,1.524,0.635) world=(5.223,1.524,0.635)
jolt: mesh v427 local=(5.472,-1.524,0.635) world=(5.472,-1.524,0.635)
jolt: mesh v428 local=(5.472,-1.143,0.635) world=(5.472,-1.143,0.635)
jolt: mesh v429 local=(5.472,-0.762,0.635) world=(5.472,-0.762,0.635)
jolt: mesh v430 local=(5.472,-0.381,0.635) world=(5.472,-0.381,0.635)
jolt: mesh v431 local=(5.472,0.000,0.635) world=(5.472,0.000,0.635)
jolt: mesh v432 local=(5.472,0.381,0.635) world=(5.472,0.381,0.635)
jolt: mesh v433 local=(5.472,0.762,0.635) world=(5.472,0.762,0.635)
jolt: mesh v434 local=(5.472,1.143,0.635) world=(5.472,1.143,0.635)
jolt: mesh v435 local=(5.472,1.524,0.635) world=(5.472,1.524,0.635)
jolt: mesh v436 local=(5.720,-1.524,0.635) world=(5.720,-1.524,0.635)
jolt: mesh v437 local=(5.720,-1.143,0.635) world=(5.720,-1.143,0.635)
jolt: mesh v438 local=(5.720,-0.762,0.635) world=(5.720,-0.762,0.635)
jolt: mesh v439 local=(5.720,-0.381,0.635) world=(5.720,-0.381,0.635)
jolt: mesh v440 local=(5.720,0.000,0.635) world=(5.720,0.000,0.635)
jolt: mesh v441 local=(5.720,0.381,0.635) world=(5.720,0.381,0.635)
jolt: mesh v442 local=(5.720,0.762,0.635) world=(5.720,0.762,0.635)
jolt: mesh v443 local=(5.720,1.143,0.635) world=(5.720,1.143,0.635)
jolt: mesh v444 local=(5.720,1.524,0.635) world=(5.720,1.524,0.635)
jolt: mesh v445 local=(5.969,-1.524,0.127) world=(5.969,-1.524,0.127)
jolt: mesh v446 local=(5.969,-1.524,0.632) world=(5.969,-1.524,0.632)
jolt: mesh v447 local=(5.969,-1.524,0.635) world=(5.969,-1.524,0.635)
jolt: mesh v448 local=(5.969,-1.143,0.635) world=(5.969,-1.143,0.635)
jolt: mesh v449 local=(5.969,-0.762,0.635) world=(5.969,-0.762,0.635)
jolt: mesh v450 local=(5.969,-0.381,0.635) world=(5.969,-0.381,0.635)
jolt: mesh v451 local=(5.969,0.000,0.635) world=(5.969,0.000,0.635)
jolt: mesh v452 local=(5.969,0.381,0.635) world=(5.969,0.381,0.635)
jolt: mesh v453 local=(5.969,0.762,0.635) world=(5.969,0.762,0.635)
jolt: mesh v454 local=(5.969,1.143,0.635) world=(5.969,1.143,0.635)
jolt: mesh v455 local=(5.969,1.524,0.127) world=(5.969,1.524,0.127)
jolt: mesh v456 local=(5.969,1.524,0.632) world=(5.969,1.524,0.632)
jolt: mesh v457 local=(5.969,1.524,0.635) world=(5.969,1.524,0.635)
jolt: body MESH_STATIC verts=458 faces=780 id=16777234
LMalloc of 676 not 8-byte aligned, rounding up
RenderActor3DAnimates constructed with no animations!
MATL closed without all data read (bytesLeft = 528)
jolt: mesh actor_pos=(-2.650,0.300,0.635)
jolt: mesh v0 local=(-0.639,-0.222,0.000) world=(-3.289,0.078,0.635)
jolt: mesh v1 local=(-0.639,0.222,0.000) world=(-3.289,0.522,0.635)
jolt: mesh v2 local=(-0.351,-0.122,0.850) world=(-3.001,0.178,1.485)
jolt: mesh v3 local=(-0.351,0.122,0.850) world=(-3.001,0.422,1.485)
jolt: mesh v4 local=(-0.340,-0.563,0.000) world=(-2.990,-0.263,0.635)
jolt: mesh v5 local=(-0.340,0.563,0.000) world=(-2.990,0.863,0.635)
jolt: mesh v6 local=(-0.187,-0.310,0.850) world=(-2.837,-0.010,1.485)
jolt: mesh v7 local=(-0.187,0.310,0.850) world=(-2.837,0.610,1.485)
jolt: mesh v8 local=(0.065,-0.352,0.850) world=(-2.585,-0.052,1.485)
jolt: mesh v9 local=(0.065,0.352,0.850) world=(-2.585,0.652,1.485)
jolt: mesh v10 local=(0.118,-0.640,0.000) world=(-2.532,-0.340,0.635)
jolt: mesh v11 local=(0.118,0.640,0.000) world=(-2.532,0.940,0.635)
jolt: mesh v12 local=(0.286,-0.230,0.850) world=(-2.363,0.070,1.485)
jolt: mesh v13 local=(0.286,0.230,0.850) world=(-2.363,0.530,1.485)
jolt: mesh v14 local=(0.374,0.000,0.850) world=(-2.276,0.300,1.485)
jolt: mesh v15 local=(0.521,-0.418,0.000) world=(-2.129,-0.118,0.635)
jolt: mesh v16 local=(0.521,0.418,0.000) world=(-2.129,0.718,0.635)
jolt: mesh v17 local=(0.680,0.000,0.000) world=(-1.970,0.300,0.635)
jolt: body MESH_STATIC verts=18 faces=32 id=16777235
LMalloc of 676 not 8-byte aligned, rounding up
RenderActor3DAnimates constructed with no animations!
MATL closed without all data read (bytesLeft = 528)
jolt: mesh actor_pos=(-1.750,0.500,0.635)
jolt: mesh v0 local=(-0.451,-0.164,0.000) world=(-2.201,0.336,0.635)
jolt: mesh v1 local=(-0.451,0.164,0.000) world=(-2.201,0.664,0.635)
jolt: mesh v2 local=(-0.248,-0.090,0.600) world=(-1.998,0.410,1.235)
jolt: mesh v3 local=(-0.248,0.090,0.600) world=(-1.998,0.590,1.235)
jolt: mesh v4 local=(-0.240,-0.416,0.000) world=(-1.990,0.084,0.635)
jolt: mesh v5 local=(-0.240,0.416,0.000) world=(-1.990,0.916,0.635)
jolt: mesh v6 local=(-0.132,-0.229,0.600) world=(-1.882,0.271,1.235)
jolt: mesh v7 local=(-0.132,0.229,0.600) world=(-1.882,0.729,1.235)
jolt: mesh v8 local=(0.046,-0.260,0.600) world=(-1.704,0.240,1.235)
jolt: mesh v9 local=(0.046,0.260,0.600) world=(-1.704,0.760,1.235)
jolt: mesh v10 local=(0.083,-0.473,0.000) world=(-1.667,0.027,0.635)
jolt: mesh v11 local=(0.083,0.473,0.000) world=(-1.667,0.973,0.635)
jolt: mesh v12 local=(0.202,-0.170,0.600) world=(-1.548,0.330,1.235)
jolt: mesh v13 local=(0.202,0.170,0.600) world=(-1.548,0.670,1.235)
jolt: mesh v14 local=(0.264,0.000,0.600) world=(-1.486,0.500,1.235)
jolt: mesh v15 local=(0.368,-0.309,0.000) world=(-1.382,0.191,0.635)
jolt: mesh v16 local=(0.368,0.309,0.000) world=(-1.382,0.809,0.635)
jolt: mesh v17 local=(0.480,0.000,0.000) world=(-1.270,0.500,0.635)
jolt: body MESH_STATIC verts=18 faces=32 id=16777236
LMalloc of 676 not 8-byte aligned, rounding up
RenderActor3DAnimates constructed with no animations!
MATL closed without all data read (bytesLeft = 528)
jolt: mesh actor_pos=(3.950,0.550,0.635)
jolt: mesh v0 local=(-0.677,-0.205,0.000) world=(3.273,0.345,0.635)
jolt: mesh v1 local=(-0.677,0.205,0.000) world=(3.273,0.755,0.635)
jolt: mesh v2 local=(-0.372,-0.113,0.620) world=(3.578,0.437,1.255)
jolt: mesh v3 local=(-0.372,0.113,0.620) world=(3.578,0.663,1.255)
jolt: mesh v4 local=(-0.360,-0.520,0.000) world=(3.590,0.030,0.635)
jolt: mesh v5 local=(-0.360,0.520,0.000) world=(3.590,1.070,0.635)
jolt: mesh v6 local=(-0.198,-0.286,0.620) world=(3.752,0.264,1.255)
jolt: mesh v7 local=(-0.198,0.286,0.620) world=(3.752,0.836,1.255)
jolt: mesh v8 local=(0.069,-0.325,0.620) world=(4.019,0.225,1.255)
jolt: mesh v9 local=(0.069,0.325,0.620) world=(4.019,0.875,1.255)
jolt: mesh v10 local=(0.125,-0.591,0.000) world=(4.075,-0.041,0.635)
jolt: mesh v11 local=(0.125,0.591,0.000) world=(4.075,1.141,0.635)
jolt: mesh v12 local=(0.303,-0.212,0.620) world=(4.253,0.338,1.255)
jolt: mesh v13 local=(0.303,0.212,0.620) world=(4.253,0.762,1.255)
jolt: mesh v14 local=(0.396,0.000,0.620) world=(4.346,0.550,1.255)
jolt: mesh v15 local=(0.552,-0.386,0.000) world=(4.502,0.164,0.635)
jolt: mesh v16 local=(0.552,0.386,0.000) world=(4.502,0.936,0.635)
jolt: mesh v17 local=(0.720,0.000,0.000) world=(4.670,0.550,0.635)
jolt: body MESH_STATIC verts=18 faces=32 id=16777237
LMalloc of 3076 not 8-byte aligned, rounding up
RenderActor3DAnimates constructed with no animations!
MATL closed without all data read (bytesLeft = 528)
jolt: mesh actor_pos=(0.000,0.000,0.000)
jolt: mesh v0 local=(-0.786,0.736,0.765) world=(-0.786,0.736,0.765)
jolt: mesh v1 local=(-0.769,0.600,0.739) world=(-0.769,0.600,0.739)
jolt: mesh v2 local=(-0.755,0.889,2.001) world=(-0.755,0.889,2.001)
jolt: mesh v3 local=(-0.741,0.968,2.001) world=(-0.741,0.968,2.001)
jolt: mesh v4 local=(-0.738,0.844,0.693) world=(-0.738,0.844,0.693)
jolt: mesh v5 local=(-0.714,0.841,2.050) world=(-0.714,0.841,2.050)
jolt: mesh v6 local=(-0.700,0.540,0.635) world=(-0.700,0.540,0.635)
jolt: mesh v7 local=(-0.686,0.999,2.050) world=(-0.686,0.999,2.050)
jolt: mesh v8 local=(-0.662,0.844,0.577) world=(-0.662,0.844,0.577)
jolt: mesh v9 local=(-0.659,0.872,2.099) world=(-0.659,0.872,2.099)
jolt: mesh v10 local=(-0.645,0.951,2.099) world=(-0.645,0.951,2.099)
jolt: mesh v11 local=(-0.631,0.600,0.531) world=(-0.631,0.600,0.531)
jolt: mesh v12 local=(-0.614,0.736,0.505) world=(-0.614,0.736,0.505)
jolt: mesh v13 local=(-0.371,0.841,1.614) world=(-0.371,0.841,1.614)
jolt: mesh v14 local=(-0.355,0.819,1.601) world=(-0.355,0.819,1.601)
jolt: mesh v15 local=(-0.341,0.898,1.601) world=(-0.341,0.898,1.601)
jolt: mesh v16 local=(-0.336,0.778,1.650) world=(-0.336,0.778,1.650)
jolt: mesh v17 local=(-0.335,0.912,1.614) world=(-0.335,0.912,1.614)
jolt: mesh v18 local=(-0.314,0.771,1.650) world=(-0.314,0.771,1.650)
jolt: mesh v19 local=(-0.286,0.929,1.650) world=(-0.286,0.929,1.650)
jolt: mesh v20 local=(-0.265,0.788,1.686) world=(-0.265,0.788,1.686)
jolt: mesh v21 local=(-0.264,0.922,1.650) world=(-0.264,0.922,1.650)
jolt: mesh v22 local=(-0.259,0.802,1.699) world=(-0.259,0.802,1.699)
jolt: mesh v23 local=(-0.245,0.881,1.699) world=(-0.245,0.881,1.699)
jolt: mesh v24 local=(-0.229,0.859,1.686) world=(-0.229,0.859,1.686)
jolt: mesh v25 local=(-0.086,0.736,1.230) world=(-0.086,0.736,1.230)
jolt: mesh v26 local=(-0.083,0.733,1.233) world=(-0.083,0.733,1.233)
jolt: mesh v27 local=(-0.071,0.691,1.064) world=(-0.071,0.691,1.064)
jolt: mesh v28 local=(-0.069,0.600,1.204) world=(-0.069,0.600,1.204)
jolt: mesh v29 local=(-0.062,0.598,1.207) world=(-0.062,0.598,1.207)
jolt: mesh v30 local=(-0.041,0.843,1.159) world=(-0.041,0.843,1.159)
jolt: mesh v31 local=(-0.038,0.844,1.158) world=(-0.038,0.844,1.158)
jolt: mesh v32 local=(-0.036,0.628,1.100) world=(-0.036,0.628,1.100)
jolt: mesh v33 local=(-0.035,0.762,1.064) world=(-0.035,0.762,1.064)
jolt: mesh v34 local=(0.000,0.540,1.100) world=(0.000,0.540,1.100)
jolt: mesh v35 local=(0.005,0.540,1.100) world=(0.005,0.540,1.100)
jolt: mesh v36 local=(0.032,0.845,1.041) world=(0.032,0.845,1.041)
jolt: mesh v37 local=(0.035,0.638,1.136) world=(0.035,0.638,1.136)
jolt: mesh v38 local=(0.036,0.772,1.100) world=(0.036,0.772,1.100)
jolt: mesh v39 local=(0.038,0.844,1.042) world=(0.038,0.844,1.042)
jolt: mesh v40 local=(0.069,0.602,0.993) world=(0.069,0.602,0.993)
jolt: mesh v41 local=(0.069,0.600,0.996) world=(0.069,0.600,0.996)
jolt: mesh v42 local=(0.071,0.709,1.136) world=(0.071,0.709,1.136)
jolt: mesh v43 local=(0.081,0.738,0.967) world=(0.081,0.738,0.967)
jolt: mesh v44 local=(0.086,0.736,0.970) world=(0.086,0.736,0.970)
jolt: mesh v45 local=(0.567,0.753,1.633) world=(0.567,0.753,1.633)
jolt: mesh v46 local=(0.575,0.753,1.637) world=(0.575,0.753,1.637)
jolt: mesh v47 local=(0.588,0.618,1.607) world=(0.588,0.618,1.607)
jolt: mesh v48 local=(0.594,0.618,1.610) world=(0.594,0.618,1.610)
jolt: mesh v49 local=(0.609,0.863,1.559) world=(0.609,0.863,1.559)
jolt: mesh v50 local=(0.613,0.863,1.561) world=(0.613,0.863,1.561)
jolt: mesh v51 local=(0.638,0.784,1.500) world=(0.638,0.784,1.500)
jolt: mesh v52 local=(0.639,0.751,1.556) world=(0.639,0.751,1.556)
jolt: mesh v53 local=(0.649,0.753,1.444) world=(0.649,0.753,1.444)
jolt: mesh v54 local=(0.651,0.687,1.556) world=(0.651,0.687,1.556)
jolt: mesh v55 local=(0.655,0.560,1.500) world=(0.655,0.560,1.500)
jolt: mesh v56 local=(0.661,0.689,1.444) world=(0.661,0.689,1.444)
jolt: mesh v57 local=(0.662,0.656,1.500) world=(0.662,0.656,1.500)
jolt: mesh v58 local=(0.678,0.865,1.439) world=(0.678,0.865,1.439)
jolt: mesh v59 local=(0.682,0.865,1.441) world=(0.682,0.865,1.441)
jolt: mesh v60 local=(0.712,0.622,1.390) world=(0.712,0.622,1.390)
jolt: mesh v61 local=(0.719,0.622,1.393) world=(0.719,0.622,1.393)
jolt: mesh v62 local=(0.723,0.758,1.363) world=(0.723,0.758,1.363)
jolt: mesh v63 local=(0.731,0.758,1.367) world=(0.731,0.758,1.367)
jolt: mesh v64 local=(1.188,0.884,1.550) world=(1.188,0.884,1.550)
jolt: mesh v65 local=(1.189,0.851,1.606) world=(1.189,0.851,1.606)
jolt: mesh v66 local=(1.195,0.852,1.494) world=(1.195,0.852,1.494)
jolt: mesh v67 local=(1.198,0.885,1.550) world=(1.198,0.885,1.550)
jolt: mesh v68 local=(1.198,0.787,1.494) world=(1.198,0.787,1.494)
jolt: mesh v69 local=(1.199,0.853,1.494) world=(1.199,0.853,1.494)
jolt: mesh v70 local=(1.201,0.787,1.606) world=(1.201,0.787,1.606)
jolt: mesh v71 local=(1.202,0.853,1.606) world=(1.202,0.853,1.606)
jolt: mesh v72 local=(1.202,0.755,1.550) world=(1.202,0.755,1.550)
jolt: mesh v73 local=(1.205,0.788,1.606) world=(1.205,0.788,1.606)
jolt: mesh v74 local=(1.211,0.789,1.494) world=(1.211,0.789,1.494)
jolt: mesh v75 local=(1.212,0.756,1.550) world=(1.212,0.756,1.550)
jolt: mesh v76 local=(1.225,0.773,1.987) world=(1.225,0.773,1.987)
jolt: mesh v77 local=(1.244,0.638,1.960) world=(1.244,0.638,1.960)
jolt: mesh v78 local=(1.263,0.883,1.911) world=(1.263,0.883,1.911)
jolt: mesh v79 local=(1.305,0.580,1.850) world=(1.305,0.580,1.850)
jolt: mesh v80 local=(1.328,0.885,1.789) world=(1.328,0.885,1.789)
jolt: mesh v81 local=(1.362,0.642,1.740) world=(1.362,0.642,1.740)
jolt: mesh v82 local=(1.373,0.778,1.713) world=(1.373,0.778,1.713)
jolt: mesh v83 local=(1.995,0.882,1.444) world=(1.995,0.882,1.444)
jolt: mesh v84 local=(1.998,0.915,1.500) world=(1.998,0.915,1.500)
jolt: mesh v85 local=(1.998,0.817,1.444) world=(1.998,0.817,1.444)
jolt: mesh v86 local=(2.002,0.883,1.556) world=(2.002,0.883,1.556)
jolt: mesh v87 local=(2.002,0.785,1.500) world=(2.002,0.785,1.500)
jolt: mesh v88 local=(2.005,0.818,1.556) world=(2.005,0.818,1.556)
jolt: body MESH_STATIC verts=89 faces=152 id=16777238
LMalloc of 105876 not 8-byte aligned, rounding up
RenderActor3DAnimates constructed with no animations!
LMalloc of 25956 not 8-byte aligned, rounding up
RenderActor3DAnimates constructed with no animations!
LMalloc of 276 not 8-byte aligned, rounding up
RenderActor3DAnimates constructed with no animations!
MATL closed without all data read (bytesLeft = 264)
jolt: mesh actor_pos=(0.000,0.000,0.000)
jolt: mesh v0 local=(-6.246,-1.801,-2.500) world=(-6.246,-1.801,-2.500)
jolt: mesh v1 local=(-6.246,-1.801,-0.025) world=(-6.246,-1.801,-0.025)
jolt: mesh v2 local=(-6.246,1.801,-2.500) world=(-6.246,1.801,-2.500)
jolt: mesh v3 local=(-6.246,1.801,-0.025) world=(-6.246,1.801,-0.025)
jolt: mesh v4 local=(6.246,-1.801,-2.500) world=(6.246,-1.801,-2.500)
jolt: mesh v5 local=(6.246,-1.801,-0.025) world=(6.246,-1.801,-0.025)
jolt: mesh v6 local=(6.246,1.801,-2.500) world=(6.246,1.801,-2.500)
jolt: mesh v7 local=(6.246,1.801,-0.025) world=(6.246,1.801,-0.025)
jolt: body MESH_STATIC verts=8 faces=12 id=16777239
LMalloc of 276 not 8-byte aligned, rounding up
RenderActor3DAnimates constructed with no animations!
MATL closed without all data read (bytesLeft = 264)
jolt: mesh actor_pos=(0.000,0.000,0.000)
jolt: mesh v0 local=(-20.000,3.000,-5.000) world=(-20.000,3.000,-5.000)
jolt: mesh v1 local=(-20.000,3.000,15.000) world=(-20.000,3.000,15.000)
jolt: mesh v2 local=(-20.000,3.100,-5.000) world=(-20.000,3.100,-5.000)
jolt: mesh v3 local=(-20.000,3.100,15.000) world=(-20.000,3.100,15.000)
jolt: mesh v4 local=(20.000,3.000,-5.000) world=(20.000,3.000,-5.000)
jolt: mesh v5 local=(20.000,3.000,15.000) world=(20.000,3.000,15.000)
jolt: mesh v6 local=(20.000,3.100,-5.000) world=(20.000,3.100,-5.000)
jolt: mesh v7 local=(20.000,3.100,15.000) world=(20.000,3.100,15.000)
jolt: body MESH_STATIC verts=8 faces=12 id=16777240
zforth: INDEXOF_CAMSHOT = 1921 (expect 1921)
zforth: INDEXOF_CAMSHOT = 1921 (expect 1921)
jolt: OptimizeBroadPhase done (25 static bodies)
audio: MusicPlayer — soundfont not found: florestan-subset.sf2
audio: sfx[0] not found: wflevels/qbert_practice/sfx/qbert_hop.wav
audio: sfx[1] not found: wflevels/qbert_practice/sfx/qbert_land.wav
audio: sfx[2] not found: wflevels/qbert_practice/sfx/qbert_fall.wav
audio: sfx[3] not found: wflevels/qbert_practice/sfx/qbert_swear.wav
audio: sfx[4] not found: wflevels/qbert_practice/sfx/qbert_round_clear.wav
audio: sfx[5] not found: wflevels/qbert_practice/sfx/qbert_kill.wav
audio: sfx[6] not found: wflevels/qbert_practice/sfx/qbert_disc.wav
rest_api: listening on http://127.0.0.1:8765
[debug] listening on :17921
[debug] client connected fd=18 from 127.0.0.1
delta too large: 0.4987640381
timeofday:1790994737:265847
lasttimeofday: 1790994736:767069
deltatime:0:498778
delta: 0.4987640381
delta too large: 0.4735107422
timeofday:1790994738:376032
lasttimeofday: 1790994737:902509
deltatime:0:473523
delta: 0.4735107422
delta too large: 0.4889221191
timeofday:1790994739:90070
lasttimeofday: 1790994738:601136
deltatime:0:488934
delta: 0.4889221191
delta too large: 0.5205383301
timeofday:1790994739:841085
lasttimeofday: 1790994739:320534
deltatime:0:520551
delta: 0.5205383301
delta too large: 0.4911651611
timeofday:1790994740:546924
lasttimeofday: 1790994740:55756
deltatime:0:491168
delta: 0.4911651611
delta too large: 0.4643859863
timeofday:1790994741:227500
lasttimeofday: 1790994740:763109
deltatime:0:464391
delta: 0.4643859863
delta too large: 0.4709777832
timeofday:1790994741:915152
lasttimeofday: 1790994741:444167
deltatime:0:470985
delta: 0.4709777832
delta too large: 0.5114135742
timeofday:1790994742:711790
lasttimeofday: 1790994742:200372
deltatime:0:511418
delta: 0.5114135742
delta too large: 0.469039917
timeofday:1790994743:405994
lasttimeofday: 1790994742:936953
deltatime:0:469041
delta: 0.469039917
delta too large: 0.476776123
timeofday:1790994744:106123
lasttimeofday: 1790994743:629333
deltatime:0:476790
delta: 0.476776123
delta too large: 0.4462127686
timeofday:1790994744:765465
lasttimeofday: 1790994744:319245
deltatime:0:446220
delta: 0.4462127686
delta too large: 0.4831542969
timeofday:1790994745:248626
lasttimeofday: 1790994744:765465
deltatime:0:483161
delta: 0.4831542969
delta too large: 0.4556427002
timeofday:1790994745:929187
lasttimeofday: 1790994745:473542
deltatime:0:455645
delta: 0.4556427002
delta too large: 0.4616851807
timeofday:1790994746:617726
lasttimeofday: 1790994746:156034
deltatime:0:461692
delta: 0.4616851807
delta too large: 0.465927124
timeofday:1790994747:309789
lasttimeofday: 1790994746:843859
deltatime:0:465930
delta: 0.465927124
ball pos: (2.050, -0.650, 0.965)
delta too large: 0.4475097656
timeofday:1790994747:992304
lasttimeofday: 1790994747:544785
deltatime:0:447519
delta: 0.4475097656
delta too large: 0.4501190186
timeofday:1790994748:657926
lasttimeofday: 1790994748:207793
deltatime:0:450133
delta: 0.4501190186
delta too large: 0.4533538818
timeofday:1790994749:353768
lasttimeofday: 1790994748:900402
deltatime:0:453366
delta: 0.4533538818
delta too large: 0.4503631592
timeofday:1790994750:22836
lasttimeofday: 1790994749:572462
deltatime:0:450374
delta: 0.4503631592
delta too large: 0.4620819092
timeofday:1790994750:700261
lasttimeofday: 1790994750:238176
deltatime:0:462085
delta: 0.4620819092
delta too large: 0.467590332
timeofday:1790994751:381177
lasttimeofday: 1790994750:913573
deltatime:0:467604
delta: 0.467590332
delta too large: 0.4455108643
timeofday:1790994752:42649
lasttimeofday: 1790994751:597135
deltatime:0:445514
delta: 0.4455108643
delta too large: 0.4614257812
timeofday:1790994752:725319
lasttimeofday: 1790994752:263892
deltatime:0:461427
delta: 0.4614257812
delta too large: 0.4745178223
timeofday:1790994753:416154
lasttimeofday: 1790994752:941624
deltatime:0:474530
delta: 0.4745178223
delta too large: 0.4521789551
timeofday:1790994754:97442
lasttimeofday: 1790994753:645251
deltatime:0:452191
delta: 0.4521789551
delta too large: 0.4525604248
timeofday:1790994754:763186
lasttimeofday: 1790994754:310622
deltatime:0:452564
delta: 0.4525604248
delta too large: 0.4763793945
timeofday:1790994755:455543
lasttimeofday: 1790994754:979156
deltatime:0:476387
delta: 0.4763793945
delta too large: 0.4460449219
timeofday:1790994756:114592
lasttimeofday: 1790994755:668544
deltatime:0:446048
delta: 0.4460449219
delta too large: 0.4388275146
timeofday:1790994756:771805
lasttimeofday: 1790994756:332976
deltatime:0:438829
delta: 0.4388275146
delta too large: 0.47605896
timeofday:1790994757:456836
lasttimeofday: 1790994756:980765
deltatime:0:476071
delta: 0.47605896
ball pos: (3.095, -0.650, 0.965)
delta too large: 0.4420776367
timeofday:1790994758:136429
lasttimeofday: 1790994757:694342
deltatime:0:442087
delta: 0.4420776367
delta too large: 0.4543151855
timeofday:1790994758:801039
lasttimeofday: 1790994758:346723
deltatime:0:454316
delta: 0.4543151855
delta too large: 0.4629821777
timeofday:1790994759:264028
lasttimeofday: 1790994758:801039
deltatime:0:462989
delta: 0.4629821777
delta too large: 0.4666442871
timeofday:1790994759:949550
lasttimeofday: 1790994759:482900
deltatime:0:466650
delta: 0.4666442871
delta too large: 0.4528198242
timeofday:1790994760:622404
lasttimeofday: 1790994760:169573
deltatime:0:452831
delta: 0.4528198242
delta too large: 0.4533538818
timeofday:1790994761:292399
lasttimeofday: 1790994760:839043
deltatime:0:453356
delta: 0.4533538818
delta too large: 0.4430847168
timeofday:1790994761:948050
lasttimeofday: 1790994761:504958
deltatime:0:443092
delta: 0.4430847168
delta too large: 0.4723815918
timeofday:1790994762:652910
lasttimeofday: 1790994762:180527
deltatime:0:472383
delta: 0.4723815918
delta too large: 0.4767608643
timeofday:1790994763:344856
lasttimeofday: 1790994762:868087
deltatime:0:476769
delta: 0.4767608643
delta too large: 0.4465942383
timeofday:1790994764:7508
lasttimeofday: 1790994763:560907
deltatime:0:446601
delta: 0.4465942383
delta too large: 0.4484100342
timeofday:1790994764:668856
lasttimeofday: 1790994764:220444
deltatime:0:448412
delta: 0.4484100342
delta too large: 0.4490966797
timeofday:1790994765:328656
lasttimeofday: 1790994764:879556
deltatime:0:449100
delta: 0.4490966797
delta too large: 0.4451446533
timeofday:1790994765:984623
lasttimeofday: 1790994765:539469
deltatime:0:445154
delta: 0.4451446533
delta too large: 0.4951171875
timeofday:1790994766:692969
lasttimeofday: 1790994766:197846
deltatime:0:495123
delta: 0.4951171875
delta too large: 0.450592041
timeofday:1790994767:376179
lasttimeofday: 1790994766:925584
deltatime:0:450595
delta: 0.450592041
delta too large: 0.4601287842
timeofday:1790994768:49419
lasttimeofday: 1790994767:589288
deltatime:0:460131
delta: 0.4601287842
ball pos: (2.595, -0.650, 0.965)
delta too large: 0.4638977051
timeofday:1790994768:730712
lasttimeofday: 1790994768:266804
deltatime:0:463908
delta: 0.4638977051
delta too large: 0.4497833252
timeofday:1790994769:394945
lasttimeofday: 1790994768:945155
deltatime:0:449790
delta: 0.4497833252
delta too large: 0.4698028564
timeofday:1790994770:79257
lasttimeofday: 1790994769:609444
deltatime:0:469813
delta: 0.4698028564
delta too large: 0.45703125
timeofday:1790994770:748744
lasttimeofday: 1790994770:291702
deltatime:0:457042
delta: 0.45703125
delta too large: 0.449798584
timeofday:1790994771:434123
lasttimeofday: 1790994770:984316
deltatime:0:449807
delta: 0.449798584
delta too large: 0.4702148438
timeofday:1790994772:117270
lasttimeofday: 1790994771:647041
deltatime:0:470229
delta: 0.4702148438
delta too large: 0.4438781738
timeofday:1790994772:785234
lasttimeofday: 1790994772:341341
deltatime:0:443893
delta: 0.4438781738
delta too large: 0.4515075684
timeofday:1790994773:236749
lasttimeofday: 1790994772:785234
deltatime:0:451515
delta: 0.4515075684
delta too large: 0.4445648193
timeofday:1790994773:898099
lasttimeofday: 1790994773:453527
deltatime:0:444572
delta: 0.4445648193
delta too large: 0.454208374
timeofday:1790994774:560625
lasttimeofday: 1790994774:106411
deltatime:0:454214
delta: 0.454208374
delta too large: 0.4467926025
timeofday:1790994775:227597
lasttimeofday: 1790994774:780796
deltatime:0:446801
delta: 0.4467926025
delta too large: 0.4644622803
timeofday:1790994775:903263
lasttimeofday: 1790994775:438788
deltatime:0:464475
delta: 0.4644622803
delta too large: 0.4609680176
timeofday:1790994776:591303
lasttimeofday: 1790994776:130322
deltatime:0:460981
delta: 0.4609680176
delta too large: 0.4775543213
timeofday:1790994777:285167
lasttimeofday: 1790994776:807603
deltatime:0:477564
delta: 0.4775543213
delta too large: 0.4563446045
timeofday:1790994777:964402
lasttimeofday: 1790994777:508047
deltatime:0:456355
delta: 0.4563446045
delta too large: 0.4678344727
timeofday:1790994778:665671
lasttimeofday: 1790994778:197824
deltatime:0:467847
delta: 0.4678344727
ball pos: (1.545, -0.650, 1.425)
delta too large: 0.4756317139
timeofday:1790994779:356855
lasttimeofday: 1790994778:881216
deltatime:0:475639
delta: 0.4756317139
delta too large: 0.4484863281
timeofday:1790994780:22000
lasttimeofday: 1790994779:573503
deltatime:0:448497
delta: 0.4484863281
delta too large: 0.4431152344
timeofday:1790994780:678301
lasttimeofday: 1790994780:235177
deltatime:0:443124
delta: 0.4431152344
delta too large: 0.4747619629
timeofday:1790994781:366525
lasttimeofday: 1790994780:891760
deltatime:0:474765
delta: 0.4747619629
delta too large: 0.4484710693
timeofday:1790994782:39113
lasttimeofday: 1790994781:590636
deltatime:0:448477
delta: 0.4484710693
delta too large: 0.4732208252
timeofday:1790994782:722094
lasttimeofday: 1790994782:248871
deltatime:0:473223
delta: 0.4732208252
delta too large: 0.4799804688
timeofday:1790994783:474984
lasttimeofday: 1790994782:994990
deltatime:0:479994
delta: 0.4799804688
delta too large: 0.4708404541
timeofday:1790994784:178380
lasttimeofday: 1790994783:707531
deltatime:0:470849
delta: 0.4708404541
delta too large: 0.4794769287
timeofday:1790994784:890956
lasttimeofday: 1790994784:411469
deltatime:0:479487
delta: 0.4794769287
delta too large: 0.487991333
timeofday:1790994785:613197
lasttimeofday: 1790994785:125193
deltatime:0:488004
delta: 0.487991333
delta too large: 0.4871673584
timeofday:1790994786:325503
lasttimeofday: 1790994785:838335
deltatime:0:487168
delta: 0.4871673584
delta too large: 0.4634552002
timeofday:1790994787:9539
lasttimeofday: 1790994786:546075
deltatime:0:463464
delta: 0.4634552002
delta too large: 0.4445648193
timeofday:1790994787:454112
lasttimeofday: 1790994787:9539
deltatime:0:444573
delta: 0.4445648193
delta too large: 0.4580841064
timeofday:1790994788:126091
lasttimeofday: 1790994787:668003
deltatime:0:458088
delta: 0.4580841064
delta too large: 0.4524993896
timeofday:1790994788:794624
lasttimeofday: 1790994788:342123
deltatime:0:452501
delta: 0.4524993896
delta too large: 0.4480438232
timeofday:1790994789:382164
lasttimeofday: 1790994788:934108
deltatime:0:448056
delta: 0.4480438232
ball pos: (0.645, -0.650, 2.200)
delta too large: 0.455581665
timeofday:1790994790:56479
lasttimeofday: 1790994789:600886
deltatime:0:455593
delta: 0.455581665
delta too large: 0.4630279541
timeofday:1790994790:752528
lasttimeofday: 1790994790:289486
deltatime:0:463042
delta: 0.4630279541
delta too large: 0.49609375
timeofday:1790994791:485863
lasttimeofday: 1790994790:989760
deltatime:0:496103
delta: 0.49609375
delta too large: 0.4848175049
timeofday:1790994792:189867
lasttimeofday: 1790994791:705048
deltatime:0:484819
delta: 0.4848175049
delta too large: 0.4635620117
timeofday:1790994792:888104
lasttimeofday: 1790994792:424533
deltatime:0:463571
delta: 0.4635620117
delta too large: 0.5322570801
timeofday:1790994793:643192
lasttimeofday: 1790994793:110924
deltatime:0:532268
delta: 0.5322570801
delta too large: 0.4548797607
timeofday:1790994794:317425
lasttimeofday: 1790994793:862533
deltatime:0:454892
delta: 0.4548797607
delta too large: 0.5252532959
timeofday:1790994795:79556
lasttimeofday: 1790994794:554296
deltatime:0:525260
delta: 0.5252532959
delta too large: 0.5523834229
timeofday:1790994795:876649
lasttimeofday: 1790994795:324253
deltatime:0:552396
delta: 0.5523834229
delta too large: 0.511138916
timeofday:1790994796:775092
lasttimeofday: 1790994796:263945
deltatime:0:511147
delta: 0.511138916
delta too large: 0.5663146973
timeofday:1790994797:602954
lasttimeofday: 1790994797:36636
deltatime:0:566318
delta: 0.5663146973
delta too large: 0.4945220947
timeofday:1790994798:324634
lasttimeofday: 1790994797:830107
deltatime:0:494527
delta: 0.4945220947
delta too large: 0.4538116455
timeofday:1790994799:821
lasttimeofday: 1790994798:547009
deltatime:0:453812
delta: 0.4538116455
delta too large: 0.485458374
timeofday:1790994799:707054
lasttimeofday: 1790994799:221590
deltatime:0:485464
delta: 0.485458374
delta too large: 0.4823150635
timeofday:1790994800:418668
lasttimeofday: 1790994799:936343
deltatime:0:482325
delta: 0.4823150635
ball pos: (0.640, -0.650, 1.787)
delta too large: 0.4800262451
timeofday:1790994801:133134
lasttimeofday: 1790994800:653100
deltatime:0:480034
delta: 0.4800262451
delta too large: 0.4646759033
timeofday:1790994801:820965
lasttimeofday: 1790994801:356284
deltatime:0:464681
delta: 0.4646759033
delta too large: 0.544128418
timeofday:1790994802:365101
lasttimeofday: 1790994801:820965
deltatime:0:544136
delta: 0.544128418
delta too large: 0.4892425537
timeofday:1790994803:110118
lasttimeofday: 1790994802:620862
deltatime:0:489256
delta: 0.4892425537
delta too large: 0.5146026611
timeofday:1790994803:850500
lasttimeofday: 1790994803:335884
deltatime:0:514616
delta: 0.5146026611
delta too large: 0.4886016846
timeofday:1790994804:577202
lasttimeofday: 1790994804:88589
deltatime:0:488613
delta: 0.4886016846
delta too large: 0.4754943848
timeofday:1790994805:310065
lasttimeofday: 1790994804:834558
deltatime:0:475507
delta: 0.4754943848
delta too large: 0.4629211426
timeofday:1790994805:934886
lasttimeofday: 1790994805:471958
deltatime:0:462928
delta: 0.4629211426
delta too large: 0.4704437256
timeofday:1790994806:623636
lasttimeofday: 1790994806:153191
deltatime:0:470445
delta: 0.4704437256
delta too large: 0.4777832031
timeofday:1790994807:321175
lasttimeofday: 1790994806:843383
deltatime:0:477792
delta: 0.4777832031
delta too large: 0.4967651367
timeofday:1790994808:40162
lasttimeofday: 1790994807:543393
deltatime:0:496769
delta: 0.4967651367
delta too large: 0.4786529541
timeofday:1790994808:739876
lasttimeofday: 1790994808:261215
deltatime:0:478661
delta: 0.4786529541
delta too large: 0.4915924072
timeofday:1790994809:451320
lasttimeofday: 1790994808:959720
deltatime:0:491600
delta: 0.4915924072
delta too large: 0.5136108398
timeofday:1790994809:964938
lasttimeofday: 1790994809:451320
deltatime:0:513618
delta: 0.5136108398
delta too large: 0.5956115723
timeofday:1790994810:789808
lasttimeofday: 1790994810:194191
deltatime:0:595617
delta: 0.5956115723
delta too large: 0.5391387939
timeofday:1790994811:572819
lasttimeofday: 1790994811:33671
deltatime:0:539148
delta: 0.5391387939
delta too large: 0.5044403076
timeofday:1790994812:238344
lasttimeofday: 1790994811:733894
deltatime:0:504450
delta: 0.5044403076
ball pos: (1.280, -0.650, 1.583)
delta too large: 0.6136016846
timeofday:1790994813:97186
lasttimeofday: 1790994812:483581
deltatime:0:613605
delta: 0.6136016846
delta too large: 0.7181549072
timeofday:1790994814:104843
lasttimeofday: 1790994813:386680
deltatime:0:718163
delta: 0.7181549072
delta too large: 0.4931640625
timeofday:1790994814:820357
lasttimeofday: 1790994814:327186
deltatime:0:493171
delta: 0.4931640625
delta too large: 0.518737793
timeofday:1790994815:585188
lasttimeofday: 1790994815:66437
deltatime:0:518751
delta: 0.518737793
delta too large: 0.5016479492
timeofday:1790994816:321188
lasttimeofday: 1790994815:819539
deltatime:0:501649
delta: 0.5016479492
delta too large: 0.4739685059
timeofday:1790994817:25613
lasttimeofday: 1790994816:551640
deltatime:0:473973
delta: 0.4739685059
delta too large: 0.4988098145
timeofday:1790994817:740186
lasttimeofday: 1790994817:241363
deltatime:0:498823
delta: 0.4988098145
delta too large: 0.5031280518
timeofday:1790994818:481298
lasttimeofday: 1790994817:978165
deltatime:0:503133
delta: 0.5031280518
delta too large: 0.484161377
timeofday:1790994819:198786
lasttimeofday: 1790994818:714612
deltatime:0:484174
delta: 0.484161377
delta too large: 0.505355835
timeofday:1790994819:936530
lasttimeofday: 1790994819:431168
deltatime:0:505362
delta: 0.505355835
delta too large: 0.4703369141
timeofday:1790994820:559876
lasttimeofday: 1790994820:89536
deltatime:0:470340
delta: 0.4703369141
delta too large: 0.4796905518
timeofday:1790994821:255326
lasttimeofday: 1790994820:775631
deltatime:0:479695
delta: 0.4796905518
delta too large: 0.5258178711
timeofday:1790994821:933539
lasttimeofday: 1790994821:407713
deltatime:0:525826
delta: 0.5258178711
delta too large: 0.4539031982
timeofday:1790994822:526020
lasttimeofday: 1790994822:72107
deltatime:0:453913
delta: 0.4539031982
delta too large: 0.4483337402
timeofday:1790994823:186927
lasttimeofday: 1790994822:738593
deltatime:0:448334
delta: 0.4483337402
ball pos: (1.280, -0.650, 1.163)
delta too large: 0.4794769287
timeofday:1790994823:877558
lasttimeofday: 1790994823:398074
deltatime:0:479484
delta: 0.4794769287
delta too large: 0.4590454102
timeofday:1790994824:566952
lasttimeofday: 1790994824:107904
deltatime:0:459048
delta: 0.4590454102
delta too large: 0.4830474854
timeofday:1790994825:50001
lasttimeofday: 1790994824:566952
deltatime:0:483049
delta: 0.4830474854
[debug] client disconnected fd=18
