material: texture=""  bTranslucent=0  bitdepth=16  flags_in=0x2
material: texture=""  bTranslucent=0  bitdepth=16  flags_in=0x2
audio: miniaudio v0.11.25 ready
DEBUG = 1,
DO_ASSERTIONS = 1, NO_ASSERT_EXPR = 0, USE_INLINE_DEFS = 1, WF_BIG_ENDIAN = 0
argc = 8, argv: /home/will/WorldFoundry-wbniv/engine/wf_game -L/home/will/WorldFoundry-wbniv/wflevels/aquarium_blue_shrimp-standalone.iff -rate20 --debug-port 17913 --debug-bind 127.0.0.1 --debug-print-actors 
cbHalLmalloc = 64000000, cbHalScratchLmalloc = 180000
wf_game v0.4.1, Built:Jul 31 2026,10:21:50 by kts
-L/home/will/WorldFoundry-wbniv/wflevels/aquarium_blue_shrimp-standalone.iff
-rate20
Fake clock delta = 0.05000000075
--debug-port
--debug-bind
--debug-print-actors
argc = 8, commandIndex = 8
Level=-1
cerror:
cwarn:
cstats:
wf_game Ver 0.4.1, Built:Jul 31 2026,10:21:50 by kts
DBSTREAMS jolt: RegisterDefaultAllocator
jolt: Factory
jolt: RegisterTypes
jolt: RunSelftest
jolt: selftest ok (sphere fell to z=5.098)
jolt: backend init
jolt: backend ready (gravity -Z)
jolt: init complete
LMalloc of 412 not 8-byte aligned, rounding up
LMalloc of 7620 not 8-byte aligned, rounding up
LMalloc of 20 not 8-byte aligned, rounding up
LMalloc of 20 not 8-byte aligned, rounding up
Level::Level: leveldata= 0x7a783cd71418, object count  = 160
ASS closed without all data read (bytesLeft = 4118)
ASS closed without all data read (bytesLeft = 150)
ASS closed without all data read (bytesLeft = 16)
ASS closed without all data read (bytesLeft = 16)
ASS closed without all data read (bytesLeft = 5012)
PixelMap::Load: this = 0x7a783a927b98
PixelMap::Load: this = 0x7a783a927bd8
LMalloc of 28 not 8-byte aligned, rounding up
LMalloc of 28 not 8-byte aligned, rounding up
LMalloc of 28 not 8-byte aligned, rounding up
LMalloc of 28 not 8-byte aligned, rounding up
LMalloc of 100 not 8-byte aligned, rounding up
[Actor] idx=2 class=23 commonOff=45696 NumberOfLocalMailboxes=0
actor idx=2 mesh=(none) mobility=Anchored pos=(0.00,-20.00,1.00)
[Actor] idx=3 class=13 commonOff=45696 NumberOfLocalMailboxes=0
actor idx=3 mesh=(none) mobility=Camera pos=(0.00,-11.80,2.25)
this = 0x7a783a92b0d8,setting _memory to 0x7a783a92abe0
DMalloc of 52 not 8-byte aligned, rounding up
[Actor] idx=4 class=20 commonOff=46408 NumberOfLocalMailboxes=0
actor idx=4 mesh=(none) mobility=Anchored pos=(0.00,-20.00,1.00)
[Actor] idx=6 class=11 commonOff=45696 NumberOfLocalMailboxes=0
actor idx=6 mesh=(none) mobility=Anchored pos=(0.00,-20.00,1.00)
[Actor] idx=7 class=16 commonOff=45696 NumberOfLocalMailboxes=0
actor idx=7 mesh=(none) mobility=Anchored pos=(0.00,-11.80,2.25)
[Actor] idx=8 class=3 commonOff=45696 NumberOfLocalMailboxes=0
actor idx=8 mesh=(none) mobility=Anchored pos=(0.00,0.00,2.25)
[Actor] idx=9 class=22 commonOff=47148 NumberOfLocalMailboxes=6
actor idx=9 mesh=shrimp_hull.iff mobility=Physics pos=(1.90,-0.65,0.96)
jolt: character 0 created at (1.90, -0.65, 0.96) ctr=(0.00,0.00,0.00)
[Actor] idx=10 class=7 commonOff=45696 NumberOfLocalMailboxes=0
actor idx=10 mesh=jelly_body.iff mobility=Anchored pos=(1.90,-0.65,0.63)
[Actor] idx=11 class=7 commonOff=47612 NumberOfLocalMailboxes=0
actor idx=11 mesh=jelly_tail.iff mobility=Anchored pos=(1.75,-0.65,0.79)
[Actor] idx=12 class=7 commonOff=45696 NumberOfLocalMailboxes=0
actor idx=12 mesh=jelly_legs_near.iff mobility=Anchored pos=(1.90,-0.70,0.74)
[Actor] idx=13 class=7 commonOff=45696 NumberOfLocalMailboxes=0
actor idx=13 mesh=jelly_legs_far.iff mobility=Anchored pos=(1.90,-0.60,0.74)
[Actor] idx=14 class=7 commonOff=45696 NumberOfLocalMailboxes=0
actor idx=14 mesh=jelly_antennae.iff mobility=Anchored pos=(2.13,-0.65,0.82)
[Actor] idx=15 class=7 commonOff=45696 NumberOfLocalMailboxes=0
actor idx=15 mesh=shrimp_body.iff mobility=Anchored pos=(-4.50,-0.87,0.63)
[Actor] idx=16 class=7 commonOff=47656 NumberOfLocalMailboxes=0
actor idx=16 mesh=shrimp_tail.iff mobility=Anchored pos=(-4.60,-0.87,0.75)
[Actor] idx=17 class=7 commonOff=45696 NumberOfLocalMailboxes=0
actor idx=17 mesh=shrimp_legs_near.iff mobility=Anchored pos=(-4.50,-0.90,0.71)
[Actor] idx=18 class=7 commonOff=45696 NumberOfLocalMailboxes=0
actor idx=18 mesh=shrimp_legs_far.iff mobility=Anchored pos=(-4.50,-0.83,0.71)
[Actor] idx=19 class=7 commonOff=45696 NumberOfLocalMailboxes=0
actor idx=19 mesh=shrimp_antennae.iff mobility=Anchored pos=(-4.34,-0.87,0.77)
[Actor] idx=20 class=7 commonOff=45696 NumberOfLocalMailboxes=0
actor idx=20 mesh=jelly_body.iff mobility=Anchored pos=(-2.75,-0.87,0.63)
[Actor] idx=21 class=7 commonOff=47700 NumberOfLocalMailboxes=0
actor idx=21 mesh=jelly_tail.iff mobility=Anchored pos=(-2.88,-0.87,0.77)
[Actor] idx=22 class=7 commonOff=45696 NumberOfLocalMailboxes=0
actor idx=22 mesh=jelly_legs_near.iff mobility=Anchored pos=(-2.75,-0.91,0.72)
[Actor] idx=23 class=7 commonOff=45696 NumberOfLocalMailboxes=0
actor idx=23 mesh=jelly_legs_far.iff mobility=Anchored pos=(-2.75,-0.83,0.72)
[Actor] idx=24 class=7 commonOff=45696 NumberOfLocalMailboxes=0
actor idx=24 mesh=jelly_antennae.iff mobility=Anchored pos=(-2.55,-0.87,0.80)
[Actor] idx=25 class=7 commonOff=45696 NumberOfLocalMailboxes=0
actor idx=25 mesh=shrimp_body.iff mobility=Anchored pos=(-1.00,-0.87,0.63)
[Actor] idx=26 class=7 commonOff=47744 NumberOfLocalMailboxes=0
actor idx=26 mesh=shrimp_tail.iff mobility=Anchored pos=(-1.11,-0.87,0.75)
[Actor] idx=27 class=7 commonOff=45696 NumberOfLocalMailboxes=0
actor idx=27 mesh=shrimp_legs_near.iff mobility=Anchored pos=(-1.00,-0.91,0.71)
[Actor] idx=28 class=7 commonOff=45696 NumberOfLocalMailboxes=0
actor idx=28 mesh=shrimp_legs_far.iff mobility=Anchored pos=(-1.00,-0.83,0.71)
[Actor] idx=29 class=7 commonOff=45696 NumberOfLocalMailboxes=0
actor idx=29 mesh=shrimp_antennae.iff mobility=Anchored pos=(-0.83,-0.87,0.78)
[Actor] idx=30 class=7 commonOff=45696 NumberOfLocalMailboxes=0
actor idx=30 mesh=jelly_body.iff mobility=Anchored pos=(0.75,-0.87,0.63)
[Actor] idx=31 class=7 commonOff=47788 NumberOfLocalMailboxes=0
actor idx=31 mesh=jelly_tail.iff mobility=Anchored pos=(0.61,-0.87,0.78)
[Actor] idx=32 class=7 commonOff=45696 NumberOfLocalMailboxes=0
actor idx=32 mesh=jelly_legs_near.iff mobility=Anchored pos=(0.75,-0.91,0.73)
[Actor] idx=33 class=7 commonOff=45696 NumberOfLocalMailboxes=0
actor idx=33 mesh=jelly_legs_far.iff mobility=Anchored pos=(0.75,-0.82,0.73)
[Actor] idx=34 class=7 commonOff=45696 NumberOfLocalMailboxes=0
actor idx=34 mesh=jelly_antennae.iff mobility=Anchored pos=(0.96,-0.87,0.81)
[Actor] idx=35 class=7 commonOff=45696 NumberOfLocalMailboxes=0
actor idx=35 mesh=shrimp_body.iff mobility=Anchored pos=(2.50,-0.87,0.63)
[Actor] idx=36 class=7 commonOff=47832 NumberOfLocalMailboxes=0
actor idx=36 mesh=shrimp_tail.iff mobility=Anchored pos=(2.38,-0.87,0.76)
[Actor] idx=37 class=7 commonOff=45696 NumberOfLocalMailboxes=0
actor idx=37 mesh=shrimp_legs_near.iff mobility=Anchored pos=(2.50,-0.91,0.72)
[Actor] idx=38 class=7 commonOff=45696 NumberOfLocalMailboxes=0
actor idx=38 mesh=shrimp_legs_far.iff mobility=Anchored pos=(2.50,-0.83,0.72)
[Actor] idx=39 class=7 commonOff=45696 NumberOfLocalMailboxes=0
actor idx=39 mesh=shrimp_antennae.iff mobility=Anchored pos=(2.68,-0.87,0.79)
[Actor] idx=40 class=7 commonOff=45696 NumberOfLocalMailboxes=0
actor idx=40 mesh=jelly_body.iff mobility=Anchored pos=(4.25,-0.87,0.63)
[Actor] idx=41 class=7 commonOff=47876 NumberOfLocalMailboxes=0
actor idx=41 mesh=jelly_tail.iff mobility=Anchored pos=(4.14,-0.87,0.75)
[Actor] idx=42 class=7 commonOff=45696 NumberOfLocalMailboxes=0
actor idx=42 mesh=jelly_legs_near.iff mobility=Anchored pos=(4.25,-0.90,0.71)
[Actor] idx=43 class=7 commonOff=45696 NumberOfLocalMailboxes=0
actor idx=43 mesh=jelly_legs_far.iff mobility=Anchored pos=(4.25,-0.83,0.71)
[Actor] idx=44 class=7 commonOff=45696 NumberOfLocalMailboxes=0
actor idx=44 mesh=jelly_antennae.iff mobility=Anchored pos=(4.41,-0.87,0.77)
[Actor] idx=45 class=7 commonOff=45696 NumberOfLocalMailboxes=0
actor idx=45 mesh=shrimp_body.iff mobility=Anchored pos=(-4.80,0.00,0.63)
[Actor] idx=46 class=7 commonOff=47920 NumberOfLocalMailboxes=0
actor idx=46 mesh=shrimp_tail.iff mobility=Anchored pos=(-4.93,0.00,0.77)
[Actor] idx=47 class=7 commonOff=45696 NumberOfLocalMailboxes=0
actor idx=47 mesh=shrimp_legs_near.iff mobility=Anchored pos=(-4.80,-0.04,0.72)
[Actor] idx=48 class=7 commonOff=45696 NumberOfLocalMailboxes=0
actor idx=48 mesh=shrimp_legs_far.iff mobility=Anchored pos=(-4.80,0.04,0.72)
[Actor] idx=49 class=7 commonOff=45696 NumberOfLocalMailboxes=0
actor idx=49 mesh=shrimp_antennae.iff mobility=Anchored pos=(-4.60,0.00,0.80)
[Actor] idx=50 class=7 commonOff=45696 NumberOfLocalMailboxes=0
actor idx=50 mesh=jelly_body.iff mobility=Anchored pos=(-3.75,0.00,0.63)
[Actor] idx=51 class=7 commonOff=47964 NumberOfLocalMailboxes=0
actor idx=51 mesh=jelly_tail.iff mobility=Anchored pos=(-3.86,0.00,0.75)
[Actor] idx=52 class=7 commonOff=45696 NumberOfLocalMailboxes=0
actor idx=52 mesh=jelly_legs_near.iff mobility=Anchored pos=(-3.75,-0.04,0.71)
[Actor] idx=53 class=7 commonOff=45696 NumberOfLocalMailboxes=0
actor idx=53 mesh=jelly_legs_far.iff mobility=Anchored pos=(-3.75,0.04,0.71)
[Actor] idx=54 class=7 commonOff=45696 NumberOfLocalMailboxes=0
actor idx=54 mesh=jelly_antennae.iff mobility=Anchored pos=(-3.58,0.00,0.78)
[Actor] idx=55 class=7 commonOff=45696 NumberOfLocalMailboxes=0
actor idx=55 mesh=shrimp_body.iff mobility=Anchored pos=(-1.00,0.00,0.63)
[Actor] idx=56 class=7 commonOff=48008 NumberOfLocalMailboxes=0
actor idx=56 mesh=shrimp_tail.iff mobility=Anchored pos=(-1.13,0.00,0.78)
[Actor] idx=57 class=7 commonOff=45696 NumberOfLocalMailboxes=0
actor idx=57 mesh=shrimp_legs_near.iff mobility=Anchored pos=(-1.00,-0.04,0.73)
[Actor] idx=58 class=7 commonOff=45696 NumberOfLocalMailboxes=0
actor idx=58 mesh=shrimp_legs_far.iff mobility=Anchored pos=(-1.00,0.04,0.73)
[Actor] idx=59 class=7 commonOff=45696 NumberOfLocalMailboxes=0
actor idx=59 mesh=shrimp_antennae.iff mobility=Anchored pos=(-0.79,0.00,0.81)
[Actor] idx=60 class=7 commonOff=45696 NumberOfLocalMailboxes=0
actor idx=60 mesh=jelly_body.iff mobility=Anchored pos=(0.75,0.00,0.63)
[Actor] idx=61 class=7 commonOff=48052 NumberOfLocalMailboxes=0
actor idx=61 mesh=jelly_tail.iff mobility=Anchored pos=(0.63,0.00,0.76)
[Actor] idx=62 class=7 commonOff=45696 NumberOfLocalMailboxes=0
actor idx=62 mesh=jelly_legs_near.iff mobility=Anchored pos=(0.75,-0.04,0.72)
[Actor] idx=63 class=7 commonOff=45696 NumberOfLocalMailboxes=0
actor idx=63 mesh=jelly_legs_far.iff mobility=Anchored pos=(0.75,0.04,0.72)
[Actor] idx=64 class=7 commonOff=45696 NumberOfLocalMailboxes=0
actor idx=64 mesh=jelly_antennae.iff mobility=Anchored pos=(0.93,0.00,0.79)
[Actor] idx=65 class=7 commonOff=45696 NumberOfLocalMailboxes=0
actor idx=65 mesh=shrimp_body.iff mobility=Anchored pos=(2.50,0.00,0.63)
[Actor] idx=66 class=7 commonOff=48096 NumberOfLocalMailboxes=0
actor idx=66 mesh=shrimp_tail.iff mobility=Anchored pos=(2.39,0.00,0.75)
[Actor] idx=67 class=7 commonOff=45696 NumberOfLocalMailboxes=0
actor idx=67 mesh=shrimp_legs_near.iff mobility=Anchored pos=(2.50,-0.03,0.71)
[Actor] idx=68 class=7 commonOff=45696 NumberOfLocalMailboxes=0
actor idx=68 mesh=shrimp_legs_far.iff mobility=Anchored pos=(2.50,0.03,0.71)
[Actor] idx=69 class=7 commonOff=45696 NumberOfLocalMailboxes=0
actor idx=69 mesh=shrimp_antennae.iff mobility=Anchored pos=(2.66,0.00,0.77)
[Actor] idx=70 class=7 commonOff=45696 NumberOfLocalMailboxes=0
actor idx=70 mesh=jelly_body.iff mobility=Anchored pos=(5.05,0.00,0.63)
[Actor] idx=71 class=7 commonOff=48140 NumberOfLocalMailboxes=0
actor idx=71 mesh=jelly_tail.iff mobility=Anchored pos=(4.92,0.00,0.77)
[Actor] idx=72 class=7 commonOff=45696 NumberOfLocalMailboxes=0
actor idx=72 mesh=jelly_legs_near.iff mobility=Anchored pos=(5.05,-0.04,0.72)
[Actor] idx=73 class=7 commonOff=45696 NumberOfLocalMailboxes=0
actor idx=73 mesh=jelly_legs_far.iff mobility=Anchored pos=(5.05,0.04,0.72)
[Actor] idx=74 class=7 commonOff=45696 NumberOfLocalMailboxes=0
actor idx=74 mesh=jelly_antennae.iff mobility=Anchored pos=(5.25,0.00,0.80)
[Actor] idx=75 class=7 commonOff=45696 NumberOfLocalMailboxes=0
actor idx=75 mesh=shrimp_body.iff mobility=Anchored pos=(-4.80,0.87,0.63)
[Actor] idx=76 class=7 commonOff=48184 NumberOfLocalMailboxes=0
actor idx=76 mesh=shrimp_tail.iff mobility=Anchored pos=(-4.91,0.87,0.75)
[Actor] idx=77 class=7 commonOff=45696 NumberOfLocalMailboxes=0
actor idx=77 mesh=shrimp_legs_near.iff mobility=Anchored pos=(-4.80,0.83,0.71)
[Actor] idx=78 class=7 commonOff=45696 NumberOfLocalMailboxes=0
actor idx=78 mesh=shrimp_legs_far.iff mobility=Anchored pos=(-4.80,0.91,0.71)
[Actor] idx=79 class=7 commonOff=45696 NumberOfLocalMailboxes=0
actor idx=79 mesh=shrimp_antennae.iff mobility=Anchored pos=(-4.63,0.87,0.78)
[Actor] idx=80 class=7 commonOff=45696 NumberOfLocalMailboxes=0
actor idx=80 mesh=jelly_body.iff mobility=Anchored pos=(-3.75,0.87,0.63)
[Actor] idx=81 class=7 commonOff=48228 NumberOfLocalMailboxes=0
actor idx=81 mesh=jelly_tail.iff mobility=Anchored pos=(-3.88,0.87,0.78)
[Actor] idx=82 class=7 commonOff=45696 NumberOfLocalMailboxes=0
actor idx=82 mesh=jelly_legs_near.iff mobility=Anchored pos=(-3.75,0.82,0.73)
[Actor] idx=83 class=7 commonOff=45696 NumberOfLocalMailboxes=0
actor idx=83 mesh=jelly_legs_far.iff mobility=Anchored pos=(-3.75,0.91,0.73)
[Actor] idx=84 class=7 commonOff=45696 NumberOfLocalMailboxes=0
actor idx=84 mesh=jelly_antennae.iff mobility=Anchored pos=(-3.54,0.87,0.81)
[Actor] idx=85 class=7 commonOff=45696 NumberOfLocalMailboxes=0
actor idx=85 mesh=shrimp_body.iff mobility=Anchored pos=(-1.00,0.87,0.63)
[Actor] idx=86 class=7 commonOff=48272 NumberOfLocalMailboxes=0
actor idx=86 mesh=shrimp_tail.iff mobility=Anchored pos=(-1.12,0.87,0.76)
[Actor] idx=87 class=7 commonOff=45696 NumberOfLocalMailboxes=0
actor idx=87 mesh=shrimp_legs_near.iff mobility=Anchored pos=(-1.00,0.83,0.72)
[Actor] idx=88 class=7 commonOff=45696 NumberOfLocalMailboxes=0
actor idx=88 mesh=shrimp_legs_far.iff mobility=Anchored pos=(-1.00,0.91,0.72)
[Actor] idx=89 class=7 commonOff=45696 NumberOfLocalMailboxes=0
actor idx=89 mesh=shrimp_antennae.iff mobility=Anchored pos=(-0.82,0.87,0.79)
[Actor] idx=90 class=7 commonOff=45696 NumberOfLocalMailboxes=0
actor idx=90 mesh=jelly_body.iff mobility=Anchored pos=(0.75,0.87,0.63)
[Actor] idx=91 class=7 commonOff=48316 NumberOfLocalMailboxes=0
actor idx=91 mesh=jelly_tail.iff mobility=Anchored pos=(0.64,0.87,0.75)
[Actor] idx=92 class=7 commonOff=45696 NumberOfLocalMailboxes=0
actor idx=92 mesh=jelly_legs_near.iff mobility=Anchored pos=(0.75,0.83,0.71)
[Actor] idx=93 class=7 commonOff=45696 NumberOfLocalMailboxes=0
actor idx=93 mesh=jelly_legs_far.iff mobility=Anchored pos=(0.75,0.90,0.71)
[Actor] idx=94 class=7 commonOff=45696 NumberOfLocalMailboxes=0
actor idx=94 mesh=jelly_antennae.iff mobility=Anchored pos=(0.91,0.87,0.77)
[Actor] idx=95 class=7 commonOff=45696 NumberOfLocalMailboxes=0
actor idx=95 mesh=shrimp_body.iff mobility=Anchored pos=(2.50,0.87,0.63)
[Actor] idx=96 class=7 commonOff=48360 NumberOfLocalMailboxes=0
actor idx=96 mesh=shrimp_tail.iff mobility=Anchored pos=(2.37,0.87,0.77)
[Actor] idx=97 class=7 commonOff=45696 NumberOfLocalMailboxes=0
actor idx=97 mesh=shrimp_legs_near.iff mobility=Anchored pos=(2.50,0.83,0.72)
[Actor] idx=98 class=7 commonOff=45696 NumberOfLocalMailboxes=0
actor idx=98 mesh=shrimp_legs_far.iff mobility=Anchored pos=(2.50,0.91,0.72)
[Actor] idx=99 class=7 commonOff=45696 NumberOfLocalMailboxes=0
actor idx=99 mesh=shrimp_antennae.iff mobility=Anchored pos=(2.70,0.87,0.80)
[Actor] idx=100 class=7 commonOff=45696 NumberOfLocalMailboxes=0
actor idx=100 mesh=jelly_body.iff mobility=Anchored pos=(5.05,0.87,0.63)
[Actor] idx=101 class=7 commonOff=48404 NumberOfLocalMailboxes=0
actor idx=101 mesh=jelly_tail.iff mobility=Anchored pos=(4.94,0.87,0.75)
[Actor] idx=102 class=7 commonOff=45696 NumberOfLocalMailboxes=0
actor idx=102 mesh=jelly_legs_near.iff mobility=Anchored pos=(5.05,0.83,0.71)
[Actor] idx=103 class=7 commonOff=45696 NumberOfLocalMailboxes=0
actor idx=103 mesh=jelly_legs_far.iff mobility=Anchored pos=(5.05,0.91,0.71)
[Actor] idx=104 class=7 commonOff=45696 NumberOfLocalMailboxes=0
actor idx=104 mesh=jelly_antennae.iff mobility=Anchored pos=(5.22,0.87,0.78)
[Actor] idx=105 class=7 commonOff=45696 NumberOfLocalMailboxes=0
actor idx=105 mesh=shrimp_body.iff mobility=Anchored pos=(-2.65,0.30,1.48)
[Actor] idx=106 class=7 commonOff=48448 NumberOfLocalMailboxes=0
actor idx=106 mesh=shrimp_tail.iff mobility=Anchored pos=(-2.76,0.30,1.61)
[Actor] idx=107 class=7 commonOff=45696 NumberOfLocalMailboxes=0
actor idx=107 mesh=shrimp_legs_near.iff mobility=Anchored pos=(-2.65,0.26,1.56)
[Actor] idx=108 class=7 commonOff=45696 NumberOfLocalMailboxes=0
actor idx=108 mesh=shrimp_legs_far.iff mobility=Anchored pos=(-2.65,0.34,1.56)
[Actor] idx=109 class=7 commonOff=45696 NumberOfLocalMailboxes=0
actor idx=109 mesh=shrimp_antennae.iff mobility=Anchored pos=(-2.48,0.30,1.63)
[Actor] idx=110 class=7 commonOff=45696 NumberOfLocalMailboxes=0
actor idx=110 mesh=jelly_body.iff mobility=Anchored pos=(3.95,0.55,1.25)
[Actor] idx=111 class=7 commonOff=48492 NumberOfLocalMailboxes=0
actor idx=111 mesh=jelly_tail.iff mobility=Anchored pos=(3.83,0.55,1.38)
[Actor] idx=112 class=7 commonOff=45696 NumberOfLocalMailboxes=0
actor idx=112 mesh=jelly_legs_near.iff mobility=Anchored pos=(3.95,0.51,1.34)
[Actor] idx=113 class=7 commonOff=45696 NumberOfLocalMailboxes=0
actor idx=113 mesh=jelly_legs_far.iff mobility=Anchored pos=(3.95,0.59,1.34)
[Actor] idx=114 class=7 commonOff=45696 NumberOfLocalMailboxes=0
actor idx=114 mesh=jelly_antennae.iff mobility=Anchored pos=(4.13,0.55,1.41)
[Actor] idx=115 class=7 commonOff=45696 NumberOfLocalMailboxes=0
actor idx=115 mesh=shrimp_body.iff mobility=Anchored pos=(0.65,0.72,1.66)
[Actor] idx=116 class=7 commonOff=48536 NumberOfLocalMailboxes=0
actor idx=116 mesh=shrimp_tail.iff mobility=Anchored pos=(0.54,0.72,1.78)
[Actor] idx=117 class=7 commonOff=45696 NumberOfLocalMailboxes=0
actor idx=117 mesh=shrimp_legs_near.iff mobility=Anchored pos=(0.65,0.68,1.74)
[Actor] idx=118 class=7 commonOff=45696 NumberOfLocalMailboxes=0
actor idx=118 mesh=shrimp_legs_far.iff mobility=Anchored pos=(0.65,0.76,1.74)
[Actor] idx=119 class=7 commonOff=45696 NumberOfLocalMailboxes=0
actor idx=119 mesh=shrimp_antennae.iff mobility=Anchored pos=(0.82,0.72,1.80)
[Actor] idx=120 class=7 commonOff=45696 NumberOfLocalMailboxes=0
actor idx=120 mesh=jelly_body.iff mobility=Anchored pos=(-0.80,-0.25,2.10)
[Actor] idx=121 class=7 commonOff=48580 NumberOfLocalMailboxes=0
actor idx=121 mesh=jelly_tail.iff mobility=Anchored pos=(-0.93,-0.25,2.24)
[Actor] idx=122 class=7 commonOff=45696 NumberOfLocalMailboxes=0
actor idx=122 mesh=jelly_legs_near.iff mobility=Anchored pos=(-0.80,-0.29,2.19)
[Actor] idx=123 class=7 commonOff=45696 NumberOfLocalMailboxes=0
actor idx=123 mesh=jelly_legs_far.iff mobility=Anchored pos=(-0.80,-0.21,2.19)
[Actor] idx=124 class=7 commonOff=45696 NumberOfLocalMailboxes=0
actor idx=124 mesh=jelly_antennae.iff mobility=Anchored pos=(-0.60,-0.25,2.26)
[Actor] idx=125 class=7 commonOff=45696 NumberOfLocalMailboxes=0
actor idx=125 mesh=shrimp_body.iff mobility=Anchored pos=(2.40,0.35,2.80)
[Actor] idx=126 class=7 commonOff=48624 NumberOfLocalMailboxes=0
actor idx=126 mesh=shrimp_tail.iff mobility=Anchored pos=(2.28,0.35,2.93)
[Actor] idx=127 class=7 commonOff=45696 NumberOfLocalMailboxes=0
actor idx=127 mesh=shrimp_legs_near.iff mobility=Anchored pos=(2.40,0.31,2.89)
[Actor] idx=128 class=7 commonOff=45696 NumberOfLocalMailboxes=0
actor idx=128 mesh=shrimp_legs_far.iff mobility=Anchored pos=(2.40,0.39,2.89)
[Actor] idx=129 class=7 commonOff=45696 NumberOfLocalMailboxes=0
actor idx=129 mesh=shrimp_antennae.iff mobility=Anchored pos=(2.59,0.35,2.96)
[Actor] idx=130 class=5 commonOff=45696 NumberOfLocalMailboxes=0
actor idx=130 mesh=tank_base.iff mobility=Anchored pos=(0.00,0.00,0.00)
jolt: body STATIC pos=(0.00,0.00,0.00) half=(6.10,1.65,0.12) id=8388608
[Actor] idx=131 class=5 commonOff=45696 NumberOfLocalMailboxes=0
actor idx=131 mesh=water_back_0.iff mobility=Anchored pos=(0.00,0.00,0.00)
jolt: body STATIC pos=(0.00,1.53,0.81) half=(5.97,0.12,0.17) id=8388609
[Actor] idx=132 class=5 commonOff=45696 NumberOfLocalMailboxes=0
actor idx=132 mesh=water_back_1.iff mobility=Anchored pos=(0.00,0.00,0.00)
jolt: body STATIC pos=(0.00,1.53,1.16) half=(5.97,0.12,0.17) id=8388610
[Actor] idx=133 class=5 commonOff=45696 NumberOfLocalMailboxes=0
actor idx=133 mesh=water_back_2.iff mobility=Anchored pos=(0.00,0.00,0.00)
jolt: body STATIC pos=(0.00,1.53,1.51) half=(5.97,0.12,0.17) id=8388611
[Actor] idx=134 class=5 commonOff=45696 NumberOfLocalMailboxes=0
actor idx=134 mesh=water_back_3.iff mobility=Anchored pos=(0.00,0.00,0.00)
jolt: body STATIC pos=(0.00,1.53,1.86) half=(5.97,0.12,0.17) id=8388612
[Actor] idx=135 class=5 commonOff=45696 NumberOfLocalMailboxes=0
actor idx=135 mesh=water_back_4.iff mobility=Anchored pos=(0.00,0.00,0.00)
jolt: body STATIC pos=(0.00,1.53,2.21) half=(5.97,0.12,0.17) id=8388613
[Actor] idx=136 class=5 commonOff=45696 NumberOfLocalMailboxes=0
actor idx=136 mesh=water_back_5.iff mobility=Anchored pos=(0.00,0.00,0.00)
jolt: body STATIC pos=(0.00,1.53,2.56) half=(5.97,0.12,0.17) id=8388614
[Actor] idx=137 class=5 commonOff=45696 NumberOfLocalMailboxes=0
actor idx=137 mesh=water_back_6.iff mobility=Anchored pos=(0.00,0.00,0.00)
jolt: body STATIC pos=(0.00,1.53,2.91) half=(5.97,0.12,0.17) id=8388615
[Actor] idx=138 class=5 commonOff=45696 NumberOfLocalMailboxes=0
actor idx=138 mesh=water_back_7.iff mobility=Anchored pos=(0.00,0.00,0.00)
jolt: body STATIC pos=(0.00,1.53,3.25) half=(5.97,0.12,0.17) id=8388616
[Actor] idx=139 class=5 commonOff=45696 NumberOfLocalMailboxes=0
actor idx=139 mesh=water_back_8.iff mobility=Anchored pos=(0.00,0.00,0.00)
jolt: body STATIC pos=(0.00,1.53,3.60) half=(5.97,0.12,0.17) id=8388617
[Actor] idx=140 class=5 commonOff=45696 NumberOfLocalMailboxes=0
actor idx=140 mesh=water_back_9.iff mobility=Anchored pos=(0.00,0.00,0.00)
jolt: body STATIC pos=(0.00,1.53,3.95) half=(5.97,0.12,0.17) id=8388618
[Actor] idx=141 class=5 commonOff=45696 NumberOfLocalMailboxes=0
actor idx=141 mesh=water_back_10.iff mobility=Anchored pos=(0.00,0.00,0.00)
jolt: body STATIC pos=(0.00,1.53,4.30) half=(5.97,0.12,0.17) id=8388619
[Actor] idx=142 class=5 commonOff=45696 NumberOfLocalMailboxes=0
actor idx=142 mesh=water_back_11.iff mobility=Anchored pos=(0.00,0.00,0.00)
jolt: body STATIC pos=(0.00,1.53,4.65) half=(5.97,0.12,0.17) id=8388620
[Actor] idx=143 class=5 commonOff=45696 NumberOfLocalMailboxes=0
actor idx=143 mesh=back_air.iff mobility=Anchored pos=(0.00,0.00,0.00)
jolt: body STATIC pos=(0.00,1.53,5.08) half=(6.10,0.12,0.25) id=8388621
[Actor] idx=144 class=5 commonOff=45696 NumberOfLocalMailboxes=0
actor idx=144 mesh=tank_end__1.iff mobility=Anchored pos=(0.00,0.00,0.00)
jolt: body STATIC pos=(-6.09,0.00,2.67) half=(0.12,1.65,2.67) id=8388622
[Actor] idx=145 class=5 commonOff=45696 NumberOfLocalMailboxes=0
actor idx=145 mesh=tank_end_1.iff mobility=Anchored pos=(0.00,0.00,0.00)
jolt: body STATIC pos=(5.97,0.00,2.67) half=(0.12,1.65,2.67) id=8388623
[Actor] idx=146 class=5 commonOff=45696 NumberOfLocalMailboxes=0
actor idx=146 mesh=front_collider.iff mobility=Anchored pos=(0.00,0.00,0.00)
jolt: body STATIC pos=(0.00,-1.78,2.67) half=(6.10,0.12,2.67) id=8388624
[Actor] idx=147 class=5 commonOff=45696 NumberOfLocalMailboxes=0
actor idx=147 mesh=tank_rim.iff mobility=Anchored pos=(0.00,0.00,0.00)
jolt: body STATIC pos=(0.00,0.00,5.31) half=(6.15,1.70,0.12) id=8388625
[Actor] idx=148 class=5 commonOff=48776 NumberOfLocalMailboxes=0
actor idx=148 mesh=sand.iff mobility=Anchored pos=(0.00,0.00,0.00)
jolt: body STATIC pos=(0.00,0.00,0.38) half=(5.97,1.52,0.25) id=8388626
[Actor] idx=149 class=5 commonOff=48820 NumberOfLocalMailboxes=0
actor idx=149 mesh=rock_0.iff mobility=Anchored pos=(-2.65,0.30,0.63)
jolt: body STATIC pos=(-2.63,0.30,1.06) half=(0.66,0.64,0.42) id=8388627
[Actor] idx=150 class=5 commonOff=48864 NumberOfLocalMailboxes=0
actor idx=150 mesh=rock_1.iff mobility=Anchored pos=(-1.75,0.50,0.63)
jolt: body STATIC pos=(-1.74,0.50,0.93) half=(0.47,0.47,0.30) id=8388628
[Actor] idx=151 class=5 commonOff=48908 NumberOfLocalMailboxes=0
actor idx=151 mesh=rock_2.iff mobility=Anchored pos=(3.95,0.55,0.63)
jolt: body STATIC pos=(3.97,0.55,0.94) half=(0.70,0.59,0.31) id=8388629
[Actor] idx=152 class=5 commonOff=45696 NumberOfLocalMailboxes=0
actor idx=152 mesh=branching_wood.iff mobility=Anchored pos=(0.00,0.00,0.00)
jolt: body STATIC pos=(0.61,0.77,1.30) half=(1.40,0.23,0.80) id=8388630
[Actor] idx=153 class=7 commonOff=45696 NumberOfLocalMailboxes=0
actor idx=153 mesh=plants.iff mobility=Anchored pos=(0.00,0.00,0.00)
[Actor] idx=154 class=7 commonOff=45696 NumberOfLocalMailboxes=0
actor idx=154 mesh=moss_patches.iff mobility=Anchored pos=(0.00,0.00,0.00)
[Actor] idx=155 class=5 commonOff=45696 NumberOfLocalMailboxes=0
actor idx=155 mesh=stand.iff mobility=Anchored pos=(0.00,0.00,0.00)
jolt: body STATIC pos=(0.00,0.00,-1.26) half=(6.25,1.80,1.24) id=8388631
[Actor] idx=156 class=5 commonOff=45696 NumberOfLocalMailboxes=0
actor idx=156 mesh=room_backdrop.iff mobility=Anchored pos=(0.00,0.00,0.00)
jolt: body STATIC pos=(0.00,2.97,5.00) half=(20.00,0.12,10.00) id=8388632
[Actor] idx=157 class=23 commonOff=45696 NumberOfLocalMailboxes=0
actor idx=157 mesh=(none) mobility=Anchored pos=(0.00,-20.00,1.00)
[Actor] idx=158 class=3 commonOff=45696 NumberOfLocalMailboxes=0
actor idx=158 mesh=(none) mobility=Anchored pos=(2.00,-0.40,0.95)
[Actor] idx=159 class=16 commonOff=45696 NumberOfLocalMailboxes=0
actor idx=159 mesh=(none) mobility=Anchored pos=(2.00,-3.70,1.30)
LMalloc of 20 not 8-byte aligned, rounding up
DMalloc of 318 not 8-byte aligned, rounding up
DMalloc of 404 not 8-byte aligned, rounding up
DMalloc of 700 not 8-byte aligned, rounding up
DMalloc of 708 not 8-byte aligned, rounding up
DMalloc of 404 not 8-byte aligned, rounding up
Walking from 0
0->0
0->0
LMalloc of 20 not 8-byte aligned, rounding up
LMalloc of 20 not 8-byte aligned, rounding up
ASS closed without all data read (bytesLeft = 4118)
ASS closed without all data read (bytesLeft = 4118)
ASS closed without all data read (bytesLeft = 64)
ASS closed without all data read (bytesLeft = 16)
ASS closed without all data read (bytesLeft = 5628)
ASS closed without all data read (bytesLeft = 6116)
ASS closed without all data read (bytesLeft = 3500)
ASS closed without all data read (bytesLeft = 3500)
ASS closed without all data read (bytesLeft = 2668)
ASS closed without all data read (bytesLeft = 5012)
ASS closed without all data read (bytesLeft = 4164)
ASS closed without all data read (bytesLeft = 3476)
ASS closed without all data read (bytesLeft = 3476)
ASS closed without all data read (bytesLeft = 2644)
ASS closed without all data read (bytesLeft = 588)
ASS closed without all data read (bytesLeft = 588)
ASS closed without all data read (bytesLeft = 588)
ASS closed without all data read (bytesLeft = 588)
ASS closed without all data read (bytesLeft = 588)
ASS closed without all data read (bytesLeft = 588)
ASS closed without all data read (bytesLeft = 588)
ASS closed without all data read (bytesLeft = 588)
ASS closed without all data read (bytesLeft = 588)
ASS closed without all data read (bytesLeft = 588)
ASS closed without all data read (bytesLeft = 588)
ASS closed without all data read (bytesLeft = 588)
ASS closed without all data read (bytesLeft = 588)
ASS closed without all data read (bytesLeft = 588)
ASS closed without all data read (bytesLeft = 588)
ASS closed without all data read (bytesLeft = 588)
ASS closed without all data read (bytesLeft = 588)
ASS closed without all data read (bytesLeft = 1452)
ASS closed without all data read (bytesLeft = 18060)
ASS closed without all data read (bytesLeft = 1252)
ASS closed without all data read (bytesLeft = 1252)
ASS closed without all data read (bytesLeft = 1252)
ASS closed without all data read (bytesLeft = 3916)
ASS closed without all data read (bytesLeft = 114444)
ASS closed without all data read (bytesLeft = 28212)
ASS closed without all data read (bytesLeft = 588)
ASS closed without all data read (bytesLeft = 588)
PixelMap::Load: this = 0x7a783a927c18
PixelMap::Load: this = 0x7a783a927c58
LMalloc of 76 not 8-byte aligned, rounding up
LMalloc of 28 not 8-byte aligned, rounding up
LMalloc of 76 not 8-byte aligned, rounding up
LMalloc of 28 not 8-byte aligned, rounding up
LMalloc of 2996 not 8-byte aligned, rounding up
RenderActor3DAnimates constructed with no animations!
material: texture="blue_jelly.tga"  bTranslucent=0  bitdepth=15  flags_in=0x2
material: texture="blue_jelly.tga"  bTranslucent=0  bitdepth=15  flags_in=0x2
material: texture="blue_jelly.tga"  bTranslucent=0  bitdepth=15  flags_in=0x2
material: texture="blue_jelly.tga"  bTranslucent=0  bitdepth=15  flags_in=0x2
LMalloc of 2996 not 8-byte aligned, rounding up
RenderActor3DAnimates constructed with no animations!
material: texture="blue_jelly.tga"  bTranslucent=0  bitdepth=15  flags_in=0x2
material: texture="blue_jelly.tga"  bTranslucent=0  bitdepth=15  flags_in=0x2
material: texture="blue_jelly.tga"  bTranslucent=0  bitdepth=15  flags_in=0x2
material: texture="blue_jelly.tga"  bTranslucent=0  bitdepth=15  flags_in=0x2
LMalloc of 2916 not 8-byte aligned, rounding up
RenderActor3DAnimates constructed with no animations!
material: texture="blue_jelly.tga"  bTranslucent=0  bitdepth=15  flags_in=0x2
material: texture="blue_jelly.tga"  bTranslucent=0  bitdepth=15  flags_in=0x2
LMalloc of 2276 not 8-byte aligned, rounding up
RenderActor3DAnimates constructed with no animations!
material: texture="blue_jelly.tga"  bTranslucent=0  bitdepth=15  flags_in=0x2
material: texture="blue_jelly.tga"  bTranslucent=0  bitdepth=15  flags_in=0x2
LMalloc of 2276 not 8-byte aligned, rounding up
RenderActor3DAnimates constructed with no animations!
material: texture="blue_jelly.tga"  bTranslucent=0  bitdepth=15  flags_in=0x2
material: texture="blue_jelly.tga"  bTranslucent=0  bitdepth=15  flags_in=0x2
LMalloc of 1636 not 8-byte aligned, rounding up
RenderActor3DAnimates constructed with no animations!
LMalloc of 2996 not 8-byte aligned, rounding up
RenderActor3DAnimates constructed with no animations!
LMalloc of 2916 not 8-byte aligned, rounding up
RenderActor3DAnimates constructed with no animations!
LMalloc of 2276 not 8-byte aligned, rounding up
RenderActor3DAnimates constructed with no animations!
LMalloc of 2276 not 8-byte aligned, rounding up
RenderActor3DAnimates constructed with no animations!
LMalloc of 1636 not 8-byte aligned, rounding up
RenderActor3DAnimates constructed with no animations!
material: texture="blue_jelly.tga"  bTranslucent=0  bitdepth=15  flags_in=0x2
material: texture="blue_jelly.tga"  bTranslucent=0  bitdepth=15  flags_in=0x2
material: texture="blue_jelly.tga"  bTranslucent=0  bitdepth=15  flags_in=0x2
material: texture="blue_jelly.tga"  bTranslucent=0  bitdepth=15  flags_in=0x2
LMalloc of 2996 not 8-byte aligned, rounding up
RenderActor3DAnimates constructed with no animations!
material: texture="blue_jelly.tga"  bTranslucent=0  bitdepth=15  flags_in=0x2
material: texture="blue_jelly.tga"  bTranslucent=0  bitdepth=15  flags_in=0x2
material: texture="blue_jelly.tga"  bTranslucent=0  bitdepth=15  flags_in=0x2
material: texture="blue_jelly.tga"  bTranslucent=0  bitdepth=15  flags_in=0x2
LMalloc of 2916 not 8-byte aligned, rounding up
RenderActor3DAnimates constructed with no animations!
material: texture="blue_jelly.tga"  bTranslucent=0  bitdepth=15  flags_in=0x2
material: texture="blue_jelly.tga"  bTranslucent=0  bitdepth=15  flags_in=0x2
LMalloc of 2276 not 8-byte aligned, rounding up
RenderActor3DAnimates constructed with no animations!
material: texture="blue_jelly.tga"  bTranslucent=0  bitdepth=15  flags_in=0x2
material: texture="blue_jelly.tga"  bTranslucent=0  bitdepth=15  flags_in=0x2
LMalloc of 2276 not 8-byte aligned, rounding up
RenderActor3DAnimates constructed with no animations!
material: texture="blue_jelly.tga"  bTranslucent=0  bitdepth=15  flags_in=0x2
material: texture="blue_jelly.tga"  bTranslucent=0  bitdepth=15  flags_in=0x2
LMalloc of 1636 not 8-byte aligned, rounding up
RenderActor3DAnimates constructed with no animations!
LMalloc of 2996 not 8-byte aligned, rounding up
RenderActor3DAnimates constructed with no animations!
LMalloc of 2916 not 8-byte aligned, rounding up
RenderActor3DAnimates constructed with no animations!
LMalloc of 2276 not 8-byte aligned, rounding up
RenderActor3DAnimates constructed with no animations!
LMalloc of 2276 not 8-byte aligned, rounding up
RenderActor3DAnimates constructed with no animations!
LMalloc of 1636 not 8-byte aligned, rounding up
RenderActor3DAnimates constructed with no animations!
material: texture="blue_jelly.tga"  bTranslucent=0  bitdepth=15  flags_in=0x2
material: texture="blue_jelly.tga"  bTranslucent=0  bitdepth=15  flags_in=0x2
material: texture="blue_jelly.tga"  bTranslucent=0  bitdepth=15  flags_in=0x2
material: texture="blue_jelly.tga"  bTranslucent=0  bitdepth=15  flags_in=0x2
LMalloc of 2996 not 8-byte aligned, rounding up
RenderActor3DAnimates constructed with no animations!
material: texture="blue_jelly.tga"  bTranslucent=0  bitdepth=15  flags_in=0x2
material: texture="blue_jelly.tga"  bTranslucent=0  bitdepth=15  flags_in=0x2
material: texture="blue_jelly.tga"  bTranslucent=0  bitdepth=15  flags_in=0x2
material: texture="blue_jelly.tga"  bTranslucent=0  bitdepth=15  flags_in=0x2
LMalloc of 2916 not 8-byte aligned, rounding up
RenderActor3DAnimates constructed with no animations!
material: texture="blue_jelly.tga"  bTranslucent=0  bitdepth=15  flags_in=0x2
material: texture="blue_jelly.tga"  bTranslucent=0  bitdepth=15  flags_in=0x2
LMalloc of 2276 not 8-byte aligned, rounding up
RenderActor3DAnimates constructed with no animations!
material: texture="blue_jelly.tga"  bTranslucent=0  bitdepth=15  flags_in=0x2
material: texture="blue_jelly.tga"  bTranslucent=0  bitdepth=15  flags_in=0x2
LMalloc of 2276 not 8-byte aligned, rounding up
RenderActor3DAnimates constructed with no animations!
material: texture="blue_jelly.tga"  bTranslucent=0  bitdepth=15  flags_in=0x2
material: texture="blue_jelly.tga"  bTranslucent=0  bitdepth=15  flags_in=0x2
LMalloc of 1636 not 8-byte aligned, rounding up
RenderActor3DAnimates constructed with no animations!
LMalloc of 2996 not 8-byte aligned, rounding up
RenderActor3DAnimates constructed with no animations!
LMalloc of 2916 not 8-byte aligned, rounding up
RenderActor3DAnimates constructed with no animations!
LMalloc of 2276 not 8-byte aligned, rounding up
RenderActor3DAnimates constructed with no animations!
LMalloc of 2276 not 8-byte aligned, rounding up
RenderActor3DAnimates constructed with no animations!
LMalloc of 1636 not 8-byte aligned, rounding up
RenderActor3DAnimates constructed with no animations!
material: texture="blue_jelly.tga"  bTranslucent=0  bitdepth=15  flags_in=0x2
material: texture="blue_jelly.tga"  bTranslucent=0  bitdepth=15  flags_in=0x2
material: texture="blue_jelly.tga"  bTranslucent=0  bitdepth=15  flags_in=0x2
material: texture="blue_jelly.tga"  bTranslucent=0  bitdepth=15  flags_in=0x2
LMalloc of 2996 not 8-byte aligned, rounding up
RenderActor3DAnimates constructed with no animations!
material: texture="blue_jelly.tga"  bTranslucent=0  bitdepth=15  flags_in=0x2
material: texture="blue_jelly.tga"  bTranslucent=0  bitdepth=15  flags_in=0x2
material: texture="blue_jelly.tga"  bTranslucent=0  bitdepth=15  flags_in=0x2
material: texture="blue_jelly.tga"  bTranslucent=0  bitdepth=15  flags_in=0x2
LMalloc of 2916 not 8-byte aligned, rounding up
RenderActor3DAnimates constructed with no animations!
material: texture="blue_jelly.tga"  bTranslucent=0  bitdepth=15  flags_in=0x2
material: texture="blue_jelly.tga"  bTranslucent=0  bitdepth=15  flags_in=0x2
LMalloc of 2276 not 8-byte aligned, rounding up
RenderActor3DAnimates constructed with no animations!
material: texture="blue_jelly.tga"  bTranslucent=0  bitdepth=15  flags_in=0x2
material: texture="blue_jelly.tga"  bTranslucent=0  bitdepth=15  flags_in=0x2
LMalloc of 2276 not 8-byte aligned, rounding up
RenderActor3DAnimates constructed with no animations!
material: texture="blue_jelly.tga"  bTranslucent=0  bitdepth=15  flags_in=0x2
material: texture="blue_jelly.tga"  bTranslucent=0  bitdepth=15  flags_in=0x2
LMalloc of 1636 not 8-byte aligned, rounding up
RenderActor3DAnimates constructed with no animations!
LMalloc of 2996 not 8-byte aligned, rounding up
RenderActor3DAnimates constructed with no animations!
LMalloc of 2916 not 8-byte aligned, rounding up
RenderActor3DAnimates constructed with no animations!
LMalloc of 2276 not 8-byte aligned, rounding up
RenderActor3DAnimates constructed with no animations!
LMalloc of 2276 not 8-byte aligned, rounding up
RenderActor3DAnimates constructed with no animations!
LMalloc of 1636 not 8-byte aligned, rounding up
RenderActor3DAnimates constructed with no animations!
material: texture="blue_jelly.tga"  bTranslucent=0  bitdepth=15  flags_in=0x2
material: texture="blue_jelly.tga"  bTranslucent=0  bitdepth=15  flags_in=0x2
material: texture="blue_jelly.tga"  bTranslucent=0  bitdepth=15  flags_in=0x2
material: texture="blue_jelly.tga"  bTranslucent=0  bitdepth=15  flags_in=0x2
LMalloc of 2996 not 8-byte aligned, rounding up
RenderActor3DAnimates constructed with no animations!
material: texture="blue_jelly.tga"  bTranslucent=0  bitdepth=15  flags_in=0x2
material: texture="blue_jelly.tga"  bTranslucent=0  bitdepth=15  flags_in=0x2
material: texture="blue_jelly.tga"  bTranslucent=0  bitdepth=15  flags_in=0x2
material: texture="blue_jelly.tga"  bTranslucent=0  bitdepth=15  flags_in=0x2
LMalloc of 2916 not 8-byte aligned, rounding up
RenderActor3DAnimates constructed with no animations!
material: texture="blue_jelly.tga"  bTranslucent=0  bitdepth=15  flags_in=0x2
material: texture="blue_jelly.tga"  bTranslucent=0  bitdepth=15  flags_in=0x2
LMalloc of 2276 not 8-byte aligned, rounding up
RenderActor3DAnimates constructed with no animations!
material: texture="blue_jelly.tga"  bTranslucent=0  bitdepth=15  flags_in=0x2
material: texture="blue_jelly.tga"  bTranslucent=0  bitdepth=15  flags_in=0x2
LMalloc of 2276 not 8-byte aligned, rounding up
RenderActor3DAnimates constructed with no animations!
material: texture="blue_jelly.tga"  bTranslucent=0  bitdepth=15  flags_in=0x2
material: texture="blue_jelly.tga"  bTranslucent=0  bitdepth=15  flags_in=0x2
LMalloc of 1636 not 8-byte aligned, rounding up
RenderActor3DAnimates constructed with no animations!
LMalloc of 2996 not 8-byte aligned, rounding up
RenderActor3DAnimates constructed with no animations!
LMalloc of 2916 not 8-byte aligned, rounding up
RenderActor3DAnimates constructed with no animations!
LMalloc of 2276 not 8-byte aligned, rounding up
RenderActor3DAnimates constructed with no animations!
LMalloc of 2276 not 8-byte aligned, rounding up
RenderActor3DAnimates constructed with no animations!
LMalloc of 1636 not 8-byte aligned, rounding up
RenderActor3DAnimates constructed with no animations!
material: texture="blue_jelly.tga"  bTranslucent=0  bitdepth=15  flags_in=0x2
material: texture="blue_jelly.tga"  bTranslucent=0  bitdepth=15  flags_in=0x2
material: texture="blue_jelly.tga"  bTranslucent=0  bitdepth=15  flags_in=0x2
material: texture="blue_jelly.tga"  bTranslucent=0  bitdepth=15  flags_in=0x2
LMalloc of 2996 not 8-byte aligned, rounding up
RenderActor3DAnimates constructed with no animations!
material: texture="blue_jelly.tga"  bTranslucent=0  bitdepth=15  flags_in=0x2
material: texture="blue_jelly.tga"  bTranslucent=0  bitdepth=15  flags_in=0x2
material: texture="blue_jelly.tga"  bTranslucent=0  bitdepth=15  flags_in=0x2
material: texture="blue_jelly.tga"  bTranslucent=0  bitdepth=15  flags_in=0x2
LMalloc of 2916 not 8-byte aligned, rounding up
RenderActor3DAnimates constructed with no animations!
material: texture="blue_jelly.tga"  bTranslucent=0  bitdepth=15  flags_in=0x2
material: texture="blue_jelly.tga"  bTranslucent=0  bitdepth=15  flags_in=0x2
LMalloc of 2276 not 8-byte aligned, rounding up
RenderActor3DAnimates constructed with no animations!
material: texture="blue_jelly.tga"  bTranslucent=0  bitdepth=15  flags_in=0x2
material: texture="blue_jelly.tga"  bTranslucent=0  bitdepth=15  flags_in=0x2
LMalloc of 2276 not 8-byte aligned, rounding up
RenderActor3DAnimates constructed with no animations!
material: texture="blue_jelly.tga"  bTranslucent=0  bitdepth=15  flags_in=0x2
material: texture="blue_jelly.tga"  bTranslucent=0  bitdepth=15  flags_in=0x2
LMalloc of 1636 not 8-byte aligned, rounding up
RenderActor3DAnimates constructed with no animations!
LMalloc of 2996 not 8-byte aligned, rounding up
RenderActor3DAnimates constructed with no animations!
LMalloc of 2916 not 8-byte aligned, rounding up
RenderActor3DAnimates constructed with no animations!
LMalloc of 2276 not 8-byte aligned, rounding up
RenderActor3DAnimates constructed with no animations!
LMalloc of 2276 not 8-byte aligned, rounding up
RenderActor3DAnimates constructed with no animations!
LMalloc of 1636 not 8-byte aligned, rounding up
RenderActor3DAnimates constructed with no animations!
material: texture="blue_jelly.tga"  bTranslucent=0  bitdepth=15  flags_in=0x2
material: texture="blue_jelly.tga"  bTranslucent=0  bitdepth=15  flags_in=0x2
material: texture="blue_jelly.tga"  bTranslucent=0  bitdepth=15  flags_in=0x2
material: texture="blue_jelly.tga"  bTranslucent=0  bitdepth=15  flags_in=0x2
LMalloc of 2996 not 8-byte aligned, rounding up
RenderActor3DAnimates constructed with no animations!
material: texture="blue_jelly.tga"  bTranslucent=0  bitdepth=15  flags_in=0x2
material: texture="blue_jelly.tga"  bTranslucent=0  bitdepth=15  flags_in=0x2
material: texture="blue_jelly.tga"  bTranslucent=0  bitdepth=15  flags_in=0x2
material: texture="blue_jelly.tga"  bTranslucent=0  bitdepth=15  flags_in=0x2
LMalloc of 2916 not 8-byte aligned, rounding up
RenderActor3DAnimates constructed with no animations!
material: texture="blue_jelly.tga"  bTranslucent=0  bitdepth=15  flags_in=0x2
material: texture="blue_jelly.tga"  bTranslucent=0  bitdepth=15  flags_in=0x2
LMalloc of 2276 not 8-byte aligned, rounding up
RenderActor3DAnimates constructed with no animations!
material: texture="blue_jelly.tga"  bTranslucent=0  bitdepth=15  flags_in=0x2
material: texture="blue_jelly.tga"  bTranslucent=0  bitdepth=15  flags_in=0x2
LMalloc of 2276 not 8-byte aligned, rounding up
RenderActor3DAnimates constructed with no animations!
material: texture="blue_jelly.tga"  bTranslucent=0  bitdepth=15  flags_in=0x2
material: texture="blue_jelly.tga"  bTranslucent=0  bitdepth=15  flags_in=0x2
LMalloc of 1636 not 8-byte aligned, rounding up
RenderActor3DAnimates constructed with no animations!
LMalloc of 2996 not 8-byte aligned, rounding up
RenderActor3DAnimates constructed with no animations!
LMalloc of 2916 not 8-byte aligned, rounding up
RenderActor3DAnimates constructed with no animations!
LMalloc of 2276 not 8-byte aligned, rounding up
RenderActor3DAnimates constructed with no animations!
LMalloc of 2276 not 8-byte aligned, rounding up
RenderActor3DAnimates constructed with no animations!
LMalloc of 1636 not 8-byte aligned, rounding up
RenderActor3DAnimates constructed with no animations!
material: texture="blue_jelly.tga"  bTranslucent=0  bitdepth=15  flags_in=0x2
material: texture="blue_jelly.tga"  bTranslucent=0  bitdepth=15  flags_in=0x2
material: texture="blue_jelly.tga"  bTranslucent=0  bitdepth=15  flags_in=0x2
material: texture="blue_jelly.tga"  bTranslucent=0  bitdepth=15  flags_in=0x2
LMalloc of 2996 not 8-byte aligned, rounding up
RenderActor3DAnimates constructed with no animations!
material: texture="blue_jelly.tga"  bTranslucent=0  bitdepth=15  flags_in=0x2
material: texture="blue_jelly.tga"  bTranslucent=0  bitdepth=15  flags_in=0x2
material: texture="blue_jelly.tga"  bTranslucent=0  bitdepth=15  flags_in=0x2
material: texture="blue_jelly.tga"  bTranslucent=0  bitdepth=15  flags_in=0x2
LMalloc of 2916 not 8-byte aligned, rounding up
RenderActor3DAnimates constructed with no animations!
material: texture="blue_jelly.tga"  bTranslucent=0  bitdepth=15  flags_in=0x2
material: texture="blue_jelly.tga"  bTranslucent=0  bitdepth=15  flags_in=0x2
LMalloc of 2276 not 8-byte aligned, rounding up
RenderActor3DAnimates constructed with no animations!
material: texture="blue_jelly.tga"  bTranslucent=0  bitdepth=15  flags_in=0x2
material: texture="blue_jelly.tga"  bTranslucent=0  bitdepth=15  flags_in=0x2
LMalloc of 2276 not 8-byte aligned, rounding up
RenderActor3DAnimates constructed with no animations!
material: texture="blue_jelly.tga"  bTranslucent=0  bitdepth=15  flags_in=0x2
material: texture="blue_jelly.tga"  bTranslucent=0  bitdepth=15  flags_in=0x2
LMalloc of 1636 not 8-byte aligned, rounding up
RenderActor3DAnimates constructed with no animations!
LMalloc of 2996 not 8-byte aligned, rounding up
RenderActor3DAnimates constructed with no animations!
LMalloc of 2916 not 8-byte aligned, rounding up
RenderActor3DAnimates constructed with no animations!
LMalloc of 2276 not 8-byte aligned, rounding up
RenderActor3DAnimates constructed with no animations!
LMalloc of 2276 not 8-byte aligned, rounding up
RenderActor3DAnimates constructed with no animations!
LMalloc of 1636 not 8-byte aligned, rounding up
RenderActor3DAnimates constructed with no animations!
material: texture="blue_jelly.tga"  bTranslucent=0  bitdepth=15  flags_in=0x2
material: texture="blue_jelly.tga"  bTranslucent=0  bitdepth=15  flags_in=0x2
material: texture="blue_jelly.tga"  bTranslucent=0  bitdepth=15  flags_in=0x2
material: texture="blue_jelly.tga"  bTranslucent=0  bitdepth=15  flags_in=0x2
LMalloc of 2996 not 8-byte aligned, rounding up
RenderActor3DAnimates constructed with no animations!
material: texture="blue_jelly.tga"  bTranslucent=0  bitdepth=15  flags_in=0x2
material: texture="blue_jelly.tga"  bTranslucent=0  bitdepth=15  flags_in=0x2
material: texture="blue_jelly.tga"  bTranslucent=0  bitdepth=15  flags_in=0x2
material: texture="blue_jelly.tga"  bTranslucent=0  bitdepth=15  flags_in=0x2
LMalloc of 2916 not 8-byte aligned, rounding up
RenderActor3DAnimates constructed with no animations!
material: texture="blue_jelly.tga"  bTranslucent=0  bitdepth=15  flags_in=0x2
material: texture="blue_jelly.tga"  bTranslucent=0  bitdepth=15  flags_in=0x2
LMalloc of 2276 not 8-byte aligned, rounding up
RenderActor3DAnimates constructed with no animations!
material: texture="blue_jelly.tga"  bTranslucent=0  bitdepth=15  flags_in=0x2
material: texture="blue_jelly.tga"  bTranslucent=0  bitdepth=15  flags_in=0x2
LMalloc of 2276 not 8-byte aligned, rounding up
RenderActor3DAnimates constructed with no animations!
material: texture="blue_jelly.tga"  bTranslucent=0  bitdepth=15  flags_in=0x2
material: texture="blue_jelly.tga"  bTranslucent=0  bitdepth=15  flags_in=0x2
LMalloc of 1636 not 8-byte aligned, rounding up
RenderActor3DAnimates constructed with no animations!
LMalloc of 2996 not 8-byte aligned, rounding up
RenderActor3DAnimates constructed with no animations!
LMalloc of 2916 not 8-byte aligned, rounding up
RenderActor3DAnimates constructed with no animations!
LMalloc of 2276 not 8-byte aligned, rounding up
RenderActor3DAnimates constructed with no animations!
LMalloc of 2276 not 8-byte aligned, rounding up
RenderActor3DAnimates constructed with no animations!
LMalloc of 1636 not 8-byte aligned, rounding up
RenderActor3DAnimates constructed with no animations!
material: texture="blue_jelly.tga"  bTranslucent=0  bitdepth=15  flags_in=0x2
material: texture="blue_jelly.tga"  bTranslucent=0  bitdepth=15  flags_in=0x2
material: texture="blue_jelly.tga"  bTranslucent=0  bitdepth=15  flags_in=0x2
material: texture="blue_jelly.tga"  bTranslucent=0  bitdepth=15  flags_in=0x2
LMalloc of 2996 not 8-byte aligned, rounding up
RenderActor3DAnimates constructed with no animations!
material: texture="blue_jelly.tga"  bTranslucent=0  bitdepth=15  flags_in=0x2
material: texture="blue_jelly.tga"  bTranslucent=0  bitdepth=15  flags_in=0x2
material: texture="blue_jelly.tga"  bTranslucent=0  bitdepth=15  flags_in=0x2
material: texture="blue_jelly.tga"  bTranslucent=0  bitdepth=15  flags_in=0x2
LMalloc of 2916 not 8-byte aligned, rounding up
RenderActor3DAnimates constructed with no animations!
material: texture="blue_jelly.tga"  bTranslucent=0  bitdepth=15  flags_in=0x2
material: texture="blue_jelly.tga"  bTranslucent=0  bitdepth=15  flags_in=0x2
LMalloc of 2276 not 8-byte aligned, rounding up
RenderActor3DAnimates constructed with no animations!
material: texture="blue_jelly.tga"  bTranslucent=0  bitdepth=15  flags_in=0x2
material: texture="blue_jelly.tga"  bTranslucent=0  bitdepth=15  flags_in=0x2
LMalloc of 2276 not 8-byte aligned, rounding up
RenderActor3DAnimates constructed with no animations!
material: texture="blue_jelly.tga"  bTranslucent=0  bitdepth=15  flags_in=0x2
material: texture="blue_jelly.tga"  bTranslucent=0  bitdepth=15  flags_in=0x2
LMalloc of 1636 not 8-byte aligned, rounding up
RenderActor3DAnimates constructed with no animations!
LMalloc of 2996 not 8-byte aligned, rounding up
RenderActor3DAnimates constructed with no animations!
LMalloc of 2916 not 8-byte aligned, rounding up
RenderActor3DAnimates constructed with no animations!
LMalloc of 2276 not 8-byte aligned, rounding up
RenderActor3DAnimates constructed with no animations!
LMalloc of 2276 not 8-byte aligned, rounding up
RenderActor3DAnimates constructed with no animations!
LMalloc of 1636 not 8-byte aligned, rounding up
RenderActor3DAnimates constructed with no animations!
material: texture="blue_jelly.tga"  bTranslucent=0  bitdepth=15  flags_in=0x2
material: texture="blue_jelly.tga"  bTranslucent=0  bitdepth=15  flags_in=0x2
material: texture="blue_jelly.tga"  bTranslucent=0  bitdepth=15  flags_in=0x2
material: texture="blue_jelly.tga"  bTranslucent=0  bitdepth=15  flags_in=0x2
LMalloc of 2996 not 8-byte aligned, rounding up
RenderActor3DAnimates constructed with no animations!
material: texture="blue_jelly.tga"  bTranslucent=0  bitdepth=15  flags_in=0x2
material: texture="blue_jelly.tga"  bTranslucent=0  bitdepth=15  flags_in=0x2
material: texture="blue_jelly.tga"  bTranslucent=0  bitdepth=15  flags_in=0x2
material: texture="blue_jelly.tga"  bTranslucent=0  bitdepth=15  flags_in=0x2
LMalloc of 2916 not 8-byte aligned, rounding up
RenderActor3DAnimates constructed with no animations!
material: texture="blue_jelly.tga"  bTranslucent=0  bitdepth=15  flags_in=0x2
material: texture="blue_jelly.tga"  bTranslucent=0  bitdepth=15  flags_in=0x2
LMalloc of 2276 not 8-byte aligned, rounding up
RenderActor3DAnimates constructed with no animations!
material: texture="blue_jelly.tga"  bTranslucent=0  bitdepth=15  flags_in=0x2
material: texture="blue_jelly.tga"  bTranslucent=0  bitdepth=15  flags_in=0x2
LMalloc of 2276 not 8-byte aligned, rounding up
RenderActor3DAnimates constructed with no animations!
material: texture="blue_jelly.tga"  bTranslucent=0  bitdepth=15  flags_in=0x2
material: texture="blue_jelly.tga"  bTranslucent=0  bitdepth=15  flags_in=0x2
LMalloc of 1636 not 8-byte aligned, rounding up
RenderActor3DAnimates constructed with no animations!
LMalloc of 2996 not 8-byte aligned, rounding up
RenderActor3DAnimates constructed with no animations!
LMalloc of 2916 not 8-byte aligned, rounding up
RenderActor3DAnimates constructed with no animations!
LMalloc of 2276 not 8-byte aligned, rounding up
RenderActor3DAnimates constructed with no animations!
LMalloc of 2276 not 8-byte aligned, rounding up
RenderActor3DAnimates constructed with no animations!
LMalloc of 1636 not 8-byte aligned, rounding up
RenderActor3DAnimates constructed with no animations!
material: texture="blue_jelly.tga"  bTranslucent=0  bitdepth=15  flags_in=0x2
material: texture="blue_jelly.tga"  bTranslucent=0  bitdepth=15  flags_in=0x2
material: texture="blue_jelly.tga"  bTranslucent=0  bitdepth=15  flags_in=0x2
material: texture="blue_jelly.tga"  bTranslucent=0  bitdepth=15  flags_in=0x2
LMalloc of 2996 not 8-byte aligned, rounding up
RenderActor3DAnimates constructed with no animations!
material: texture="blue_jelly.tga"  bTranslucent=0  bitdepth=15  flags_in=0x2
material: texture="blue_jelly.tga"  bTranslucent=0  bitdepth=15  flags_in=0x2
material: texture="blue_jelly.tga"  bTranslucent=0  bitdepth=15  flags_in=0x2
material: texture="blue_jelly.tga"  bTranslucent=0  bitdepth=15  flags_in=0x2
LMalloc of 2916 not 8-byte aligned, rounding up
RenderActor3DAnimates constructed with no animations!
material: texture="blue_jelly.tga"  bTranslucent=0  bitdepth=15  flags_in=0x2
material: texture="blue_jelly.tga"  bTranslucent=0  bitdepth=15  flags_in=0x2
LMalloc of 2276 not 8-byte aligned, rounding up
RenderActor3DAnimates constructed with no animations!
material: texture="blue_jelly.tga"  bTranslucent=0  bitdepth=15  flags_in=0x2
material: texture="blue_jelly.tga"  bTranslucent=0  bitdepth=15  flags_in=0x2
LMalloc of 2276 not 8-byte aligned, rounding up
RenderActor3DAnimates constructed with no animations!
material: texture="blue_jelly.tga"  bTranslucent=0  bitdepth=15  flags_in=0x2
material: texture="blue_jelly.tga"  bTranslucent=0  bitdepth=15  flags_in=0x2
LMalloc of 1636 not 8-byte aligned, rounding up
RenderActor3DAnimates constructed with no animations!
LMalloc of 2996 not 8-byte aligned, rounding up
RenderActor3DAnimates constructed with no animations!
LMalloc of 2916 not 8-byte aligned, rounding up
RenderActor3DAnimates constructed with no animations!
LMalloc of 2276 not 8-byte aligned, rounding up
RenderActor3DAnimates constructed with no animations!
LMalloc of 2276 not 8-byte aligned, rounding up
RenderActor3DAnimates constructed with no animations!
LMalloc of 1636 not 8-byte aligned, rounding up
RenderActor3DAnimates constructed with no animations!
LMalloc of 276 not 8-byte aligned, rounding up
RenderActor3DAnimates constructed with no animations!
MATL closed without all data read (bytesLeft = 264)
jolt: mesh actor_pos=(0.000,0.000,0.000)
jolt: mesh v0 local=(-6.096,-1.651,0.000) world=(-6.096,-1.651,0.000)
jolt: mesh v1 local=(-6.096,-1.651,0.127) world=(-6.096,-1.651,0.127)
jolt: mesh v2 local=(-6.096,1.651,0.000) world=(-6.096,1.651,0.000)
jolt: mesh v3 local=(-6.096,1.651,0.127) world=(-6.096,1.651,0.127)
jolt: mesh v4 local=(6.096,-1.651,0.000) world=(6.096,-1.651,0.000)
jolt: mesh v5 local=(6.096,-1.651,0.127) world=(6.096,-1.651,0.127)
jolt: mesh v6 local=(6.096,1.651,0.000) world=(6.096,1.651,0.000)
jolt: mesh v7 local=(6.096,1.651,0.127) world=(6.096,1.651,0.127)
jolt: body MESH_STATIC verts=8 faces=12 id=16777216
LMalloc of 276 not 8-byte aligned, rounding up
RenderActor3DAnimates constructed with no animations!
MATL closed without all data read (bytesLeft = 264)
jolt: mesh actor_pos=(0.000,0.000,0.000)
jolt: mesh v0 local=(-5.969,1.524,0.635) world=(-5.969,1.524,0.635)
jolt: mesh v1 local=(-5.969,1.524,0.984) world=(-5.969,1.524,0.984)
jolt: mesh v2 local=(-5.969,1.651,0.635) world=(-5.969,1.651,0.635)
jolt: mesh v3 local=(-5.969,1.651,0.984) world=(-5.969,1.651,0.984)
jolt: mesh v4 local=(5.969,1.524,0.635) world=(5.969,1.524,0.635)
jolt: mesh v5 local=(5.969,1.524,0.984) world=(5.969,1.524,0.984)
jolt: mesh v6 local=(5.969,1.651,0.635) world=(5.969,1.651,0.635)
jolt: mesh v7 local=(5.969,1.651,0.984) world=(5.969,1.651,0.984)
jolt: body MESH_STATIC verts=8 faces=12 id=16777217
LMalloc of 276 not 8-byte aligned, rounding up
RenderActor3DAnimates constructed with no animations!
MATL closed without all data read (bytesLeft = 264)
jolt: mesh actor_pos=(0.000,0.000,0.000)
jolt: mesh v0 local=(-5.969,1.524,0.984) world=(-5.969,1.524,0.984)
jolt: mesh v1 local=(-5.969,1.524,1.333) world=(-5.969,1.524,1.333)
jolt: mesh v2 local=(-5.969,1.651,0.984) world=(-5.969,1.651,0.984)
jolt: mesh v3 local=(-5.969,1.651,1.333) world=(-5.969,1.651,1.333)
jolt: mesh v4 local=(5.969,1.524,0.984) world=(5.969,1.524,0.984)
jolt: mesh v5 local=(5.969,1.524,1.333) world=(5.969,1.524,1.333)
jolt: mesh v6 local=(5.969,1.651,0.984) world=(5.969,1.651,0.984)
jolt: mesh v7 local=(5.969,1.651,1.333) world=(5.969,1.651,1.333)
jolt: body MESH_STATIC verts=8 faces=12 id=16777218
LMalloc of 276 not 8-byte aligned, rounding up
RenderActor3DAnimates constructed with no animations!
MATL closed without all data read (bytesLeft = 264)
jolt: mesh actor_pos=(0.000,0.000,0.000)
jolt: mesh v0 local=(-5.969,1.524,1.333) world=(-5.969,1.524,1.333)
jolt: mesh v1 local=(-5.969,1.524,1.683) world=(-5.969,1.524,1.683)
jolt: mesh v2 local=(-5.969,1.651,1.333) world=(-5.969,1.651,1.333)
jolt: mesh v3 local=(-5.969,1.651,1.683) world=(-5.969,1.651,1.683)
jolt: mesh v4 local=(5.969,1.524,1.333) world=(5.969,1.524,1.333)
jolt: mesh v5 local=(5.969,1.524,1.683) world=(5.969,1.524,1.683)
jolt: mesh v6 local=(5.969,1.651,1.333) world=(5.969,1.651,1.333)
jolt: mesh v7 local=(5.969,1.651,1.683) world=(5.969,1.651,1.683)
jolt: body MESH_STATIC verts=8 faces=12 id=16777219
LMalloc of 276 not 8-byte aligned, rounding up
RenderActor3DAnimates constructed with no animations!
MATL closed without all data read (bytesLeft = 264)
jolt: mesh actor_pos=(0.000,0.000,0.000)
jolt: mesh v0 local=(-5.969,1.524,1.683) world=(-5.969,1.524,1.683)
jolt: mesh v1 local=(-5.969,1.524,2.032) world=(-5.969,1.524,2.032)
jolt: mesh v2 local=(-5.969,1.651,1.683) world=(-5.969,1.651,1.683)
jolt: mesh v3 local=(-5.969,1.651,2.032) world=(-5.969,1.651,2.032)
jolt: mesh v4 local=(5.969,1.524,1.683) world=(5.969,1.524,1.683)
jolt: mesh v5 local=(5.969,1.524,2.032) world=(5.969,1.524,2.032)
jolt: mesh v6 local=(5.969,1.651,1.683) world=(5.969,1.651,1.683)
jolt: mesh v7 local=(5.969,1.651,2.032) world=(5.969,1.651,2.032)
jolt: body MESH_STATIC verts=8 faces=12 id=16777220
LMalloc of 276 not 8-byte aligned, rounding up
RenderActor3DAnimates constructed with no animations!
MATL closed without all data read (bytesLeft = 264)
jolt: mesh actor_pos=(0.000,0.000,0.000)
jolt: mesh v0 local=(-5.969,1.524,2.032) world=(-5.969,1.524,2.032)
jolt: mesh v1 local=(-5.969,1.524,2.381) world=(-5.969,1.524,2.381)
jolt: mesh v2 local=(-5.969,1.651,2.032) world=(-5.969,1.651,2.032)
jolt: mesh v3 local=(-5.969,1.651,2.381) world=(-5.969,1.651,2.381)
jolt: mesh v4 local=(5.969,1.524,2.032) world=(5.969,1.524,2.032)
jolt: mesh v5 local=(5.969,1.524,2.381) world=(5.969,1.524,2.381)
jolt: mesh v6 local=(5.969,1.651,2.032) world=(5.969,1.651,2.032)
jolt: mesh v7 local=(5.969,1.651,2.381) world=(5.969,1.651,2.381)
jolt: body MESH_STATIC verts=8 faces=12 id=16777221
LMalloc of 276 not 8-byte aligned, rounding up
RenderActor3DAnimates constructed with no animations!
MATL closed without all data read (bytesLeft = 264)
jolt: mesh actor_pos=(0.000,0.000,0.000)
jolt: mesh v0 local=(-5.969,1.524,2.381) world=(-5.969,1.524,2.381)
jolt: mesh v1 local=(-5.969,1.524,2.730) world=(-5.969,1.524,2.730)
jolt: mesh v2 local=(-5.969,1.651,2.381) world=(-5.969,1.651,2.381)
jolt: mesh v3 local=(-5.969,1.651,2.730) world=(-5.969,1.651,2.730)
jolt: mesh v4 local=(5.969,1.524,2.381) world=(5.969,1.524,2.381)
jolt: mesh v5 local=(5.969,1.524,2.730) world=(5.969,1.524,2.730)
jolt: mesh v6 local=(5.969,1.651,2.381) world=(5.969,1.651,2.381)
jolt: mesh v7 local=(5.969,1.651,2.730) world=(5.969,1.651,2.730)
jolt: body MESH_STATIC verts=8 faces=12 id=16777222
LMalloc of 276 not 8-byte aligned, rounding up
RenderActor3DAnimates constructed with no animations!
MATL closed without all data read (bytesLeft = 264)
jolt: mesh actor_pos=(0.000,0.000,0.000)
jolt: mesh v0 local=(-5.969,1.524,2.730) world=(-5.969,1.524,2.730)
jolt: mesh v1 local=(-5.969,1.524,3.080) world=(-5.969,1.524,3.080)
jolt: mesh v2 local=(-5.969,1.651,2.730) world=(-5.969,1.651,2.730)
jolt: mesh v3 local=(-5.969,1.651,3.080) world=(-5.969,1.651,3.080)
jolt: mesh v4 local=(5.969,1.524,2.730) world=(5.969,1.524,2.730)
jolt: mesh v5 local=(5.969,1.524,3.080) world=(5.969,1.524,3.080)
jolt: mesh v6 local=(5.969,1.651,2.730) world=(5.969,1.651,2.730)
jolt: mesh v7 local=(5.969,1.651,3.080) world=(5.969,1.651,3.080)
jolt: body MESH_STATIC verts=8 faces=12 id=16777223
LMalloc of 276 not 8-byte aligned, rounding up
RenderActor3DAnimates constructed with no animations!
MATL closed without all data read (bytesLeft = 264)
jolt: mesh actor_pos=(0.000,0.000,0.000)
jolt: mesh v0 local=(-5.969,1.524,3.080) world=(-5.969,1.524,3.080)
jolt: mesh v1 local=(-5.969,1.524,3.429) world=(-5.969,1.524,3.429)
jolt: mesh v2 local=(-5.969,1.651,3.080) world=(-5.969,1.651,3.080)
jolt: mesh v3 local=(-5.969,1.651,3.429) world=(-5.969,1.651,3.429)
jolt: mesh v4 local=(5.969,1.524,3.080) world=(5.969,1.524,3.080)
jolt: mesh v5 local=(5.969,1.524,3.429) world=(5.969,1.524,3.429)
jolt: mesh v6 local=(5.969,1.651,3.080) world=(5.969,1.651,3.080)
jolt: mesh v7 local=(5.969,1.651,3.429) world=(5.969,1.651,3.429)
jolt: body MESH_STATIC verts=8 faces=12 id=16777224
LMalloc of 276 not 8-byte aligned, rounding up
RenderActor3DAnimates constructed with no animations!
MATL closed without all data read (bytesLeft = 264)
jolt: mesh actor_pos=(0.000,0.000,0.000)
jolt: mesh v0 local=(-5.969,1.524,3.429) world=(-5.969,1.524,3.429)
jolt: mesh v1 local=(-5.969,1.524,3.778) world=(-5.969,1.524,3.778)
jolt: mesh v2 local=(-5.969,1.651,3.429) world=(-5.969,1.651,3.429)
jolt: mesh v3 local=(-5.969,1.651,3.778) world=(-5.969,1.651,3.778)
jolt: mesh v4 local=(5.969,1.524,3.429) world=(5.969,1.524,3.429)
jolt: mesh v5 local=(5.969,1.524,3.778) world=(5.969,1.524,3.778)
jolt: mesh v6 local=(5.969,1.651,3.429) world=(5.969,1.651,3.429)
jolt: mesh v7 local=(5.969,1.651,3.778) world=(5.969,1.651,3.778)
jolt: body MESH_STATIC verts=8 faces=12 id=16777225
LMalloc of 276 not 8-byte aligned, rounding up
RenderActor3DAnimates constructed with no animations!
MATL closed without all data read (bytesLeft = 264)
jolt: mesh actor_pos=(0.000,0.000,0.000)
jolt: mesh v0 local=(-5.969,1.524,3.778) world=(-5.969,1.524,3.778)
jolt: mesh v1 local=(-5.969,1.524,4.127) world=(-5.969,1.524,4.127)
jolt: mesh v2 local=(-5.969,1.651,3.778) world=(-5.969,1.651,3.778)
jolt: mesh v3 local=(-5.969,1.651,4.127) world=(-5.969,1.651,4.127)
jolt: mesh v4 local=(5.969,1.524,3.778) world=(5.969,1.524,3.778)
jolt: mesh v5 local=(5.969,1.524,4.127) world=(5.969,1.524,4.127)
jolt: mesh v6 local=(5.969,1.651,3.778) world=(5.969,1.651,3.778)
jolt: mesh v7 local=(5.969,1.651,4.127) world=(5.969,1.651,4.127)
jolt: body MESH_STATIC verts=8 faces=12 id=16777226
LMalloc of 276 not 8-byte aligned, rounding up
RenderActor3DAnimates constructed with no animations!
MATL closed without all data read (bytesLeft = 264)
jolt: mesh actor_pos=(0.000,0.000,0.000)
jolt: mesh v0 local=(-5.969,1.524,4.127) world=(-5.969,1.524,4.127)
jolt: mesh v1 local=(-5.969,1.524,4.477) world=(-5.969,1.524,4.477)
jolt: mesh v2 local=(-5.969,1.651,4.127) world=(-5.969,1.651,4.127)
jolt: mesh v3 local=(-5.969,1.651,4.477) world=(-5.969,1.651,4.477)
jolt: mesh v4 local=(5.969,1.524,4.127) world=(5.969,1.524,4.127)
jolt: mesh v5 local=(5.969,1.524,4.477) world=(5.969,1.524,4.477)
jolt: mesh v6 local=(5.969,1.651,4.127) world=(5.969,1.651,4.127)
jolt: mesh v7 local=(5.969,1.651,4.477) world=(5.969,1.651,4.477)
jolt: body MESH_STATIC verts=8 faces=12 id=16777227
LMalloc of 276 not 8-byte aligned, rounding up
RenderActor3DAnimates constructed with no animations!
MATL closed without all data read (bytesLeft = 264)
jolt: mesh actor_pos=(0.000,0.000,0.000)
jolt: mesh v0 local=(-5.969,1.524,4.477) world=(-5.969,1.524,4.477)
jolt: mesh v1 local=(-5.969,1.524,4.826) world=(-5.969,1.524,4.826)
jolt: mesh v2 local=(-5.969,1.651,4.477) world=(-5.969,1.651,4.477)
jolt: mesh v3 local=(-5.969,1.651,4.826) world=(-5.969,1.651,4.826)
jolt: mesh v4 local=(5.969,1.524,4.477) world=(5.969,1.524,4.477)
jolt: mesh v5 local=(5.969,1.524,4.826) world=(5.969,1.524,4.826)
jolt: mesh v6 local=(5.969,1.651,4.477) world=(5.969,1.651,4.477)
jolt: mesh v7 local=(5.969,1.651,4.826) world=(5.969,1.651,4.826)
jolt: body MESH_STATIC verts=8 faces=12 id=16777228
LMalloc of 276 not 8-byte aligned, rounding up
RenderActor3DAnimates constructed with no animations!
MATL closed without all data read (bytesLeft = 264)
jolt: mesh actor_pos=(0.000,0.000,0.000)
jolt: mesh v0 local=(-6.096,1.524,4.826) world=(-6.096,1.524,4.826)
jolt: mesh v1 local=(-6.096,1.524,5.334) world=(-6.096,1.524,5.334)
jolt: mesh v2 local=(-6.096,1.651,4.826) world=(-6.096,1.651,4.826)
jolt: mesh v3 local=(-6.096,1.651,5.334) world=(-6.096,1.651,5.334)
jolt: mesh v4 local=(6.096,1.524,4.826) world=(6.096,1.524,4.826)
jolt: mesh v5 local=(6.096,1.524,5.334) world=(6.096,1.524,5.334)
jolt: mesh v6 local=(6.096,1.651,4.826) world=(6.096,1.651,4.826)
jolt: mesh v7 local=(6.096,1.651,5.334) world=(6.096,1.651,5.334)
jolt: body MESH_STATIC verts=8 faces=12 id=16777229
LMalloc of 276 not 8-byte aligned, rounding up
RenderActor3DAnimates constructed with no animations!
MATL closed without all data read (bytesLeft = 264)
jolt: mesh actor_pos=(0.000,0.000,0.000)
jolt: mesh v0 local=(-6.096,-1.651,0.000) world=(-6.096,-1.651,0.000)
jolt: mesh v1 local=(-6.096,-1.651,5.334) world=(-6.096,-1.651,5.334)
jolt: mesh v2 local=(-6.096,1.651,0.000) world=(-6.096,1.651,0.000)
jolt: mesh v3 local=(-6.096,1.651,5.334) world=(-6.096,1.651,5.334)
jolt: mesh v4 local=(-5.969,-1.651,0.000) world=(-5.969,-1.651,0.000)
jolt: mesh v5 local=(-5.969,-1.651,5.334) world=(-5.969,-1.651,5.334)
jolt: mesh v6 local=(-5.969,1.651,0.000) world=(-5.969,1.651,0.000)
jolt: mesh v7 local=(-5.969,1.651,5.334) world=(-5.969,1.651,5.334)
jolt: body MESH_STATIC verts=8 faces=12 id=16777230
LMalloc of 276 not 8-byte aligned, rounding up
RenderActor3DAnimates constructed with no animations!
MATL closed without all data read (bytesLeft = 264)
jolt: mesh actor_pos=(0.000,0.000,0.000)
jolt: mesh v0 local=(5.969,-1.651,0.000) world=(5.969,-1.651,0.000)
jolt: mesh v1 local=(5.969,-1.651,5.334) world=(5.969,-1.651,5.334)
jolt: mesh v2 local=(5.969,1.651,0.000) world=(5.969,1.651,0.000)
jolt: mesh v3 local=(5.969,1.651,5.334) world=(5.969,1.651,5.334)
jolt: mesh v4 local=(6.096,-1.651,0.000) world=(6.096,-1.651,0.000)
jolt: mesh v5 local=(6.096,-1.651,5.334) world=(6.096,-1.651,5.334)
jolt: mesh v6 local=(6.096,1.651,0.000) world=(6.096,1.651,0.000)
jolt: mesh v7 local=(6.096,1.651,5.334) world=(6.096,1.651,5.334)
jolt: body MESH_STATIC verts=8 faces=12 id=16777231
LMalloc of 276 not 8-byte aligned, rounding up
RenderActor3DAnimates constructed with no animations!
MATL closed without all data read (bytesLeft = 264)
jolt: mesh actor_pos=(0.000,0.000,0.000)
jolt: mesh v0 local=(-6.096,-1.778,0.000) world=(-6.096,-1.778,0.000)
jolt: mesh v1 local=(-6.096,-1.778,5.334) world=(-6.096,-1.778,5.334)
jolt: mesh v2 local=(-6.096,-1.651,0.000) world=(-6.096,-1.651,0.000)
jolt: mesh v3 local=(-6.096,-1.651,5.334) world=(-6.096,-1.651,5.334)
jolt: mesh v4 local=(6.096,-1.778,0.000) world=(6.096,-1.778,0.000)
jolt: mesh v5 local=(6.096,-1.778,5.334) world=(6.096,-1.778,5.334)
jolt: mesh v6 local=(6.096,-1.651,0.000) world=(6.096,-1.651,0.000)
jolt: mesh v7 local=(6.096,-1.651,5.334) world=(6.096,-1.651,5.334)
jolt: body MESH_STATIC verts=8 faces=12 id=16777232
LMalloc of 996 not 8-byte aligned, rounding up
RenderActor3DAnimates constructed with no animations!
MATL closed without all data read (bytesLeft = 264)
jolt: mesh actor_pos=(0.000,0.000,0.000)
jolt: mesh v0 local=(-6.146,-1.701,5.334) world=(-6.146,-1.701,5.334)
jolt: mesh v1 local=(-6.146,-1.701,5.434) world=(-6.146,-1.701,5.434)
jolt: mesh v2 local=(-6.146,-1.651,5.334) world=(-6.146,-1.651,5.334)
jolt: mesh v3 local=(-6.146,-1.651,5.434) world=(-6.146,-1.651,5.434)
jolt: mesh v4 local=(-6.146,-1.571,5.334) world=(-6.146,-1.571,5.334)
jolt: mesh v5 local=(-6.146,-1.571,5.434) world=(-6.146,-1.571,5.434)
jolt: mesh v6 local=(-6.146,1.571,5.334) world=(-6.146,1.571,5.334)
jolt: mesh v7 local=(-6.146,1.571,5.434) world=(-6.146,1.571,5.434)
jolt: mesh v8 local=(-6.146,1.651,5.334) world=(-6.146,1.651,5.334)
jolt: mesh v9 local=(-6.146,1.651,5.434) world=(-6.146,1.651,5.434)
jolt: mesh v10 local=(-6.146,1.701,5.334) world=(-6.146,1.701,5.334)
jolt: mesh v11 local=(-6.146,1.701,5.434) world=(-6.146,1.701,5.434)
jolt: mesh v12 local=(-6.016,-1.651,5.334) world=(-6.016,-1.651,5.334)
jolt: mesh v13 local=(-6.016,-1.651,5.434) world=(-6.016,-1.651,5.434)
jolt: mesh v14 local=(-6.016,1.651,5.334) world=(-6.016,1.651,5.334)
jolt: mesh v15 local=(-6.016,1.651,5.434) world=(-6.016,1.651,5.434)
jolt: mesh v16 local=(6.016,-1.651,5.334) world=(6.016,-1.651,5.334)
jolt: mesh v17 local=(6.016,-1.651,5.434) world=(6.016,-1.651,5.434)
jolt: mesh v18 local=(6.016,1.651,5.334) world=(6.016,1.651,5.334)
jolt: mesh v19 local=(6.016,1.651,5.434) world=(6.016,1.651,5.434)
jolt: mesh v20 local=(6.146,-1.701,5.334) world=(6.146,-1.701,5.334)
jolt: mesh v21 local=(6.146,-1.701,5.434) world=(6.146,-1.701,5.434)
jolt: mesh v22 local=(6.146,-1.651,5.334) world=(6.146,-1.651,5.334)
jolt: mesh v23 local=(6.146,-1.651,5.434) world=(6.146,-1.651,5.434)
jolt: mesh v24 local=(6.146,-1.571,5.334) world=(6.146,-1.571,5.334)
jolt: mesh v25 local=(6.146,-1.571,5.434) world=(6.146,-1.571,5.434)
jolt: mesh v26 local=(6.146,1.571,5.334) world=(6.146,1.571,5.334)
jolt: mesh v27 local=(6.146,1.571,5.434) world=(6.146,1.571,5.434)
jolt: mesh v28 local=(6.146,1.651,5.334) world=(6.146,1.651,5.334)
jolt: mesh v29 local=(6.146,1.651,5.434) world=(6.146,1.651,5.434)
jolt: mesh v30 local=(6.146,1.701,5.334) world=(6.146,1.701,5.334)
jolt: mesh v31 local=(6.146,1.701,5.434) world=(6.146,1.701,5.434)
jolt: body MESH_STATIC verts=32 faces=48 id=16777233
LMalloc of 15636 not 8-byte aligned, rounding up
RenderActor3DAnimates constructed with no animations!
MATL closed without all data read (bytesLeft = 792)
jolt: mesh actor_pos=(0.000,0.000,0.000)
jolt: mesh v0 local=(-5.969,-1.524,0.127) world=(-5.969,-1.524,0.127)
jolt: mesh v1 local=(-5.969,-1.524,0.632) world=(-5.969,-1.524,0.632)
jolt: mesh v2 local=(-5.969,-1.524,0.635) world=(-5.969,-1.524,0.635)
jolt: mesh v3 local=(-5.969,-1.143,0.635) world=(-5.969,-1.143,0.635)
jolt: mesh v4 local=(-5.969,-0.762,0.635) world=(-5.969,-0.762,0.635)
jolt: mesh v5 local=(-5.969,-0.381,0.635) world=(-5.969,-0.381,0.635)
jolt: mesh v6 local=(-5.969,0.000,0.635) world=(-5.969,0.000,0.635)
jolt: mesh v7 local=(-5.969,0.381,0.635) world=(-5.969,0.381,0.635)
jolt: mesh v8 local=(-5.969,0.762,0.635) world=(-5.969,0.762,0.635)
jolt: mesh v9 local=(-5.969,1.143,0.635) world=(-5.969,1.143,0.635)
jolt: mesh v10 local=(-5.969,1.524,0.127) world=(-5.969,1.524,0.127)
jolt: mesh v11 local=(-5.969,1.524,0.632) world=(-5.969,1.524,0.632)
jolt: mesh v12 local=(-5.969,1.524,0.635) world=(-5.969,1.524,0.635)
jolt: mesh v13 local=(-5.720,-1.524,0.635) world=(-5.720,-1.524,0.635)
jolt: mesh v14 local=(-5.720,-1.143,0.635) world=(-5.720,-1.143,0.635)
jolt: mesh v15 local=(-5.720,-0.762,0.635) world=(-5.720,-0.762,0.635)
jolt: mesh v16 local=(-5.720,-0.381,0.635) world=(-5.720,-0.381,0.635)
jolt: mesh v17 local=(-5.720,0.000,0.635) world=(-5.720,0.000,0.635)
jolt: mesh v18 local=(-5.720,0.381,0.635) world=(-5.720,0.381,0.635)
jolt: mesh v19 local=(-5.720,0.762,0.635) world=(-5.720,0.762,0.635)
jolt: mesh v20 local=(-5.720,1.143,0.635) world=(-5.720,1.143,0.635)
jolt: mesh v21 local=(-5.720,1.524,0.635) world=(-5.720,1.524,0.635)
jolt: mesh v22 local=(-5.472,-1.524,0.635) world=(-5.472,-1.524,0.635)
jolt: mesh v23 local=(-5.472,-1.143,0.635) world=(-5.472,-1.143,0.635)
jolt: mesh v24 local=(-5.472,-0.762,0.635) world=(-5.472,-0.762,0.635)
jolt: mesh v25 local=(-5.472,-0.381,0.635) world=(-5.472,-0.381,0.635)
jolt: mesh v26 local=(-5.472,0.000,0.635) world=(-5.472,0.000,0.635)
jolt: mesh v27 local=(-5.472,0.381,0.635) world=(-5.472,0.381,0.635)
jolt: mesh v28 local=(-5.472,0.762,0.635) world=(-5.472,0.762,0.635)
jolt: mesh v29 local=(-5.472,1.143,0.635) world=(-5.472,1.143,0.635)
jolt: mesh v30 local=(-5.472,1.524,0.635) world=(-5.472,1.524,0.635)
jolt: mesh v31 local=(-5.223,-1.524,0.635) world=(-5.223,-1.524,0.635)
jolt: mesh v32 local=(-5.223,-1.143,0.635) world=(-5.223,-1.143,0.635)
jolt: mesh v33 local=(-5.223,-0.762,0.635) world=(-5.223,-0.762,0.635)
jolt: mesh v34 local=(-5.223,-0.381,0.635) world=(-5.223,-0.381,0.635)
jolt: mesh v35 local=(-5.223,0.000,0.635) world=(-5.223,0.000,0.635)
jolt: mesh v36 local=(-5.223,0.381,0.635) world=(-5.223,0.381,0.635)
jolt: mesh v37 local=(-5.223,0.762,0.635) world=(-5.223,0.762,0.635)
jolt: mesh v38 local=(-5.223,1.143,0.635) world=(-5.223,1.143,0.635)
jolt: mesh v39 local=(-5.223,1.524,0.635) world=(-5.223,1.524,0.635)
jolt: mesh v40 local=(-4.974,-1.524,0.635) world=(-4.974,-1.524,0.635)
jolt: mesh v41 local=(-4.974,-1.143,0.635) world=(-4.974,-1.143,0.635)
jolt: mesh v42 local=(-4.974,-0.762,0.635) world=(-4.974,-0.762,0.635)
jolt: mesh v43 local=(-4.974,-0.381,0.635) world=(-4.974,-0.381,0.635)
jolt: mesh v44 local=(-4.974,0.000,0.635) world=(-4.974,0.000,0.635)
jolt: mesh v45 local=(-4.974,0.381,0.635) world=(-4.974,0.381,0.635)
jolt: mesh v46 local=(-4.974,0.762,0.635) world=(-4.974,0.762,0.635)
jolt: mesh v47 local=(-4.974,1.143,0.635) world=(-4.974,1.143,0.635)
jolt: mesh v48 local=(-4.974,1.524,0.635) world=(-4.974,1.524,0.635)
jolt: mesh v49 local=(-4.725,-1.524,0.635) world=(-4.725,-1.524,0.635)
jolt: mesh v50 local=(-4.725,-1.143,0.635) world=(-4.725,-1.143,0.635)
jolt: mesh v51 local=(-4.725,-0.762,0.635) world=(-4.725,-0.762,0.635)
jolt: mesh v52 local=(-4.725,-0.381,0.635) world=(-4.725,-0.381,0.635)
jolt: mesh v53 local=(-4.725,0.000,0.635) world=(-4.725,0.000,0.635)
jolt: mesh v54 local=(-4.725,0.381,0.635) world=(-4.725,0.381,0.635)
jolt: mesh v55 local=(-4.725,0.762,0.635) world=(-4.725,0.762,0.635)
jolt: mesh v56 local=(-4.725,1.143,0.635) world=(-4.725,1.143,0.635)
jolt: mesh v57 local=(-4.725,1.524,0.635) world=(-4.725,1.524,0.635)
jolt: mesh v58 local=(-4.477,-1.524,0.635) world=(-4.477,-1.524,0.635)
jolt: mesh v59 local=(-4.477,-1.143,0.635) world=(-4.477,-1.143,0.635)
jolt: mesh v60 local=(-4.477,-0.762,0.635) world=(-4.477,-0.762,0.635)
jolt: mesh v61 local=(-4.477,-0.381,0.635) world=(-4.477,-0.381,0.635)
jolt: mesh v62 local=(-4.477,0.000,0.635) world=(-4.477,0.000,0.635)
jolt: mesh v63 local=(-4.477,0.381,0.635) world=(-4.477,0.381,0.635)
jolt: mesh v64 local=(-4.477,0.762,0.635) world=(-4.477,0.762,0.635)
jolt: mesh v65 local=(-4.477,1.143,0.635) world=(-4.477,1.143,0.635)
jolt: mesh v66 local=(-4.477,1.524,0.635) world=(-4.477,1.524,0.635)
jolt: mesh v67 local=(-4.228,-1.524,0.635) world=(-4.228,-1.524,0.635)
jolt: mesh v68 local=(-4.228,-1.143,0.635) world=(-4.228,-1.143,0.635)
jolt: mesh v69 local=(-4.228,-0.762,0.635) world=(-4.228,-0.762,0.635)
jolt: mesh v70 local=(-4.228,-0.381,0.635) world=(-4.228,-0.381,0.635)
jolt: mesh v71 local=(-4.228,0.000,0.635) world=(-4.228,0.000,0.635)
jolt: mesh v72 local=(-4.228,0.381,0.635) world=(-4.228,0.381,0.635)
jolt: mesh v73 local=(-4.228,0.762,0.635) world=(-4.228,0.762,0.635)
jolt: mesh v74 local=(-4.228,1.143,0.635) world=(-4.228,1.143,0.635)
jolt: mesh v75 local=(-4.228,1.524,0.635) world=(-4.228,1.524,0.635)
jolt: mesh v76 local=(-3.979,-1.524,0.635) world=(-3.979,-1.524,0.635)
jolt: mesh v77 local=(-3.979,-1.143,0.635) world=(-3.979,-1.143,0.635)
jolt: mesh v78 local=(-3.979,-0.762,0.635) world=(-3.979,-0.762,0.635)
jolt: mesh v79 local=(-3.979,-0.381,0.635) world=(-3.979,-0.381,0.635)
jolt: mesh v80 local=(-3.979,0.000,0.635) world=(-3.979,0.000,0.635)
jolt: mesh v81 local=(-3.979,0.381,0.635) world=(-3.979,0.381,0.635)
jolt: mesh v82 local=(-3.979,0.762,0.635) world=(-3.979,0.762,0.635)
jolt: mesh v83 local=(-3.979,1.143,0.635) world=(-3.979,1.143,0.635)
jolt: mesh v84 local=(-3.979,1.524,0.635) world=(-3.979,1.524,0.635)
jolt: mesh v85 local=(-3.731,-1.524,0.635) world=(-3.731,-1.524,0.635)
jolt: mesh v86 local=(-3.731,-1.143,0.635) world=(-3.731,-1.143,0.635)
jolt: mesh v87 local=(-3.731,-0.762,0.635) world=(-3.731,-0.762,0.635)
jolt: mesh v88 local=(-3.731,-0.381,0.635) world=(-3.731,-0.381,0.635)
jolt: mesh v89 local=(-3.731,0.000,0.635) world=(-3.731,0.000,0.635)
jolt: mesh v90 local=(-3.731,0.381,0.635) world=(-3.731,0.381,0.635)
jolt: mesh v91 local=(-3.731,0.762,0.635) world=(-3.731,0.762,0.635)
jolt: mesh v92 local=(-3.731,1.143,0.635) world=(-3.731,1.143,0.635)
jolt: mesh v93 local=(-3.731,1.524,0.635) world=(-3.731,1.524,0.635)
jolt: mesh v94 local=(-3.482,-1.524,0.635) world=(-3.482,-1.524,0.635)
jolt: mesh v95 local=(-3.482,-1.143,0.635) world=(-3.482,-1.143,0.635)
jolt: mesh v96 local=(-3.482,-0.762,0.635) world=(-3.482,-0.762,0.635)
jolt: mesh v97 local=(-3.482,-0.381,0.635) world=(-3.482,-0.381,0.635)
jolt: mesh v98 local=(-3.482,0.000,0.635) world=(-3.482,0.000,0.635)
jolt: mesh v99 local=(-3.482,0.381,0.635) world=(-3.482,0.381,0.635)
jolt: mesh v100 local=(-3.482,0.762,0.635) world=(-3.482,0.762,0.635)
jolt: mesh v101 local=(-3.482,1.143,0.635) world=(-3.482,1.143,0.635)
jolt: mesh v102 local=(-3.482,1.524,0.635) world=(-3.482,1.524,0.635)
jolt: mesh v103 local=(-3.233,-1.524,0.635) world=(-3.233,-1.524,0.635)
jolt: mesh v104 local=(-3.233,-1.143,0.635) world=(-3.233,-1.143,0.635)
jolt: mesh v105 local=(-3.233,-0.762,0.635) world=(-3.233,-0.762,0.635)
jolt: mesh v106 local=(-3.233,-0.381,0.635) world=(-3.233,-0.381,0.635)
jolt: mesh v107 local=(-3.233,0.000,0.635) world=(-3.233,0.000,0.635)
jolt: mesh v108 local=(-3.233,0.381,0.635) world=(-3.233,0.381,0.635)
jolt: mesh v109 local=(-3.233,0.762,0.635) world=(-3.233,0.762,0.635)
jolt: mesh v110 local=(-3.233,1.143,0.635) world=(-3.233,1.143,0.635)
jolt: mesh v111 local=(-3.233,1.524,0.635) world=(-3.233,1.524,0.635)
jolt: mesh v112 local=(-2.984,-1.524,0.635) world=(-2.984,-1.524,0.635)
jolt: mesh v113 local=(-2.984,-1.143,0.635) world=(-2.984,-1.143,0.635)
jolt: mesh v114 local=(-2.984,-0.762,0.635) world=(-2.984,-0.762,0.635)
jolt: mesh v115 local=(-2.984,-0.381,0.635) world=(-2.984,-0.381,0.635)
jolt: mesh v116 local=(-2.984,0.000,0.635) world=(-2.984,0.000,0.635)
jolt: mesh v117 local=(-2.984,0.381,0.635) world=(-2.984,0.381,0.635)
jolt: mesh v118 local=(-2.984,0.762,0.635) world=(-2.984,0.762,0.635)
jolt: mesh v119 local=(-2.984,1.143,0.635) world=(-2.984,1.143,0.635)
jolt: mesh v120 local=(-2.984,1.524,0.635) world=(-2.984,1.524,0.635)
jolt: mesh v121 local=(-2.736,-1.524,0.635) world=(-2.736,-1.524,0.635)
jolt: mesh v122 local=(-2.736,-1.143,0.635) world=(-2.736,-1.143,0.635)
jolt: mesh v123 local=(-2.736,-0.762,0.635) world=(-2.736,-0.762,0.635)
jolt: mesh v124 local=(-2.736,-0.381,0.635) world=(-2.736,-0.381,0.635)
jolt: mesh v125 local=(-2.736,0.000,0.635) world=(-2.736,0.000,0.635)
jolt: mesh v126 local=(-2.736,0.381,0.635) world=(-2.736,0.381,0.635)
jolt: mesh v127 local=(-2.736,0.762,0.635) world=(-2.736,0.762,0.635)
jolt: mesh v128 local=(-2.736,1.143,0.635) world=(-2.736,1.143,0.635)
jolt: mesh v129 local=(-2.736,1.524,0.635) world=(-2.736,1.524,0.635)
jolt: mesh v130 local=(-2.487,-1.524,0.635) world=(-2.487,-1.524,0.635)
jolt: mesh v131 local=(-2.487,-1.143,0.635) world=(-2.487,-1.143,0.635)
jolt: mesh v132 local=(-2.487,-0.762,0.635) world=(-2.487,-0.762,0.635)
jolt: mesh v133 local=(-2.487,-0.381,0.635) world=(-2.487,-0.381,0.635)
jolt: mesh v134 local=(-2.487,0.000,0.635) world=(-2.487,0.000,0.635)
jolt: mesh v135 local=(-2.487,0.381,0.635) world=(-2.487,0.381,0.635)
jolt: mesh v136 local=(-2.487,0.762,0.635) world=(-2.487,0.762,0.635)
jolt: mesh v137 local=(-2.487,1.143,0.635) world=(-2.487,1.143,0.635)
jolt: mesh v138 local=(-2.487,1.524,0.635) world=(-2.487,1.524,0.635)
jolt: mesh v139 local=(-2.238,-1.524,0.635) world=(-2.238,-1.524,0.635)
jolt: mesh v140 local=(-2.238,-1.143,0.635) world=(-2.238,-1.143,0.635)
jolt: mesh v141 local=(-2.238,-0.762,0.635) world=(-2.238,-0.762,0.635)
jolt: mesh v142 local=(-2.238,-0.381,0.635) world=(-2.238,-0.381,0.635)
jolt: mesh v143 local=(-2.238,0.000,0.635) world=(-2.238,0.000,0.635)
jolt: mesh v144 local=(-2.238,0.381,0.635) world=(-2.238,0.381,0.635)
jolt: mesh v145 local=(-2.238,0.762,0.635) world=(-2.238,0.762,0.635)
jolt: mesh v146 local=(-2.238,1.143,0.635) world=(-2.238,1.143,0.635)
jolt: mesh v147 local=(-2.238,1.524,0.635) world=(-2.238,1.524,0.635)
jolt: mesh v148 local=(-1.990,-1.524,0.635) world=(-1.990,-1.524,0.635)
jolt: mesh v149 local=(-1.990,-1.143,0.635) world=(-1.990,-1.143,0.635)
jolt: mesh v150 local=(-1.990,-0.762,0.635) world=(-1.990,-0.762,0.635)
jolt: mesh v151 local=(-1.990,-0.381,0.635) world=(-1.990,-0.381,0.635)
jolt: mesh v152 local=(-1.990,0.000,0.635) world=(-1.990,0.000,0.635)
jolt: mesh v153 local=(-1.990,0.381,0.635) world=(-1.990,0.381,0.635)
jolt: mesh v154 local=(-1.990,0.762,0.635) world=(-1.990,0.762,0.635)
jolt: mesh v155 local=(-1.990,1.143,0.635) world=(-1.990,1.143,0.635)
jolt: mesh v156 local=(-1.990,1.524,0.635) world=(-1.990,1.524,0.635)
jolt: mesh v157 local=(-1.741,-1.524,0.635) world=(-1.741,-1.524,0.635)
jolt: mesh v158 local=(-1.741,-1.143,0.635) world=(-1.741,-1.143,0.635)
jolt: mesh v159 local=(-1.741,-0.762,0.635) world=(-1.741,-0.762,0.635)
jolt: mesh v160 local=(-1.741,-0.381,0.635) world=(-1.741,-0.381,0.635)
jolt: mesh v161 local=(-1.741,0.000,0.635) world=(-1.741,0.000,0.635)
jolt: mesh v162 local=(-1.741,0.381,0.635) world=(-1.741,0.381,0.635)
jolt: mesh v163 local=(-1.741,0.762,0.635) world=(-1.741,0.762,0.635)
jolt: mesh v164 local=(-1.741,1.143,0.635) world=(-1.741,1.143,0.635)
jolt: mesh v165 local=(-1.741,1.524,0.635) world=(-1.741,1.524,0.635)
jolt: mesh v166 local=(-1.492,-1.524,0.635) world=(-1.492,-1.524,0.635)
jolt: mesh v167 local=(-1.492,-1.143,0.635) world=(-1.492,-1.143,0.635)
jolt: mesh v168 local=(-1.492,-0.762,0.635) world=(-1.492,-0.762,0.635)
jolt: mesh v169 local=(-1.492,-0.381,0.635) world=(-1.492,-0.381,0.635)
jolt: mesh v170 local=(-1.492,0.000,0.635) world=(-1.492,0.000,0.635)
jolt: mesh v171 local=(-1.492,0.381,0.635) world=(-1.492,0.381,0.635)
jolt: mesh v172 local=(-1.492,0.762,0.635) world=(-1.492,0.762,0.635)
jolt: mesh v173 local=(-1.492,1.143,0.635) world=(-1.492,1.143,0.635)
jolt: mesh v174 local=(-1.492,1.524,0.635) world=(-1.492,1.524,0.635)
jolt: mesh v175 local=(-1.244,-1.524,0.635) world=(-1.244,-1.524,0.635)
jolt: mesh v176 local=(-1.244,-1.143,0.635) world=(-1.244,-1.143,0.635)
jolt: mesh v177 local=(-1.244,-0.762,0.635) world=(-1.244,-0.762,0.635)
jolt: mesh v178 local=(-1.244,-0.381,0.635) world=(-1.244,-0.381,0.635)
jolt: mesh v179 local=(-1.244,0.000,0.635) world=(-1.244,0.000,0.635)
jolt: mesh v180 local=(-1.244,0.381,0.635) world=(-1.244,0.381,0.635)
jolt: mesh v181 local=(-1.244,0.762,0.635) world=(-1.244,0.762,0.635)
jolt: mesh v182 local=(-1.244,1.143,0.635) world=(-1.244,1.143,0.635)
jolt: mesh v183 local=(-1.244,1.524,0.635) world=(-1.244,1.524,0.635)
jolt: mesh v184 local=(-0.995,-1.524,0.635) world=(-0.995,-1.524,0.635)
jolt: mesh v185 local=(-0.995,-1.143,0.635) world=(-0.995,-1.143,0.635)
jolt: mesh v186 local=(-0.995,-0.762,0.635) world=(-0.995,-0.762,0.635)
jolt: mesh v187 local=(-0.995,-0.381,0.635) world=(-0.995,-0.381,0.635)
jolt: mesh v188 local=(-0.995,0.000,0.635) world=(-0.995,0.000,0.635)
jolt: mesh v189 local=(-0.995,0.381,0.635) world=(-0.995,0.381,0.635)
jolt: mesh v190 local=(-0.995,0.762,0.635) world=(-0.995,0.762,0.635)
jolt: mesh v191 local=(-0.995,1.143,0.635) world=(-0.995,1.143,0.635)
jolt: mesh v192 local=(-0.995,1.524,0.635) world=(-0.995,1.524,0.635)
jolt: mesh v193 local=(-0.746,-1.524,0.635) world=(-0.746,-1.524,0.635)
jolt: mesh v194 local=(-0.746,-1.143,0.635) world=(-0.746,-1.143,0.635)
jolt: mesh v195 local=(-0.746,-0.762,0.635) world=(-0.746,-0.762,0.635)
jolt: mesh v196 local=(-0.746,-0.381,0.635) world=(-0.746,-0.381,0.635)
jolt: mesh v197 local=(-0.746,0.000,0.635) world=(-0.746,0.000,0.635)
jolt: mesh v198 local=(-0.746,0.381,0.635) world=(-0.746,0.381,0.635)
jolt: mesh v199 local=(-0.746,0.762,0.635) world=(-0.746,0.762,0.635)
jolt: mesh v200 local=(-0.746,1.143,0.635) world=(-0.746,1.143,0.635)
jolt: mesh v201 local=(-0.746,1.524,0.635) world=(-0.746,1.524,0.635)
jolt: mesh v202 local=(-0.497,-1.524,0.635) world=(-0.497,-1.524,0.635)
jolt: mesh v203 local=(-0.497,-1.143,0.635) world=(-0.497,-1.143,0.635)
jolt: mesh v204 local=(-0.497,-0.762,0.635) world=(-0.497,-0.762,0.635)
jolt: mesh v205 local=(-0.497,-0.381,0.635) world=(-0.497,-0.381,0.635)
jolt: mesh v206 local=(-0.497,0.000,0.635) world=(-0.497,0.000,0.635)
jolt: mesh v207 local=(-0.497,0.381,0.635) world=(-0.497,0.381,0.635)
jolt: mesh v208 local=(-0.497,0.762,0.635) world=(-0.497,0.762,0.635)
jolt: mesh v209 local=(-0.497,1.143,0.635) world=(-0.497,1.143,0.635)
jolt: mesh v210 local=(-0.497,1.524,0.635) world=(-0.497,1.524,0.635)
jolt: mesh v211 local=(-0.249,-1.524,0.635) world=(-0.249,-1.524,0.635)
jolt: mesh v212 local=(-0.249,-1.143,0.635) world=(-0.249,-1.143,0.635)
jolt: mesh v213 local=(-0.249,-0.762,0.635) world=(-0.249,-0.762,0.635)
jolt: mesh v214 local=(-0.249,-0.381,0.635) world=(-0.249,-0.381,0.635)
jolt: mesh v215 local=(-0.249,0.000,0.635) world=(-0.249,0.000,0.635)
jolt: mesh v216 local=(-0.249,0.381,0.635) world=(-0.249,0.381,0.635)
jolt: mesh v217 local=(-0.249,0.762,0.635) world=(-0.249,0.762,0.635)
jolt: mesh v218 local=(-0.249,1.143,0.635) world=(-0.249,1.143,0.635)
jolt: mesh v219 local=(-0.249,1.524,0.635) world=(-0.249,1.524,0.635)
jolt: mesh v220 local=(0.000,-1.524,0.635) world=(0.000,-1.524,0.635)
jolt: mesh v221 local=(0.000,-1.143,0.635) world=(0.000,-1.143,0.635)
jolt: mesh v222 local=(0.000,-0.762,0.635) world=(0.000,-0.762,0.635)
jolt: mesh v223 local=(0.000,-0.381,0.635) world=(0.000,-0.381,0.635)
jolt: mesh v224 local=(0.000,0.000,0.635) world=(0.000,0.000,0.635)
jolt: mesh v225 local=(0.000,0.381,0.635) world=(0.000,0.381,0.635)
jolt: mesh v226 local=(0.000,0.762,0.635) world=(0.000,0.762,0.635)
jolt: mesh v227 local=(0.000,1.143,0.635) world=(0.000,1.143,0.635)
jolt: mesh v228 local=(0.000,1.524,0.635) world=(0.000,1.524,0.635)
jolt: mesh v229 local=(0.249,-1.524,0.635) world=(0.249,-1.524,0.635)
jolt: mesh v230 local=(0.249,-1.143,0.635) world=(0.249,-1.143,0.635)
jolt: mesh v231 local=(0.249,-0.762,0.635) world=(0.249,-0.762,0.635)
jolt: mesh v232 local=(0.249,-0.381,0.635) world=(0.249,-0.381,0.635)
jolt: mesh v233 local=(0.249,0.000,0.635) world=(0.249,0.000,0.635)
jolt: mesh v234 local=(0.249,0.381,0.635) world=(0.249,0.381,0.635)
jolt: mesh v235 local=(0.249,0.762,0.635) world=(0.249,0.762,0.635)
jolt: mesh v236 local=(0.249,1.143,0.635) world=(0.249,1.143,0.635)
jolt: mesh v237 local=(0.249,1.524,0.635) world=(0.249,1.524,0.635)
jolt: mesh v238 local=(0.497,-1.524,0.635) world=(0.497,-1.524,0.635)
jolt: mesh v239 local=(0.497,-1.143,0.635) world=(0.497,-1.143,0.635)
jolt: mesh v240 local=(0.497,-0.762,0.635) world=(0.497,-0.762,0.635)
jolt: mesh v241 local=(0.497,-0.381,0.635) world=(0.497,-0.381,0.635)
jolt: mesh v242 local=(0.497,0.000,0.635) world=(0.497,0.000,0.635)
jolt: mesh v243 local=(0.497,0.381,0.635) world=(0.497,0.381,0.635)
jolt: mesh v244 local=(0.497,0.762,0.635) world=(0.497,0.762,0.635)
jolt: mesh v245 local=(0.497,1.143,0.635) world=(0.497,1.143,0.635)
jolt: mesh v246 local=(0.497,1.524,0.635) world=(0.497,1.524,0.635)
jolt: mesh v247 local=(0.746,-1.524,0.635) world=(0.746,-1.524,0.635)
jolt: mesh v248 local=(0.746,-1.143,0.635) world=(0.746,-1.143,0.635)
jolt: mesh v249 local=(0.746,-0.762,0.635) world=(0.746,-0.762,0.635)
jolt: mesh v250 local=(0.746,-0.381,0.635) world=(0.746,-0.381,0.635)
jolt: mesh v251 local=(0.746,0.000,0.635) world=(0.746,0.000,0.635)
jolt: mesh v252 local=(0.746,0.381,0.635) world=(0.746,0.381,0.635)
jolt: mesh v253 local=(0.746,0.762,0.635) world=(0.746,0.762,0.635)
jolt: mesh v254 local=(0.746,1.143,0.635) world=(0.746,1.143,0.635)
jolt: mesh v255 local=(0.746,1.524,0.635) world=(0.746,1.524,0.635)
jolt: mesh v256 local=(0.995,-1.524,0.635) world=(0.995,-1.524,0.635)
jolt: mesh v257 local=(0.995,-1.143,0.635) world=(0.995,-1.143,0.635)
jolt: mesh v258 local=(0.995,-0.762,0.635) world=(0.995,-0.762,0.635)
jolt: mesh v259 local=(0.995,-0.381,0.635) world=(0.995,-0.381,0.635)
jolt: mesh v260 local=(0.995,0.000,0.635) world=(0.995,0.000,0.635)
jolt: mesh v261 local=(0.995,0.381,0.635) world=(0.995,0.381,0.635)
jolt: mesh v262 local=(0.995,0.762,0.635) world=(0.995,0.762,0.635)
jolt: mesh v263 local=(0.995,1.143,0.635) world=(0.995,1.143,0.635)
jolt: mesh v264 local=(0.995,1.524,0.635) world=(0.995,1.524,0.635)
jolt: mesh v265 local=(1.244,-1.524,0.635) world=(1.244,-1.524,0.635)
jolt: mesh v266 local=(1.244,-1.143,0.635) world=(1.244,-1.143,0.635)
jolt: mesh v267 local=(1.244,-0.762,0.635) world=(1.244,-0.762,0.635)
jolt: mesh v268 local=(1.244,-0.381,0.635) world=(1.244,-0.381,0.635)
jolt: mesh v269 local=(1.244,0.000,0.635) world=(1.244,0.000,0.635)
jolt: mesh v270 local=(1.244,0.381,0.635) world=(1.244,0.381,0.635)
jolt: mesh v271 local=(1.244,0.762,0.635) world=(1.244,0.762,0.635)
jolt: mesh v272 local=(1.244,1.143,0.635) world=(1.244,1.143,0.635)
jolt: mesh v273 local=(1.244,1.524,0.635) world=(1.244,1.524,0.635)
jolt: mesh v274 local=(1.492,-1.524,0.635) world=(1.492,-1.524,0.635)
jolt: mesh v275 local=(1.492,-1.143,0.635) world=(1.492,-1.143,0.635)
jolt: mesh v276 local=(1.492,-0.762,0.635) world=(1.492,-0.762,0.635)
jolt: mesh v277 local=(1.492,-0.381,0.635) world=(1.492,-0.381,0.635)
jolt: mesh v278 local=(1.492,0.000,0.635) world=(1.492,0.000,0.635)
jolt: mesh v279 local=(1.492,0.381,0.635) world=(1.492,0.381,0.635)
jolt: mesh v280 local=(1.492,0.762,0.635) world=(1.492,0.762,0.635)
jolt: mesh v281 local=(1.492,1.143,0.635) world=(1.492,1.143,0.635)
jolt: mesh v282 local=(1.492,1.524,0.635) world=(1.492,1.524,0.635)
jolt: mesh v283 local=(1.741,-1.524,0.635) world=(1.741,-1.524,0.635)
jolt: mesh v284 local=(1.741,-1.143,0.635) world=(1.741,-1.143,0.635)
jolt: mesh v285 local=(1.741,-0.762,0.635) world=(1.741,-0.762,0.635)
jolt: mesh v286 local=(1.741,-0.381,0.635) world=(1.741,-0.381,0.635)
jolt: mesh v287 local=(1.741,0.000,0.635) world=(1.741,0.000,0.635)
jolt: mesh v288 local=(1.741,0.381,0.635) world=(1.741,0.381,0.635)
jolt: mesh v289 local=(1.741,0.762,0.635) world=(1.741,0.762,0.635)
jolt: mesh v290 local=(1.741,1.143,0.635) world=(1.741,1.143,0.635)
jolt: mesh v291 local=(1.741,1.524,0.635) world=(1.741,1.524,0.635)
jolt: mesh v292 local=(1.990,-1.524,0.635) world=(1.990,-1.524,0.635)
jolt: mesh v293 local=(1.990,-1.143,0.635) world=(1.990,-1.143,0.635)
jolt: mesh v294 local=(1.990,-0.762,0.635) world=(1.990,-0.762,0.635)
jolt: mesh v295 local=(1.990,-0.381,0.635) world=(1.990,-0.381,0.635)
jolt: mesh v296 local=(1.990,0.000,0.635) world=(1.990,0.000,0.635)
jolt: mesh v297 local=(1.990,0.381,0.635) world=(1.990,0.381,0.635)
jolt: mesh v298 local=(1.990,0.762,0.635) world=(1.990,0.762,0.635)
jolt: mesh v299 local=(1.990,1.143,0.635) world=(1.990,1.143,0.635)
jolt: mesh v300 local=(1.990,1.524,0.635) world=(1.990,1.524,0.635)
jolt: mesh v301 local=(2.238,-1.524,0.635) world=(2.238,-1.524,0.635)
jolt: mesh v302 local=(2.238,-1.143,0.635) world=(2.238,-1.143,0.635)
jolt: mesh v303 local=(2.238,-0.762,0.635) world=(2.238,-0.762,0.635)
jolt: mesh v304 local=(2.238,-0.381,0.635) world=(2.238,-0.381,0.635)
jolt: mesh v305 local=(2.238,0.000,0.635) world=(2.238,0.000,0.635)
jolt: mesh v306 local=(2.238,0.381,0.635) world=(2.238,0.381,0.635)
jolt: mesh v307 local=(2.238,0.762,0.635) world=(2.238,0.762,0.635)
jolt: mesh v308 local=(2.238,1.143,0.635) world=(2.238,1.143,0.635)
jolt: mesh v309 local=(2.238,1.524,0.635) world=(2.238,1.524,0.635)
jolt: mesh v310 local=(2.487,-1.524,0.635) world=(2.487,-1.524,0.635)
jolt: mesh v311 local=(2.487,-1.143,0.635) world=(2.487,-1.143,0.635)
jolt: mesh v312 local=(2.487,-0.762,0.635) world=(2.487,-0.762,0.635)
jolt: mesh v313 local=(2.487,-0.381,0.635) world=(2.487,-0.381,0.635)
jolt: mesh v314 local=(2.487,0.000,0.635) world=(2.487,0.000,0.635)
jolt: mesh v315 local=(2.487,0.381,0.635) world=(2.487,0.381,0.635)
jolt: mesh v316 local=(2.487,0.762,0.635) world=(2.487,0.762,0.635)
jolt: mesh v317 local=(2.487,1.143,0.635) world=(2.487,1.143,0.635)
jolt: mesh v318 local=(2.487,1.524,0.635) world=(2.487,1.524,0.635)
jolt: mesh v319 local=(2.487,-1.524,0.635) world=(2.487,-1.524,0.635)
jolt: mesh v320 local=(2.487,-1.143,0.635) world=(2.487,-1.143,0.635)
jolt: mesh v321 local=(2.487,-0.762,0.635) world=(2.487,-0.762,0.635)
jolt: mesh v322 local=(2.487,-0.381,0.635) world=(2.487,-0.381,0.635)
jolt: mesh v323 local=(2.487,0.000,0.635) world=(2.487,0.000,0.635)
jolt: mesh v324 local=(2.487,0.381,0.635) world=(2.487,0.381,0.635)
jolt: mesh v325 local=(2.487,0.762,0.635) world=(2.487,0.762,0.635)
jolt: mesh v326 local=(2.487,1.143,0.635) world=(2.487,1.143,0.635)
jolt: mesh v327 local=(2.487,1.524,0.635) world=(2.487,1.524,0.635)
jolt: mesh v328 local=(2.736,-1.524,0.635) world=(2.736,-1.524,0.635)
jolt: mesh v329 local=(2.736,-1.143,0.635) world=(2.736,-1.143,0.635)
jolt: mesh v330 local=(2.736,-0.762,0.635) world=(2.736,-0.762,0.635)
jolt: mesh v331 local=(2.736,-0.381,0.635) world=(2.736,-0.381,0.635)
jolt: mesh v332 local=(2.736,0.000,0.635) world=(2.736,0.000,0.635)
jolt: mesh v333 local=(2.736,0.381,0.635) world=(2.736,0.381,0.635)
jolt: mesh v334 local=(2.736,0.762,0.635) world=(2.736,0.762,0.635)
jolt: mesh v335 local=(2.736,1.143,0.635) world=(2.736,1.143,0.635)
jolt: mesh v336 local=(2.736,1.524,0.635) world=(2.736,1.524,0.635)
jolt: mesh v337 local=(2.984,-1.524,0.635) world=(2.984,-1.524,0.635)
jolt: mesh v338 local=(2.984,-1.143,0.635) world=(2.984,-1.143,0.635)
jolt: mesh v339 local=(2.984,-0.762,0.635) world=(2.984,-0.762,0.635)
jolt: mesh v340 local=(2.984,-0.381,0.635) world=(2.984,-0.381,0.635)
jolt: mesh v341 local=(2.984,0.000,0.635) world=(2.984,0.000,0.635)
jolt: mesh v342 local=(2.984,0.381,0.635) world=(2.984,0.381,0.635)
jolt: mesh v343 local=(2.984,0.762,0.635) world=(2.984,0.762,0.635)
jolt: mesh v344 local=(2.984,1.143,0.635) world=(2.984,1.143,0.635)
jolt: mesh v345 local=(2.984,1.524,0.635) world=(2.984,1.524,0.635)
jolt: mesh v346 local=(3.233,-1.524,0.635) world=(3.233,-1.524,0.635)
jolt: mesh v347 local=(3.233,-1.143,0.635) world=(3.233,-1.143,0.635)
jolt: mesh v348 local=(3.233,-0.762,0.635) world=(3.233,-0.762,0.635)
jolt: mesh v349 local=(3.233,-0.381,0.635) world=(3.233,-0.381,0.635)
jolt: mesh v350 local=(3.233,0.000,0.635) world=(3.233,0.000,0.635)
jolt: mesh v351 local=(3.233,0.381,0.635) world=(3.233,0.381,0.635)
jolt: mesh v352 local=(3.233,0.762,0.635) world=(3.233,0.762,0.635)
jolt: mesh v353 local=(3.233,1.143,0.635) world=(3.233,1.143,0.635)
jolt: mesh v354 local=(3.233,1.524,0.635) world=(3.233,1.524,0.635)
jolt: mesh v355 local=(3.482,-1.524,0.635) world=(3.482,-1.524,0.635)
jolt: mesh v356 local=(3.482,-1.143,0.635) world=(3.482,-1.143,0.635)
jolt: mesh v357 local=(3.482,-0.762,0.635) world=(3.482,-0.762,0.635)
jolt: mesh v358 local=(3.482,-0.381,0.635) world=(3.482,-0.381,0.635)
jolt: mesh v359 local=(3.482,0.000,0.635) world=(3.482,0.000,0.635)
jolt: mesh v360 local=(3.482,0.381,0.635) world=(3.482,0.381,0.635)
jolt: mesh v361 local=(3.482,0.762,0.635) world=(3.482,0.762,0.635)
jolt: mesh v362 local=(3.482,1.143,0.635) world=(3.482,1.143,0.635)
jolt: mesh v363 local=(3.482,1.524,0.635) world=(3.482,1.524,0.635)
jolt: mesh v364 local=(3.731,-1.524,0.635) world=(3.731,-1.524,0.635)
jolt: mesh v365 local=(3.731,-1.143,0.635) world=(3.731,-1.143,0.635)
jolt: mesh v366 local=(3.731,-0.762,0.635) world=(3.731,-0.762,0.635)
jolt: mesh v367 local=(3.731,-0.381,0.635) world=(3.731,-0.381,0.635)
jolt: mesh v368 local=(3.731,0.000,0.635) world=(3.731,0.000,0.635)
jolt: mesh v369 local=(3.731,0.381,0.635) world=(3.731,0.381,0.635)
jolt: mesh v370 local=(3.731,0.762,0.635) world=(3.731,0.762,0.635)
jolt: mesh v371 local=(3.731,1.143,0.635) world=(3.731,1.143,0.635)
jolt: mesh v372 local=(3.731,1.524,0.635) world=(3.731,1.524,0.635)
jolt: mesh v373 local=(3.979,-1.524,0.635) world=(3.979,-1.524,0.635)
jolt: mesh v374 local=(3.979,-1.143,0.635) world=(3.979,-1.143,0.635)
jolt: mesh v375 local=(3.979,-0.762,0.635) world=(3.979,-0.762,0.635)
jolt: mesh v376 local=(3.979,-0.381,0.635) world=(3.979,-0.381,0.635)
jolt: mesh v377 local=(3.979,0.000,0.635) world=(3.979,0.000,0.635)
jolt: mesh v378 local=(3.979,0.381,0.635) world=(3.979,0.381,0.635)
jolt: mesh v379 local=(3.979,0.762,0.635) world=(3.979,0.762,0.635)
jolt: mesh v380 local=(3.979,1.143,0.635) world=(3.979,1.143,0.635)
jolt: mesh v381 local=(3.979,1.524,0.635) world=(3.979,1.524,0.635)
jolt: mesh v382 local=(4.228,-1.524,0.635) world=(4.228,-1.524,0.635)
jolt: mesh v383 local=(4.228,-1.143,0.635) world=(4.228,-1.143,0.635)
jolt: mesh v384 local=(4.228,-0.762,0.635) world=(4.228,-0.762,0.635)
jolt: mesh v385 local=(4.228,-0.381,0.635) world=(4.228,-0.381,0.635)
jolt: mesh v386 local=(4.228,0.000,0.635) world=(4.228,0.000,0.635)
jolt: mesh v387 local=(4.228,0.381,0.635) world=(4.228,0.381,0.635)
jolt: mesh v388 local=(4.228,0.762,0.635) world=(4.228,0.762,0.635)
jolt: mesh v389 local=(4.228,1.143,0.635) world=(4.228,1.143,0.635)
jolt: mesh v390 local=(4.228,1.524,0.635) world=(4.228,1.524,0.635)
jolt: mesh v391 local=(4.477,-1.524,0.635) world=(4.477,-1.524,0.635)
jolt: mesh v392 local=(4.477,-1.143,0.635) world=(4.477,-1.143,0.635)
jolt: mesh v393 local=(4.477,-0.762,0.635) world=(4.477,-0.762,0.635)
jolt: mesh v394 local=(4.477,-0.381,0.635) world=(4.477,-0.381,0.635)
jolt: mesh v395 local=(4.477,0.000,0.635) world=(4.477,0.000,0.635)
jolt: mesh v396 local=(4.477,0.381,0.635) world=(4.477,0.381,0.635)
jolt: mesh v397 local=(4.477,0.762,0.635) world=(4.477,0.762,0.635)
jolt: mesh v398 local=(4.477,1.143,0.635) world=(4.477,1.143,0.635)
jolt: mesh v399 local=(4.477,1.524,0.635) world=(4.477,1.524,0.635)
jolt: mesh v400 local=(4.725,-1.524,0.635) world=(4.725,-1.524,0.635)
jolt: mesh v401 local=(4.725,-1.143,0.635) world=(4.725,-1.143,0.635)
jolt: mesh v402 local=(4.725,-0.762,0.635) world=(4.725,-0.762,0.635)
jolt: mesh v403 local=(4.725,-0.381,0.635) world=(4.725,-0.381,0.635)
jolt: mesh v404 local=(4.725,0.000,0.635) world=(4.725,0.000,0.635)
jolt: mesh v405 local=(4.725,0.381,0.635) world=(4.725,0.381,0.635)
jolt: mesh v406 local=(4.725,0.762,0.635) world=(4.725,0.762,0.635)
jolt: mesh v407 local=(4.725,1.143,0.635) world=(4.725,1.143,0.635)
jolt: mesh v408 local=(4.725,1.524,0.635) world=(4.725,1.524,0.635)
jolt: mesh v409 local=(4.974,-1.524,0.635) world=(4.974,-1.524,0.635)
jolt: mesh v410 local=(4.974,-1.143,0.635) world=(4.974,-1.143,0.635)
jolt: mesh v411 local=(4.974,-0.762,0.635) world=(4.974,-0.762,0.635)
jolt: mesh v412 local=(4.974,-0.381,0.635) world=(4.974,-0.381,0.635)
jolt: mesh v413 local=(4.974,0.000,0.635) world=(4.974,0.000,0.635)
jolt: mesh v414 local=(4.974,0.381,0.635) world=(4.974,0.381,0.635)
jolt: mesh v415 local=(4.974,0.762,0.635) world=(4.974,0.762,0.635)
jolt: mesh v416 local=(4.974,1.143,0.635) world=(4.974,1.143,0.635)
jolt: mesh v417 local=(4.974,1.524,0.635) world=(4.974,1.524,0.635)
jolt: mesh v418 local=(5.223,-1.524,0.635) world=(5.223,-1.524,0.635)
jolt: mesh v419 local=(5.223,-1.143,0.635) world=(5.223,-1.143,0.635)
jolt: mesh v420 local=(5.223,-0.762,0.635) world=(5.223,-0.762,0.635)
jolt: mesh v421 local=(5.223,-0.381,0.635) world=(5.223,-0.381,0.635)
jolt: mesh v422 local=(5.223,0.000,0.635) world=(5.223,0.000,0.635)
jolt: mesh v423 local=(5.223,0.381,0.635) world=(5.223,0.381,0.635)
jolt: mesh v424 local=(5.223,0.762,0.635) world=(5.223,0.762,0.635)
jolt: mesh v425 local=(5.223,1.143,0.635) world=(5.223,1.143,0.635)
jolt: mesh v426 local=(5.223,1.524,0.635) world=(5.223,1.524,0.635)
jolt: mesh v427 local=(5.472,-1.524,0.635) world=(5.472,-1.524,0.635)
jolt: mesh v428 local=(5.472,-1.143,0.635) world=(5.472,-1.143,0.635)
jolt: mesh v429 local=(5.472,-0.762,0.635) world=(5.472,-0.762,0.635)
jolt: mesh v430 local=(5.472,-0.381,0.635) world=(5.472,-0.381,0.635)
jolt: mesh v431 local=(5.472,0.000,0.635) world=(5.472,0.000,0.635)
jolt: mesh v432 local=(5.472,0.381,0.635) world=(5.472,0.381,0.635)
jolt: mesh v433 local=(5.472,0.762,0.635) world=(5.472,0.762,0.635)
jolt: mesh v434 local=(5.472,1.143,0.635) world=(5.472,1.143,0.635)
jolt: mesh v435 local=(5.472,1.524,0.635) world=(5.472,1.524,0.635)
jolt: mesh v436 local=(5.720,-1.524,0.635) world=(5.720,-1.524,0.635)
jolt: mesh v437 local=(5.720,-1.143,0.635) world=(5.720,-1.143,0.635)
jolt: mesh v438 local=(5.720,-0.762,0.635) world=(5.720,-0.762,0.635)
jolt: mesh v439 local=(5.720,-0.381,0.635) world=(5.720,-0.381,0.635)
jolt: mesh v440 local=(5.720,0.000,0.635) world=(5.720,0.000,0.635)
jolt: mesh v441 local=(5.720,0.381,0.635) world=(5.720,0.381,0.635)
jolt: mesh v442 local=(5.720,0.762,0.635) world=(5.720,0.762,0.635)
jolt: mesh v443 local=(5.720,1.143,0.635) world=(5.720,1.143,0.635)
jolt: mesh v444 local=(5.720,1.524,0.635) world=(5.720,1.524,0.635)
jolt: mesh v445 local=(5.969,-1.524,0.127) world=(5.969,-1.524,0.127)
jolt: mesh v446 local=(5.969,-1.524,0.632) world=(5.969,-1.524,0.632)
jolt: mesh v447 local=(5.969,-1.524,0.635) world=(5.969,-1.524,0.635)
jolt: mesh v448 local=(5.969,-1.143,0.635) world=(5.969,-1.143,0.635)
jolt: mesh v449 local=(5.969,-0.762,0.635) world=(5.969,-0.762,0.635)
jolt: mesh v450 local=(5.969,-0.381,0.635) world=(5.969,-0.381,0.635)
jolt: mesh v451 local=(5.969,0.000,0.635) world=(5.969,0.000,0.635)
jolt: mesh v452 local=(5.969,0.381,0.635) world=(5.969,0.381,0.635)
jolt: mesh v453 local=(5.969,0.762,0.635) world=(5.969,0.762,0.635)
jolt: mesh v454 local=(5.969,1.143,0.635) world=(5.969,1.143,0.635)
jolt: mesh v455 local=(5.969,1.524,0.127) world=(5.969,1.524,0.127)
jolt: mesh v456 local=(5.969,1.524,0.632) world=(5.969,1.524,0.632)
jolt: mesh v457 local=(5.969,1.524,0.635) world=(5.969,1.524,0.635)
jolt: body MESH_STATIC verts=458 faces=780 id=16777234
LMalloc of 676 not 8-byte aligned, rounding up
RenderActor3DAnimates constructed with no animations!
MATL closed without all data read (bytesLeft = 528)
jolt: mesh actor_pos=(-2.650,0.300,0.635)
jolt: mesh v0 local=(-0.639,-0.222,0.000) world=(-3.289,0.078,0.635)
jolt: mesh v1 local=(-0.639,0.222,0.000) world=(-3.289,0.522,0.635)
jolt: mesh v2 local=(-0.351,-0.122,0.850) world=(-3.001,0.178,1.485)
jolt: mesh v3 local=(-0.351,0.122,0.850) world=(-3.001,0.422,1.485)
jolt: mesh v4 local=(-0.340,-0.563,0.000) world=(-2.990,-0.263,0.635)
jolt: mesh v5 local=(-0.340,0.563,0.000) world=(-2.990,0.863,0.635)
jolt: mesh v6 local=(-0.187,-0.310,0.850) world=(-2.837,-0.010,1.485)
jolt: mesh v7 local=(-0.187,0.310,0.850) world=(-2.837,0.610,1.485)
jolt: mesh v8 local=(0.065,-0.352,0.850) world=(-2.585,-0.052,1.485)
jolt: mesh v9 local=(0.065,0.352,0.850) world=(-2.585,0.652,1.485)
jolt: mesh v10 local=(0.118,-0.640,0.000) world=(-2.532,-0.340,0.635)
jolt: mesh v11 local=(0.118,0.640,0.000) world=(-2.532,0.940,0.635)
jolt: mesh v12 local=(0.286,-0.230,0.850) world=(-2.363,0.070,1.485)
jolt: mesh v13 local=(0.286,0.230,0.850) world=(-2.363,0.530,1.485)
jolt: mesh v14 local=(0.374,0.000,0.850) world=(-2.276,0.300,1.485)
jolt: mesh v15 local=(0.521,-0.418,0.000) world=(-2.129,-0.118,0.635)
jolt: mesh v16 local=(0.521,0.418,0.000) world=(-2.129,0.718,0.635)
jolt: mesh v17 local=(0.680,0.000,0.000) world=(-1.970,0.300,0.635)
jolt: body MESH_STATIC verts=18 faces=32 id=16777235
LMalloc of 676 not 8-byte aligned, rounding up
RenderActor3DAnimates constructed with no animations!
MATL closed without all data read (bytesLeft = 528)
jolt: mesh actor_pos=(-1.750,0.500,0.635)
jolt: mesh v0 local=(-0.451,-0.164,0.000) world=(-2.201,0.336,0.635)
jolt: mesh v1 local=(-0.451,0.164,0.000) world=(-2.201,0.664,0.635)
jolt: mesh v2 local=(-0.248,-0.090,0.600) world=(-1.998,0.410,1.235)
jolt: mesh v3 local=(-0.248,0.090,0.600) world=(-1.998,0.590,1.235)
jolt: mesh v4 local=(-0.240,-0.416,0.000) world=(-1.990,0.084,0.635)
jolt: mesh v5 local=(-0.240,0.416,0.000) world=(-1.990,0.916,0.635)
jolt: mesh v6 local=(-0.132,-0.229,0.600) world=(-1.882,0.271,1.235)
jolt: mesh v7 local=(-0.132,0.229,0.600) world=(-1.882,0.729,1.235)
jolt: mesh v8 local=(0.046,-0.260,0.600) world=(-1.704,0.240,1.235)
jolt: mesh v9 local=(0.046,0.260,0.600) world=(-1.704,0.760,1.235)
jolt: mesh v10 local=(0.083,-0.473,0.000) world=(-1.667,0.027,0.635)
jolt: mesh v11 local=(0.083,0.473,0.000) world=(-1.667,0.973,0.635)
jolt: mesh v12 local=(0.202,-0.170,0.600) world=(-1.548,0.330,1.235)
jolt: mesh v13 local=(0.202,0.170,0.600) world=(-1.548,0.670,1.235)
jolt: mesh v14 local=(0.264,0.000,0.600) world=(-1.486,0.500,1.235)
jolt: mesh v15 local=(0.368,-0.309,0.000) world=(-1.382,0.191,0.635)
jolt: mesh v16 local=(0.368,0.309,0.000) world=(-1.382,0.809,0.635)
jolt: mesh v17 local=(0.480,0.000,0.000) world=(-1.270,0.500,0.635)
jolt: body MESH_STATIC verts=18 faces=32 id=16777236
LMalloc of 676 not 8-byte aligned, rounding up
RenderActor3DAnimates constructed with no animations!
MATL closed without all data read (bytesLeft = 528)
jolt: mesh actor_pos=(3.950,0.550,0.635)
jolt: mesh v0 local=(-0.677,-0.205,0.000) world=(3.273,0.345,0.635)
jolt: mesh v1 local=(-0.677,0.205,0.000) world=(3.273,0.755,0.635)
jolt: mesh v2 local=(-0.372,-0.113,0.620) world=(3.578,0.437,1.255)
jolt: mesh v3 local=(-0.372,0.113,0.620) world=(3.578,0.663,1.255)
jolt: mesh v4 local=(-0.360,-0.520,0.000) world=(3.590,0.030,0.635)
jolt: mesh v5 local=(-0.360,0.520,0.000) world=(3.590,1.070,0.635)
jolt: mesh v6 local=(-0.198,-0.286,0.620) world=(3.752,0.264,1.255)
jolt: mesh v7 local=(-0.198,0.286,0.620) world=(3.752,0.836,1.255)
jolt: mesh v8 local=(0.069,-0.325,0.620) world=(4.019,0.225,1.255)
jolt: mesh v9 local=(0.069,0.325,0.620) world=(4.019,0.875,1.255)
jolt: mesh v10 local=(0.125,-0.591,0.000) world=(4.075,-0.041,0.635)
jolt: mesh v11 local=(0.125,0.591,0.000) world=(4.075,1.141,0.635)
jolt: mesh v12 local=(0.303,-0.212,0.620) world=(4.253,0.338,1.255)
jolt: mesh v13 local=(0.303,0.212,0.620) world=(4.253,0.762,1.255)
jolt: mesh v14 local=(0.396,0.000,0.620) world=(4.346,0.550,1.255)
jolt: mesh v15 local=(0.552,-0.386,0.000) world=(4.502,0.164,0.635)
jolt: mesh v16 local=(0.552,0.386,0.000) world=(4.502,0.936,0.635)
jolt: mesh v17 local=(0.720,0.000,0.000) world=(4.670,0.550,0.635)
jolt: body MESH_STATIC verts=18 faces=32 id=16777237
LMalloc of 3076 not 8-byte aligned, rounding up
RenderActor3DAnimates constructed with no animations!
MATL closed without all data read (bytesLeft = 528)
jolt: mesh actor_pos=(0.000,0.000,0.000)
jolt: mesh v0 local=(-0.786,0.736,0.765) world=(-0.786,0.736,0.765)
jolt: mesh v1 local=(-0.769,0.600,0.739) world=(-0.769,0.600,0.739)
jolt: mesh v2 local=(-0.755,0.889,2.001) world=(-0.755,0.889,2.001)
jolt: mesh v3 local=(-0.741,0.968,2.001) world=(-0.741,0.968,2.001)
jolt: mesh v4 local=(-0.738,0.844,0.693) world=(-0.738,0.844,0.693)
jolt: mesh v5 local=(-0.714,0.841,2.050) world=(-0.714,0.841,2.050)
jolt: mesh v6 local=(-0.700,0.540,0.635) world=(-0.700,0.540,0.635)
jolt: mesh v7 local=(-0.686,0.999,2.050) world=(-0.686,0.999,2.050)
jolt: mesh v8 local=(-0.662,0.844,0.577) world=(-0.662,0.844,0.577)
jolt: mesh v9 local=(-0.659,0.872,2.099) world=(-0.659,0.872,2.099)
jolt: mesh v10 local=(-0.645,0.951,2.099) world=(-0.645,0.951,2.099)
jolt: mesh v11 local=(-0.631,0.600,0.531) world=(-0.631,0.600,0.531)
jolt: mesh v12 local=(-0.614,0.736,0.505) world=(-0.614,0.736,0.505)
jolt: mesh v13 local=(-0.371,0.841,1.614) world=(-0.371,0.841,1.614)
jolt: mesh v14 local=(-0.355,0.819,1.601) world=(-0.355,0.819,1.601)
jolt: mesh v15 local=(-0.341,0.898,1.601) world=(-0.341,0.898,1.601)
jolt: mesh v16 local=(-0.336,0.778,1.650) world=(-0.336,0.778,1.650)
jolt: mesh v17 local=(-0.335,0.912,1.614) world=(-0.335,0.912,1.614)
jolt: mesh v18 local=(-0.314,0.771,1.650) world=(-0.314,0.771,1.650)
jolt: mesh v19 local=(-0.286,0.929,1.650) world=(-0.286,0.929,1.650)
jolt: mesh v20 local=(-0.265,0.788,1.686) world=(-0.265,0.788,1.686)
jolt: mesh v21 local=(-0.264,0.922,1.650) world=(-0.264,0.922,1.650)
jolt: mesh v22 local=(-0.259,0.802,1.699) world=(-0.259,0.802,1.699)
jolt: mesh v23 local=(-0.245,0.881,1.699) world=(-0.245,0.881,1.699)
jolt: mesh v24 local=(-0.229,0.859,1.686) world=(-0.229,0.859,1.686)
jolt: mesh v25 local=(-0.086,0.736,1.230) world=(-0.086,0.736,1.230)
jolt: mesh v26 local=(-0.083,0.733,1.233) world=(-0.083,0.733,1.233)
jolt: mesh v27 local=(-0.071,0.691,1.064) world=(-0.071,0.691,1.064)
jolt: mesh v28 local=(-0.069,0.600,1.204) world=(-0.069,0.600,1.204)
jolt: mesh v29 local=(-0.062,0.598,1.207) world=(-0.062,0.598,1.207)
jolt: mesh v30 local=(-0.041,0.843,1.159) world=(-0.041,0.843,1.159)
jolt: mesh v31 local=(-0.038,0.844,1.158) world=(-0.038,0.844,1.158)
jolt: mesh v32 local=(-0.036,0.628,1.100) world=(-0.036,0.628,1.100)
jolt: mesh v33 local=(-0.035,0.762,1.064) world=(-0.035,0.762,1.064)
jolt: mesh v34 local=(0.000,0.540,1.100) world=(0.000,0.540,1.100)
jolt: mesh v35 local=(0.005,0.540,1.100) world=(0.005,0.540,1.100)
jolt: mesh v36 local=(0.032,0.845,1.041) world=(0.032,0.845,1.041)
jolt: mesh v37 local=(0.035,0.638,1.136) world=(0.035,0.638,1.136)
jolt: mesh v38 local=(0.036,0.772,1.100) world=(0.036,0.772,1.100)
jolt: mesh v39 local=(0.038,0.844,1.042) world=(0.038,0.844,1.042)
jolt: mesh v40 local=(0.069,0.602,0.993) world=(0.069,0.602,0.993)
jolt: mesh v41 local=(0.069,0.600,0.996) world=(0.069,0.600,0.996)
jolt: mesh v42 local=(0.071,0.709,1.136) world=(0.071,0.709,1.136)
jolt: mesh v43 local=(0.081,0.738,0.967) world=(0.081,0.738,0.967)
jolt: mesh v44 local=(0.086,0.736,0.970) world=(0.086,0.736,0.970)
jolt: mesh v45 local=(0.567,0.753,1.633) world=(0.567,0.753,1.633)
jolt: mesh v46 local=(0.575,0.753,1.637) world=(0.575,0.753,1.637)
jolt: mesh v47 local=(0.588,0.618,1.607) world=(0.588,0.618,1.607)
jolt: mesh v48 local=(0.594,0.618,1.610) world=(0.594,0.618,1.610)
jolt: mesh v49 local=(0.609,0.863,1.559) world=(0.609,0.863,1.559)
jolt: mesh v50 local=(0.613,0.863,1.561) world=(0.613,0.863,1.561)
jolt: mesh v51 local=(0.638,0.784,1.500) world=(0.638,0.784,1.500)
jolt: mesh v52 local=(0.639,0.751,1.556) world=(0.639,0.751,1.556)
jolt: mesh v53 local=(0.649,0.753,1.444) world=(0.649,0.753,1.444)
jolt: mesh v54 local=(0.651,0.687,1.556) world=(0.651,0.687,1.556)
jolt: mesh v55 local=(0.655,0.560,1.500) world=(0.655,0.560,1.500)
jolt: mesh v56 local=(0.661,0.689,1.444) world=(0.661,0.689,1.444)
jolt: mesh v57 local=(0.662,0.656,1.500) world=(0.662,0.656,1.500)
jolt: mesh v58 local=(0.678,0.865,1.439) world=(0.678,0.865,1.439)
jolt: mesh v59 local=(0.682,0.865,1.441) world=(0.682,0.865,1.441)
jolt: mesh v60 local=(0.712,0.622,1.390) world=(0.712,0.622,1.390)
jolt: mesh v61 local=(0.719,0.622,1.393) world=(0.719,0.622,1.393)
jolt: mesh v62 local=(0.723,0.758,1.363) world=(0.723,0.758,1.363)
jolt: mesh v63 local=(0.731,0.758,1.367) world=(0.731,0.758,1.367)
jolt: mesh v64 local=(1.188,0.884,1.550) world=(1.188,0.884,1.550)
jolt: mesh v65 local=(1.189,0.851,1.606) world=(1.189,0.851,1.606)
jolt: mesh v66 local=(1.195,0.852,1.494) world=(1.195,0.852,1.494)
jolt: mesh v67 local=(1.198,0.885,1.550) world=(1.198,0.885,1.550)
jolt: mesh v68 local=(1.198,0.787,1.494) world=(1.198,0.787,1.494)
jolt: mesh v69 local=(1.199,0.853,1.494) world=(1.199,0.853,1.494)
jolt: mesh v70 local=(1.201,0.787,1.606) world=(1.201,0.787,1.606)
jolt: mesh v71 local=(1.202,0.853,1.606) world=(1.202,0.853,1.606)
jolt: mesh v72 local=(1.202,0.755,1.550) world=(1.202,0.755,1.550)
jolt: mesh v73 local=(1.205,0.788,1.606) world=(1.205,0.788,1.606)
jolt: mesh v74 local=(1.211,0.789,1.494) world=(1.211,0.789,1.494)
jolt: mesh v75 local=(1.212,0.756,1.550) world=(1.212,0.756,1.550)
jolt: mesh v76 local=(1.225,0.773,1.987) world=(1.225,0.773,1.987)
jolt: mesh v77 local=(1.244,0.638,1.960) world=(1.244,0.638,1.960)
jolt: mesh v78 local=(1.263,0.883,1.911) world=(1.263,0.883,1.911)
jolt: mesh v79 local=(1.305,0.580,1.850) world=(1.305,0.580,1.850)
jolt: mesh v80 local=(1.328,0.885,1.789) world=(1.328,0.885,1.789)
jolt: mesh v81 local=(1.362,0.642,1.740) world=(1.362,0.642,1.740)
jolt: mesh v82 local=(1.373,0.778,1.713) world=(1.373,0.778,1.713)
jolt: mesh v83 local=(1.995,0.882,1.444) world=(1.995,0.882,1.444)
jolt: mesh v84 local=(1.998,0.915,1.500) world=(1.998,0.915,1.500)
jolt: mesh v85 local=(1.998,0.817,1.444) world=(1.998,0.817,1.444)
jolt: mesh v86 local=(2.002,0.883,1.556) world=(2.002,0.883,1.556)
jolt: mesh v87 local=(2.002,0.785,1.500) world=(2.002,0.785,1.500)
jolt: mesh v88 local=(2.005,0.818,1.556) world=(2.005,0.818,1.556)
jolt: body MESH_STATIC verts=89 faces=152 id=16777238
LMalloc of 105876 not 8-byte aligned, rounding up
RenderActor3DAnimates constructed with no animations!
LMalloc of 25956 not 8-byte aligned, rounding up
RenderActor3DAnimates constructed with no animations!
LMalloc of 276 not 8-byte aligned, rounding up
RenderActor3DAnimates constructed with no animations!
MATL closed without all data read (bytesLeft = 264)
jolt: mesh actor_pos=(0.000,0.000,0.000)
jolt: mesh v0 local=(-6.246,-1.801,-2.500) world=(-6.246,-1.801,-2.500)
jolt: mesh v1 local=(-6.246,-1.801,-0.025) world=(-6.246,-1.801,-0.025)
jolt: mesh v2 local=(-6.246,1.801,-2.500) world=(-6.246,1.801,-2.500)
jolt: mesh v3 local=(-6.246,1.801,-0.025) world=(-6.246,1.801,-0.025)
jolt: mesh v4 local=(6.246,-1.801,-2.500) world=(6.246,-1.801,-2.500)
jolt: mesh v5 local=(6.246,-1.801,-0.025) world=(6.246,-1.801,-0.025)
jolt: mesh v6 local=(6.246,1.801,-2.500) world=(6.246,1.801,-2.500)
jolt: mesh v7 local=(6.246,1.801,-0.025) world=(6.246,1.801,-0.025)
jolt: body MESH_STATIC verts=8 faces=12 id=16777239
LMalloc of 276 not 8-byte aligned, rounding up
RenderActor3DAnimates constructed with no animations!
MATL closed without all data read (bytesLeft = 264)
jolt: mesh actor_pos=(0.000,0.000,0.000)
jolt: mesh v0 local=(-20.000,3.000,-5.000) world=(-20.000,3.000,-5.000)
jolt: mesh v1 local=(-20.000,3.000,15.000) world=(-20.000,3.000,15.000)
jolt: mesh v2 local=(-20.000,3.100,-5.000) world=(-20.000,3.100,-5.000)
jolt: mesh v3 local=(-20.000,3.100,15.000) world=(-20.000,3.100,15.000)
jolt: mesh v4 local=(20.000,3.000,-5.000) world=(20.000,3.000,-5.000)
jolt: mesh v5 local=(20.000,3.000,15.000) world=(20.000,3.000,15.000)
jolt: mesh v6 local=(20.000,3.100,-5.000) world=(20.000,3.100,-5.000)
jolt: mesh v7 local=(20.000,3.100,15.000) world=(20.000,3.100,15.000)
jolt: body MESH_STATIC verts=8 faces=12 id=16777240
fennel: loaded (143294 bytes embedded)
quickjs: runtime initialised
quickjs smoke: 1+2 -> 3 (expect 3)
zforth: INDEXOF_CAMSHOT = 1921 (expect 1921)
zforth: INDEXOF_CAMSHOT = 1921 (expect 1921)
jolt: OptimizeBroadPhase done (25 static bodies)
audio: MusicPlayer — soundfont not found: florestan-subset.sf2
audio: sfx[0] not found: wflevels/qbert_practice/sfx/qbert_hop.wav
audio: sfx[1] not found: wflevels/qbert_practice/sfx/qbert_land.wav
audio: sfx[2] not found: wflevels/qbert_practice/sfx/qbert_fall.wav
audio: sfx[3] not found: wflevels/qbert_practice/sfx/qbert_swear.wav
audio: sfx[4] not found: wflevels/qbert_practice/sfx/qbert_round_clear.wav
audio: sfx[5] not found: wflevels/qbert_practice/sfx/qbert_kill.wav
audio: sfx[6] not found: wflevels/qbert_practice/sfx/qbert_disc.wav
rest_api: listening on http://127.0.0.1:8765
[debug] listening on :17913
delta too large: 0.7915039062
timeofday:1791024507:353399
lasttimeofday: 1791024506:561887
deltatime:0:791512
delta: 0.7915039062
[debug] client connected fd=18 from 127.0.0.1
ball pos: (-4.000, -0.730, 0.965)
ball pos: (-4.000, -0.730, 0.965)
ball pos: (-4.000, -0.730, 0.965)
unknown key ffe9 released
unknown key ffe9 pressed, XK_KP_Enter = ff8d
delta too large: 0.5911712646
timeofday:1791024519:105338
lasttimeofday: 1791024518:514166
deltatime:0:591172
delta: 0.5911712646
ball pos: (-4.000, -0.730, 0.965)
delta too large: 0.5419311523
timeofday:1791024523:908539
lasttimeofday: 1791024523:366600
deltatime:0:541939
delta: 0.5419311523
ball pos: (2.000, -0.400, 0.965)
ball pos: (2.000, -0.400, 0.965)
ball pos: (2.000, -0.400, 0.965)
ball pos: (2.000, -0.400, 0.965)
delta too large: 0.5153198242
timeofday:1791024534:980447
lasttimeofday: 1791024534:465119
deltatime:0:515328
delta: 0.5153198242
ball pos: (1.100, -0.730, 0.965)
ball pos: (1.200, -0.730, 0.965)
ball pos: (1.345, 0.000, 3.420)
ball pos: (2.395, 0.000, 3.000)
ball pos: (3.445, 0.000, 2.580)
ball pos: (4.495, 0.000, 2.160)
ball pos: (5.048, -0.000, 1.740)
ball pos: (4.025, -0.000, 1.320)
ball pos: (0.407, -0.000, 3.733)
ball pos: (-0.625, -0.000, 3.315)
ball pos: (-1.675, -0.000, 2.895)
ball pos: (-2.725, -0.000, 2.475)
ball pos: (-3.775, -0.000, 2.055)
ball pos: (-4.825, -0.000, 1.635)
ball pos: (-4.480, -0.000, 1.215)
ball pos: (-3.430, -0.000, 0.975)
ball pos: (1.167, -0.000, 4.326)
ball pos: (1.232, -0.000, 3.946)
ball pos: (0.500, 0.000, 3.786)
ball pos: (0.500, 0.000, 3.392)
ball pos: (0.500, 0.000, 2.972)
ball pos: (0.500, 0.000, 2.552)
ball pos: (0.500, 0.000, 2.132)
ball pos: (0.500, 0.000, 1.712)
ball pos: (0.500, 0.000, 1.292)
delta too large: 0.2567443848
timeofday:1791024619:234564
lasttimeofday: 1791024618:977807
deltatime:0:256757
delta: 0.2567443848
delta too large: 0.2067565918
timeofday:1791024619:441333
lasttimeofday: 1791024619:234564
deltatime:0:206769
delta: 0.2067565918
ball pos: (0.683, 0.000, 1.165)
ball pos: (1.730, 0.000, 2.136)
ball pos: (0.543, 0.057, 3.759)
ball pos: (0.546, 0.730, 3.341)
ball pos: (0.546, 0.095, 2.921)
ball pos: (0.546, -0.730, 2.501)
ball pos: (0.500, -0.670, 3.476)
ball pos: (0.500, -0.547, 3.056)
ball pos: (0.500, 0.500, 2.636)
delta too large: 0.5541687012
timeofday:1791024649:997911
lasttimeofday: 1791024649:443742
deltatime:0:554169
delta: 0.5541687012
ball pos: (1.915, -0.400, 0.978)
ball pos: (1.915, -0.400, 0.974)
ball pos: (1.915, -0.400, 0.974)
ball pos: (1.915, -0.400, 0.974)
delta too large: 0.5416259766
timeofday:1791024661:695527
lasttimeofday: 1791024661:153892
deltatime:0:541635
delta: 0.5416259766
delta too large: 0.5135192871
timeofday:1791024662:420932
lasttimeofday: 1791024661:907411
deltatime:0:513521
delta: 0.5135192871
delta too large: 0.5373687744
timeofday:1791024663:153449
lasttimeofday: 1791024662:616078
deltatime:0:537371
delta: 0.5373687744
delta too large: 0.4865570068
timeofday:1791024663:868835
lasttimeofday: 1791024663:382264
deltatime:0:486571
delta: 0.4865570068
delta too large: 0.6084136963
timeofday:1791024664:685803
lasttimeofday: 1791024664:77388
deltatime:0:608415
delta: 0.6084136963
delta too large: 0.4910888672
timeofday:1791024665:390555
lasttimeofday: 1791024664:899458
deltatime:0:491097
delta: 0.4910888672
delta too large: 0.4975585938
timeofday:1791024666:106912
lasttimeofday: 1791024665:609344
deltatime:0:497568
delta: 0.4975585938
delta too large: 0.4839019775
timeofday:1791024666:781928
lasttimeofday: 1791024666:298022
deltatime:0:483906
delta: 0.4839019775
delta too large: 0.5012359619
timeofday:1791024667:475173
lasttimeofday: 1791024666:973928
deltatime:0:501245
delta: 0.5012359619
delta too large: 0.4925231934
timeofday:1791024668:161249
lasttimeofday: 1791024667:668714
deltatime:0:492535
delta: 0.4925231934
delta too large: 0.5121154785
timeofday:1791024668:892334
lasttimeofday: 1791024668:380214
deltatime:0:512120
delta: 0.5121154785
delta too large: 0.5464630127
timeofday:1791024669:628221
lasttimeofday: 1791024669:81748
deltatime:0:546473
delta: 0.5464630127
delta too large: 0.5143585205
timeofday:1791024670:335164
lasttimeofday: 1791024669:820797
deltatime:0:514367
delta: 0.5143585205
delta too large: 0.4903259277
timeofday:1791024671:16099
lasttimeofday: 1791024670:525771
deltatime:0:490328
delta: 0.4903259277
delta too large: 0.5475311279
timeofday:1791024671:755201
lasttimeofday: 1791024671:207658
deltatime:0:547543
delta: 0.5475311279
delta too large: 0.486541748
timeofday:1791024672:434333
lasttimeofday: 1791024671:947776
deltatime:0:486557
delta: 0.486541748
delta too large: 0.4802703857
timeofday:1791024673:107843
lasttimeofday: 1791024672:627561
deltatime:0:480282
delta: 0.4802703857
delta too large: 0.4746398926
timeofday:1791024673:776155
lasttimeofday: 1791024673:301512
deltatime:0:474643
delta: 0.4746398926
delta too large: 0.4933929443
timeofday:1791024674:457796
lasttimeofday: 1791024673:964397
deltatime:0:493399
delta: 0.4933929443
delta too large: 0.4914855957
timeofday:1791024675:161554
lasttimeofday: 1791024674:670054
deltatime:0:491500
delta: 0.4914855957
delta too large: 0.4922180176
timeofday:1791024675:851481
lasttimeofday: 1791024675:359262
deltatime:0:492219
delta: 0.4922180176
delta too large: 0.4713745117
timeofday:1791024676:516023
lasttimeofday: 1791024676:44634
deltatime:0:471389
delta: 0.4713745117
delta too large: 0.4987030029
timeofday:1791024677:209499
lasttimeofday: 1791024676:710781
deltatime:0:498718
delta: 0.4987030029
ball pos: (1.915, -0.400, 0.974)
delta too large: 0.4703979492
timeofday:1791024677:875946
lasttimeofday: 1791024677:405545
deltatime:0:470401
delta: 0.4703979492
delta too large: 0.5303649902
timeofday:1791024678:597080
lasttimeofday: 1791024678:66706
deltatime:0:530374
delta: 0.5303649902
delta too large: 0.4812927246
timeofday:1791024679:276237
lasttimeofday: 1791024678:794937
deltatime:0:481300
delta: 0.4812927246
delta too large: 0.4856262207
timeofday:1791024679:954251
lasttimeofday: 1791024679:468620
deltatime:0:485631
delta: 0.4856262207
delta too large: 0.4741516113
timeofday:1791024680:619478
lasttimeofday: 1791024680:145320
deltatime:0:474158
delta: 0.4741516113
delta too large: 0.4894104004
timeofday:1791024681:300822
lasttimeofday: 1791024680:811408
deltatime:0:489414
delta: 0.4894104004
delta too large: 0.4963989258
timeofday:1791024681:991096
lasttimeofday: 1791024681:494683
deltatime:0:496413
delta: 0.4963989258
delta too large: 0.5298614502
timeofday:1791024682:800061
lasttimeofday: 1791024682:270199
deltatime:0:529862
delta: 0.5298614502
delta too large: 0.5352478027
timeofday:1791024683:548895
lasttimeofday: 1791024683:13634
deltatime:0:535261
delta: 0.5352478027
delta too large: 0.5209960938
timeofday:1791024684:296672
lasttimeofday: 1791024683:775667
deltatime:0:521005
delta: 0.5209960938
delta too large: 0.5204772949
timeofday:1791024685:25068
lasttimeofday: 1791024684:504578
deltatime:0:520490
delta: 0.5204772949
delta too large: 0.4812927246
timeofday:1791024685:711372
lasttimeofday: 1791024685:230070
deltatime:0:481302
delta: 0.4812927246
delta too large: 0.5326385498
timeofday:1791024686:443095
lasttimeofday: 1791024685:910454
deltatime:0:532641
delta: 0.5326385498
delta too large: 0.5596466064
timeofday:1791024687:215652
lasttimeofday: 1791024686:655995
deltatime:0:559657
delta: 0.5596466064
delta too large: 0.5090332031
timeofday:1791024687:919453
lasttimeofday: 1791024687:410415
deltatime:0:509038
delta: 0.5090332031
delta too large: 0.4872894287
timeofday:1791024688:608300
lasttimeofday: 1791024688:121008
deltatime:0:487292
delta: 0.4872894287
delta too large: 0.4903717041
timeofday:1791024689:297902
lasttimeofday: 1791024688:807524
deltatime:0:490378
delta: 0.4903717041
delta too large: 0.4843139648
timeofday:1791024689:976883
lasttimeofday: 1791024689:492568
deltatime:0:484315
delta: 0.4843139648
delta too large: 0.58984375
timeofday:1791024690:758825
lasttimeofday: 1791024690:168968
deltatime:0:589857
delta: 0.58984375
delta too large: 0.5062408447
timeofday:1791024691:475487
lasttimeofday: 1791024690:969238
deltatime:0:506249
delta: 0.5062408447
delta too large: 0.5132598877
timeofday:1791024692:194946
lasttimeofday: 1791024691:681673
deltatime:0:513273
delta: 0.5132598877
delta too large: 0.5509185791
timeofday:1791024692:941041
lasttimeofday: 1791024692:390110
deltatime:0:550931
delta: 0.5509185791
delta too large: 0.5735168457
timeofday:1791024693:756848
lasttimeofday: 1791024693:183327
deltatime:0:573521
delta: 0.5735168457
delta too large: 0.4922180176
timeofday:1791024694:462356
lasttimeofday: 1791024693:970129
deltatime:0:492227
delta: 0.4922180176
delta too large: 0.492980957
timeofday:1791024695:147384
lasttimeofday: 1791024694:654388
deltatime:0:492996
delta: 0.492980957
delta too large: 0.5312347412
timeofday:1791024695:895278
lasttimeofday: 1791024695:364042
deltatime:0:531236
delta: 0.5312347412
delta too large: 0.4917907715
timeofday:1791024696:619856
lasttimeofday: 1791024696:128055
deltatime:0:491801
delta: 0.4917907715
delta too large: 0.49269104
timeofday:1791024697:310209
lasttimeofday: 1791024696:817515
deltatime:0:492694
delta: 0.49269104
delta too large: 0.4901275635
timeofday:1791024697:992516
lasttimeofday: 1791024697:502388
deltatime:0:490128
delta: 0.4901275635
delta too large: 0.4817199707
timeofday:1791024698:670922
lasttimeofday: 1791024698:189197
deltatime:0:481725
delta: 0.4817199707
ball pos: (1.915, -0.400, 0.974)
delta too large: 0.4920806885
timeofday:1791024699:354602
lasttimeofday: 1791024698:862520
deltatime:0:492082
delta: 0.4920806885
delta too large: 0.4828948975
timeofday:1791024700:29447
lasttimeofday: 1791024699:546543
deltatime:0:482904
delta: 0.4828948975
delta too large: 0.4777984619
timeofday:1791024700:701569
lasttimeofday: 1791024700:223764
deltatime:0:477805
delta: 0.4777984619
delta too large: 0.5211181641
timeofday:1791024701:429747
lasttimeofday: 1791024700:908628
deltatime:0:521119
delta: 0.5211181641
delta too large: 0.4820098877
timeofday:1791024702:102997
lasttimeofday: 1791024701:620976
deltatime:0:482021
delta: 0.4820098877
delta too large: 0.5050201416
timeofday:1791024702:800561
lasttimeofday: 1791024702:295535
deltatime:0:505026
delta: 0.5050201416
delta too large: 0.5053405762
timeofday:1791024703:499430
lasttimeofday: 1791024702:994083
deltatime:0:505347
delta: 0.5053405762
delta too large: 0.4887695312
timeofday:1791024704:223259
lasttimeofday: 1791024703:734488
deltatime:0:488771
delta: 0.4887695312
delta too large: 0.5376281738
timeofday:1791024704:990214
lasttimeofday: 1791024704:452585
deltatime:0:537629
delta: 0.5376281738
delta too large: 0.4956817627
timeofday:1791024705:687254
lasttimeofday: 1791024705:191562
deltatime:0:495692
delta: 0.4956817627
delta too large: 0.489440918
timeofday:1791024706:370825
lasttimeofday: 1791024705:881383
deltatime:0:489442
delta: 0.489440918
delta too large: 0.4856262207
timeofday:1791024707:48663
lasttimeofday: 1791024706:563028
deltatime:0:485635
delta: 0.4856262207
delta too large: 0.4950256348
timeofday:1791024707:736559
lasttimeofday: 1791024707:241520
deltatime:0:495039
delta: 0.4950256348
delta too large: 0.4989929199
timeofday:1791024708:431619
lasttimeofday: 1791024707:932624
deltatime:0:498995
delta: 0.4989929199
delta too large: 0.5168151855
timeofday:1791024709:163329
lasttimeofday: 1791024708:646502
deltatime:0:516827
delta: 0.5168151855
delta too large: 0.5183105469
timeofday:1791024709:875286
lasttimeofday: 1791024709:356972
deltatime:0:518314
delta: 0.5183105469
delta too large: 0.498916626
timeofday:1791024710:569795
lasttimeofday: 1791024710:70872
deltatime:0:498923
delta: 0.498916626
delta too large: 0.5257110596
timeofday:1791024711:331834
lasttimeofday: 1791024710:806111
deltatime:0:525723
delta: 0.5257110596
delta too large: 0.4999389648
timeofday:1791024712:34112
lasttimeofday: 1791024711:534166
deltatime:0:499946
delta: 0.4999389648
delta too large: 0.5226745605
timeofday:1791024712:773577
lasttimeofday: 1791024712:250898
deltatime:0:522679
delta: 0.5226745605
delta too large: 0.5067138672
timeofday:1791024713:484968
lasttimeofday: 1791024712:978252
deltatime:0:506716
delta: 0.5067138672
delta too large: 0.5331420898
timeofday:1791024714:256919
lasttimeofday: 1791024713:723771
deltatime:0:533148
delta: 0.5331420898
delta too large: 0.495300293
timeofday:1791024714:951407
lasttimeofday: 1791024714:456097
deltatime:0:495310
delta: 0.495300293
delta too large: 0.5130157471
timeofday:1791024715:670477
lasttimeofday: 1791024715:157452
deltatime:0:513025
delta: 0.5130157471
delta too large: 0.5011749268
timeofday:1791024716:369403
lasttimeofday: 1791024715:868215
deltatime:0:501188
delta: 0.5011749268
delta too large: 0.5671539307
timeofday:1791024717:134381
lasttimeofday: 1791024716:567213
deltatime:0:567168
delta: 0.5671539307
delta too large: 0.5545196533
timeofday:1791024717:928913
lasttimeofday: 1791024717:374380
deltatime:0:554533
delta: 0.5545196533
delta too large: 0.5052032471
timeofday:1791024718:633283
lasttimeofday: 1791024718:128076
deltatime:0:505207
delta: 0.5052032471
delta too large: 0.4889678955
timeofday:1791024719:325349
lasttimeofday: 1791024718:836376
deltatime:0:488973
delta: 0.4889678955
delta too large: 0.5125579834
timeofday:1791024720:33595
lasttimeofday: 1791024719:521029
deltatime:0:512566
delta: 0.5125579834
ball pos: (2.655, -0.400, 0.974)
delta too large: 0.4995727539
timeofday:1791024720:730153
lasttimeofday: 1791024720:230573
deltatime:0:499580
delta: 0.4995727539
delta too large: 0.5156707764
timeofday:1791024721:443854
lasttimeofday: 1791024720:928181
deltatime:0:515673
delta: 0.5156707764
delta too large: 0.4873657227
timeofday:1791024722:121803
lasttimeofday: 1791024721:634433
deltatime:0:487370
delta: 0.4873657227
delta too large: 0.4872131348
timeofday:1791024722:807905
lasttimeofday: 1791024722:320689
deltatime:0:487216
delta: 0.4872131348
delta too large: 0.5809173584
timeofday:1791024723:588538
lasttimeofday: 1791024723:7617
deltatime:0:580921
delta: 0.5809173584
delta too large: 0.4868011475
timeofday:1791024724:273354
lasttimeofday: 1791024723:786538
deltatime:0:486816
delta: 0.4868011475
delta too large: 0.4870452881
timeofday:1791024724:951965
lasttimeofday: 1791024724:464915
deltatime:0:487050
delta: 0.4870452881
delta too large: 0.5052490234
timeofday:1791024725:649816
lasttimeofday: 1791024725:144561
deltatime:0:505255
delta: 0.5052490234
delta too large: 0.4939575195
timeofday:1791024726:358994
lasttimeofday: 1791024725:865029
deltatime:0:493965
delta: 0.4939575195
delta too large: 0.508605957
timeofday:1791024727:64043
lasttimeofday: 1791024726:555433
deltatime:0:508610
delta: 0.508605957
delta too large: 0.4740753174
timeofday:1791024727:731342
lasttimeofday: 1791024727:257265
deltatime:0:474077
delta: 0.4740753174
delta too large: 0.4847564697
timeofday:1791024728:409617
lasttimeofday: 1791024727:924853
deltatime:0:484764
delta: 0.4847564697
delta too large: 0.4902801514
timeofday:1791024729:103030
lasttimeofday: 1791024728:612743
deltatime:0:490287
delta: 0.4902801514
delta too large: 0.4843292236
timeofday:1791024729:784831
lasttimeofday: 1791024729:300499
deltatime:0:484332
delta: 0.4843292236
delta too large: 0.4877929688
timeofday:1791024730:469910
lasttimeofday: 1791024729:982109
deltatime:0:487801
delta: 0.4877929688
delta too large: 0.5529937744
timeofday:1791024731:219205
lasttimeofday: 1791024730:666201
deltatime:0:553004
delta: 0.5529937744
delta too large: 0.4789581299
timeofday:1791024731:898875
lasttimeofday: 1791024731:419906
deltatime:0:478969
delta: 0.4789581299
delta too large: 0.4780578613
timeofday:1791024732:569834
lasttimeofday: 1791024732:91771
deltatime:0:478063
delta: 0.4780578613
delta too large: 0.5168914795
timeofday:1791024733:302570
lasttimeofday: 1791024732:785673
deltatime:0:516897
delta: 0.5168914795
delta too large: 0.4907226562
timeofday:1791024734:7883
lasttimeofday: 1791024733:517151
deltatime:0:490732
delta: 0.4907226562
delta too large: 0.4872131348
timeofday:1791024734:690833
lasttimeofday: 1791024734:203608
deltatime:0:487225
delta: 0.4872131348
delta too large: 0.4867248535
timeofday:1791024735:371682
lasttimeofday: 1791024734:884947
deltatime:0:486735
delta: 0.4867248535
delta too large: 0.4739990234
timeofday:1791024736:35101
lasttimeofday: 1791024735:561101
deltatime:0:474000
delta: 0.4739990234
delta too large: 0.48487854
timeofday:1791024736:714765
lasttimeofday: 1791024736:229883
deltatime:0:484882
delta: 0.48487854
delta too large: 0.4959259033
timeofday:1791024737:407025
lasttimeofday: 1791024736:911095
deltatime:0:495930
delta: 0.4959259033
delta too large: 0.503692627
timeofday:1791024738:105465
lasttimeofday: 1791024737:601763
deltatime:0:503702
delta: 0.503692627
delta too large: 0.4912719727
timeofday:1791024738:785682
lasttimeofday: 1791024738:294401
deltatime:0:491281
delta: 0.4912719727
delta too large: 0.5229644775
timeofday:1791024739:501164
lasttimeofday: 1791024738:978195
deltatime:0:522969
delta: 0.5229644775
delta too large: 0.5131072998
timeofday:1791024740:204205
lasttimeofday: 1791024739:691091
deltatime:0:513114
delta: 0.5131072998
delta too large: 0.5617980957
timeofday:1791024740:973409
lasttimeofday: 1791024740:411599
deltatime:0:561810
delta: 0.5617980957
ball pos: (2.700, -0.400, 1.041)
delta too large: 0.5129852295
timeofday:1791024741:688978
lasttimeofday: 1791024741:175979
deltatime:0:512999
delta: 0.5129852295
delta too large: 0.5534820557
timeofday:1791024742:446480
lasttimeofday: 1791024741:892995
deltatime:0:553485
delta: 0.5534820557
delta too large: 0.4999847412
timeofday:1791024743:186525
lasttimeofday: 1791024742:686534
deltatime:0:499991
delta: 0.4999847412
delta too large: 0.5676574707
timeofday:1791024743:956207
lasttimeofday: 1791024743:388548
deltatime:0:567659
delta: 0.5676574707
delta too large: 0.4817047119
timeofday:1791024744:638180
lasttimeofday: 1791024744:156473
deltatime:0:481707
delta: 0.4817047119
delta too large: 0.5140075684
timeofday:1791024745:369064
lasttimeofday: 1791024744:855048
deltatime:0:514016
delta: 0.5140075684
delta too large: 0.4839019775
timeofday:1791024746:46125
lasttimeofday: 1791024745:562221
deltatime:0:483904
delta: 0.4839019775
delta too large: 0.4955444336
timeofday:1791024746:732423
lasttimeofday: 1791024746:236873
deltatime:0:495550
delta: 0.4955444336
delta too large: 0.5331420898
timeofday:1791024747:461651
lasttimeofday: 1791024746:928508
deltatime:0:533143
delta: 0.5331420898
delta too large: 0.5104980469
timeofday:1791024748:196483
lasttimeofday: 1791024747:685980
deltatime:0:510503
delta: 0.5104980469
delta too large: 0.5380096436
timeofday:1791024748:936552
lasttimeofday: 1791024748:398539
deltatime:0:538013
delta: 0.5380096436
delta too large: 0.4832458496
timeofday:1791024749:624326
lasttimeofday: 1791024749:141071
deltatime:0:483255
delta: 0.4832458496
delta too large: 0.477935791
timeofday:1791024750:312337
lasttimeofday: 1791024749:834396
deltatime:0:477941
delta: 0.477935791
delta too large: 0.4858093262
timeofday:1791024750:987584
lasttimeofday: 1791024750:501767
deltatime:0:485817
delta: 0.4858093262
delta too large: 0.4779052734
timeofday:1791024751:656153
lasttimeofday: 1791024751:178247
deltatime:0:477906
delta: 0.4779052734
delta too large: 0.4779663086
timeofday:1791024752:325557
lasttimeofday: 1791024751:847589
deltatime:0:477968
delta: 0.4779663086
delta too large: 0.5264892578
timeofday:1791024753:51360
lasttimeofday: 1791024752:524856
deltatime:0:526504
delta: 0.5264892578
delta too large: 0.4845123291
timeofday:1791024753:733244
lasttimeofday: 1791024753:248719
deltatime:0:484525
delta: 0.4845123291
delta too large: 0.4828033447
timeofday:1791024754:416908
lasttimeofday: 1791024753:934094
deltatime:0:482814
delta: 0.4828033447
delta too large: 0.4856262207
timeofday:1791024755:94821
lasttimeofday: 1791024754:609193
deltatime:0:485628
delta: 0.4856262207
delta too large: 0.4868621826
timeofday:1791024755:813399
lasttimeofday: 1791024755:326528
deltatime:0:486871
delta: 0.4868621826
delta too large: 0.4842376709
timeofday:1791024756:487559
lasttimeofday: 1791024756:3315
deltatime:0:484244
delta: 0.4842376709
delta too large: 0.4921722412
timeofday:1791024757:169424
lasttimeofday: 1791024756:677251
deltatime:0:492173
delta: 0.4921722412
delta too large: 0.4792480469
timeofday:1791024757:842743
lasttimeofday: 1791024757:363481
deltatime:0:479262
delta: 0.4792480469
delta too large: 0.5007629395
timeofday:1791024758:537387
lasttimeofday: 1791024758:36609
deltatime:0:500778
delta: 0.5007629395
delta too large: 0.4760131836
timeofday:1791024759:202461
lasttimeofday: 1791024758:726434
deltatime:0:476027
delta: 0.4760131836
delta too large: 0.5116119385
timeofday:1791024759:902677
lasttimeofday: 1791024759:391057
deltatime:0:511620
delta: 0.5116119385
[debug] client disconnected fd=18
